away_color,home_color,season,week,notes,away_id,home_id,away_team,home_team,game_rating,rating_source,away_conference,home_conference,away_division,home_division
#cf6e75,#4c85c3,2021,13,,193,2309,Miami (OH),Kent State,9.0,legacy,Mid-American,Mid-American,fbs,fbs
#61a0ca,#b6999d,2024,4,,23,265,San José State,Washington State,8.99,pbp,Mountain West,Pac-12,fbs,fbs
#e6ccb3,#4c4c4c,2021,Bowls,transperfect music city bowl,2633,2509,Tennessee,Purdue,8.96,pbp,SEC,Big Ten,fbs,fbs
#978da5,#af3a3a,2018,13,,99,245,LSU(8),Texas A&M,8.93,pbp,SEC,SEC,fbs,fbs
#4e6192,#b7949a,2018,10,,2335,113,Liberty,Massachusetts,8.91,legacy,FBS Independents,FBS Independents,fbs,fbs
#bca0a5,#d98c8c,2022,13,,201,2641,Oklahoma,Texas Tech,8.87,pbp,Big 12,Big 12,fbs,fbs
#868686,#6f7cc9,2017,6,,2711,2084,Western Michigan,Buffalo,8.86,pbp,Mid-American,Mid-American,fbs,fbs
#85797a,#8e8e8e,2016,1,,326,195,Texas State,Ohio,8.86,pbp,Sun Belt,Mid-American,fbs,fbs
#e6c6c7,#7cb0d3,2016,7,,98,2393,Western Kentucky,Middle Tennessee,8.83,legacy,Conference USA,Conference USA,fbs,fbs
#f4f4f4,#e6c7b3,2018,8,,153,183,North Carolina,Syracuse,8.81,pbp,ACC,ACC,fbs,fbs
#d3a5b1,#db93a2,2018,12,,194,120,Ohio State(9),Maryland,8.76,pbp,Big Ten,Big Ten,fbs,fbs
#339a72,#61a0ca,2018,5,,62,23,Hawai'i,San José State,8.76,pbp,Mountain West,Mountain West,fbs,fbs
#7cb0d3,#e6c6c7,2017,12,,2393,98,Middle Tennessee,Western Kentucky,8.75,legacy,Conference USA,Conference USA,fbs,fbs
#d2adae,#40be99,2016,4,,309,2655,Louisiana,Tulane,8.72,pbp,Sun Belt,American Athletic,fbs,fbs
#838383,#d17b7b,2016,11,,2751,2439,Wyoming,UNLV,8.67,pbp,Mountain West,Mountain West,fbs,fbs
#cc6666,#5c81c6,2015,Bowls,new era pinstripe bowl,84,150,Indiana,Duke,8.66,pbp,Big Ten,ACC,fbs,fbs
#ad9a9d,#7b7b7b,2025,2,,103,127,Boston College,Michigan State,8.65,pbp,ACC,Big Ten,fbs,fbs
#cc6666,#e7c8b6,2023,11,,84,356,Indiana,Illinois,8.64,pbp,Big Ten,Big Ten,fbs,fbs
#7fa4d4,#cbbdb5,2021,11,,2305,251,Kansas,Texas,8.64,pbp,Big 12,Big 12,fbs,fbs
#5090c5,#6388cb,2015,1,,2226,202,Florida Atlantic,Tulsa,8.64,pbp,Conference USA,American Athletic,fbs,fbs
#39aa8c,#61a0ca,2024,Bowls,hawaiʻi bowl,58,23,South Florida,San José State,8.64,pbp,American Athletic,Mountain West,fbs,fbs
#5d7193,#b9a0a5,2023,6,,12,30,Arizona,USC(9),8.61,pbp,Pac-12,Pac-12,fbs,fbs
#6095ca,#917e9c,2022,7,,235,151,Memphis,East Carolina,8.6,pbp,American Athletic,American Athletic,fbs,fbs
#576f8c,#6f92cf,2016,5,,2649,252,Toledo,BYU,8.59,pbp,Mid-American,FBS Independents,fbs,fbs
#ce6c81,#d17b7b,2021,1,,331,2439,Eastern Washington,UNLV,8.59,legacy,Big Sky,Mountain West,fcs,fbs
#af3a3a,#3d77b8,2024,13,,245,2,Texas A&M(15),Auburn,8.59,pbp,SEC,SEC,fbs,fbs
#b9a0a5,#3f647f,2023,9,,30,25,USC(24),California,8.58,pbp,Pac-12,Pac-12,fbs,fbs
#ffffff,#4078be,2022,8,,242,2348,Rice,Louisiana Tech,8.58,pbp,Conference USA,Conference USA,fbs,fbs
#937a7f,#bd9fa4,2015,12,,344,8,Mississippi State,Arkansas,8.57,pbp,SEC,SEC,fbs,fbs
#d6889a,#4c4c4c,2018,12,,275,2509,Wisconsin,Purdue,8.56,pbp,Big Ten,Big Ten,fbs,fbs
#c8c6c2,#6095ca,2020,7,,2116,235,UCF,Memphis,8.55,pbp,American Athletic,American Athletic,fbs,fbs
#f4f4f4,#bd3f7d,2019,8,,153,259,North Carolina,Virginia Tech,8.54,pbp,ACC,ACC,fbs,fbs
#85797a,#76d198,2025,8,,326,276,Texas State,Marshall,8.52,pbp,Sun Belt,Sun Belt,fbs,fbs
#5c81c6,#e3c2ab,2025,10,,150,228,Duke,Clemson,8.51,pbp,ACC,ACC,fbs,fbs
#3c73b2,#cbbdb5,2018,10,,277,251,West Virginia(12),Texas(15),8.51,pbp,Big 12,Big 12,fbs,fbs
#e6c7b3,#5d7088,2026,5,,183,41,Syracuse,UConn,8.51,pbp,ACC,FBS Independents,fbs,fbs
#6e6e6e,#b6999d,2019,13,,204,265,Oregon State,Washington State,8.49,pbp,Pac-12,Pac-12,fbs,fbs
#3d75b8,#85797a,2020,2,,2636,326,UTSA,Texas State,8.49,pbp,Conference USA,Sun Belt,fbs,fbs
#b7b7b8,#6388cb,2016,6,,2567,202,SMU,Tulsa,8.49,pbp,American Athletic,American Athletic,fbs,fbs
#57c78b,#6388cb,2026,5,,249,202,North Texas,Tulsa,8.48,pbp,American Athletic,American Athletic,fbs,fbs
#cc6666,#4c4c4c,2019,14,,84,2509,Indiana,Purdue,8.48,pbp,Big Ten,Big Ten,fbs,fbs
#ce919e,#357a9e,2024,8,,167,328,New Mexico,Utah State,8.47,legacy,Mountain West,Mountain West,fbs,fbs
#6388cb,#838383,2022,1,,202,2751,Tulsa,Wyoming,8.46,pbp,American Athletic,Mountain West,fbs,fbs
#6b8bce,#b6999d,2017,2,,68,265,Boise State,Washington State(20),8.46,pbp,Mountain West,Pac-12,fbs,fbs
#99a6b8,#85797a,2019,4,,2247,326,Georgia State,Texas State,8.45,legacy,Sun Belt,Sun Belt,fbs,fbs
#5c81c6,#bd3f7d,2015,8,,150,259,Duke(23),Virginia Tech,8.45,pbp,ACC,ACC,fbs,fbs
#3c7eb4,#ce919e,2024,14,,59,61,Georgia Tech,Georgia(6),8.44,pbp,ACC,SEC,fbs,fbs
#bd9fa4,#9785a6,2016,2,,8,2628,Arkansas,TCU(15),8.44,pbp,SEC,Big 12,fbs,fbs
#ddb4b6,#85797a,2020,12,,2032,326,Arkansas State,Texas State,8.43,pbp,Sun Belt,Sun Belt,fbs,fbs
#af5868,#935531,2022,2,,2198,189,Eastern Kentucky,Bowling Green,8.41,pbp,Atlantic Sun,Mid-American,fcs,fbs
#4c4c4c,#a6999b,2017,2,,2294,66,Iowa,Iowa State,8.41,pbp,Big Ten,Big 12,fbs,fbs
#b8b8b8,#f4f4f4,2021,10,,154,153,Wake Forest(10),North Carolina,8.4,pbp,ACC,ACC,fbs,fbs
#47c27c,#bc778f,2015,9,,2483,9,Oregon,Arizona State,8.39,pbp,Pac-12,Pac-12,fbs,fbs
#357a9e,#ce919e,2023,13,,328,167,Utah State,New Mexico,8.38,legacy,Mountain West,Mountain West,fbs,fbs
#bd9fa4,#707987,2015,10,,8,145,Arkansas,Ole Miss(19),8.38,pbp,SEC,SEC,fbs,fbs
#bd9fa4,#e9e1ce,2020,14,,8,142,Arkansas,Missouri,8.37,pbp,SEC,SEC,fbs,fbs
#e6dbb3,#4b83c3,2022,13,,2026,290,App State,Georgia Southern,8.37,pbp,Sun Belt,Sun Belt,fbs,fbs
#f4f4f4,#e6dbb3,2022,1,,153,2026,North Carolina,App State,8.37,pbp,ACC,Sun Belt,fbs,fbs
#44699b,#cc6666,2020,8,,213,84,Penn State(8),Indiana,8.36,pbp,Big Ten,Big Ten,fbs,fbs
#af3a3a,#5d7088,2025,3,,245,87,Texas A&M(16),Notre Dame(8),8.35,pbp,SEC,FBS Independents,fbs,fbs
#3c73b2,#bc778f,2015,Bowls,motel 6 cactus bowl,277,9,West Virginia,Arizona State,8.35,pbp,Big 12,Pac-12,fbs,fbs
#bd9fa4,#707987,2021,6,,8,145,Arkansas(13),Ole Miss(17),8.35,pbp,SEC,SEC,fbs,fbs
#b48686,#adb8c1,2020,16,,24,26,Stanford,UCLA,8.34,pbp,Pac-12,Pac-12,fbs,fbs
#5d7088,#cbbdb5,2016,1,,87,251,Notre Dame(10),Texas,8.34,pbp,FBS Independents,Big 12,fbs,fbs
#885caf,#75807c,2025,6,,2306,239,Kansas State,Baylor,8.33,pbp,Big 12,Big 12,fbs,fbs
#d98c8c,#75807c,2019,7,,2641,239,Texas Tech,Baylor(22),8.33,pbp,Big 12,Big 12,fbs,fbs
#6388cb,#dc97a7,2016,4,,202,278,Tulsa,Fresno State,8.33,pbp,American Athletic,Mountain West,fbs,fbs
#d37d7b,#339969,2024,3,,55,2199,Jacksonville State,Eastern Michigan,8.33,pbp,Conference USA,Mid-American,fbs,fbs
#cfa0a8,#3d68b7,2016,4,,2447,6,Nicholls,South Alabama,8.32,pbp,Southland,Sun Belt,fcs,fbs
#47c27c,#3f647f,2016,8,,2483,25,Oregon,California,8.32,pbp,Pac-12,Pac-12,fbs,fbs
#bca0a5,#3c73b2,2018,13,,201,277,Oklahoma(6),West Virginia(12),8.31,pbp,Big 12,Big 12,fbs,fbs
#cfbdbf,#d98c8c,2022,2,,248,2641,Houston(25),Texas Tech,8.31,pbp,American Athletic,Big 12,fbs,fbs
#3d75b8,#359f7d,2022,10,,2636,5,UTSA,UAB,8.31,legacy,Conference USA,Conference USA,fbs,fbs
#6e6e6e,#d2adae,2017,4,,2433,309,UL Monroe,Louisiana,8.3,pbp,Sun Belt,Sun Belt,fbs,fbs
#357a9e,#b8b8b8,2019,1,,328,154,Utah State,Wake Forest,8.3,pbp,Mountain West,ACC,fbs,fbs
#e6ccb3,#b57f81,2015,3,,2638,166,UTEP,New Mexico State,8.3,pbp,Conference USA,Sun Belt,fbs,fbs
#3f7fbd,#ad9a9d,2020,6,,221,103,Pittsburgh,Boston College,8.3,pbp,ACC,ACC,fbs,fbs
#dc9797,#6f7cc9,2024,12,,2050,2084,Ball State,Buffalo,8.3,pbp,Mid-American,Mid-American,fbs,fbs
#9785a6,#d98c8c,2015,4,,2628,2641,TCU(3),Texas Tech,8.3,pbp,Big 12,Big 12,fbs,fbs
#e6ccb3,#3c7eb4,2017,1,,2633,59,Tennessee(25),Georgia Tech,8.29,pbp,SEC,ACC,fbs,fbs
#d3a5b1,#ce919e,2022,Bowls,cfp semifinal at the chick-fil-a peach bowl,194,61,Ohio State(4),Georgia(1),8.29,pbp,Big Ten,SEC,fbs,fbs
#868686,#dc9797,2018,12,,2711,2050,Western Michigan,Ball State,8.29,pbp,Mid-American,Mid-American,fbs,fbs
#ce919e,#e6ccb3,2025,3,,61,2633,Georgia(6),Tennessee(15),8.28,pbp,SEC,SEC,fbs,fbs
#b8b8b8,#af3a3a,2017,Bowls,,154,245,Wake Forest,Texas A&M,8.28,pbp,ACC,SEC,fbs,fbs
#76d198,#7cb0d3,2015,10,,276,2393,Marshall,Middle Tennessee,8.28,legacy,Conference USA,Conference USA,fbs,fbs
#6f82cf,#c24a54,2023,7,,57,2579,Florida,South Carolina,8.28,pbp,SEC,SEC,fbs,fbs
#adb8c1,#6095ca,2017,3,,26,235,UCLA(25),Memphis,8.28,pbp,Pac-12,American Athletic,fbs,fbs
#dd9da6,#6388cb,2016,13,,2132,202,Cincinnati,Tulsa,8.27,pbp,American Athletic,American Athletic,fbs,fbs
#3f647f,#6e6e6e,2016,6,,25,204,California,Oregon State,8.27,pbp,Pac-12,Pac-12,fbs,fbs
#6388cb,#b7b7b8,2019,6,,202,2567,Tulsa,SMU(24),8.26,pbp,American Athletic,American Athletic,fbs,fbs
#bd9fa4,#6f82cf,2023,10,,8,57,Arkansas,Florida,8.26,pbp,SEC,SEC,fbs,fbs
#3d68b7,#85797a,2021,6,,6,326,South Alabama,Texas State,8.25,legacy,Sun Belt,Sun Belt,fbs,fbs
#c24a54,#707987,2018,10,,2579,145,South Carolina,Ole Miss,8.25,pbp,SEC,SEC,fbs,fbs
#bd9099,#3d77b8,2019,14,,333,2,Alabama(5),Auburn(16),8.25,pbp,SEC,SEC,fbs,fbs
#838383,#ce919e,2024,10,,2751,167,Wyoming,New Mexico,8.25,pbp,Mountain West,Mountain West,fbs,fbs
#bd9099,#e6ccb3,2022,7,,333,2633,Alabama(3),Tennessee(6),8.24,pbp,SEC,SEC,fbs,fbs
#b7b7b8,#40be99,2020,7,,2567,2655,SMU(17),Tulane,8.24,pbp,American Athletic,American Athletic,fbs,fbs
#3f7fbd,#576f8c,2024,Bowls,gameabove sports bowl,221,2649,Pittsburgh,Toledo,8.23,legacy,ACC,Mid-American,fbs,fbs
#40be99,#b9a0a5,2022,Bowls,goodyear cotton bowl classic,2655,30,Tulane(9),USC(12),8.23,pbp,American Athletic,Pac-12,fbs,fbs
#6095ca,#c8c6c2,2017,14,,235,2116,Memphis(16),UCF(12),8.23,pbp,American Athletic,American Athletic,fbs,fbs
#d17b7b,#cf6e75,2025,4,,2439,193,UNLV,Miami (OH),8.22,pbp,Mountain West,Mid-American,fbs,fbs
#da8f8f,#a4a4a4,2018,7,,158,77,Nebraska,Northwestern,8.22,pbp,Big Ten,Big Ten,fbs,fbs
#4fb885,#99a6b8,2022,3,,2429,2247,Charlotte,Georgia State,8.22,pbp,Conference USA,Sun Belt,fbs,fbs
#e6c7b3,#d17b7b,2024,6,,183,2439,Syracuse,UNLV(25),8.21,pbp,ACC,Mountain West,fbs,fbs
#cc7a91,#576f8c,2026,3,,218,2649,Temple,Toledo,8.21,pbp,American Athletic,Mid-American,fbs,fbs
#e1bbbf,#dc9797,2022,5,,2459,2050,Northern Illinois,Ball State,8.21,legacy,Mid-American,Mid-American,fbs,fbs
#75807c,#cbbdb5,2016,9,,239,251,Baylor(8),Texas,8.21,pbp,Big 12,Big 12,fbs,fbs
#76d198,#9156c7,2024,14,,276,256,Marshall,James Madison,8.21,legacy,Sun Belt,Sun Belt,fbs,fbs
#707987,#6b8bce,2020,5,,145,96,Ole Miss,Kentucky,8.2,pbp,SEC,SEC,fbs,fbs
#e1bbbf,#838383,2016,1,,2459,2751,Northern Illinois,Wyoming,8.2,pbp,Mid-American,Mountain West,fbs,fbs
#7b7b7b,#da8f8f,2015,10,,127,158,Michigan State(6),Nebraska,8.2,pbp,Big Ten,Big Ten,fbs,fbs
#e6cab3,#9785a6,2022,7,,197,2628,Oklahoma State(8),TCU(13),8.2,pbp,Big 12,Big 12,fbs,fbs
#3d77b8,#4fb885,2026,1,,2643,2429,The Citadel,Charlotte,8.19,pbp,Southern,American Athletic,fcs,fbs
#e9e1ce,#bd9fa4,2017,13,,142,8,Missouri,Arkansas,8.19,pbp,SEC,SEC,fbs,fbs
#4e6192,#f4ebe0,2022,1,,2335,2572,Liberty,Southern Miss,8.19,pbp,FBS Independents,Sun Belt,fbs,fbs
#d98c8c,#39aa8c,2017,Bowls,birmingham bowl,2641,58,Texas Tech,South Florida(21),8.18,pbp,Big 12,American Athletic,fbs,fbs
#7cb0d3,#ffffff,2020,8,,2393,242,Middle Tennessee,Rice,8.18,pbp,Conference USA,Conference USA,fbs,fbs
#5c81c6,#f4f4f4,2023,11,,150,153,Duke,North Carolina(24),8.18,pbp,ACC,ACC,fbs,fbs
#f2f2f2,#47c27c,2016,4,,38,2483,Colorado,Oregon,8.18,pbp,Pac-12,Pac-12,fbs,fbs
#a75a7c,#dc97a7,2019,2,,135,278,Minnesota,Fresno State,8.17,pbp,Big Ten,Mountain West,fbs,fbs
#3974ac,#d5a6af,2020,12,,130,164,Michigan,Rutgers,8.17,pbp,Big Ten,Big Ten,fbs,fbs
#5096c4,#d17b7b,2025,7,,2005,2439,Air Force,UNLV,8.17,pbp,Mountain West,Mountain West,fbs,fbs
#978da5,#707987,2023,5,,99,145,LSU(13),Ole Miss(20),8.17,pbp,SEC,SEC,fbs,fbs
#9156c7,#b7b7b8,2015,4,,256,2567,James Madison,SMU,8.16,pbp,CAA,American Athletic,fcs,fbs
#cfbdbf,#75807c,2023,10,,248,239,Houston,Baylor,8.16,legacy,Big 12,Big 12,fbs,fbs
#5d7193,#3f647f,2017,8,,12,25,Arizona,California,8.15,pbp,Pac-12,Pac-12,fbs,fbs
#dc97a7,#adb8c1,2021,3,,278,26,Fresno State,UCLA(13),8.15,pbp,Mountain West,Pac-12,fbs,fbs
#3c73b2,#cfbdbf,2023,7,,277,248,West Virginia,Houston,8.15,pbp,Big 12,Big 12,fbs,fbs
#b9a0a5,#44699b,2016,Bowls,rose bowl game pres. by northwestern mutual,30,213,USC(3),Penn State(7),8.15,pbp,Pac-12,Big Ten,fbs,fbs
#7fa4d4,#bd9fa4,2022,Bowls,autozone liberty bowl,2305,8,Kansas,Arkansas,8.14,pbp,Big 12,SEC,fbs,fbs
#917e9c,#6095ca,2021,11,,151,235,East Carolina,Memphis,8.14,pbp,American Athletic,American Athletic,fbs,fbs
#868686,#cf6e75,2018,5,,2711,193,Western Michigan,Miami (OH),8.14,pbp,Mid-American,Mid-American,fbs,fbs
#848484,#d88a96,2021,6,,258,97,Virginia,Louisville,8.14,pbp,ACC,ACC,fbs,fbs
#339a72,#6f92cf,2019,Bowls,sofi hawai'i bowl,62,252,Hawai'i,BYU,8.14,legacy,Mountain West,FBS Independents,fbs,fbs
#e6dbb3,#6e6e6e,2023,5,,2026,2433,App State,UL Monroe,8.14,pbp,Sun Belt,Sun Belt,fbs,fbs
#b9a0a5,#e0a3ae,2022,7,,30,254,USC(7),Utah(20),8.13,pbp,Pac-12,Pac-12,fbs,fbs
#5096c4,#3f78bc,2021,12,,2005,2440,Air Force,Nevada,8.13,pbp,Mountain West,Mountain West,fbs,fbs
#b8b8b8,#4c4c4c,2026,2,,154,2509,Wake Forest,Purdue,8.13,pbp,ACC,Big Ten,fbs,fbs
#e3c2ab,#a0a0a0,2016,9,,228,52,Clemson(3),Florida State(12),8.13,pbp,ACC,ACC,fbs,fbs
#6388cb,#576f8c,2017,3,,202,2649,Tulsa,Toledo,8.12,pbp,American Athletic,Mid-American,fbs,fbs
#c8c6c2,#3f7fbd,2019,4,,2116,221,UCF(15),Pittsburgh,8.12,pbp,American Athletic,ACC,fbs,fbs
#bc778f,#3f647f,2015,13,,9,25,Arizona State,California,8.12,pbp,Pac-12,Pac-12,fbs,fbs
#cfbdbf,#ffffff,2023,2,,248,242,Houston,Rice,8.12,pbp,Big 12,American Athletic,fbs,fbs
#cc6666,#db93a2,2017,9,,84,120,Indiana,Maryland,8.11,pbp,Big Ten,Big Ten,fbs,fbs
#adb8c1,#b6999d,2019,4,,26,265,UCLA,Washington State(19),8.1,pbp,Pac-12,Pac-12,fbs,fbs
#339969,#576f8c,2021,10,,2199,2649,Eastern Michigan,Toledo,8.1,pbp,Mid-American,Mid-American,fbs,fbs
#47c27c,#b6999d,2022,4,,2483,265,Oregon(15),Washington State,8.1,pbp,Pac-12,Pac-12,fbs,fbs
#885caf,#d98c8c,2017,10,,2306,2641,Kansas State,Texas Tech,8.1,legacy,Big 12,Big 12,fbs,fbs
#e1bbbf,#c0437e,2021,8,,2459,2117,Northern Illinois,Central Michigan,8.1,pbp,Mid-American,Mid-American,fbs,fbs
#c8c6c2,#a6999b,2024,8,,2116,66,UCF,Iowa State(9),8.09,pbp,Big 12,Big 12,fbs,fbs
#5096c4,#3f78bc,2026,4,,2005,2440,Air Force,Nevada,8.08,pbp,Mountain West,Mountain West,fbs,fbs
#a6999b,#3aaf80,2024,Bowls,pop-tarts bowl,66,2390,Iowa State(15),Miami(18),8.08,pbp,Big 12,ACC,fbs,fbs
#d5a6af,#cc6666,2015,7,,164,84,Rutgers,Indiana,8.08,pbp,Big Ten,Big Ten,fbs,fbs
#cc7a91,#6388cb,2025,9,,218,202,Temple,Tulsa,8.08,pbp,American Athletic,American Athletic,fbs,fbs
#bd9099,#978da5,2022,10,,333,99,Alabama(6),LSU(15),8.07,pbp,SEC,SEC,fbs,fbs
#3f7fbd,#adb8c1,2022,Bowls,tony the tiger sun bowl,221,26,Pittsburgh(22),UCLA(21),8.07,pbp,ACC,Pac-12,fbs,fbs
#cbbdb5,#937a7f,2025,9,,251,344,Texas(22),Mississippi State,8.06,pbp,SEC,SEC,fbs,fbs
#3aaf80,#3f647f,2024,6,,2390,25,Miami(8),California,8.06,pbp,ACC,ACC,fbs,fbs
#e0a3ae,#cfa0a8,2021,3,,254,21,Utah,San Diego State,8.06,pbp,Pac-12,Mountain West,fbs,fbs
#b9a0a5,#adb8c1,2022,12,,30,26,USC(7),UCLA(16),8.06,pbp,Pac-12,Pac-12,fbs,fbs
#af3a3a,#adb8c1,2017,1,,245,26,Texas A&M,UCLA,8.06,pbp,SEC,Pac-12,fbs,fbs
#b57f81,#ce919e,2019,4,,166,167,New Mexico State,New Mexico,8.06,pbp,FBS Independents,Mountain West,fbs,fbs
#ce919e,#bca0a5,2017,Bowls,rose bowl game presented by northwestern mutual - cfp semifinal,61,201,Georgia(2),Oklahoma(3),8.05,pbp,SEC,Big 12,fbs,fbs
#d07980,#4abfc2,2019,10,,2653,324,Troy,Coastal Carolina,8.05,pbp,Sun Belt,Sun Belt,fbs,fbs
#76d198,#d2adae,2025,5,,276,309,Marshall,Louisiana,8.05,pbp,Sun Belt,Sun Belt,fbs,fbs
#c0437e,#dc9797,2019,12,,2117,2050,Central Michigan,Ball State,8.04,pbp,Mid-American,Mid-American,fbs,fbs
#357a9e,#5096c4,2021,3,,328,2005,Utah State,Air Force,8.04,pbp,Mountain West,Mountain West,fbs,fbs
#48619a,#345b9d,2024,4,,2405,2229,Monmouth,Florida International,8.04,pbp,CAA,Conference USA,fcs,fbs
#75807c,#3c73b2,2022,7,,239,277,Baylor,West Virginia,8.04,pbp,Big 12,Big 12,fbs,fbs
#885caf,#e0a3ae,2025,13,,2306,254,Kansas State,Utah(13),8.04,pbp,Big 12,Big 12,fbs,fbs
#d37d7b,#8e8e8e,2026,2,,55,195,Jacksonville State,Ohio,8.04,pbp,Conference USA,Mid-American,fbs,fbs
#d98c8c,#9785a6,2024,9,,2641,2628,Texas Tech,TCU,8.04,pbp,Big 12,Big 12,fbs,fbs
#cfbdbf,#3d75b8,2022,1,,248,2636,Houston(24),UTSA,8.04,pbp,American Athletic,Conference USA,fbs,fbs
#cbbdb5,#d98c8c,2022,4,,251,2641,Texas(22),Texas Tech,8.03,pbp,Big 12,Big 12,fbs,fbs
#cbb4b7,#76d198,2026,4,,2241,276,Gardner-Webb,Marshall,8.03,pbp,OVC,Sun Belt,fcs,fbs
#e6ccb3,#3d75b8,2016,8,,2638,2636,UTEP,UTSA,8.03,legacy,Conference USA,Conference USA,fbs,fbs
#868686,#3f7fbd,2021,3,,2711,221,Western Michigan,Pittsburgh,8.02,pbp,Mid-American,ACC,fbs,fbs
#359f7d,#57c78b,2023,13,,5,249,UAB,North Texas,8.02,pbp,American Athletic,American Athletic,fbs,fbs
#d5a6af,#885caf,2024,Bowls,rate bowl,164,2306,Rutgers,Kansas State,8.02,pbp,Big Ten,Big 12,fbs,fbs
#3c7eb4,#bd3f7d,2022,10,,59,259,Georgia Tech,Virginia Tech,8.01,pbp,ACC,ACC,fbs,fbs
#d98c8c,#838383,2023,1,,2641,2751,Texas Tech,Wyoming,8.01,pbp,Big 12,Mountain West,fbs,fbs
#6095ca,#935531,2015,3,,235,189,Memphis,Bowling Green,8.01,pbp,American Athletic,Mid-American,fbs,fbs
#f4f4f4,#5c81c6,2022,7,,153,150,North Carolina,Duke,8.0,pbp,ACC,ACC,fbs,fbs
#6e6e6e,#f2f2f2,2021,10,,204,38,Oregon State,Colorado,8.0,pbp,Pac-12,Pac-12,fbs,fbs
#828282,#5096c4,2016,11,,36,2005,Colorado State,Air Force,8.0,legacy,Mountain West,Mountain West,fbs,fbs
#b48686,#f2f2f2,2023,7,,24,38,Stanford,Colorado,8.0,pbp,Pac-12,Pac-12,fbs,fbs
#e3c2ab,#5d7088,2020,10,,228,87,Clemson(1),Notre Dame(4),8.0,pbp,ACC,FBS Independents,fbs,fbs
#61a0ca,#d17b7b,2019,13,,23,2439,San José State,UNLV,8.0,pbp,Mountain West,Mountain West,fbs,fbs
#4c4c4c,#db93a2,2022,6,,2509,120,Purdue,Maryland,7.99,legacy,Big Ten,Big Ten,fbs,fbs
#b8b8b8,#e6c7b3,2021,6,,154,183,Wake Forest(19),Syracuse,7.99,pbp,ACC,ACC,fbs,fbs
#3c73b2,#a6999b,2026,5,,277,66,West Virginia,Iowa State,7.99,pbp,Big 12,Big 12,fbs,fbs
#d37d7b,#d2adae,2023,Bowls,r+l carriers new orleans bowl,55,309,Jacksonville State,Louisiana,7.99,pbp,Conference USA,Sun Belt,fbs,fbs
#dc9797,#c0437e,2024,4,,2050,2117,Ball State,Central Michigan,7.99,pbp,Mid-American,Mid-American,fbs,fbs
#44699b,#d3a5b1,2017,9,,213,194,Penn State(2),Ohio State(6),7.99,pbp,Big Ten,Big Ten,fbs,fbs
#cbbdb5,#e6cab3,2020,9,,251,197,Texas,Oklahoma State(6),7.99,pbp,Big 12,Big 12,fbs,fbs
#339969,#576f8c,2019,9,,2199,2649,Eastern Michigan,Toledo,7.99,pbp,Mid-American,Mid-American,fbs,fbs
#4c85c3,#3e72b9,2025,12,,2309,2006,Kent State,Akron,7.98,pbp,Mid-American,Mid-American,fbs,fbs
#885caf,#e6cab3,2015,5,,2306,197,Kansas State,Oklahoma State(20),7.98,pbp,Big 12,Big 12,fbs,fbs
#d98c8c,#cbbdb5,2015,13,,2641,251,Texas Tech,Texas,7.98,pbp,Big 12,Big 12,fbs,fbs
#ce919e,#e9e1ce,2016,3,,61,142,Georgia(16),Missouri,7.98,pbp,SEC,SEC,fbs,fbs
#cbbdb5,#d98c8c,2020,4,,251,2641,Texas(8),Texas Tech,7.98,pbp,Big 12,Big 12,fbs,fbs
#af3a3a,#b9a0a5,2024,Bowls,srs distribution las vegas bowl,245,30,Texas A&M,USC,7.97,legacy,SEC,Big Ten,fbs,fbs
#4078be,#ffffff,2021,13,,2348,242,Louisiana Tech,Rice,7.97,pbp,Conference USA,Conference USA,fbs,fbs
#b9a0a5,#adb8c1,2020,15,,30,26,USC(16),UCLA,7.97,pbp,Pac-12,Pac-12,fbs,fbs
#4078be,#885caf,2015,3,,2348,2306,Louisiana Tech,Kansas State,7.97,pbp,Conference USA,Big 12,fbs,fbs
#3d75b8,#d9c78e,2022,2,,2636,349,UTSA,Army,7.96,pbp,Conference USA,FBS Independents,fbs,fbs
#bd9fa4,#707987,2017,9,,8,145,Arkansas,Ole Miss,7.96,pbp,SEC,SEC,fbs,fbs
#57c78b,#ffffff,2016,4,,249,242,North Texas,Rice,7.96,pbp,Conference USA,Conference USA,fbs,fbs
#6095ca,#b8b8b8,2018,Bowls,jared birmingham bowl,235,154,Memphis,Wake Forest,7.96,pbp,American Athletic,ACC,fbs,fbs
#d3a5b1,#47c27c,2024,7,,194,2483,Ohio State(2),Oregon(3),7.95,pbp,Big Ten,Big Ten,fbs,fbs
#3f7fbd,#f4f4f4,2016,4,,221,153,Pittsburgh,North Carolina,7.95,pbp,ACC,ACC,fbs,fbs
#848484,#bd3f7d,2018,13,,258,259,Virginia,Virginia Tech,7.95,pbp,ACC,ACC,fbs,fbs
#75807c,#b7b7b8,2025,2,,239,2567,Baylor,SMU(17),7.95,pbp,Big 12,ACC,fbs,fbs
#61a0ca,#3f78bc,2015,11,,23,2440,San José State,Nevada,7.95,pbp,Mountain West,Mountain West,fbs,fbs
#e3c2ab,#6b8bce,2023,Bowls,taxslayer gator bowl,228,96,Clemson(20),Kentucky,7.94,pbp,ACC,SEC,fbs,fbs
#4e6192,#75807c,2017,1,,2335,239,Liberty,Baylor,7.94,pbp,Big South,Big 12,fcs,fbs
#6095ca,#4fb885,2023,11,,235,2429,Memphis,Charlotte,7.94,pbp,American Athletic,American Athletic,fbs,fbs
#4e6192,#4abfc2,2020,Bowls,fbc mortgage cure bowl,2335,324,Liberty(17),Coastal Carolina(14),7.94,pbp,FBS Independents,Sun Belt,fbs,fbs
#f4f4f4,#b8b8b8,2022,11,,153,154,North Carolina(15),Wake Forest,7.94,pbp,ACC,ACC,fbs,fbs
#cbbdb5,#bca0a5,2020,6,,251,201,Texas(22),Oklahoma,7.94,pbp,Big 12,Big 12,fbs,fbs
#e6ccb3,#6b8bce,2021,10,,2633,96,Tennessee,Kentucky(18),7.94,pbp,SEC,SEC,fbs,fbs
#3f7fbd,#e3c2ab,2016,11,,221,228,Pittsburgh,Clemson(3),7.94,pbp,ACC,ACC,fbs,fbs
#4c4c4c,#e6c7b3,2022,3,,2509,183,Purdue,Syracuse,7.94,legacy,Big Ten,ACC,fbs,fbs
#cfbdbf,#6095ca,2016,13,,248,235,Houston(18),Memphis,7.94,pbp,American Athletic,American Athletic,fbs,fbs
#868686,#8e8e8e,2019,12,,2711,195,Western Michigan,Ohio,7.94,pbp,Mid-American,Mid-American,fbs,fbs
#5090c5,#359f7d,2023,10,,2226,5,Florida Atlantic,UAB,7.94,pbp,American Athletic,American Athletic,fbs,fbs
#3f647f,#bd3f7d,2025,9,,25,259,California,Virginia Tech,7.94,pbp,ACC,ACC,fbs,fbs
#bd9fa4,#6095ca,2025,4,,8,235,Arkansas,Memphis,7.93,pbp,SEC,American Athletic,fbs,fbs
#828282,#6e6e6e,2024,6,,36,204,Colorado State,Oregon State,7.93,pbp,Mountain West,Pac-12,fbs,fbs
#b6999d,#47c27c,2015,6,,265,2483,Washington State,Oregon,7.93,pbp,Pac-12,Pac-12,fbs,fbs
#a4a4a4,#e7c8b6,2023,13,,77,356,Northwestern,Illinois,7.92,pbp,Big Ten,Big Ten,fbs,fbs
#9156c7,#4b83c3,2022,7,,256,290,James Madison(25),Georgia Southern,7.92,pbp,Sun Belt,Sun Belt,fbs,fbs
#57c78b,#868686,2025,2,,249,2711,North Texas,Western Michigan,7.92,pbp,American Athletic,Mid-American,fbs,fbs
#937a7f,#6b8bce,2016,8,,344,96,Mississippi State,Kentucky,7.92,pbp,SEC,SEC,fbs,fbs
#3d77b8,#bd9fa4,2015,8,,2,8,Auburn,Arkansas,7.92,pbp,SEC,SEC,fbs,fbs
#bc778f,#5c81c6,2025,Bowls,tony the tiger sun bowl,9,150,Arizona State,Duke,7.91,pbp,Big 12,ACC,fbs,fbs
#3d75b8,#6388cb,2024,9,,2636,202,UTSA,Tulsa,7.91,pbp,American Athletic,American Athletic,fbs,fbs
#a75a7c,#db93a2,2020,9,,135,120,Minnesota,Maryland,7.91,pbp,Big Ten,Big Ten,fbs,fbs
#885caf,#cbbdb5,2023,10,,2306,251,Kansas State(25),Texas(7),7.91,pbp,Big 12,Big 12,fbs,fbs
#3d75b8,#4fb885,2015,11,,2636,2429,UTSA,Charlotte,7.91,pbp,Conference USA,Conference USA,fbs,fbs
#b8b8b8,#f4f4f4,2020,11,,154,153,Wake Forest,North Carolina,7.91,pbp,ACC,ACC,fbs,fbs
#99a6b8,#ddb4b6,2020,7,,2247,2032,Georgia State,Arkansas State,7.91,pbp,Sun Belt,Sun Belt,fbs,fbs
#e9e1ce,#c24a54,2018,6,,142,2579,Missouri,South Carolina,7.91,pbp,SEC,SEC,fbs,fbs
#57c78b,#5090c5,2024,7,,249,2226,North Texas,Florida Atlantic,7.9,pbp,American Athletic,American Athletic,fbs,fbs
#885caf,#cbbdb5,2017,6,,2306,251,Kansas State,Texas,7.9,pbp,Big 12,Big 12,fbs,fbs
#3c7eb4,#848484,2017,10,,59,258,Georgia Tech,Virginia,7.9,pbp,ACC,ACC,fbs,fbs
#339a72,#b7949a,2017,1,,62,113,Hawai'i,Massachusetts,7.9,pbp,Mountain West,FBS Independents,fbs,fbs
#d07980,#e6dbb3,2015,9,,2653,2026,Troy,App State,7.9,pbp,Sun Belt,Sun Belt,fbs,fbs
#357a9e,#d17b7b,2025,12,,328,2439,Utah State,UNLV,7.89,pbp,Mountain West,Mountain West,fbs,fbs
#b8b8b8,#d98c8c,2020,3,,154,152,Wake Forest,NC State,7.89,pbp,ACC,ACC,fbs,fbs
#707987,#978da5,2020,16,,145,99,Ole Miss,LSU,7.89,pbp,SEC,SEC,fbs,fbs
#357a9e,#828282,2024,14,,328,36,Utah State,Colorado State,7.89,pbp,Mountain West,Mountain West,fbs,fbs
#4c4c4c,#e7c8b6,2016,6,,2509,356,Purdue,Illinois,7.89,pbp,Big Ten,Big Ten,fbs,fbs
#6b8bce,#c24a54,2026,5,,96,2579,Kentucky(24),South Carolina,7.89,pbp,SEC,SEC,fbs,fbs
#d37d7b,#4078be,2024,11,,55,2348,Jacksonville State,Louisiana Tech,7.89,pbp,Conference USA,Conference USA,fbs,fbs
#d17b7b,#ce919e,2017,12,,2439,167,UNLV,New Mexico,7.89,pbp,Mountain West,Mountain West,fbs,fbs
#b5b5b5,#d17b7b,2023,3,,238,2439,Vanderbilt,UNLV,7.89,pbp,SEC,Mountain West,fbs,fbs
#ddb4b6,#6e6e6e,2019,10,,2032,2433,Arkansas State,UL Monroe,7.89,pbp,Sun Belt,Sun Belt,fbs,fbs
#9156c7,#848484,2023,2,,256,258,James Madison,Virginia,7.88,pbp,Sun Belt,ACC,fbs,fbs
#3c7eb4,#b8b8b8,2025,5,,59,154,Georgia Tech(16),Wake Forest,7.88,pbp,ACC,ACC,fbs,fbs
#cc6666,#db93a2,2021,9,,84,120,Indiana,Maryland,7.88,legacy,Big Ten,Big Ten,fbs,fbs
#7fa4d4,#cbbdb5,2019,8,,2305,251,Kansas,Texas(15),7.88,pbp,Big 12,Big 12,fbs,fbs
#828282,#f2f2f2,2023,3,,36,38,Colorado State,Colorado(18),7.88,pbp,Mountain West,Pac-12,fbs,fbs
#885caf,#a6999b,2018,13,,2306,66,Kansas State,Iowa State(25),7.88,pbp,Big 12,Big 12,fbs,fbs
#3d68b7,#6e6e6e,2016,10,,6,2433,South Alabama,UL Monroe,7.87,pbp,Sun Belt,Sun Belt,fbs,fbs
#3c73b2,#3f7fbd,2024,3,,277,221,West Virginia,Pittsburgh,7.87,pbp,Big 12,ACC,fbs,fbs
#6f82cf,#978da5,2021,7,,57,99,Florida(20),LSU,7.87,pbp,SEC,SEC,fbs,fbs
#e3c2ab,#b8b8b8,2022,4,,228,154,Clemson(5),Wake Forest(21),7.87,pbp,ACC,ACC,fbs,fbs
#f2f2f2,#9785a6,2023,1,,38,2628,Colorado,TCU(17),7.87,pbp,Pac-12,Big 12,fbs,fbs
#e6cab3,#885caf,2016,10,,197,2306,Oklahoma State(22),Kansas State,7.87,pbp,Big 12,Big 12,fbs,fbs
#44699b,#b9a0a5,2024,7,,213,30,Penn State(4),USC,7.87,pbp,Big Ten,Big Ten,fbs,fbs
#4e6192,#b7949a,2024,12,,2335,113,Liberty,Massachusetts,7.87,pbp,Conference USA,FBS Independents,fbs,fbs
#af3a3a,#bd9fa4,2017,4,,245,8,Texas A&M,Arkansas,7.86,pbp,SEC,SEC,fbs,fbs
#bc778f,#5d7193,2018,13,,9,12,Arizona State,Arizona,7.86,pbp,Pac-12,Pac-12,fbs,fbs
#576f8c,#868686,2020,11,,2649,2711,Toledo,Western Michigan,7.86,pbp,Mid-American,Mid-American,fbs,fbs
#e6c6c7,#cc6666,2022,3,,98,84,Western Kentucky,Indiana,7.86,pbp,Conference USA,Big Ten,fbs,fbs
#e6c7b3,#848484,2015,7,,183,258,Syracuse,Virginia,7.86,pbp,ACC,ACC,fbs,fbs
#b7b7b8,#4078be,2021,3,,2567,2348,SMU,Louisiana Tech,7.86,pbp,American Athletic,Conference USA,fbs,fbs
#e6cab3,#5d7088,2021,Bowls,playstation fiesta bowl,197,87,Oklahoma State(7),Notre Dame(8),7.86,pbp,Big 12,FBS Independents,fbs,fbs
#5090c5,#8e8e8e,2022,1,,2226,195,Florida Atlantic,Ohio,7.86,pbp,Conference USA,Mid-American,fbs,fbs
#d88a96,#b8b8b8,2019,7,,97,154,Louisville,Wake Forest(19),7.86,pbp,ACC,ACC,fbs,fbs
#5d7088,#6989c7,2025,3,,41,48,UConn,Delaware,7.86,pbp,FBS Independents,Conference USA,fbs,fbs
#c24a54,#af3a3a,2025,12,,2579,245,South Carolina,Texas A&M(3),7.85,pbp,SEC,SEC,fbs,fbs
#4078be,#937a7f,2021,1,,2348,344,Louisiana Tech,Mississippi State,7.85,pbp,Conference USA,SEC,fbs,fbs
#b7b7b8,#5c81c6,2024,9,,2567,150,SMU(22),Duke,7.85,pbp,ACC,ACC,fbs,fbs
#339969,#dc9797,2016,11,,2199,2050,Eastern Michigan,Ball State,7.85,pbp,Mid-American,Mid-American,fbs,fbs
#dc97a7,#339a72,2019,10,,278,62,Fresno State,Hawai'i,7.85,pbp,Mountain West,Mountain West,fbs,fbs
#5096c4,#61a0ca,2016,12,,2005,23,Air Force,San José State,7.85,pbp,Mountain West,Mountain West,fbs,fbs
#3c73b2,#e6cab3,2018,12,,277,197,West Virginia(7),Oklahoma State,7.85,pbp,Big 12,Big 12,fbs,fbs
#a4a4a4,#d98c8c,2024,1,,2000,2641,Abilene Christian,Texas Tech,7.85,legacy,UAC,Big 12,fcs,fbs
#e1bbbf,#339969,2018,5,,2459,2199,Northern Illinois,Eastern Michigan,7.85,pbp,Mid-American,Mid-American,fbs,fbs
#e6dbb3,#b7949a,2017,9,,2026,113,App State,Massachusetts,7.85,pbp,Sun Belt,FBS Independents,fbs,fbs
#7cb0d3,#e9e1ce,2016,8,,2393,142,Middle Tennessee,Missouri,7.84,pbp,Conference USA,SEC,fbs,fbs
#dc9797,#cf6e75,2020,10,,2050,193,Ball State,Miami (OH),7.84,legacy,Mid-American,Mid-American,fbs,fbs
#d5a6af,#db93a2,2020,15,,164,120,Rutgers,Maryland,7.84,pbp,Big Ten,Big Ten,fbs,fbs
#5d7088,#5090c5,2025,13,,41,2226,UConn,Florida Atlantic,7.84,pbp,FBS Independents,American Athletic,fbs,fbs
#bca0a5,#7fa4d4,2023,9,,201,2305,Oklahoma(6),Kansas,7.84,pbp,Big 12,Big 12,fbs,fbs
#75807c,#a6999b,2016,5,,239,66,Baylor(13),Iowa State,7.84,pbp,Big 12,Big 12,fbs,fbs
#dd9da6,#6095ca,2015,4,,2132,235,Cincinnati,Memphis,7.84,pbp,American Athletic,American Athletic,fbs,fbs
#ddb4b6,#d07980,2019,5,,2032,2653,Arkansas State,Troy,7.83,pbp,Sun Belt,Sun Belt,fbs,fbs
#4078be,#7cb0d3,2016,4,,2348,2393,Louisiana Tech,Middle Tennessee,7.83,pbp,Conference USA,Conference USA,fbs,fbs
#39aa8c,#6095ca,2020,10,,58,235,South Florida,Memphis,7.83,pbp,American Athletic,American Athletic,fbs,fbs
#e6cab3,#6f92cf,2024,8,,197,252,Oklahoma State,BYU(13),7.83,pbp,Big 12,Big 12,fbs,fbs
#cc7a91,#d9c78e,2017,8,,218,349,Temple,Army,7.83,pbp,American Athletic,FBS Independents,fbs,fbs
#359f7d,#4078be,2020,9,,5,2348,UAB,Louisiana Tech,7.82,pbp,Conference USA,Conference USA,fbs,fbs
#d2adae,#99a6b8,2020,3,,309,2247,Louisiana(19),Georgia State,7.82,pbp,Sun Belt,Sun Belt,fbs,fbs
#4e6192,#345b9d,2025,12,,2335,2229,Liberty,Florida International,7.82,legacy,Conference USA,Conference USA,fbs,fbs
#dc9797,#4c85c3,2019,13,,2050,2309,Ball State,Kent State,7.82,pbp,Mid-American,Mid-American,fbs,fbs
#6e6e6e,#dc97a7,2022,2,,204,278,Oregon State,Fresno State,7.82,pbp,Pac-12,Mountain West,fbs,fbs
#b48686,#9785a6,2017,Bowls,valero alamo bowl,24,2628,Stanford(20),TCU(9),7.81,pbp,Pac-12,Big 12,fbs,fbs
#e6c6c7,#519bc5,2023,Bowls,famous toastery bowl,98,295,Western Kentucky,Old Dominion,7.81,pbp,Conference USA,Sun Belt,fbs,fbs
#937a7f,#bd9fa4,2025,10,,344,8,Mississippi State,Arkansas,7.81,pbp,SEC,SEC,fbs,fbs
#b57f81,#e6ccb3,2025,13,,166,2638,New Mexico State,UTEP,7.81,pbp,Conference USA,Conference USA,fbs,fbs
#f4f4f4,#a0a0a0,2016,5,,153,52,North Carolina,Florida State(12),7.81,pbp,ACC,ACC,fbs,fbs
#707987,#6b8bce,2017,10,,145,96,Ole Miss,Kentucky,7.81,pbp,SEC,SEC,fbs,fbs
#917e9c,#cc7a91,2022,13,,151,218,East Carolina,Temple,7.81,pbp,American Athletic,American Athletic,fbs,fbs
#3aaf80,#d98c8c,2020,10,,2390,152,Miami(11),NC State,7.81,pbp,ACC,ACC,fbs,fbs
#bca0a5,#e6cab3,2021,13,,201,197,Oklahoma(10),Oklahoma State(7),7.81,pbp,Big 12,Big 12,fbs,fbs
#f2f2f2,#da8f8f,2018,2,,38,158,Colorado,Nebraska,7.81,pbp,Pac-12,Big Ten,fbs,fbs
#f4ebe0,#d2adae,2023,11,,2572,309,Southern Miss,Louisiana,7.8,legacy,Sun Belt,Sun Belt,fbs,fbs
#b6999d,#bc778f,2019,7,,265,9,Washington State,Arizona State(18),7.8,pbp,Pac-12,Pac-12,fbs,fbs
#99a6b8,#4abfc2,2021,11,,2247,324,Georgia State,Coastal Carolina(22),7.8,pbp,Sun Belt,Sun Belt,fbs,fbs
#9785a6,#885caf,2015,6,,2628,2306,TCU(2),Kansas State,7.8,pbp,Big 12,Big 12,fbs,fbs
#cbbdb5,#bca0a5,2018,6,,251,201,Texas(19),Oklahoma(7),7.8,pbp,Big 12,Big 12,fbs,fbs
#3974ac,#d3a5b1,2016,13,,130,194,Michigan(3),Ohio State(2),7.8,pbp,Big Ten,Big Ten,fbs,fbs
#5d7088,#a0a0a0,2021,1,,87,52,Notre Dame(9),Florida State,7.8,pbp,FBS Independents,ACC,fbs,fbs
#6f82cf,#6b8bce,2017,4,,57,96,Florida(20),Kentucky,7.79,pbp,SEC,SEC,fbs,fbs
#339a72,#cfa0a8,2018,13,,62,21,Hawai'i,San Diego State,7.79,pbp,Mountain West,Mountain West,fbs,fbs
#6095ca,#cfbdbf,2015,11,,235,248,Memphis(25),Houston(16),7.79,pbp,American Athletic,American Athletic,fbs,fbs
#bca0a5,#cbbdb5,2021,6,,201,251,Oklahoma(6),Texas(21),7.79,pbp,Big 12,Big 12,fbs,fbs
#6095ca,#cfbdbf,2017,8,,235,248,Memphis(25),Houston,7.79,pbp,American Athletic,American Athletic,fbs,fbs
#4c85c3,#6f7cc9,2022,13,,2309,2084,Kent State,Buffalo,7.79,pbp,Mid-American,Mid-American,fbs,fbs
#ce6c81,#b6999d,2016,1,,331,265,Eastern Washington,Washington State,7.79,pbp,Big Sky,Pac-12,fcs,fbs
#3974ac,#cc6666,2015,11,,130,84,Michigan(15),Indiana,7.79,pbp,Big Ten,Big Ten,fbs,fbs
#cfa0a8,#c0437e,2024,5,,21,2117,San Diego State,Central Michigan,7.79,pbp,Mountain West,Mid-American,fbs,fbs
#bc778f,#b9a0a5,2020,10,,9,30,Arizona State,USC(20),7.79,pbp,Pac-12,Pac-12,fbs,fbs
#6b8bce,#d88a96,2016,13,,96,97,Kentucky,Louisville(11),7.78,pbp,SEC,ACC,fbs,fbs
#4fb885,#519bc5,2015,7,,2429,295,Charlotte,Old Dominion,7.78,pbp,Conference USA,Conference USA,fbs,fbs
#e0a3ae,#d3a5b1,2021,Bowls,rose bowl game pres. by capital one venture x,254,194,Utah(12),Ohio State(6),7.78,pbp,Pac-12,Big Ten,fbs,fbs
#c8c6c2,#6095ca,2018,7,,2116,235,UCF(10),Memphis,7.78,pbp,American Athletic,American Athletic,fbs,fbs
#bd9fa4,#e6cab3,2024,2,,8,197,Arkansas,Oklahoma State(16),7.78,pbp,SEC,Big 12,fbs,fbs
#5090c5,#7cb0d3,2018,5,,2226,2393,Florida Atlantic,Middle Tennessee,7.78,legacy,Conference USA,Conference USA,fbs,fbs
#76d198,#e6dbb3,2021,4,,276,2026,Marshall,App State,7.78,pbp,Conference USA,Sun Belt,fbs,fbs
#bca0a5,#e6cab3,2017,10,,201,197,Oklahoma(8),Oklahoma State(11),7.78,pbp,Big 12,Big 12,fbs,fbs
#57c78b,#4fb885,2019,9,,249,2429,North Texas,Charlotte,7.77,pbp,Conference USA,Conference USA,fbs,fbs
#e6dbb3,#6e6e6e,2017,10,,2026,2433,App State,UL Monroe,7.77,pbp,Sun Belt,Sun Belt,fbs,fbs
#bd9099,#3d77b8,2021,13,,333,2,Alabama(3),Auburn,7.77,pbp,SEC,SEC,fbs,fbs
#57c78b,#ffffff,2021,9,,249,242,North Texas,Rice,7.77,legacy,Conference USA,Conference USA,fbs,fbs
#e0a3ae,#adb8c1,2016,8,,254,26,Utah(19),UCLA,7.77,pbp,Pac-12,Pac-12,fbs,fbs
#a75a7c,#44699b,2016,5,,135,213,Minnesota,Penn State,7.77,pbp,Big Ten,Big Ten,fbs,fbs
#6f92cf,#da8f8f,2015,1,,252,158,BYU,Nebraska,7.76,pbp,FBS Independents,Big Ten,fbs,fbs
#4b83c3,#da8f8f,2022,2,,290,158,Georgia Southern,Nebraska,7.76,pbp,Sun Belt,Big Ten,fbs,fbs
#e6ccb3,#937a7f,2025,5,,2633,344,Tennessee(15),Mississippi State,7.76,pbp,SEC,SEC,fbs,fbs
#6095ca,#6388cb,2019,9,,235,202,Memphis,Tulsa,7.76,pbp,American Athletic,American Athletic,fbs,fbs
#3f647f,#cbbdb5,2015,3,,25,251,California,Texas,7.76,pbp,Pac-12,Big 12,fbs,fbs
#6b8bce,#828282,2017,11,,68,36,Boise State,Colorado State,7.76,pbp,Mountain West,Mountain West,fbs,fbs
#c0437e,#e1bbbf,2016,7,,2117,2459,Central Michigan,Northern Illinois,7.76,legacy,Mid-American,Mid-American,fbs,fbs
#7cb0d3,#4fb885,2021,4,,2393,2429,Middle Tennessee,Charlotte,7.75,pbp,Conference USA,Conference USA,fbs,fbs
#d17b7b,#339a72,2016,7,,2439,62,UNLV,Hawai'i,7.75,pbp,Mountain West,Mountain West,fbs,fbs
#e6c6c7,#4078be,2016,6,,98,2348,Western Kentucky,Louisiana Tech,7.75,pbp,Conference USA,Conference USA,fbs,fbs
#e6c7b3,#bd3f7d,2021,8,,183,259,Syracuse,Virginia Tech,7.75,pbp,ACC,ACC,fbs,fbs
#e6c6c7,#4078be,2025,9,,98,2348,Western Kentucky,Louisiana Tech,7.75,pbp,Conference USA,Conference USA,fbs,fbs
#e6cab3,#75807c,2018,10,,197,239,Oklahoma State,Baylor,7.75,pbp,Big 12,Big 12,fbs,fbs
#d98c8c,#3aaf80,2021,8,,152,2390,NC State(18),Miami,7.75,pbp,ACC,ACC,fbs,fbs
#f0e8d6,#4e6192,2025,14,,338,2335,Kennesaw State,Liberty,7.75,pbp,Conference USA,Conference USA,fbs,fbs
#dd9da6,#d98c8c,2024,5,,2132,2641,Cincinnati,Texas Tech,7.74,pbp,Big 12,Big 12,fbs,fbs
#e6dbb3,#d07980,2016,11,,2026,2653,App State,Troy,7.74,legacy,Sun Belt,Sun Belt,fbs,fbs
#d3a5b1,#44699b,2018,5,,194,213,Ohio State(4),Penn State(9),7.74,pbp,Big Ten,Big Ten,fbs,fbs
#345b9d,#4fb885,2016,7,,2229,2429,Florida International,Charlotte,7.74,pbp,Conference USA,Conference USA,fbs,fbs
#e6dbb3,#44699b,2018,1,,2026,213,App State,Penn State(10),7.74,pbp,Sun Belt,Big Ten,fbs,fbs
#e6ccb3,#af3a3a,2016,6,,2633,245,Tennessee(9),Texas A&M(8),7.74,legacy,SEC,SEC,fbs,fbs
#6e6e6e,#a0a0a0,2019,2,,2433,52,UL Monroe,Florida State,7.74,pbp,Sun Belt,ACC,fbs,fbs
#e6c7b3,#3f7fbd,2018,6,,183,221,Syracuse,Pittsburgh,7.74,pbp,ACC,ACC,fbs,fbs
#ffffff,#5090c5,2015,6,,242,2226,Rice,Florida Atlantic,7.74,pbp,Conference USA,Conference USA,fbs,fbs
#e9e1ce,#ad9a9d,2021,4,,142,103,Missouri,Boston College,7.73,pbp,SEC,ACC,fbs,fbs
#838383,#3f78bc,2020,8,,2751,2440,Wyoming,Nevada,7.73,pbp,Mountain West,Mountain West,fbs,fbs
#db93a2,#d5a6af,2015,13,,120,164,Maryland,Rutgers,7.73,pbp,Big Ten,Big Ten,fbs,fbs
#576f8c,#935531,2023,12,,2649,189,Toledo,Bowling Green,7.73,pbp,Mid-American,Mid-American,fbs,fbs
#47c27c,#6e6e6e,2022,13,,2483,204,Oregon(10),Oregon State(22),7.73,pbp,Pac-12,Pac-12,fbs,fbs
#99a6b8,#d07980,2020,8,,2247,2653,Georgia State,Troy,7.73,pbp,Sun Belt,Sun Belt,fbs,fbs
#bc778f,#5d7193,2022,13,,9,12,Arizona State,Arizona,7.73,pbp,Pac-12,Pac-12,fbs,fbs
#61a0ca,#b48686,2025,5,,23,24,San José State,Stanford,7.73,pbp,Mountain West,ACC,fbs,fbs
#d98c8c,#b8b8b8,2021,11,,152,154,NC State(21),Wake Forest(13),7.73,pbp,ACC,ACC,fbs,fbs
#ddb4b6,#e6dbb3,2025,14,,2032,2026,Arkansas State,App State,7.72,pbp,Sun Belt,Sun Belt,fbs,fbs
#47c27c,#6e6e6e,2020,13,,2483,204,Oregon(9),Oregon State,7.72,pbp,Pac-12,Pac-12,fbs,fbs
#e6c6c7,#cc6666,2015,3,,98,84,Western Kentucky,Indiana,7.72,pbp,Conference USA,Big Ten,fbs,fbs
#5d7193,#4c4c4c,2017,Bowls,foster farms bowl,12,2509,Arizona,Purdue,7.72,pbp,Pac-12,Big Ten,fbs,fbs
#6388cb,#39aa8c,2021,7,,202,58,Tulsa,South Florida,7.72,pbp,American Athletic,American Athletic,fbs,fbs
#519bc5,#917e9c,2018,5,,295,151,Old Dominion,East Carolina,7.72,pbp,Conference USA,American Athletic,fbs,fbs
#bd9099,#e3c2ab,2015,Bowls,cfp national championship game pres. by at&t,333,228,Alabama(1),Clemson(2),7.72,pbp,SEC,ACC,fbs,fbs
#5d7088,#bd3f7d,2021,6,,87,259,Notre Dame(14),Virginia Tech,7.72,pbp,FBS Independents,ACC,fbs,fbs
#ad9a9d,#d88a96,2017,7,,103,97,Boston College,Louisville,7.72,pbp,ACC,ACC,fbs,fbs
#a6a0a1,#cc6666,2015,1,,79,84,Southern Illinois,Indiana,7.72,pbp,MVFC,Big Ten,fcs,fbs
#cfbdbf,#d88a96,2015,2,,248,97,Houston,Louisville,7.71,pbp,American Athletic,ACC,fbs,fbs
#a0a0a0,#d88a96,2022,3,,52,97,Florida State,Louisville,7.71,pbp,ACC,ACC,fbs,fbs
#47c27c,#bc778f,2017,4,,2483,9,Oregon(24),Arizona State,7.71,pbp,Pac-12,Pac-12,fbs,fbs
#c65681,#d9c78e,2015,1,,2230,349,Fordham,Army,7.71,pbp,Patriot,FBS Independents,fcs,fbs
#978da5,#6f82cf,2020,15,,99,57,LSU,Florida(6),7.71,pbp,SEC,SEC,fbs,fbs
#519bc5,#e6c6c7,2018,8,,295,98,Old Dominion,Western Kentucky,7.71,pbp,Conference USA,Conference USA,fbs,fbs
#3d6bb7,#cc7a91,2025,7,,2426,218,Navy,Temple,7.71,pbp,American Athletic,American Athletic,fbs,fbs
#3d6bb7,#b7b7b8,2018,4,,2426,2567,Navy,SMU,7.71,pbp,American Athletic,American Athletic,fbs,fbs
#dc97a7,#4c4c4c,2023,1,,278,2509,Fresno State,Purdue,7.71,pbp,Mountain West,Big Ten,fbs,fbs
#5d7088,#b48686,2015,13,,87,24,Notre Dame(4),Stanford(13),7.71,pbp,FBS Independents,Pac-12,fbs,fbs
#917e9c,#76d198,2021,3,,151,276,East Carolina,Marshall,7.71,pbp,American Athletic,Conference USA,fbs,fbs
#5d7088,#ffffff,2025,9,,41,242,UConn,Rice,7.71,pbp,FBS Independents,American Athletic,fbs,fbs
#357a9e,#5096c4,2017,13,,328,2005,Utah State,Air Force,7.71,pbp,Mountain West,Mountain West,fbs,fbs
#ddb4b6,#d2adae,2018,9,,2032,309,Arkansas State,Louisiana,7.7,pbp,Sun Belt,Sun Belt,fbs,fbs
#b6999d,#d5a6af,2015,2,,265,164,Washington State,Rutgers,7.7,pbp,Pac-12,Big Ten,fbs,fbs
#868686,#339969,2017,8,,2711,2199,Western Michigan,Eastern Michigan,7.7,legacy,Mid-American,Mid-American,fbs,fbs
#357a9e,#3f78bc,2016,12,,328,2440,Utah State,Nevada,7.7,pbp,Mountain West,Mountain West,fbs,fbs
#47c27c,#b48686,2015,11,,2483,24,Oregon,Stanford(7),7.7,pbp,Pac-12,Pac-12,fbs,fbs
#cbbdb5,#b9a0a5,2017,3,,251,30,Texas,USC(4),7.7,pbp,Big 12,Pac-12,fbs,fbs
#44699b,#4c4c4c,2022,1,,213,2509,Penn State,Purdue,7.7,pbp,Big Ten,Big Ten,fbs,fbs
#c0437e,#339969,2024,8,,2117,2199,Central Michigan,Eastern Michigan,7.69,pbp,Mid-American,Mid-American,fbs,fbs
#3d77b8,#b5b5b5,2025,11,,2,238,Auburn,Vanderbilt(15),7.69,pbp,SEC,SEC,fbs,fbs
#99a6b8,#9156c7,2022,12,,2247,256,Georgia State,James Madison,7.69,pbp,Sun Belt,Sun Belt,fbs,fbs
#bd9099,#707987,2016,3,,333,145,Alabama(1),Ole Miss(19),7.69,pbp,SEC,SEC,fbs,fbs
#4fb885,#345b9d,2017,5,,2429,2229,Charlotte,Florida International,7.69,pbp,Conference USA,Conference USA,fbs,fbs
#db93a2,#c8c6c2,2016,3,,120,2116,Maryland,UCF,7.69,pbp,Big Ten,American Athletic,fbs,fbs
#3f7fbd,#bd3f7d,2026,5,,221,259,Pittsburgh,Virginia Tech,7.69,pbp,ACC,ACC,fbs,fbs
#b5b5b5,#e9e1ce,2024,4,,238,142,Vanderbilt,Missouri(7),7.68,pbp,SEC,SEC,fbs,fbs
#3c7eb4,#ad9a9d,2025,12,,59,103,Georgia Tech(14),Boston College,7.68,pbp,ACC,ACC,fbs,fbs
#e6cab3,#a6999b,2017,11,,197,66,Oklahoma State(12),Iowa State(24),7.68,pbp,Big 12,Big 12,fbs,fbs
#75807c,#bca0a5,2022,10,,239,201,Baylor,Oklahoma,7.68,pbp,Big 12,Big 12,fbs,fbs
#40be99,#b7b7b8,2017,13,,2655,2567,Tulane,SMU,7.68,pbp,American Athletic,American Athletic,fbs,fbs
#3974ac,#7b7b7b,2021,9,,130,127,Michigan(6),Michigan State(8),7.68,pbp,Big Ten,Big Ten,fbs,fbs
#5090c5,#57c78b,2018,12,,2226,249,Florida Atlantic,North Texas,7.68,pbp,Conference USA,Conference USA,fbs,fbs
#f0e8d6,#4c85c3,2019,2,,338,2309,Kennesaw State,Kent State,7.67,pbp,Big South,Mid-American,fcs,fbs
#dd9da6,#7fa4d4,2025,5,,2132,2305,Cincinnati,Kansas,7.67,pbp,Big 12,Big 12,fbs,fbs
#f4f4f4,#848484,2020,9,,153,258,North Carolina(15),Virginia,7.67,pbp,ACC,ACC,fbs,fbs
#b7b7b8,#dd9da6,2017,8,,2567,2132,SMU,Cincinnati,7.67,pbp,American Athletic,American Athletic,fbs,fbs
#f2f2f2,#828282,2015,3,,38,36,Colorado,Colorado State,7.67,pbp,Pac-12,Mountain West,fbs,fbs
#cbbdb5,#3f647f,2016,3,,251,25,Texas(11),California,7.67,pbp,Big 12,Pac-12,fbs,fbs
#6e6e6e,#3f78bc,2018,3,,204,2440,Oregon State,Nevada,7.67,pbp,Pac-12,Mountain West,fbs,fbs
#b7b7b8,#3f647f,2025,14,,2567,25,SMU(25),California,7.67,pbp,ACC,ACC,fbs,fbs
#935531,#576f8c,2022,12,,189,2649,Bowling Green,Toledo,7.67,pbp,Mid-American,Mid-American,fbs,fbs
#39aa8c,#cc7a91,2020,7,,58,218,South Florida,Temple,7.66,pbp,American Athletic,American Athletic,fbs,fbs
#b5b5b5,#e6c6c7,2016,4,,238,98,Vanderbilt,Western Kentucky,7.66,pbp,SEC,Conference USA,fbs,fbs
#339a72,#ce919e,2015,7,,62,167,Hawai'i,New Mexico,7.66,pbp,Mountain West,Mountain West,fbs,fbs
#FFFFFF,#345b9d,2022,1,,2803,2229,Bryant,Florida International,7.66,legacy,Big South,Conference USA,fcs,fbs
#75807c,#f2f2f2,2024,4,,239,38,Baylor,Colorado,7.66,pbp,Big 12,Big 12,fbs,fbs
#359f7d,#4fb885,2024,14,,5,2429,UAB,Charlotte,7.66,pbp,American Athletic,American Athletic,fbs,fbs
#b9a0a5,#9785a6,2025,Bowls,valero alamo bowl,30,2628,USC(20),TCU(25),7.66,pbp,Big Ten,Big 12,fbs,fbs
#ce919e,#b7949a,2023,4,,167,113,New Mexico,Massachusetts,7.66,pbp,Mountain West,FBS Independents,fbs,fbs
#47c27c,#9785a6,2015,Bowls,valero alamo bowl,2483,2628,Oregon(19),TCU(7),7.65,pbp,Pac-12,Big 12,fbs,fbs
#357a9e,#5d7088,2023,5,,328,41,Utah State,UConn,7.65,pbp,Mountain West,FBS Independents,fbs,fbs
#d2adae,#339969,2025,4,,309,2199,Louisiana,Eastern Michigan,7.65,pbp,Sun Belt,Mid-American,fbs,fbs
#4e6192,#bd3f7d,2020,10,,2335,259,Liberty(25),Virginia Tech,7.65,pbp,FBS Independents,ACC,fbs,fbs
#5d7193,#339a72,2019,1,,12,62,Arizona,Hawai'i,7.65,pbp,Pac-12,Mountain West,fbs,fbs
#885caf,#75807c,2018,6,,2306,239,Kansas State,Baylor,7.65,pbp,Big 12,Big 12,fbs,fbs
#d88a96,#e3c2ab,2016,5,,97,228,Louisville(3),Clemson(5),7.65,pbp,ACC,ACC,fbs,fbs
#6f92cf,#6b8bce,2016,8,,252,68,BYU,Boise State(14),7.65,pbp,FBS Independents,Mountain West,fbs,fbs
#f4ebe0,#4078be,2017,8,,2572,2348,Southern Miss,Louisiana Tech,7.64,pbp,Conference USA,Conference USA,fbs,fbs
#d5a6af,#4c4c4c,2025,9,,164,2509,Rutgers,Purdue,7.64,legacy,Big Ten,Big Ten,fbs,fbs
#7b7b7b,#a4a4a4,2017,9,,127,77,Michigan State(16),Northwestern,7.64,pbp,Big Ten,Big Ten,fbs,fbs
#da8f8f,#f2f2f2,2019,2,,158,38,Nebraska(25),Colorado,7.64,pbp,Big Ten,Pac-12,fbs,fbs
#e2c9a6,#3f78bc,2017,3,,304,2440,Idaho State,Nevada,7.64,pbp,Big Sky,Mountain West,fcs,fbs
#b6999d,#b9a0a5,2018,4,,265,30,Washington State,USC,7.64,pbp,Pac-12,Pac-12,fbs,fbs
#5c81c6,#5d7088,2016,4,,150,87,Duke,Notre Dame,7.64,pbp,ACC,FBS Independents,fbs,fbs
#dd9da6,#917e9c,2019,10,,2132,151,Cincinnati(17),East Carolina,7.63,pbp,American Athletic,American Athletic,fbs,fbs
#5c81c6,#5d7088,2025,11,,150,41,Duke,UConn,7.63,pbp,ACC,FBS Independents,fbs,fbs
#e9e1ce,#e6cab3,2018,Bowls,,142,197,Missouri,Oklahoma State,7.63,pbp,SEC,Big 12,fbs,fbs
#707987,#bd9fa4,2018,7,,145,8,Ole Miss,Arkansas,7.63,pbp,SEC,SEC,fbs,fbs
#3f7fbd,#5c81c6,2019,6,,221,150,Pittsburgh,Duke,7.63,pbp,ACC,ACC,fbs,fbs
#7cb0d3,#359f7d,2017,7,,2393,5,Middle Tennessee,UAB,7.63,pbp,Conference USA,Conference USA,fbs,fbs
#e6c6c7,#d37d7b,2025,14,,98,55,Western Kentucky,Jacksonville State,7.63,pbp,Conference USA,Conference USA,fbs,fbs
#b6999d,#b48686,2018,9,,265,24,Washington State(14),Stanford(24),7.63,pbp,Pac-12,Pac-12,fbs,fbs
#3f89bd,#d17b7b,2017,1,,47,2439,Howard,UNLV,7.63,pbp,MEAC,Mountain West,fcs,fbs
#6e6e6e,#339a72,2019,2,,204,62,Oregon State,Hawai'i,7.62,pbp,Pac-12,Mountain West,fbs,fbs
#f0e8d6,#e6ccb3,2024,11,,338,2638,Kennesaw State,UTEP,7.62,pbp,Conference USA,Conference USA,fbs,fbs
#345b9d,#e5c2b2,2023,8,,2229,2534,Florida International,Sam Houston,7.62,legacy,Conference USA,Conference USA,fbs,fbs
#e6dbb3,#9156c7,2023,12,,2026,256,App State,James Madison(18),7.62,pbp,Sun Belt,Sun Belt,fbs,fbs
#4abfc2,#4b83c3,2019,8,,324,290,Coastal Carolina,Georgia Southern,7.62,pbp,Sun Belt,Sun Belt,fbs,fbs
#4abfc2,#bd9fa4,2017,10,,324,8,Coastal Carolina,Arkansas,7.62,pbp,Sun Belt,SEC,fbs,fbs
#44699b,#db93a2,2015,8,,213,120,Penn State,Maryland,7.62,pbp,Big Ten,Big Ten,fbs,fbs
#bc778f,#85797a,2024,3,,9,326,Arizona State,Texas State,7.62,legacy,Big 12,Sun Belt,fbs,fbs
#4e6192,#5d7088,2022,11,,2335,41,Liberty(19),UConn,7.62,pbp,FBS Independents,FBS Independents,fbs,fbs
#345b9d,#c0437e,2021,4,,2229,2117,Florida International,Central Michigan,7.62,pbp,Conference USA,Mid-American,fbs,fbs
#47c27c,#7f46c2,2023,7,,2483,264,Oregon(8),Washington(7),7.62,pbp,Pac-12,Pac-12,fbs,fbs
#3e72b9,#4c85c3,2018,8,,2006,2309,Akron,Kent State,7.62,pbp,Mid-American,Mid-American,fbs,fbs
#e1bbbf,#8e8e8e,2019,7,,2459,195,Northern Illinois,Ohio,7.62,pbp,Mid-American,Mid-American,fbs,fbs
#76d198,#4c85c3,2015,4,,276,2309,Marshall,Kent State,7.62,pbp,Conference USA,Mid-American,fbs,fbs
#a0a0a0,#848484,2025,5,,52,258,Florida State(8),Virginia,7.62,pbp,ACC,ACC,fbs,fbs
#85797a,#6e6e6e,2022,10,,326,2433,Texas State,UL Monroe,7.62,pbp,Sun Belt,Sun Belt,fbs,fbs
#f4f4f4,#d98c8c,2021,13,,153,152,North Carolina,NC State(24),7.62,pbp,ACC,ACC,fbs,fbs
#9785a6,#3974ac,2022,Bowls,cfp semifinal at the vrbo fiesta bowl,2628,130,TCU(2),Michigan(3),7.62,pbp,Big 12,Big Ten,fbs,fbs
#d6889a,#7b7b7b,2022,7,,275,127,Wisconsin,Michigan State,7.62,pbp,Big Ten,Big Ten,fbs,fbs
#d9c78e,#57c78b,2017,12,,349,249,Army,North Texas,7.62,pbp,FBS Independents,Conference USA,fbs,fbs
#6f92cf,#e6cab3,2023,13,,252,197,BYU,Oklahoma State(21),7.61,pbp,Big 12,Big 12,fbs,fbs
#3d75b8,#e6c6c7,2021,6,,2636,98,UTSA,Western Kentucky,7.61,pbp,Conference USA,Conference USA,fbs,fbs
#e6ccb3,#ce919e,2016,5,,2633,61,Tennessee(11),Georgia(25),7.61,pbp,SEC,SEC,fbs,fbs
#7f46c2,#47c27c,2022,11,,264,2483,Washington(24),Oregon(6),7.61,pbp,Pac-12,Pac-12,fbs,fbs
#a6999b,#d98c8c,2021,11,,66,2641,Iowa State,Texas Tech,7.61,pbp,Big 12,Big 12,fbs,fbs
#885caf,#9785a6,2022,14,dr pepper big 12 championship,2306,2628,Kansas State(13),TCU(3),7.61,pbp,Big 12,Big 12,fbs,fbs
#4abfc2,#6e6e6e,2019,13,,324,2433,Coastal Carolina,UL Monroe,7.61,pbp,Sun Belt,Sun Belt,fbs,fbs
#ce919e,#a75a7c,2025,Bowls,rate bowl,167,135,New Mexico,Minnesota,7.6,legacy,Mountain West,Big Ten,fbs,fbs
#b57f81,#d2adae,2015,12,,166,309,New Mexico State,Louisiana,7.6,pbp,Sun Belt,Sun Belt,fbs,fbs
#cc6666,#7b7b7b,2022,12,,84,127,Indiana,Michigan State,7.6,pbp,Big Ten,Big Ten,fbs,fbs
#4b83c3,#3d68b7,2024,10,,290,6,Georgia Southern,South Alabama,7.6,pbp,Sun Belt,Sun Belt,fbs,fbs
#5d7088,#c24a54,2022,Bowls,taxslayer gator bowl,87,2579,Notre Dame(18),South Carolina(23),7.6,pbp,FBS Independents,SEC,fbs,fbs
#cfbdbf,#6095ca,2022,6,,248,235,Houston,Memphis,7.6,pbp,American Athletic,American Athletic,fbs,fbs
#8e8e8e,#838383,2022,Bowls,barstool sports arizona bowl,195,2751,Ohio,Wyoming,7.6,pbp,Mid-American,Mountain West,fbs,fbs
#978da5,#c24a54,2024,3,,99,2579,LSU(16),South Carolina,7.6,pbp,SEC,SEC,fbs,fbs
#6f82cf,#af3a3a,2020,6,,57,245,Florida(4),Texas A&M(21),7.6,pbp,SEC,SEC,fbs,fbs
#b9a0a5,#db93a2,2024,8,,30,120,USC,Maryland,7.6,pbp,Big Ten,Big Ten,fbs,fbs
#e0a3ae,#b9a0a5,2023,8,,254,30,Utah(14),USC(18),7.6,pbp,Pac-12,Pac-12,fbs,fbs
#a6999b,#885caf,2023,13,,66,2306,Iowa State,Kansas State(19),7.59,pbp,Big 12,Big 12,fbs,fbs
#c8c6c2,#9785a6,2024,3,,2116,2628,UCF,TCU,7.59,pbp,Big 12,Big 12,fbs,fbs
#85797a,#cfa0a8,2026,5,,326,21,Texas State,San Diego State,7.59,pbp,Pac-12,Pac-12,fbs,fbs
#da8f8f,#a4a4a4,2022,1,,158,77,Nebraska,Northwestern,7.59,pbp,Big Ten,Big Ten,fbs,fbs
#99a6b8,#85797a,2017,11,,2247,326,Georgia State,Texas State,7.59,legacy,Sun Belt,Sun Belt,fbs,fbs
#848484,#b8b8b8,2024,2,,258,154,Virginia,Wake Forest,7.59,pbp,ACC,ACC,fbs,fbs
#3d75b8,#ffffff,2024,7,,2636,242,UTSA,Rice,7.59,pbp,American Athletic,American Athletic,fbs,fbs
#75807c,#b5b5b5,2018,Bowls,academy sports + outdoors texas bowl,239,238,Baylor,Vanderbilt,7.59,pbp,Big 12,SEC,fbs,fbs
#707987,#ce919e,2025,Bowls,college football playoff quarterfinal at the allstate sugar bowl,145,61,Ole Miss(3),Georgia(6),7.58,pbp,SEC,SEC,fbs,fbs
#d98c8c,#a6999b,2024,10,,2641,66,Texas Tech,Iowa State(11),7.58,pbp,Big 12,Big 12,fbs,fbs
#76d198,#5090c5,2019,8,,276,2226,Marshall,Florida Atlantic,7.58,pbp,Conference USA,Conference USA,fbs,fbs
#d88a96,#7f46c2,2024,Bowls,tony the tiger sun bowl,97,264,Louisville,Washington,7.58,pbp,ACC,Big Ten,fbs,fbs
#6e6e6e,#3f78bc,2024,7,,204,2440,Oregon State,Nevada,7.58,pbp,Pac-12,Mountain West,fbs,fbs
#FFFFFF,#3d68b7,2015,10,,70,6,Idaho,South Alabama,7.58,pbp,Sun Belt,Sun Belt,fbs,fbs
#da8f8f,#e7c8b6,2019,4,,158,356,Nebraska,Illinois,7.57,pbp,Big Ten,Big Ten,fbs,fbs
#FFFFFF,#d17b7b,2016,4,,70,2439,Idaho,UNLV,7.57,pbp,Sun Belt,Mountain West,fbs,fbs
#6095ca,#cc7a91,2021,5,,235,218,Memphis,Temple,7.57,pbp,American Athletic,American Athletic,fbs,fbs
#6095ca,#57c78b,2023,9,,235,249,Memphis,North Texas,7.57,pbp,American Athletic,American Athletic,fbs,fbs
#f4f4f4,#3c7eb4,2023,9,,153,59,North Carolina(17),Georgia Tech,7.57,pbp,ACC,ACC,fbs,fbs
#5d7193,#f2f2f2,2017,6,,12,38,Arizona,Colorado,7.57,pbp,Pac-12,Pac-12,fbs,fbs
#75807c,#9785a6,2019,11,,239,2628,Baylor(11),TCU,7.57,pbp,Big 12,Big 12,fbs,fbs
#359f7d,#3d75b8,2021,12,,5,2636,UAB,UTSA(15),7.57,pbp,Conference USA,Conference USA,fbs,fbs
#a75a7c,#a4a4a4,2025,13,,135,77,Minnesota,Northwestern,7.57,pbp,Big Ten,Big Ten,fbs,fbs
#b6999d,#ce919e,2024,12,,265,167,Washington State(19),New Mexico,7.57,pbp,Pac-12,Mountain West,fbs,fbs
#d98c8c,#3c7eb4,2024,13,,152,59,NC State,Georgia Tech,7.57,pbp,ACC,ACC,fbs,fbs
#39aa8c,#3d6bb7,2025,12,,58,2426,South Florida(25),Navy,7.57,pbp,American Athletic,American Athletic,fbs,fbs
#dd9da6,#c8c6c2,2020,12,,2132,2116,Cincinnati(7),UCF,7.57,pbp,American Athletic,American Athletic,fbs,fbs
#3d68b7,#FFFFFF,2016,13,,6,70,South Alabama,Idaho,7.56,legacy,Sun Belt,Sun Belt,fbs,fbs
#d98c8c,#3f7fbd,2020,5,,152,221,NC State,Pittsburgh(24),7.56,pbp,ACC,ACC,fbs,fbs
#b7b7b8,#9785a6,2019,4,,2567,2628,SMU,TCU(25),7.56,pbp,American Athletic,Big 12,fbs,fbs
#576f8c,#339969,2024,10,,2649,2199,Toledo,Eastern Michigan,7.56,pbp,Mid-American,Mid-American,fbs,fbs
#6f82cf,#e9e1ce,2023,12,,57,142,Florida,Missouri(11),7.56,pbp,SEC,SEC,fbs,fbs
#3e72b9,#cc6666,2023,4,,2006,84,Akron,Indiana,7.56,pbp,Mid-American,Big Ten,fbs,fbs
#bc778f,#adb8c1,2017,11,,9,26,Arizona State,UCLA,7.56,pbp,Pac-12,Pac-12,fbs,fbs
#3d75b8,#57c78b,2017,7,,2636,249,UTSA,North Texas,7.56,pbp,Conference USA,Conference USA,fbs,fbs
#707987,#978da5,2024,7,,145,99,Ole Miss(9),LSU(13),7.56,pbp,SEC,SEC,fbs,fbs
#6f82cf,#e9e1ce,2021,12,,57,142,Florida,Missouri,7.56,pbp,SEC,SEC,fbs,fbs
#a6999b,#e6cab3,2018,6,,66,197,Iowa State,Oklahoma State(25),7.56,pbp,Big 12,Big 12,fbs,fbs
#a6999b,#885caf,2015,12,,66,2306,Iowa State,Kansas State,7.56,pbp,Big 12,Big 12,fbs,fbs
#b7b7b8,#40be99,2016,9,,2567,2655,SMU,Tulane,7.56,pbp,American Athletic,American Athletic,fbs,fbs
#d37d7b,#e5c2b2,2023,5,,55,2534,Jacksonville State,Sam Houston,7.55,pbp,Conference USA,Conference USA,fbs,fbs
#519bc5,#339969,2015,1,,295,2199,Old Dominion,Eastern Michigan,7.55,pbp,Conference USA,Mid-American,fbs,fbs
#e7c8b6,#a75a7c,2023,10,,356,135,Illinois,Minnesota,7.55,pbp,Big Ten,Big Ten,fbs,fbs
#3c73b2,#75807c,2023,13,,277,239,West Virginia,Baylor,7.55,pbp,Big 12,Big 12,fbs,fbs
#5096c4,#3d6bb7,2017,6,,2005,2426,Air Force,Navy,7.55,pbp,Mountain West,American Athletic,fbs,fbs
#345b9d,#f0e8d6,2024,13,,2229,338,Florida International,Kennesaw State,7.55,pbp,Conference USA,Conference USA,fbs,fbs
#7cb0d3,#345b9d,2020,6,,2393,2229,Middle Tennessee,Florida International,7.55,pbp,Conference USA,Conference USA,fbs,fbs
#b6999d,#6e6e6e,2024,13,,265,204,Washington State(25),Oregon State,7.55,pbp,Pac-12,Pac-12,fbs,fbs
#4b83c3,#99a6b8,2022,6,,290,2247,Georgia Southern,Georgia State,7.55,legacy,Sun Belt,Sun Belt,fbs,fbs
#e6ccb3,#3d75b8,2022,13,,2638,2636,UTEP,UTSA,7.55,pbp,Conference USA,Conference USA,fbs,fbs
#d6889a,#978da5,2023,Bowls,reliaquest bowl,275,99,Wisconsin,LSU(12),7.55,pbp,Big Ten,SEC,fbs,fbs
#ad9a9d,#d88a96,2019,6,,103,97,Boston College,Louisville,7.55,pbp,ACC,ACC,fbs,fbs
#6f92cf,#e6ccb3,2019,2,,252,2633,BYU,Tennessee,7.55,pbp,FBS Independents,SEC,fbs,fbs
#4b83c3,#4abfc2,2022,5,,290,324,Georgia Southern,Coastal Carolina,7.55,pbp,Sun Belt,Sun Belt,fbs,fbs
#3f78bc,#828282,2017,7,,2440,36,Nevada,Colorado State,7.54,pbp,Mountain West,Mountain West,fbs,fbs
#f4ebe0,#d07980,2019,3,,2572,2653,Southern Miss,Troy,7.54,pbp,Conference USA,Sun Belt,fbs,fbs
#ad9a9d,#a0a0a0,2018,12,,103,52,Boston College(22),Florida State,7.54,pbp,ACC,ACC,fbs,fbs
#b48686,#61a0ca,2024,14,,24,23,Stanford,San José State,7.54,pbp,ACC,Mountain West,fbs,fbs
#b8b8b8,#e6c7b3,2019,14,,154,183,Wake Forest,Syracuse,7.54,pbp,ACC,ACC,fbs,fbs
#b9a0a5,#f2f2f2,2019,9,,30,38,USC,Colorado,7.54,pbp,Pac-12,Pac-12,fbs,fbs
#6e6e6e,#b48686,2022,6,,204,24,Oregon State,Stanford,7.53,pbp,Pac-12,Pac-12,fbs,fbs
#8e8e8e,#c0437e,2020,10,,195,2117,Ohio,Central Michigan,7.53,pbp,Mid-American,Mid-American,fbs,fbs
#3f7fbd,#e6cab3,2016,3,,221,197,Pittsburgh,Oklahoma State,7.53,pbp,ACC,Big 12,fbs,fbs
#b48686,#47c27c,2018,4,,24,2483,Stanford(7),Oregon(20),7.53,pbp,Pac-12,Pac-12,fbs,fbs
#cbb4b7,#4fb885,2024,3,,2241,2429,Gardner-Webb,Charlotte,7.53,pbp,Big South-OVC,American Athletic,fcs,fbs
#7fa4d4,#3c73b2,2024,4,,2305,277,Kansas,West Virginia,7.53,pbp,Big 12,Big 12,fbs,fbs
#d88a96,#ad9a9d,2022,5,,97,103,Louisville,Boston College,7.53,pbp,ACC,ACC,fbs,fbs
#5c81c6,#4fb885,2021,1,,150,2429,Duke,Charlotte,7.53,pbp,ACC,Conference USA,fbs,fbs
#39aa8c,#c8c6c2,2017,13,,58,2116,South Florida(22),UCF(13),7.53,pbp,American Athletic,American Athletic,fbs,fbs
#e3c2ab,#bd9099,2016,Bowls,cfp national championship game presented by at&t,228,333,Clemson(1),Alabama(2),7.53,pbp,ACC,SEC,fbs,fbs
#e1bbbf,#4c85c3,2021,10,,2459,2309,Northern Illinois,Kent State,7.52,pbp,Mid-American,Mid-American,fbs,fbs
#b8b8b8,#5c81c6,2022,13,,154,150,Wake Forest,Duke,7.52,pbp,ACC,ACC,fbs,fbs
#8e8e8e,#e6dbb3,2015,Bowls,raycom media camellia bowl,195,2026,Ohio,App State,7.52,pbp,Mid-American,Sun Belt,fbs,fbs
#d17b7b,#3f78bc,2019,14,,2439,2440,UNLV,Nevada,7.52,pbp,Mountain West,Mountain West,fbs,fbs
#885caf,#75807c,2020,13,,2306,239,Kansas State,Baylor,7.52,pbp,Big 12,Big 12,fbs,fbs
#85797a,#3d68b7,2024,14,,326,6,Texas State,South Alabama,7.52,pbp,Sun Belt,Sun Belt,fbs,fbs
#39aa8c,#6388cb,2018,7,,58,202,South Florida(23),Tulsa,7.52,pbp,American Athletic,American Athletic,fbs,fbs
#868686,#dc9797,2024,6,,2711,2050,Western Michigan,Ball State,7.52,pbp,Mid-American,Mid-American,fbs,fbs
#838383,#3f78bc,2016,8,,2751,2440,Wyoming,Nevada,7.52,legacy,Mountain West,Mountain West,fbs,fbs
#e6c6c7,#5090c5,2022,13,,98,2226,Western Kentucky,Florida Atlantic,7.52,pbp,Conference USA,Conference USA,fbs,fbs
#e1bbbf,#ad9a9d,2023,1,,2459,103,Northern Illinois,Boston College,7.52,pbp,Mid-American,ACC,fbs,fbs
#cfa0a8,#838383,2016,12,,21,2751,San Diego State(24),Wyoming,7.52,pbp,Mountain West,Mountain West,fbs,fbs
#f4ebe0,#85797a,2015,3,,2572,326,Southern Miss,Texas State,7.52,pbp,Conference USA,Sun Belt,fbs,fbs
#e1bbbf,#6388cb,2022,2,,2459,202,Northern Illinois,Tulsa,7.52,pbp,Mid-American,American Athletic,fbs,fbs
#3f7fbd,#f4f4f4,2018,4,,221,153,Pittsburgh,North Carolina,7.52,pbp,ACC,ACC,fbs,fbs
#b8b8b8,#d98c8c,2024,6,,154,152,Wake Forest,NC State,7.51,pbp,ACC,ACC,fbs,fbs
#47c27c,#da8f8f,2016,3,,2483,158,Oregon(22),Nebraska,7.51,pbp,Pac-12,Big Ten,fbs,fbs
#828282,#339a72,2021,12,,36,62,Colorado State,Hawai'i,7.51,pbp,Mountain West,Mountain West,fbs,fbs
#4078be,#6989c7,2025,11,,2348,48,Louisiana Tech,Delaware,7.51,pbp,Conference USA,Conference USA,fbs,fbs
#bc778f,#b9a0a5,2018,9,,9,30,Arizona State,USC,7.51,pbp,Pac-12,Pac-12,fbs,fbs
#ce919e,#5096c4,2016,7,,167,2005,New Mexico,Air Force,7.51,pbp,Mountain West,Mountain West,fbs,fbs
#e1bbbf,#6f7cc9,2021,12,,2459,2084,Northern Illinois,Buffalo,7.51,pbp,Mid-American,Mid-American,fbs,fbs
#d98c8c,#f4f4f4,2022,13,,152,153,NC State,North Carolina(18),7.51,pbp,ACC,ACC,fbs,fbs
#7fa4d4,#885caf,2024,9,,2305,2306,Kansas,Kansas State(16),7.51,pbp,Big 12,Big 12,fbs,fbs
#4abfc2,#99a6b8,2018,9,,324,2247,Coastal Carolina,Georgia State,7.51,pbp,Sun Belt,Sun Belt,fbs,fbs
#c24a54,#e3c2ab,2022,13,,2579,228,South Carolina,Clemson(7),7.51,pbp,SEC,ACC,fbs,fbs
#357a9e,#dc97a7,2019,11,,328,278,Utah State,Fresno State,7.51,pbp,Mountain West,Mountain West,fbs,fbs
#6e6e6e,#d2adae,2025,14,,2433,309,UL Monroe,Louisiana,7.5,pbp,Sun Belt,Sun Belt,fbs,fbs
#917e9c,#6388cb,2020,9,,151,202,East Carolina,Tulsa,7.5,pbp,American Athletic,American Athletic,fbs,fbs
#6388cb,#b7b7b8,2017,9,,202,2567,Tulsa,SMU,7.5,pbp,American Athletic,American Athletic,fbs,fbs
#576f8c,#c0437e,2021,7,,2649,2117,Toledo,Central Michigan,7.5,legacy,Mid-American,Mid-American,fbs,fbs
#4078be,#f4ebe0,2020,3,,2348,2572,Louisiana Tech,Southern Miss,7.5,pbp,Conference USA,Conference USA,fbs,fbs
#cf6e75,#dd9da6,2026,3,,193,2132,Miami (OH),Cincinnati,7.5,pbp,Mid-American,Big 12,fbs,fbs
#ceb2b3,#e6ccb3,2024,2,,253,2638,Southern Utah,UTEP,7.5,pbp,UAC,Conference USA,fcs,fbs
#885caf,#e6cab3,2017,12,,2306,197,Kansas State,Oklahoma State(10),7.5,pbp,Big 12,Big 12,fbs,fbs
#75807c,#c8c6c2,2023,5,,239,2116,Baylor,UCF,7.5,pbp,Big 12,Big 12,fbs,fbs
#75807c,#9785a6,2021,10,,239,2628,Baylor(14),TCU,7.5,pbp,Big 12,Big 12,fbs,fbs
#47c27c,#e0a3ae,2016,12,,2483,254,Oregon,Utah(11),7.5,pbp,Pac-12,Pac-12,fbs,fbs
#bd9099,#af3a3a,2021,6,,333,245,Alabama(1),Texas A&M,7.5,pbp,SEC,SEC,fbs,fbs
#6095ca,#917e9c,2025,12,,235,151,Memphis,East Carolina,7.49,pbp,American Athletic,American Athletic,fbs,fbs
#99a6b8,#b57f81,2015,2,,2247,166,Georgia State,New Mexico State,7.49,pbp,Sun Belt,Sun Belt,fbs,fbs
#9785a6,#75807c,2024,10,,2628,239,TCU,Baylor,7.49,pbp,Big 12,Big 12,fbs,fbs
#4e6192,#4078be,2025,13,,2335,2348,Liberty,Louisiana Tech,7.49,pbp,Conference USA,Conference USA,fbs,fbs
#4078be,#345b9d,2022,9,,2348,2229,Louisiana Tech,Florida International,7.49,legacy,Conference USA,Conference USA,fbs,fbs
#d9c78e,#5096c4,2025,10,,349,2005,Army,Air Force,7.48,legacy,American Athletic,Mountain West,fbs,fbs
#f4f4f4,#5c81c6,2016,11,,153,150,North Carolina(15),Duke,7.48,pbp,ACC,ACC,fbs,fbs
#d07980,#e6dbb3,2022,3,,2653,2026,Troy,App State,7.48,pbp,Sun Belt,Sun Belt,fbs,fbs
#a0a0a0,#3aaf80,2018,6,,52,2390,Florida State,Miami(17),7.48,pbp,ACC,ACC,fbs,fbs
#d88a96,#707987,2026,1,liberty mutual music city kickoff,97,145,Louisville(24),Ole Miss(9),7.48,pbp,ACC,SEC,fbs,fbs
#b9a0a5,#6f92cf,2019,3,,30,252,USC(24),BYU,7.48,pbp,Pac-12,FBS Independents,fbs,fbs
#b57f81,#6e6e6e,2015,14,,166,2433,New Mexico State,UL Monroe,7.48,pbp,Sun Belt,Sun Belt,fbs,fbs
#d98c8c,#9785a6,2016,9,,2641,2628,Texas Tech,TCU,7.48,pbp,Big 12,Big 12,fbs,fbs
#8e8e8e,#dd9da6,2018,4,,195,2132,Ohio,Cincinnati,7.48,pbp,Mid-American,American Athletic,fbs,fbs
#47c27c,#adb8c1,2021,8,,2483,26,Oregon(10),UCLA,7.48,pbp,Pac-12,Pac-12,fbs,fbs
#cc7a91,#c8c6c2,2016,7,,218,2116,Temple,UCF,7.48,pbp,American Athletic,American Athletic,fbs,fbs
#39aa8c,#6095ca,2025,9,,58,235,South Florida(18),Memphis,7.47,pbp,American Athletic,American Athletic,fbs,fbs
#f4ebe0,#3d75b8,2017,6,,2572,2636,Southern Miss,UTSA,7.47,pbp,Conference USA,Conference USA,fbs,fbs
#a75a7c,#828282,2015,2,,135,36,Minnesota,Colorado State,7.47,legacy,Big Ten,Mountain West,fbs,fbs
#576f8c,#e7c8b6,2023,1,,2649,356,Toledo,Illinois,7.47,pbp,Mid-American,Big Ten,fbs,fbs
#b6999d,#5d7193,2015,8,,265,12,Washington State,Arizona,7.47,pbp,Pac-12,Pac-12,fbs,fbs
#85797a,#d2adae,2023,6,,326,309,Texas State,Louisiana,7.47,pbp,Sun Belt,Sun Belt,fbs,fbs
#cc6666,#4c4c4c,2023,13,,84,2509,Indiana,Purdue,7.47,pbp,Big Ten,Big Ten,fbs,fbs
#85797a,#e5c2b2,2024,5,,326,2534,Texas State,Sam Houston,7.47,pbp,Sun Belt,Conference USA,fbs,fbs
#917e9c,#5d7088,2017,4,,151,41,East Carolina,UConn,7.47,pbp,American Athletic,American Athletic,fbs,fbs
#6b8bce,#357a9e,2025,14,,68,328,Boise State,Utah State,7.47,pbp,Mountain West,Mountain West,fbs,fbs
#b6999d,#6e6e6e,2016,9,,265,204,Washington State,Oregon State,7.47,pbp,Pac-12,Pac-12,fbs,fbs
#868686,#935531,2018,7,,2711,189,Western Michigan,Bowling Green,7.47,pbp,Mid-American,Mid-American,fbs,fbs
#e0a3ae,#b9a0a5,2017,7,,254,30,Utah,USC(13),7.46,pbp,Pac-12,Pac-12,fbs,fbs
#5090c5,#345b9d,2016,5,,2226,2229,Florida Atlantic,Florida International,7.46,pbp,Conference USA,Conference USA,fbs,fbs
#707987,#b5b5b5,2018,12,,145,238,Ole Miss,Vanderbilt,7.46,pbp,SEC,SEC,fbs,fbs
#7c7ccc,#4fb885,2017,3,,2448,2429,North Carolina A&T,Charlotte,7.46,pbp,MEAC,Conference USA,fcs,fbs
#dc9797,#e1bbbf,2021,11,,2050,2459,Ball State,Northern Illinois,7.46,pbp,Mid-American,Mid-American,fbs,fbs
#3f7fbd,#a0a0a0,2025,7,,221,52,Pittsburgh,Florida State(25),7.46,pbp,ACC,ACC,fbs,fbs
#978da5,#a0a0a0,2022,1,allstate louisiana kickoff,99,52,LSU,Florida State,7.46,legacy,SEC,ACC,fbs,fbs
#d37d7b,#f0e8d6,2026,6,,55,338,Jacksonville State,Kennesaw State,7.46,pbp,Conference USA,Conference USA,fbs,fbs
#db93a2,#cbbdb5,2017,1,,120,251,Maryland,Texas(23),7.46,pbp,Big Ten,Big 12,fbs,fbs
#bca0a5,#9785a6,2016,5,,201,2628,Oklahoma,TCU(21),7.45,pbp,Big 12,Big 12,fbs,fbs
#d98c8c,#f4f4f4,2024,14,,152,153,NC State,North Carolina,7.45,pbp,ACC,ACC,fbs,fbs
#4078be,#3d6bb7,2016,Bowls,lockheed martin armed forces bowl,2348,2426,Louisiana Tech,Navy,7.45,pbp,Conference USA,American Athletic,fbs,fbs
#57c78b,#4078be,2023,3,,249,2348,North Texas,Louisiana Tech,7.45,pbp,American Athletic,Conference USA,fbs,fbs
#d37d7b,#e5c2b2,2025,7,,55,2534,Jacksonville State,Sam Houston,7.45,pbp,Conference USA,Conference USA,fbs,fbs
#b6999d,#adb8c1,2015,11,,265,26,Washington State,UCLA(18),7.45,pbp,Pac-12,Pac-12,fbs,fbs
#a4a4a4,#99a6b8,2019,2,,231,2247,Furman,Georgia State,7.45,pbp,Southern,Sun Belt,fcs,fbs
#dc9797,#cf6e75,2022,13,,2050,193,Ball State,Miami (OH),7.45,legacy,Mid-American,Mid-American,fbs,fbs
#6b8bce,#6095ca,2023,5,,68,235,Boise State,Memphis,7.45,pbp,Mountain West,American Athletic,fbs,fbs
#db93a2,#cc6666,2018,11,,120,84,Maryland,Indiana,7.45,pbp,Big Ten,Big Ten,fbs,fbs
#5f95ca,#dc9797,2025,3,,160,2050,New Hampshire,Ball State,7.45,pbp,CAA,Mid-American,fcs,fbs
#bca0a5,#cbbdb5,2023,6,,201,251,Oklahoma(12),Texas(3),7.45,pbp,Big 12,Big 12,fbs,fbs
#5c81c6,#3f7fbd,2018,9,,150,221,Duke,Pittsburgh,7.45,pbp,ACC,ACC,fbs,fbs
#848484,#3c7eb4,2018,12,,258,59,Virginia,Georgia Tech,7.45,legacy,ACC,ACC,fbs,fbs
#6e6e6e,#f4ebe0,2018,2,,2433,2572,UL Monroe,Southern Miss,7.45,pbp,Sun Belt,Conference USA,fbs,fbs
#e6ccb3,#e5c2b2,2023,9,,2638,2534,UTEP,Sam Houston,7.45,pbp,Conference USA,Conference USA,fbs,fbs
#d2adae,#b8b8b8,2024,5,,309,154,Louisiana,Wake Forest,7.44,pbp,Sun Belt,ACC,fbs,fbs
#ae7b7c,#b57f81,2021,3,,2569,166,South Carolina State,New Mexico State,7.44,legacy,MEAC,FBS Independents,fcs,fbs
#3f7fbd,#dd9da6,2024,2,,221,2132,Pittsburgh,Cincinnati,7.44,pbp,ACC,Big 12,fbs,fbs
#707987,#af3a3a,2016,11,,145,245,Ole Miss,Texas A&M(10),7.44,pbp,SEC,SEC,fbs,fbs
#3d68b7,#adb8c1,2022,3,,6,26,South Alabama,UCLA,7.44,pbp,Sun Belt,Pac-12,fbs,fbs
#cbbdb5,#e6cab3,2022,8,,251,197,Texas(20),Oklahoma State(11),7.44,pbp,Big 12,Big 12,fbs,fbs
#8e8e8e,#6f7cc9,2019,6,,195,2084,Ohio,Buffalo,7.44,pbp,Mid-American,Mid-American,fbs,fbs
#7b7b7b,#cc6666,2016,5,,127,84,Michigan State(17),Indiana,7.44,pbp,Big Ten,Big Ten,fbs,fbs
#6388cb,#917e9c,2023,13,,202,151,Tulsa,East Carolina,7.44,pbp,American Athletic,American Athletic,fbs,fbs
#339969,#e7c8b6,2019,3,,2199,356,Eastern Michigan,Illinois,7.44,pbp,Mid-American,Big Ten,fbs,fbs
#bca0a5,#e6cab3,2023,10,,201,197,Oklahoma(10),Oklahoma State,7.44,pbp,Big 12,Big 12,fbs,fbs
#e6c6c7,#519bc5,2017,8,,98,295,Western Kentucky,Old Dominion,7.44,pbp,Conference USA,Conference USA,fbs,fbs
#b8b8b8,#d88a96,2026,4,,154,97,Wake Forest,Louisville(16),7.44,pbp,ACC,ACC,fbs,fbs
#3aaf80,#3f7fbd,2021,9,,2390,221,Miami,Pittsburgh(17),7.44,pbp,ACC,ACC,fbs,fbs
#cfa0a8,#dc97a7,2022,9,,21,278,San Diego State,Fresno State,7.44,pbp,Mountain West,Mountain West,fbs,fbs
#bca0a5,#a0a0a0,2022,Bowls,cheez-it bowl,201,52,Oklahoma,Florida State(11),7.43,pbp,Big 12,ACC,fbs,fbs
#9785a6,#7fa4d4,2018,9,,2628,2305,TCU,Kansas,7.43,pbp,Big 12,Big 12,fbs,fbs
#cf6e75,#d9c78e,2018,8,,193,349,Miami (OH),Army,7.43,pbp,Mid-American,FBS Independents,fbs,fbs
#3974ac,#a0a0a0,2016,Bowls,capital one orange bowl,130,52,Michigan(10),Florida State(8),7.43,pbp,Big Ten,ACC,fbs,fbs
#4078be,#57c78b,2018,5,,2348,249,Louisiana Tech,North Texas,7.43,pbp,Conference USA,Conference USA,fbs,fbs
#7fa4d4,#e6cab3,2023,7,,2305,197,Kansas(23),Oklahoma State,7.43,pbp,Big 12,Big 12,fbs,fbs
#7fa4d4,#bc778f,2024,6,,2305,9,Kansas,Arizona State,7.43,pbp,Big 12,Big 12,fbs,fbs
#339969,#e1bbbf,2017,9,,2199,2459,Eastern Michigan,Northern Illinois,7.43,legacy,Mid-American,Mid-American,fbs,fbs
#61a0ca,#339a72,2019,11,,23,62,San José State,Hawai'i,7.43,pbp,Mountain West,Mountain West,fbs,fbs
#4abfc2,#ddb4b6,2019,12,,324,2032,Coastal Carolina,Arkansas State,7.43,pbp,Sun Belt,Sun Belt,fbs,fbs
#c24a54,#ce919e,2019,7,,2579,61,South Carolina,Georgia(3),7.43,pbp,SEC,SEC,fbs,fbs
#5096c4,#3f78bc,2017,8,,2005,2440,Air Force,Nevada,7.43,pbp,Mountain West,Mountain West,fbs,fbs
#3f647f,#6e6e6e,2020,12,,25,204,California,Oregon State,7.43,pbp,Pac-12,Pac-12,fbs,fbs
#b6999d,#47c27c,2019,9,,265,2483,Washington State,Oregon(11),7.43,pbp,Pac-12,Pac-12,fbs,fbs
#44699b,#adb8c1,2025,6,,213,26,Penn State(7),UCLA,7.42,pbp,Big Ten,Big Ten,fbs,fbs
#3aaf80,#e6c7b3,2024,14,,2390,183,Miami(8),Syracuse,7.42,pbp,ACC,ACC,fbs,fbs
#4b83c3,#d9c78e,2020,12,,290,349,Georgia Southern,Army,7.42,pbp,Sun Belt,FBS Independents,fbs,fbs
#9785a6,#cbbdb5,2020,5,,2628,251,TCU,Texas(9),7.42,pbp,Big 12,Big 12,fbs,fbs
#e0a3ae,#7f46c2,2017,12,,254,264,Utah,Washington(16),7.42,pbp,Pac-12,Pac-12,fbs,fbs
#57c78b,#e6ccb3,2020,15,,249,2638,North Texas,UTEP,7.42,pbp,Conference USA,Conference USA,fbs,fbs
#61a0ca,#d17b7b,2015,6,,23,2439,San José State,UNLV,7.42,pbp,Mountain West,Mountain West,fbs,fbs
#3c73b2,#885caf,2015,14,,277,2306,West Virginia,Kansas State,7.42,pbp,Big 12,Big 12,fbs,fbs
#48619a,#4fb885,2025,3,,2405,2429,Monmouth,Charlotte,7.42,pbp,CAA,American Athletic,fcs,fbs
#b9a0a5,#b6999d,2017,5,,30,265,USC(5),Washington State(16),7.42,pbp,Pac-12,Pac-12,fbs,fbs
#cc6666,#e6ccb3,2019,Bowls,taxslayer gator bowl,84,2633,Indiana,Tennessee,7.42,pbp,Big Ten,SEC,fbs,fbs
#e7c8b6,#7b7b7b,2019,11,,356,127,Illinois,Michigan State,7.42,pbp,Big Ten,Big Ten,fbs,fbs
#978da5,#bd9099,2019,11,,99,333,LSU(1),Alabama(2),7.42,pbp,SEC,SEC,fbs,fbs
#e6ccb3,#5090c5,2016,11,,2638,2226,UTEP,Florida Atlantic,7.42,pbp,Conference USA,Conference USA,fbs,fbs
#ddb4b6,#885caf,2020,2,,2032,2306,Arkansas State,Kansas State,7.42,pbp,Sun Belt,Big 12,fbs,fbs
#d98c8c,#f4f4f4,2018,13,,152,153,NC State,North Carolina,7.42,pbp,ACC,ACC,fbs,fbs
#c8c6c2,#6388cb,2019,11,,2116,202,UCF,Tulsa,7.42,pbp,American Athletic,American Athletic,fbs,fbs
#3aaf80,#5c81c6,2015,9,,2390,150,Miami,Duke(22),7.42,pbp,ACC,ACC,fbs,fbs
#bd9fa4,#978da5,2025,12,,8,99,Arkansas,LSU,7.41,pbp,SEC,SEC,fbs,fbs
#4b83c3,#ddb4b6,2016,6,,290,2032,Georgia Southern,Arkansas State,7.41,pbp,Sun Belt,Sun Belt,fbs,fbs
#838383,#339969,2016,4,,2751,2199,Wyoming,Eastern Michigan,7.41,pbp,Mountain West,Mid-American,fbs,fbs
#cbbdb5,#db93a2,2018,1,,251,120,Texas(23),Maryland,7.41,pbp,Big 12,Big Ten,fbs,fbs
#bd3f7d,#3aaf80,2024,5,,259,2390,Virginia Tech,Miami(7),7.41,pbp,ACC,ACC,fbs,fbs
#519bc5,#935531,2024,5,,295,189,Old Dominion,Bowling Green,7.41,pbp,Sun Belt,Mid-American,fbs,fbs
#db93a2,#cc6666,2016,9,,120,84,Maryland,Indiana,7.41,pbp,Big Ten,Big Ten,fbs,fbs
#d88a96,#937a7f,2017,Bowls,,97,344,Louisville,Mississippi State(19),7.41,pbp,ACC,SEC,fbs,fbs
#cfa0a8,#838383,2024,7,,21,2751,San Diego State,Wyoming,7.41,pbp,Mountain West,Mountain West,fbs,fbs
#4078be,#b57f81,2024,8,,2348,166,Louisiana Tech,New Mexico State,7.41,pbp,Conference USA,Conference USA,fbs,fbs
#3aaf80,#bd3f7d,2020,11,,2390,259,Miami(9),Virginia Tech,7.41,pbp,ACC,ACC,fbs,fbs
#a4a4a4,#da8f8f,2017,10,,77,158,Northwestern,Nebraska,7.41,pbp,Big Ten,Big Ten,fbs,fbs
#707987,#bd9fa4,2016,7,,145,8,Ole Miss(12),Arkansas(22),7.41,pbp,SEC,SEC,fbs,fbs
#828282,#dc97a7,2015,13,,36,278,Colorado State,Fresno State,7.41,pbp,Mountain West,Mountain West,fbs,fbs
#3d68b8,#ce919e,2024,1,,147,167,Montana State,New Mexico,7.41,pbp,Big Sky,Mountain West,fcs,fbs
#cbbdb5,#bc778f,2024,Bowls,college football playoff quarterfinal at the chick-fil-a peach bowl,251,9,Texas(4),Arizona State(7),7.41,pbp,SEC,Big 12,fbs,fbs
#9156c7,#519bc5,2024,12,,256,295,James Madison,Old Dominion,7.41,pbp,Sun Belt,Sun Belt,fbs,fbs
#3d6bb7,#40be99,2018,13,,2426,2655,Navy,Tulane,7.41,pbp,American Athletic,American Athletic,fbs,fbs
#3f647f,#339a72,2025,Bowls,sheraton hawaiʻi bowl,25,62,California,Hawai'i,7.41,pbp,ACC,Mountain West,fbs,fbs
#8e8e8e,#3e72b9,2017,12,,195,2006,Ohio,Akron,7.41,pbp,Mid-American,Mid-American,fbs,fbs
#9785a6,#bc778f,2025,5,,2628,9,TCU(24),Arizona State,7.41,pbp,Big 12,Big 12,fbs,fbs
#937a7f,#6095ca,2021,3,,344,235,Mississippi State,Memphis,7.41,pbp,SEC,American Athletic,fbs,fbs
#e0a3ae,#5d7193,2015,11,,254,12,Utah(10),Arizona,7.4,pbp,Pac-12,Pac-12,fbs,fbs
#dd9da6,#bd3f7d,2018,Bowls,,2132,259,Cincinnati(24),Virginia Tech,7.4,pbp,American Athletic,ACC,fbs,fbs
#d17b7b,#5096c4,2017,7,,2439,2005,UNLV,Air Force,7.4,pbp,Mountain West,Mountain West,fbs,fbs
#978da5,#cfbdbf,2025,Bowls,kinder's texas bowl,99,248,LSU,Houston(22),7.4,pbp,SEC,Big 12,fbs,fbs
#4e6192,#b57f81,2018,6,,2335,166,Liberty,New Mexico State,7.4,pbp,FBS Independents,FBS Independents,fbs,fbs
#519bc5,#3d75b8,2015,10,,295,2636,Old Dominion,UTSA,7.4,pbp,Conference USA,Conference USA,fbs,fbs
#4078be,#3d75b8,2020,8,,2348,2636,Louisiana Tech,UTSA,7.4,pbp,Conference USA,Conference USA,fbs,fbs
#3974ac,#da8f8f,2021,6,,130,158,Michigan(9),Nebraska,7.4,pbp,Big Ten,Big Ten,fbs,fbs
#c24a54,#6f82cf,2018,11,,2579,57,South Carolina,Florida(19),7.4,pbp,SEC,SEC,fbs,fbs
#d98c8c,#e6cab3,2016,11,,2641,197,Texas Tech,Oklahoma State(17),7.4,pbp,Big 12,Big 12,fbs,fbs
#357a9e,#4c85c3,2019,Bowls,tropical smoothie cafe frisco bowl,328,2309,Utah State,Kent State,7.4,pbp,Mountain West,Mid-American,fbs,fbs
#da8f8f,#4c4c4c,2017,9,,158,2509,Nebraska,Purdue,7.39,pbp,Big Ten,Big Ten,fbs,fbs
#cc7a91,#b7949a,2015,3,,218,113,Temple,Massachusetts,7.39,pbp,American Athletic,Mid-American,fbs,fbs
#d2adae,#b57f81,2016,5,,309,166,Louisiana,New Mexico State,7.39,legacy,Sun Belt,Sun Belt,fbs,fbs
#e7c8b6,#cc6666,2022,1,,356,84,Illinois,Indiana,7.39,pbp,Big Ten,Big Ten,fbs,fbs
#e0a3ae,#6f82cf,2022,1,,254,57,Utah(7),Florida,7.39,pbp,Pac-12,SEC,fbs,fbs
#85797a,#d2adae,2025,11,,326,309,Texas State,Louisiana,7.39,pbp,Sun Belt,Sun Belt,fbs,fbs
#848484,#d98c8c,2025,2,,258,152,Virginia,NC State,7.39,pbp,ACC,ACC,fbs,fbs
#9785a6,#75807c,2022,12,,2628,239,TCU(4),Baylor,7.39,pbp,Big 12,Big 12,fbs,fbs
#e7c8b6,#d5a6af,2024,13,,356,164,Illinois(24),Rutgers,7.39,pbp,Big Ten,Big Ten,fbs,fbs
#39aa8c,#6095ca,2016,11,,58,235,South Florida,Memphis,7.39,pbp,American Athletic,American Athletic,fbs,fbs
#3f647f,#bc778f,2016,4,,25,9,California,Arizona State,7.39,pbp,Pac-12,Pac-12,fbs,fbs
#FFFFFF,#b57f81,2015,9,,70,166,Idaho,New Mexico State,7.39,pbp,Sun Belt,Sun Belt,fbs,fbs
#d98c8c,#7fa4d4,2019,9,,2641,2305,Texas Tech,Kansas,7.39,pbp,Big 12,Big 12,fbs,fbs
#3d77b8,#3c7eb4,2019,3,,2643,59,The Citadel,Georgia Tech,7.39,pbp,Southern,ACC,fcs,fbs
#47c27c,#7f46c2,2023,14,pac-12 championship,2483,264,Oregon(5),Washington(3),7.39,pbp,Pac-12,Pac-12,fbs,fbs
#3c7eb4,#39aa8c,2018,2,,59,58,Georgia Tech,South Florida,7.39,pbp,ACC,American Athletic,fbs,fbs
#4c4c4c,#4c4c4c,2018,10,,2294,2509,Iowa(19),Purdue,7.38,pbp,Big Ten,Big Ten,fbs,fbs
#d17b7b,#5096c4,2023,12,,2439,2005,UNLV,Air Force,7.38,pbp,Mountain West,Mountain West,fbs,fbs
#b7b7b8,#cfbdbf,2021,9,,2567,248,SMU(19),Houston,7.38,pbp,American Athletic,American Athletic,fbs,fbs
#3c7eb4,#ce919e,2016,13,,59,61,Georgia Tech,Georgia,7.38,pbp,ACC,SEC,fbs,fbs
#d07980,#ddb4b6,2017,14,,2653,2032,Troy,Arkansas State,7.38,pbp,Sun Belt,Sun Belt,fbs,fbs
#917e9c,#3d6bb7,2021,12,,151,2426,East Carolina,Navy,7.38,pbp,American Athletic,American Athletic,fbs,fbs
#da8f8f,#db93a2,2025,7,,158,120,Nebraska,Maryland,7.38,pbp,Big Ten,Big Ten,fbs,fbs
#6388cb,#b7b7b8,2021,13,,202,2567,Tulsa,SMU,7.38,pbp,American Athletic,American Athletic,fbs,fbs
#bd9099,#b5b5b5,2024,6,,333,238,Alabama(1),Vanderbilt,7.38,pbp,SEC,SEC,fbs,fbs
#3c7eb4,#3aaf80,2017,7,,59,2390,Georgia Tech,Miami(11),7.38,pbp,ACC,ACC,fbs,fbs
#6b8bce,#c8c6c2,2021,1,,68,2116,Boise State,UCF,7.38,pbp,Mountain West,American Athletic,fbs,fbs
#3f647f,#9785a6,2021,2,,25,2628,California,TCU,7.38,pbp,Pac-12,Big 12,fbs,fbs
#ba3e3e,#f0e8d6,2025,13,,2623,338,Missouri State,Kennesaw State,7.37,pbp,Conference USA,Conference USA,fbs,fbs
#f4ebe0,#76d198,2017,13,,2572,276,Southern Miss,Marshall,7.37,pbp,Conference USA,Conference USA,fbs,fbs
#6f7cc9,#4c85c3,2015,10,,2084,2309,Buffalo,Kent State,7.37,legacy,Mid-American,Mid-American,fbs,fbs
#5d7088,#dd9da6,2017,13,,41,2132,UConn,Cincinnati,7.37,pbp,American Athletic,American Athletic,fbs,fbs
#5d7193,#f2f2f2,2019,6,,12,38,Arizona,Colorado,7.37,pbp,Pac-12,Pac-12,fbs,fbs
#e1bbbf,#dc9797,2024,9,,2459,2050,Northern Illinois,Ball State,7.37,pbp,Mid-American,Mid-American,fbs,fbs
#3d77b8,#937a7f,2022,10,,2,344,Auburn,Mississippi State,7.37,pbp,SEC,SEC,fbs,fbs
#ddb4b6,#3d68b7,2019,14,,2032,6,Arkansas State,South Alabama,7.37,pbp,Sun Belt,Sun Belt,fbs,fbs
#47c27c,#f4f4f4,2022,Bowls,san diego county credit union holiday bowl,2483,153,Oregon(15),North Carolina,7.37,pbp,Pac-12,ACC,fbs,fbs
#e6ccb3,#b57f81,2024,14,,2638,166,UTEP,New Mexico State,7.37,pbp,Conference USA,Conference USA,fbs,fbs
#b48686,#b6999d,2021,7,,24,265,Stanford,Washington State,7.37,pbp,Pac-12,Pac-12,fbs,fbs
#978da5,#e9e1ce,2023,6,,99,142,LSU(23),Missouri(21),7.37,pbp,SEC,SEC,fbs,fbs
#7b7b7b,#db93a2,2024,2,,127,120,Michigan State,Maryland,7.37,pbp,Big Ten,Big Ten,fbs,fbs
#40be99,#6388cb,2020,12,,2655,202,Tulane,Tulsa(25),7.37,pbp,American Athletic,American Athletic,fbs,fbs
#af3a3a,#707987,2023,10,,245,145,Texas A&M,Ole Miss(11),7.36,pbp,SEC,SEC,fbs,fbs
#e6dbb3,#f4f4f4,2023,2,,2026,153,App State,North Carolina(17),7.36,pbp,Sun Belt,ACC,fbs,fbs
#bd3f7d,#5d7088,2016,12,,259,87,Virginia Tech,Notre Dame,7.36,pbp,ACC,FBS Independents,fbs,fbs
#cbbdb5,#7fa4d4,2016,12,,251,2305,Texas,Kansas,7.36,pbp,Big 12,Big 12,fbs,fbs
#3d68b7,#cfa0a8,2015,3,,6,21,South Alabama,San Diego State,7.36,pbp,Sun Belt,Mountain West,fbs,fbs
#4b83c3,#76d198,2023,11,,290,276,Georgia Southern,Marshall,7.36,pbp,Sun Belt,Sun Belt,fbs,fbs
#f4f4f4,#bd3f7d,2015,12,,153,259,North Carolina(12),Virginia Tech,7.36,pbp,ACC,ACC,fbs,fbs
#6388cb,#3d6bb7,2016,11,,202,2426,Tulsa,Navy,7.36,pbp,American Athletic,American Athletic,fbs,fbs
#ce919e,#cbbdb5,2024,15,sec championship,61,251,Georgia(5),Texas(2),7.36,pbp,SEC,SEC,fbs,fbs
#61a0ca,#357a9e,2025,8,,23,328,San José State,Utah State,7.36,legacy,Mountain West,Mountain West,fbs,fbs
#da8f8f,#4c4c4c,2019,10,,158,2509,Nebraska,Purdue,7.36,pbp,Big Ten,Big Ten,fbs,fbs
#e1bbbf,#6f7cc9,2018,14,,2459,2084,Northern Illinois,Buffalo,7.35,pbp,Mid-American,Mid-American,fbs,fbs
#bd9099,#ce919e,2017,Bowls,cfp national championship presented by at&t,333,61,Alabama(1),Georgia(2),7.35,pbp,SEC,SEC,fbs,fbs
#7f46c2,#b9a0a5,2023,10,,264,30,Washington(5),USC(24),7.35,pbp,Pac-12,Pac-12,fbs,fbs
#6dcead,#885caf,2025,1,,155,2306,North Dakota,Kansas State(17),7.35,pbp,MVFC,Big 12,fcs,fbs
#cfbdbf,#40be99,2019,4,,248,2655,Houston,Tulane,7.35,pbp,American Athletic,American Athletic,fbs,fbs
#888888,#4078be,2021,2,,2545,2348,SE Louisiana,Louisiana Tech,7.35,pbp,Southland,Conference USA,fcs,fbs
#bca0a5,#75807c,2019,12,,201,239,Oklahoma(10),Baylor(12),7.35,pbp,Big 12,Big 12,fbs,fbs
#6f7cc9,#c0437e,2022,11,,2084,2117,Buffalo,Central Michigan,7.34,pbp,Mid-American,Mid-American,fbs,fbs
#5090c5,#519bc5,2015,13,,2226,295,Florida Atlantic,Old Dominion,7.34,pbp,Conference USA,Conference USA,fbs,fbs
#868686,#dc9797,2020,15,,2711,2050,Western Michigan,Ball State,7.34,pbp,Mid-American,Mid-American,fbs,fbs
#cc6666,#e0a3ae,2016,Bowls,foster farms bowl,84,254,Indiana,Utah(23),7.34,pbp,Big Ten,Pac-12,fbs,fbs
#565656,#6f7cc9,2022,2,,107,2084,Holy Cross,Buffalo,7.34,legacy,Patriot,Mid-American,fcs,fbs
#576f8c,#5d7088,2021,2,,2649,87,Toledo,Notre Dame(8),7.34,pbp,Mid-American,FBS Independents,fbs,fbs
#888888,#6e6e6e,2018,1,,2545,2433,SE Louisiana,UL Monroe,7.34,pbp,Southland,Sun Belt,fcs,fbs
#3c73b2,#61a0ca,2018,1,,302,23,UC Davis,San José State,7.34,pbp,Big Sky,Mountain West,fcs,fbs
#848484,#d88a96,2025,6,,258,97,Virginia(24),Louisville,7.34,pbp,ACC,ACC,fbs,fbs
#47c27c,#d98c8c,2023,2,,2483,2641,Oregon(13),Texas Tech,7.33,pbp,Pac-12,Big 12,fbs,fbs
#b8b8b8,#519bc5,2023,3,,154,295,Wake Forest,Old Dominion,7.33,pbp,ACC,Sun Belt,fbs,fbs
#3f647f,#d88a96,2025,11,,25,97,California,Louisville(14),7.33,pbp,ACC,ACC,fbs,fbs
#a6999b,#e6cab3,2016,6,,66,197,Iowa State,Oklahoma State,7.33,pbp,Big 12,Big 12,fbs,fbs
#b6999d,#3f647f,2023,11,,265,25,Washington State,California,7.33,pbp,Pac-12,Pac-12,fbs,fbs
#345b9d,#76d198,2019,14,,2229,276,Florida International,Marshall,7.33,pbp,Conference USA,Conference USA,fbs,fbs
#6f92cf,#5d7193,2025,7,,252,12,BYU(18),Arizona,7.33,pbp,Big 12,Big 12,fbs,fbs
#e0a3ae,#b6999d,2018,5,,254,265,Utah,Washington State,7.33,pbp,Pac-12,Pac-12,fbs,fbs
#6e6e6e,#d2adae,2019,14,,2433,309,UL Monroe,Louisiana,7.32,pbp,Sun Belt,Sun Belt,fbs,fbs
#47c27c,#d6889a,2019,Bowls,rose bowl game presented by northwestern mutual,2483,275,Oregon(5),Wisconsin(11),7.32,pbp,Pac-12,Big Ten,fbs,fbs
#3aa07c,#5d7193,2022,3,,2449,12,North Dakota State,Arizona,7.32,pbp,MVFC,Pac-12,fcs,fbs
#359f7d,#7cb0d3,2018,14,,5,2393,UAB,Middle Tennessee,7.32,pbp,Conference USA,Conference USA,fbs,fbs
#3c73b2,#3f7fbd,2022,1,,277,221,West Virginia,Pittsburgh(17),7.32,pbp,Big 12,ACC,fbs,fbs
#ffffff,#3d75b8,2019,8,,242,2636,Rice,UTSA,7.32,pbp,Conference USA,Conference USA,fbs,fbs
#3f78bc,#d07980,2024,1,,2440,2653,Nevada,Troy,7.32,pbp,Mountain West,Sun Belt,fbs,fbs
#f2f2f2,#6e6e6e,2017,7,,38,204,Colorado,Oregon State,7.32,pbp,Pac-12,Pac-12,fbs,fbs
#6b8bce,#838383,2016,9,,68,2751,Boise State(13),Wyoming,7.32,pbp,Mountain West,Mountain West,fbs,fbs
#e1bbbf,#4abfc2,2021,Bowls,tailgreeter cure bowl,2459,324,Northern Illinois,Coastal Carolina,7.32,pbp,Mid-American,Sun Belt,fbs,fbs
#da8f8f,#7b7b7b,2021,4,,158,127,Nebraska,Michigan State(20),7.32,pbp,Big Ten,Big Ten,fbs,fbs
#b5b5b5,#99a6b8,2024,3,,238,2247,Vanderbilt,Georgia State,7.32,pbp,SEC,Sun Belt,fbs,fbs
#39aa8c,#5d7088,2023,8,,58,41,South Florida,UConn,7.32,pbp,American Athletic,FBS Independents,fbs,fbs
#7f46c2,#47c27c,2018,7,,264,2483,Washington(7),Oregon(17),7.32,pbp,Pac-12,Pac-12,fbs,fbs
#c0437e,#576f8c,2020,15,,2117,2649,Central Michigan,Toledo,7.32,pbp,Mid-American,Mid-American,fbs,fbs
#b57f81,#357a9e,2017,Bowls,,166,328,New Mexico State,Utah State,7.32,pbp,Sun Belt,Mountain West,fbs,fbs
#345b9d,#4e6192,2020,4,,2229,2335,Florida International,Liberty,7.31,pbp,Conference USA,FBS Independents,fbs,fbs
#3f647f,#f4f4f4,2017,1,,25,153,California,North Carolina,7.31,pbp,Pac-12,ACC,fbs,fbs
#b9a0a5,#e7c8b6,2025,5,,30,356,USC(21),Illinois(23),7.31,pbp,Big Ten,Big Ten,fbs,fbs
#e6cab3,#bca0a5,2018,11,,197,201,Oklahoma State,Oklahoma(6),7.31,pbp,Big 12,Big 12,fbs,fbs
#6b8bce,#a0a0a0,2019,1,,68,52,Boise State,Florida State,7.31,pbp,Mountain West,ACC,fbs,fbs
#838383,#e1bbbf,2021,2,,2751,2459,Wyoming,Northern Illinois,7.31,legacy,Mountain West,Mid-American,fbs,fbs
#7b7b7b,#a75a7c,2025,10,,127,135,Michigan State,Minnesota,7.31,pbp,Big Ten,Big Ten,fbs,fbs
#7f46c2,#bc778f,2022,6,,264,9,Washington(21),Arizona State,7.31,pbp,Pac-12,Pac-12,fbs,fbs
#57c78b,#cfa0a8,2025,Bowls,isleta new mexico bowl,249,21,North Texas(24),San Diego State,7.31,pbp,American Athletic,Mountain West,fbs,fbs
#75807c,#6f92cf,2022,2,,239,252,Baylor(9),BYU(21),7.31,pbp,Big 12,FBS Independents,fbs,fbs
#6989c7,#e5c2b2,2025,12,,48,2534,Delaware,Sam Houston,7.3,pbp,Conference USA,Conference USA,fbs,fbs
#7b7b7b,#e7c8b6,2016,10,,127,356,Michigan State,Illinois,7.3,pbp,Big Ten,Big Ten,fbs,fbs
#3d68b7,#ddb4b6,2020,13,,6,2032,South Alabama,Arkansas State,7.3,pbp,Sun Belt,Sun Belt,fbs,fbs
#b9a0a5,#e0a3ae,2016,4,,30,254,USC,Utah(24),7.3,pbp,Pac-12,Pac-12,fbs,fbs
#44699b,#7b7b7b,2017,10,,213,127,Penn State(7),Michigan State(24),7.3,pbp,Big Ten,Big Ten,fbs,fbs
#d88a96,#3c7eb4,2023,1,aflac kickoff,97,59,Louisville,Georgia Tech,7.3,legacy,ACC,ACC,fbs,fbs
#cfbdbf,#6e6e6e,2025,5,,248,204,Houston,Oregon State,7.3,pbp,Big 12,Pac-12,fbs,fbs
#cfbdbf,#c8c6c2,2025,11,,248,2116,Houston,UCF,7.3,pbp,Big 12,Big 12,fbs,fbs
#40be99,#cfbdbf,2022,5,,2655,248,Tulane,Houston,7.3,pbp,American Athletic,American Athletic,fbs,fbs
#4abfc2,#d2adae,2018,4,,324,309,Coastal Carolina,Louisiana,7.3,pbp,Sun Belt,Sun Belt,fbs,fbs
#d07980,#ddb4b6,2024,9,,2653,2032,Troy,Arkansas State,7.3,pbp,Sun Belt,Sun Belt,fbs,fbs
#7cb0d3,#b57f81,2025,14,,2393,166,Middle Tennessee,New Mexico State,7.3,pbp,Conference USA,Conference USA,fbs,fbs
#e6cab3,#cbbdb5,2015,4,,197,251,Oklahoma State(24),Texas,7.3,pbp,Big 12,Big 12,fbs,fbs
#dc9797,#5090c5,2016,4,,2050,2226,Ball State,Florida Atlantic,7.29,pbp,Mid-American,Conference USA,fbs,fbs
#bd9099,#3d77b8,2023,13,,333,2,Alabama(8),Auburn,7.29,pbp,SEC,SEC,fbs,fbs
#848484,#f4f4f4,2023,8,,258,153,Virginia,North Carolina(10),7.29,pbp,ACC,ACC,fbs,fbs
#f4f4f4,#3f7fbd,2019,12,,153,221,North Carolina,Pittsburgh,7.29,pbp,ACC,ACC,fbs,fbs
#9785a6,#7fa4d4,2016,6,,2628,2305,TCU,Kansas,7.29,pbp,Big 12,Big 12,fbs,fbs
#bc778f,#6e6e6e,2019,12,,9,204,Arizona State,Oregon State,7.29,pbp,Pac-12,Pac-12,fbs,fbs
#d5a6af,#a75a7c,2025,5,,164,135,Rutgers,Minnesota,7.29,pbp,Big Ten,Big Ten,fbs,fbs
#47c27c,#7f46c2,2019,8,,2483,264,Oregon(12),Washington(25),7.29,pbp,Pac-12,Pac-12,fbs,fbs
#3d75b8,#85797a,2026,2,,2636,326,UTSA,Texas State,7.29,pbp,American Athletic,Pac-12,fbs,fbs
#d98c8c,#917e9c,2016,2,,152,151,NC State,East Carolina,7.29,pbp,ACC,American Athletic,fbs,fbs
#339a72,#5096c4,2016,8,,62,2005,Hawai'i,Air Force,7.29,pbp,Mountain West,Mountain West,fbs,fbs
#e6ccb3,#3f7fbd,2022,2,,2633,221,Tennessee(24),Pittsburgh(17),7.29,pbp,SEC,ACC,fbs,fbs
#f4ebe0,#e6dbb3,2023,9,,2572,2026,Southern Miss,App State,7.28,pbp,Sun Belt,Sun Belt,fbs,fbs
#7cb0d3,#cfa0a8,2022,Bowls,easypost hawai'i bowl,2393,21,Middle Tennessee,San Diego State,7.28,pbp,Conference USA,Mountain West,fbs,fbs
#c8c6c2,#d88a96,2021,3,,2116,97,UCF,Louisville,7.28,pbp,American Athletic,ACC,fbs,fbs
#b8b8b8,#e6dbb3,2017,4,,154,2026,Wake Forest,App State,7.28,pbp,ACC,Sun Belt,fbs,fbs
#e6cab3,#a6999b,2015,11,,197,66,Oklahoma State(5),Iowa State,7.28,pbp,Big 12,Big 12,fbs,fbs
#d98c8c,#3f647f,2024,8,,152,25,NC State,California,7.28,pbp,ACC,ACC,fbs,fbs
#76d198,#519bc5,2024,13,,276,295,Marshall,Old Dominion,7.28,pbp,Sun Belt,Sun Belt,fbs,fbs
#978da5,#bd9fa4,2020,12,,99,8,LSU,Arkansas,7.28,pbp,SEC,SEC,fbs,fbs
#ddb4b6,#3f78bc,2018,Bowls,,2032,2440,Arkansas State,Nevada,7.28,pbp,Sun Belt,Mountain West,fbs,fbs
#dc97a7,#339a72,2021,5,,278,62,Fresno State(18),Hawai'i,7.28,pbp,Mountain West,Mountain West,fbs,fbs
#cfbdbf,#3d6bb7,2016,6,,248,2426,Houston(6),Navy,7.28,pbp,American Athletic,American Athletic,fbs,fbs
#adb8c1,#f2f2f2,2020,10,,26,38,UCLA,Colorado,7.28,pbp,Pac-12,Pac-12,fbs,fbs
#868686,#339969,2021,12,,2711,2199,Western Michigan,Eastern Michigan,7.27,pbp,Mid-American,Mid-American,fbs,fbs
#dc97a7,#cfbdbf,2017,Bowls,hawai'i bowl,278,248,Fresno State,Houston,7.27,pbp,Mountain West,American Athletic,fbs,fbs
#57c78b,#4078be,2017,10,,249,2348,North Texas,Louisiana Tech,7.27,pbp,Conference USA,Conference USA,fbs,fbs
#cbbdb5,#d98c8c,2016,10,,251,2641,Texas,Texas Tech,7.27,pbp,Big 12,Big 12,fbs,fbs
#cf6e75,#8e8e8e,2021,10,,193,195,Miami (OH),Ohio,7.27,pbp,Mid-American,Mid-American,fbs,fbs
#848484,#3aaf80,2021,5,,258,2390,Virginia,Miami,7.27,pbp,ACC,ACC,fbs,fbs
#4abfc2,#e6dbb3,2021,8,,324,2026,Coastal Carolina(14),App State,7.27,pbp,Sun Belt,Sun Belt,fbs,fbs
#c8c6c2,#d98c8c,2023,12,,2116,2641,UCF,Texas Tech,7.27,pbp,Big 12,Big 12,fbs,fbs
#c8c6c2,#6b8bce,2023,2,,2116,68,UCF,Boise State,7.27,legacy,Big 12,Mountain West,fbs,fbs
#d07980,#85797a,2025,7,,2653,326,Troy,Texas State,7.27,pbp,Sun Belt,Sun Belt,fbs,fbs
#ce6c81,#dc97a7,2023,2,,331,278,Eastern Washington,Fresno State,7.27,pbp,Big Sky,Mountain West,fcs,fbs
#cfa0a8,#7fa4d4,2018,1,,2447,2305,Nicholls,Kansas,7.27,pbp,Southland,Big 12,fcs,fbs
#b48686,#b6999d,2015,9,,24,265,Stanford(8),Washington State,7.27,pbp,Pac-12,Pac-12,fbs,fbs
#3f7fbd,#339969,2019,Bowls,quick lane bowl,221,2199,Pittsburgh,Eastern Michigan,7.26,pbp,ACC,Mid-American,fbs,fbs
#6095ca,#b7b7b8,2020,5,,235,2567,Memphis(25),SMU,7.26,pbp,American Athletic,American Athletic,fbs,fbs
#5d7088,#44699b,2024,Bowls,college football playoff semifinal at the capital one orange bowl,87,213,Notre Dame(2),Penn State(5),7.26,pbp,FBS Independents,Big Ten,fbs,fbs
#937a7f,#707987,2022,13,,344,145,Mississippi State,Ole Miss(20),7.26,pbp,SEC,SEC,fbs,fbs
#bd3f7d,#b5b5b5,2024,1,,259,238,Virginia Tech,Vanderbilt,7.26,pbp,ACC,SEC,fbs,fbs
#4e6192,#b8b8b8,2022,3,,2335,154,Liberty,Wake Forest(19),7.26,pbp,FBS Independents,ACC,fbs,fbs
#888888,#FFFFFF,2015,3,,2747,70,Wofford,Idaho,7.26,pbp,Southern,Sun Belt,fcs,fbs
#4abfc2,#519bc5,2023,10,,324,295,Coastal Carolina,Old Dominion,7.26,pbp,Sun Belt,Sun Belt,fbs,fbs
#339969,#6f7cc9,2025,6,,2199,2084,Eastern Michigan,Buffalo,7.26,legacy,Mid-American,Mid-American,fbs,fbs
#47c27c,#bc778f,2019,13,,2483,9,Oregon(6),Arizona State,7.26,pbp,Pac-12,Pac-12,fbs,fbs
#bd3f7d,#3f7fbd,2016,9,,259,221,Virginia Tech(25),Pittsburgh,7.26,pbp,ACC,ACC,fbs,fbs
#FFFFFF,#85797a,2021,3,,2916,326,Incarnate Word,Texas State,7.25,pbp,Southland,Sun Belt,fcs,fbs
#d88a96,#b8b8b8,2021,5,,97,154,Louisville,Wake Forest(24),7.25,pbp,ACC,ACC,fbs,fbs
#4fb885,#6388cb,2023,10,,2429,202,Charlotte,Tulsa,7.25,pbp,American Athletic,American Athletic,fbs,fbs
#3aaf80,#a0a0a0,2021,11,,2390,52,Miami,Florida State,7.25,pbp,ACC,ACC,fbs,fbs
#bd3f7d,#e6c7b3,2024,10,,259,183,Virginia Tech,Syracuse,7.25,pbp,ACC,ACC,fbs,fbs
#6388cb,#4078be,2024,4,,202,2348,Tulsa,Louisiana Tech,7.25,pbp,American Athletic,Conference USA,fbs,fbs
#6e6e6e,#85797a,2023,7,,2433,326,UL Monroe,Texas State,7.25,pbp,Sun Belt,Sun Belt,fbs,fbs
#ddb4b6,#6e6e6e,2021,11,,2032,2433,Arkansas State,UL Monroe,7.25,pbp,Sun Belt,Sun Belt,fbs,fbs
#d2adae,#ddb4b6,2025,13,,309,2032,Louisiana,Arkansas State,7.24,pbp,Sun Belt,Sun Belt,fbs,fbs
#e1bbbf,#339969,2016,12,,2459,2199,Northern Illinois,Eastern Michigan,7.24,pbp,Mid-American,Mid-American,fbs,fbs
#76d198,#d98c8c,2023,6,,276,152,Marshall,NC State,7.24,pbp,Sun Belt,ACC,fbs,fbs
#57c78b,#d9c78e,2025,4,,249,349,North Texas,Army,7.24,pbp,American Athletic,American Athletic,fbs,fbs
#f4f4f4,#a0a0a0,2020,7,,153,52,North Carolina(5),Florida State,7.24,pbp,ACC,ACC,fbs,fbs
#9cbacd,#e6c6c7,2018,2,,311,98,Maine,Western Kentucky,7.24,pbp,CAA,Conference USA,fcs,fbs
#5c81c6,#3c7eb4,2016,9,,150,59,Duke,Georgia Tech,7.24,pbp,ACC,ACC,fbs,fbs
#cfa0a8,#d9c78e,2017,Bowls,lockheed martin armed forces bowl,21,349,San Diego State,Army,7.24,pbp,Mountain West,FBS Independents,fbs,fbs
#7cb0d3,#3d75b8,2020,4,,2393,2636,Middle Tennessee,UTSA,7.24,pbp,Conference USA,Conference USA,fbs,fbs
#5c81c6,#a4a4a4,2024,2,,150,77,Duke,Northwestern,7.24,pbp,ACC,Big Ten,fbs,fbs
#40be99,#3d68b7,2020,2,,2655,6,Tulane,South Alabama,7.24,pbp,American Athletic,Sun Belt,fbs,fbs
#d6889a,#da8f8f,2015,6,,275,158,Wisconsin,Nebraska,7.24,pbp,Big Ten,Big Ten,fbs,fbs
#d88a96,#a0a0a0,2017,8,,97,52,Louisville,Florida State,7.24,pbp,ACC,ACC,fbs,fbs
#5090c5,#6f7cc9,2017,4,,2226,2084,Florida Atlantic,Buffalo,7.24,pbp,Conference USA,Mid-American,fbs,fbs
#6e6e6e,#99a6b8,2022,11,,2433,2247,UL Monroe,Georgia State,7.23,pbp,Sun Belt,Sun Belt,fbs,fbs
#a75a7c,#a4a4a4,2023,4,,135,77,Minnesota,Northwestern,7.23,pbp,Big Ten,Big Ten,fbs,fbs
#868686,#6f7cc9,2024,8,,2711,2084,Western Michigan,Buffalo,7.23,pbp,Mid-American,Mid-American,fbs,fbs
#3e72b9,#4c85c3,2016,5,,2006,2309,Akron,Kent State,7.23,pbp,Mid-American,Mid-American,fbs,fbs
#b7b7b8,#40be99,2018,8,,2567,2655,SMU,Tulane,7.23,pbp,American Athletic,American Athletic,fbs,fbs
#5d7193,#adb8c1,2022,11,,12,26,Arizona,UCLA(9),7.23,pbp,Pac-12,Pac-12,fbs,fbs
#39aa8c,#d9c78e,2026,2,,58,349,South Florida,Army,7.23,pbp,American Athletic,American Athletic,fbs,fbs
#bd9fa4,#e9e1ce,2022,13,,8,142,Arkansas,Missouri,7.23,pbp,SEC,SEC,fbs,fbs
#5f95ca,#c0437e,2023,2,,160,2117,New Hampshire,Central Michigan,7.23,pbp,CAA,Mid-American,fcs,fbs
#4c4c4c,#a4a4a4,2019,11,,2509,77,Purdue,Northwestern,7.23,pbp,Big Ten,Big Ten,fbs,fbs
#b7b7b8,#6095ca,2021,10,,2567,235,SMU(23),Memphis,7.23,pbp,American Athletic,American Athletic,fbs,fbs
#8e8e8e,#6f7cc9,2021,7,,195,2084,Ohio,Buffalo,7.23,pbp,Mid-American,Mid-American,fbs,fbs
#76d198,#e6c6c7,2018,5,,276,98,Marshall,Western Kentucky,7.23,pbp,Conference USA,Conference USA,fbs,fbs
#ce919e,#d17b7b,2025,10,,167,2439,New Mexico,UNLV,7.23,pbp,Mountain West,Mountain West,fbs,fbs
#e9e1ce,#4c4c4c,2018,3,,142,2509,Missouri,Purdue,7.23,pbp,SEC,Big Ten,fbs,fbs
#937a7f,#bd9fa4,2021,10,,344,8,Mississippi State,Arkansas,7.22,pbp,SEC,SEC,fbs,fbs
#6f92cf,#5d7193,2016,1,,252,12,BYU,Arizona,7.22,legacy,FBS Independents,Pac-12,fbs,fbs
#e3c2ab,#d3a5b1,2019,Bowls,playstation fiesta bowl - cfp semifinal,228,194,Clemson(2),Ohio State(3),7.22,pbp,ACC,Big Ten,fbs,fbs
#6f92cf,#bd9fa4,2023,3,,252,8,BYU,Arkansas,7.22,pbp,Big 12,SEC,fbs,fbs
#3c7eb4,#5c81c6,2021,6,,59,150,Georgia Tech,Duke,7.22,pbp,ACC,ACC,fbs,fbs
#b7b7b8,#3d6bb7,2017,11,,2567,2426,SMU,Navy,7.22,pbp,American Athletic,American Athletic,fbs,fbs
#e6ccb3,#6f82cf,2015,4,,2633,57,Tennessee,Florida,7.22,pbp,SEC,SEC,fbs,fbs
#99a6b8,#85797a,2024,13,,2247,326,Georgia State,Texas State,7.21,pbp,Sun Belt,Sun Belt,fbs,fbs
#707987,#937a7f,2017,13,,145,344,Ole Miss,Mississippi State(16),7.21,pbp,SEC,SEC,fbs,fbs
#ce919e,#e6ccb3,2015,6,,61,2633,Georgia(19),Tennessee,7.21,pbp,SEC,SEC,fbs,fbs
#546b8d,#c0437e,2017,1,,227,2117,Rhode Island,Central Michigan,7.21,pbp,CAA,Mid-American,fcs,fbs
#6095ca,#b7b7b8,2022,13,,235,2567,Memphis,SMU,7.21,pbp,American Athletic,American Athletic,fbs,fbs
#9785a6,#d98c8c,2019,12,,2628,2641,TCU,Texas Tech,7.21,pbp,Big 12,Big 12,fbs,fbs
#5d7088,#b5b5b5,2021,5,,41,238,UConn,Vanderbilt,7.21,pbp,FBS Independents,SEC,fbs,fbs
#935531,#4c4c4c,2015,4,,189,2509,Bowling Green,Purdue,7.21,pbp,Mid-American,Big Ten,fbs,fbs
#359f7d,#4fb885,2017,8,,5,2429,UAB,Charlotte,7.21,pbp,Conference USA,Conference USA,fbs,fbs
#3aaf80,#f4f4f4,2021,7,,2390,153,Miami,North Carolina,7.21,pbp,ACC,ACC,fbs,fbs
#a6999b,#75807c,2021,4,,66,239,Iowa State(14),Baylor,7.2,pbp,Big 12,Big 12,fbs,fbs
#cc6666,#da8f8f,2019,9,,84,158,Indiana,Nebraska,7.2,pbp,Big Ten,Big Ten,fbs,fbs
#6095ca,#cc7a91,2019,7,,235,218,Memphis(23),Temple,7.2,pbp,American Athletic,American Athletic,fbs,fbs
#75807c,#3c73b2,2020,5,,239,277,Baylor,West Virginia,7.2,pbp,Big 12,Big 12,fbs,fbs
#3f647f,#cfa0a8,2016,2,,25,21,California,San Diego State,7.2,pbp,Pac-12,Mountain West,fbs,fbs
#6f92cf,#39aa8c,2019,7,,252,58,BYU,South Florida,7.2,pbp,FBS Independents,American Athletic,fbs,fbs
#a4a4a4,#4c4c4c,2020,9,,77,2294,Northwestern,Iowa,7.2,pbp,Big Ten,Big Ten,fbs,fbs
#6388cb,#40be99,2015,13,,202,2655,Tulsa,Tulane,7.2,pbp,American Athletic,American Athletic,fbs,fbs
#75807c,#9785a6,2015,13,,239,2628,Baylor(7),TCU(15),7.2,pbp,Big 12,Big 12,fbs,fbs
#c8c6c2,#3d77b8,2017,Bowls,chick-fil-a peach bowl,2116,2,UCF(6),Auburn(10),7.2,pbp,American Athletic,SEC,fbs,fbs
#bca0a5,#d98c8c,2018,10,,201,2641,Oklahoma(7),Texas Tech,7.2,pbp,Big 12,Big 12,fbs,fbs
#4abfc2,#4b83c3,2025,12,,324,290,Coastal Carolina,Georgia Southern,7.2,pbp,Sun Belt,Sun Belt,fbs,fbs
#4c85c3,#e1bbbf,2025,14,,2309,2459,Kent State,Northern Illinois,7.2,pbp,Mid-American,Mid-American,fbs,fbs
#4078be,#e6c6c7,2017,3,,2348,98,Louisiana Tech,Western Kentucky,7.2,pbp,Conference USA,Conference USA,fbs,fbs
#e6ccb3,#6b8bce,2017,9,,2633,96,Tennessee,Kentucky,7.2,pbp,SEC,SEC,fbs,fbs
#d88a96,#3aaf80,2023,12,,97,2390,Louisville(9),Miami,7.2,pbp,ACC,ACC,fbs,fbs
#6b8bce,#47c27c,2024,2,,68,2483,Boise State,Oregon(7),7.2,pbp,Mountain West,Big Ten,fbs,fbs
#c0437e,#3d68b7,2023,4,,2117,6,Central Michigan,South Alabama,7.2,pbp,Mid-American,Sun Belt,fbs,fbs
#af5868,#6b8bce,2015,5,,2198,96,Eastern Kentucky,Kentucky,7.2,pbp,OVC,SEC,fcs,fbs
#f4ebe0,#ddb4b6,2023,4,,2572,2032,Southern Miss,Arkansas State,7.2,pbp,Sun Belt,Sun Belt,fbs,fbs
#d37d7b,#7cb0d3,2025,10,,55,2393,Jacksonville State,Middle Tennessee,7.2,pbp,Conference USA,Conference USA,fbs,fbs
#e6dbb3,#838383,2023,4,,2026,2751,App State,Wyoming,7.19,legacy,Sun Belt,Mountain West,fbs,fbs
#6f92cf,#adb8c1,2015,3,,252,26,BYU(19),UCLA(10),7.19,pbp,FBS Independents,Pac-12,fbs,fbs
#3f7fbd,#b8b8b8,2023,8,,221,154,Pittsburgh,Wake Forest,7.19,pbp,ACC,ACC,fbs,fbs
#707987,#af3a3a,2022,9,,145,245,Ole Miss(15),Texas A&M,7.19,pbp,SEC,SEC,fbs,fbs
#c8c6c2,#dd9da6,2019,6,,2116,2132,UCF(18),Cincinnati,7.19,pbp,American Athletic,American Athletic,fbs,fbs
#ce919e,#b57f81,2016,2,,167,166,New Mexico,New Mexico State,7.19,pbp,Mountain West,Sun Belt,fbs,fbs
#ddb4b6,#519bc5,2022,4,,2032,295,Arkansas State,Old Dominion,7.19,pbp,Sun Belt,Sun Belt,fbs,fbs
#44699b,#d5a6af,2025,14,,213,164,Penn State,Rutgers,7.19,pbp,Big Ten,Big Ten,fbs,fbs
#c8c6c2,#bc778f,2024,11,,2116,9,UCF,Arizona State,7.19,pbp,Big 12,Big 12,fbs,fbs
#3aaf80,#b7b7b8,2025,10,,2390,2567,Miami(10),SMU,7.19,pbp,ACC,ACC,fbs,fbs
#bd3f7d,#f4f4f4,2018,7,,259,153,Virginia Tech,North Carolina,7.19,pbp,ACC,ACC,fbs,fbs
#f2f2f2,#bc778f,2019,4,,38,9,Colorado,Arizona State(24),7.19,pbp,Pac-12,Pac-12,fbs,fbs
#a0a0a0,#d88a96,2018,5,,52,97,Florida State,Louisville,7.19,pbp,ACC,ACC,fbs,fbs
#d07980,#f4ebe0,2016,3,,2653,2572,Troy,Southern Miss,7.18,pbp,Sun Belt,Conference USA,fbs,fbs
#FFFFFF,#b7949a,2025,2,,2803,113,Bryant,Massachusetts,7.18,pbp,CAA,Mid-American,fcs,fbs
#ba3e3e,#76d198,2025,2,,2623,276,Missouri State,Marshall,7.18,pbp,Conference USA,Sun Belt,fbs,fbs
#4078be,#e6c6c7,2015,2,,2348,98,Louisiana Tech,Western Kentucky,7.18,pbp,Conference USA,Conference USA,fbs,fbs
#6095ca,#3d75b8,2024,10,,235,2636,Memphis,UTSA,7.18,pbp,American Athletic,American Athletic,fbs,fbs
#cfbdbf,#39aa8c,2017,9,,248,58,Houston,South Florida(17),7.18,pbp,American Athletic,American Athletic,fbs,fbs
#6f92cf,#e0a3ae,2024,11,,252,254,BYU(9),Utah,7.18,pbp,Big 12,Big 12,fbs,fbs
#3e72b9,#a4a4a4,2018,3,,2006,77,Akron,Northwestern,7.18,pbp,Mid-American,Big Ten,fbs,fbs
#d17b7b,#dc97a7,2015,7,,2439,278,UNLV,Fresno State,7.18,pbp,Mountain West,Mountain West,fbs,fbs
#bd3f7d,#3c7eb4,2015,11,,259,59,Virginia Tech,Georgia Tech,7.18,pbp,ACC,ACC,fbs,fbs
#888888,#6e6e6e,2026,3,,2545,2433,SE Louisiana,UL Monroe,7.18,pbp,Southland,Sun Belt,fcs,fbs
#d37d7b,#e6ccb3,2025,11,,55,2638,Jacksonville State,UTEP,7.18,pbp,Conference USA,Conference USA,fbs,fbs
#f4f4f4,#3f7fbd,2017,11,,153,221,North Carolina,Pittsburgh,7.18,pbp,ACC,ACC,fbs,fbs
#e9e1ce,#c24a54,2024,12,,142,2579,Missouri(24),South Carolina(23),7.18,pbp,SEC,SEC,fbs,fbs
#af3a3a,#3d77b8,2018,10,,245,2,Texas A&M(25),Auburn,7.17,pbp,SEC,SEC,fbs,fbs
#40be99,#917e9c,2017,11,,2655,151,Tulane,East Carolina,7.17,legacy,American Athletic,American Athletic,fbs,fbs
#6388cb,#d9c78e,2025,13,,202,349,Tulsa,Army,7.17,pbp,American Athletic,American Athletic,fbs,fbs
#5d7088,#cc7a91,2017,7,,41,218,UConn,Temple,7.17,pbp,American Athletic,American Athletic,fbs,fbs
#af3a3a,#bd9fa4,2015,4,,245,8,Texas A&M(14),Arkansas,7.17,pbp,SEC,SEC,fbs,fbs
#d9c78e,#57c78b,2016,Bowls,zaxby's heart of dallas bowl,349,249,Army,North Texas,7.17,pbp,FBS Independents,Conference USA,fbs,fbs
#c65681,#6f7cc9,2023,2,,2230,2084,Fordham,Buffalo,7.17,legacy,Patriot,Mid-American,fcs,fbs
#3f7fbd,#3c73b2,2025,3,,221,277,Pittsburgh,West Virginia,7.17,pbp,ACC,Big 12,fbs,fbs
#b8b8b8,#40be99,2018,1,,154,2655,Wake Forest,Tulane,7.17,pbp,ACC,American Athletic,fbs,fbs
#ffffff,#4fb885,2021,10,,242,2429,Rice,Charlotte,7.17,pbp,Conference USA,Conference USA,fbs,fbs
#3aaf80,#f4f4f4,2019,2,,2390,153,Miami,North Carolina,7.17,pbp,ACC,ACC,fbs,fbs
#e6c6c7,#ad9a9d,2024,5,,98,103,Western Kentucky,Boston College,7.17,pbp,Conference USA,ACC,fbs,fbs
#bd3f7d,#3aaf80,2019,6,,259,2390,Virginia Tech,Miami,7.16,pbp,ACC,ACC,fbs,fbs
#57c78b,#6095ca,2024,8,,249,235,North Texas,Memphis,7.16,pbp,American Athletic,American Athletic,fbs,fbs
#d07980,#e6c6c7,2022,5,,2653,98,Troy,Western Kentucky,7.16,pbp,Sun Belt,Conference USA,fbs,fbs
#e9e1ce,#838383,2019,1,,142,2751,Missouri,Wyoming,7.16,pbp,SEC,Mountain West,fbs,fbs
#339969,#4c4c4c,2018,2,,2199,2509,Eastern Michigan,Purdue,7.16,pbp,Mid-American,Big Ten,fbs,fbs
#4b83c3,#3d68b7,2019,6,,290,6,Georgia Southern,South Alabama,7.16,pbp,Sun Belt,Sun Belt,fbs,fbs
#b48686,#e6c7b3,2024,4,,24,183,Stanford,Syracuse,7.16,pbp,ACC,ACC,fbs,fbs
#b7b7b8,#ddb4b6,2019,1,,2567,2032,SMU,Arkansas State,7.15,pbp,American Athletic,Sun Belt,fbs,fbs
#519bc5,#76d198,2023,5,,295,276,Old Dominion,Marshall,7.15,pbp,Sun Belt,Sun Belt,fbs,fbs
#dd9da6,#b7b7b8,2018,9,,2132,2567,Cincinnati,SMU,7.15,pbp,American Athletic,American Athletic,fbs,fbs
#c0437e,#e6c7b3,2015,3,,2117,183,Central Michigan,Syracuse,7.15,pbp,Mid-American,ACC,fbs,fbs
#f2f2f2,#5d7193,2018,10,,38,12,Colorado,Arizona,7.15,pbp,Pac-12,Pac-12,fbs,fbs
#707987,#bd9099,2015,3,,145,333,Ole Miss(15),Alabama(2),7.15,pbp,SEC,SEC,fbs,fbs
#4fb885,#6095ca,2024,9,,2429,235,Charlotte,Memphis,7.15,pbp,American Athletic,American Athletic,fbs,fbs
#e1bbbf,#576f8c,2015,10,,2459,2649,Northern Illinois,Toledo(20),7.15,pbp,Mid-American,Mid-American,fbs,fbs
#b9a0a5,#5d7193,2020,11,,30,12,USC(20),Arizona,7.15,pbp,Pac-12,Pac-12,fbs,fbs
#3f78bc,#dc97a7,2019,13,,2440,278,Nevada,Fresno State,7.15,pbp,Mountain West,Mountain West,fbs,fbs
#bd9fa4,#e9e1ce,2016,13,,8,142,Arkansas,Missouri,7.15,pbp,SEC,SEC,fbs,fbs
#bd3f7d,#d98c8c,2022,9,,259,152,Virginia Tech,NC State(24),7.15,pbp,ACC,ACC,fbs,fbs
#bd3f7d,#519bc5,2022,1,,259,295,Virginia Tech,Old Dominion,7.14,pbp,ACC,Sun Belt,fbs,fbs
#57c78b,#3d75b8,2022,8,,249,2636,North Texas,UTSA,7.14,pbp,Conference USA,Conference USA,fbs,fbs
#5d7088,#e6c7b3,2025,2,,41,183,UConn,Syracuse,7.14,pbp,FBS Independents,ACC,fbs,fbs
#3d75b8,#519bc5,2019,11,,2636,295,UTSA,Old Dominion,7.14,pbp,Conference USA,Conference USA,fbs,fbs
#bca0a5,#3d6bb7,2024,Bowls,lockheed martin armed forces bowl,201,2426,Oklahoma,Navy,7.14,pbp,SEC,American Athletic,fbs,fbs
#848484,#3aaf80,2023,9,,258,2390,Virginia,Miami,7.14,pbp,ACC,ACC,fbs,fbs
#4abfc2,#d07980,2020,15,,324,2653,Coastal Carolina(11),Troy,7.14,pbp,Sun Belt,Sun Belt,fbs,fbs
#dc97a7,#6e6e6e,2025,2,,278,204,Fresno State,Oregon State,7.14,pbp,Mountain West,Pac-12,fbs,fbs
#61a0ca,#357a9e,2022,12,,23,328,San José State,Utah State,7.14,pbp,Mountain West,Mountain West,fbs,fbs
#e6c6c7,#39aa8c,2015,Bowls,miami beach bowl,98,58,Western Kentucky(24),South Florida,7.14,pbp,Conference USA,American Athletic,fbs,fbs
#d07980,#85797a,2021,7,,2653,326,Troy,Texas State,7.14,pbp,Sun Belt,Sun Belt,fbs,fbs
#85797a,#3d75b8,2025,2,,326,2636,Texas State,UTSA,7.14,pbp,Sun Belt,American Athletic,fbs,fbs
#3f78bc,#61a0ca,2024,6,,2440,23,Nevada,San José State,7.14,pbp,Mountain West,Mountain West,fbs,fbs
#f4ebe0,#359f7d,2018,11,,2572,5,Southern Miss,UAB,7.14,pbp,Conference USA,Conference USA,fbs,fbs
#885caf,#f2f2f2,2024,7,,2306,38,Kansas State(18),Colorado,7.14,pbp,Big 12,Big 12,fbs,fbs
#47c27c,#b48686,2021,5,,2483,24,Oregon(3),Stanford,7.14,pbp,Pac-12,Pac-12,fbs,fbs
#dc9797,#e7c8b6,2017,1,,2050,356,Ball State,Illinois,7.14,pbp,Mid-American,Big Ten,fbs,fbs
#6f92cf,#3c73b2,2016,4,,252,277,BYU,West Virginia,7.14,pbp,FBS Independents,Big 12,fbs,fbs
#e6c6c7,#868686,2019,Bowls,servpro first responder bowl,98,2711,Western Kentucky,Western Michigan,7.14,pbp,Conference USA,Mid-American,fbs,fbs
#e1bbbf,#576f8c,2019,12,,2459,2649,Northern Illinois,Toledo,7.14,pbp,Mid-American,Mid-American,fbs,fbs
#b48686,#adb8c1,2018,13,,24,26,Stanford,UCLA,7.13,pbp,Pac-12,Pac-12,fbs,fbs
#a0a0a0,#ad9a9d,2019,11,,52,103,Florida State,Boston College,7.13,pbp,ACC,ACC,fbs,fbs
#4fb885,#ffffff,2024,5,,2429,242,Charlotte,Rice,7.13,pbp,American Athletic,American Athletic,fbs,fbs
#4c85c3,#cf6e75,2022,6,,2309,193,Kent State,Miami (OH),7.13,legacy,Mid-American,Mid-American,fbs,fbs
#6095ca,#3d6bb7,2018,2,,235,2426,Memphis,Navy,7.13,pbp,American Athletic,American Athletic,fbs,fbs
#a6999b,#6095ca,2017,Bowls,,66,235,Iowa State,Memphis(25),7.13,pbp,Big 12,American Athletic,fbs,fbs
#3f647f,#ad9a9d,2025,5,,25,103,California,Boston College,7.13,pbp,ACC,ACC,fbs,fbs
#b57f81,#4078be,2023,9,,166,2348,New Mexico State,Louisiana Tech,7.13,pbp,Conference USA,Conference USA,fbs,fbs
#75807c,#d98c8c,2020,11,,239,2641,Baylor,Texas Tech,7.13,pbp,Big 12,Big 12,fbs,fbs
#a4a4a4,#da8f8f,2015,8,,77,158,Northwestern,Nebraska,7.13,pbp,Big Ten,Big Ten,fbs,fbs
#c24a54,#e9e1ce,2021,11,,2579,142,South Carolina,Missouri,7.13,pbp,SEC,SEC,fbs,fbs
#9156c7,#e6dbb3,2022,4,,256,2026,James Madison,App State,7.13,pbp,Sun Belt,Sun Belt,fbs,fbs
#6b8bce,#7fa4d4,2015,1,,2571,2305,South Dakota State,Kansas,7.13,pbp,MVFC,Big 12,fcs,fbs
#dd9da6,#cf6e75,2015,3,,2132,193,Cincinnati,Miami (OH),7.13,pbp,American Athletic,Mid-American,fbs,fbs
#8e8e8e,#339969,2017,4,,195,2199,Ohio,Eastern Michigan,7.12,pbp,Mid-American,Mid-American,fbs,fbs
#828282,#3d75b8,2015,4,,36,2636,Colorado State,UTSA,7.12,pbp,Mountain West,Conference USA,fbs,fbs
#8e8e8e,#4c85c3,2018,6,,195,2309,Ohio,Kent State,7.12,pbp,Mid-American,Mid-American,fbs,fbs
#e6dbb3,#917e9c,2024,3,,2026,151,App State,East Carolina,7.12,pbp,Sun Belt,American Athletic,fbs,fbs
#3e72b9,#339969,2023,12,,2006,2199,Akron,Eastern Michigan,7.12,pbp,Mid-American,Mid-American,fbs,fbs
#d98c8c,#cbbdb5,2017,13,,2641,251,Texas Tech,Texas,7.12,pbp,Big 12,Big 12,fbs,fbs
#ffffff,#7cb0d3,2019,12,,242,2393,Rice,Middle Tennessee,7.12,pbp,Conference USA,Conference USA,fbs,fbs
#cfa0a8,#ce919e,2025,14,,21,167,San Diego State,New Mexico,7.12,pbp,Mountain West,Mountain West,fbs,fbs
#bd3f7d,#5c81c6,2024,13,,259,150,Virginia Tech,Duke,7.12,pbp,ACC,ACC,fbs,fbs
#bd3f7d,#848484,2021,13,,259,258,Virginia Tech,Virginia,7.12,pbp,ACC,ACC,fbs,fbs
#e6dbb3,#f4f4f4,2019,4,,2026,153,App State,North Carolina,7.12,pbp,Sun Belt,ACC,fbs,fbs
#d88a96,#ad9a9d,2024,9,,97,103,Louisville,Boston College,7.11,pbp,ACC,ACC,fbs,fbs
#7b7b7b,#cc6666,2023,12,,127,84,Michigan State,Indiana,7.11,pbp,Big Ten,Big Ten,fbs,fbs
#dc9797,#868686,2019,11,,2050,2711,Ball State,Western Michigan,7.11,pbp,Mid-American,Mid-American,fbs,fbs
#4c85c3,#c0437e,2016,9,,2309,2117,Kent State,Central Michigan,7.11,pbp,Mid-American,Mid-American,fbs,fbs
#d9c78e,#5096c4,2021,10,,349,2005,Army,Air Force,7.11,legacy,FBS Independents,Mountain West,fbs,fbs
#c8c6c2,#bca0a5,2023,8,,2116,201,UCF,Oklahoma(6),7.11,pbp,Big 12,Big 12,fbs,fbs
#76d198,#4b83c3,2024,7,,276,290,Marshall,Georgia Southern,7.11,pbp,Sun Belt,Sun Belt,fbs,fbs
#3d68b7,#4b83c3,2022,10,,6,290,South Alabama,Georgia Southern,7.11,pbp,Sun Belt,Sun Belt,fbs,fbs
#5c81c6,#f4f4f4,2019,9,,150,153,Duke,North Carolina,7.11,pbp,ACC,ACC,fbs,fbs
#848484,#f4f4f4,2019,10,,258,153,Virginia,North Carolina,7.11,pbp,ACC,ACC,fbs,fbs
#4b83c3,#a75a7c,2019,3,,290,135,Georgia Southern,Minnesota,7.11,pbp,Sun Belt,Big Ten,fbs,fbs
#3f7fbd,#3c7eb4,2015,7,,221,59,Pittsburgh,Georgia Tech,7.11,pbp,ACC,ACC,fbs,fbs
#cbbdb5,#bca0a5,2016,6,,251,201,Texas,Oklahoma(20),7.11,pbp,Big 12,Big 12,fbs,fbs
#4c85c3,#3e72b9,2023,10,,2309,2006,Kent State,Akron,7.11,pbp,Mid-American,Mid-American,fbs,fbs
#345b9d,#d37d7b,2024,12,,2229,55,Florida International,Jacksonville State,7.11,pbp,Conference USA,Conference USA,fbs,fbs
#3aaf80,#707987,2025,Bowls,college football playoff semifinal at the vrbo fiesta bowl,2390,145,Miami(2),Ole Miss(3),7.11,pbp,ACC,SEC,fbs,fbs
#76d198,#828282,2017,Bowls,gildan new mexico bowl,276,36,Marshall,Colorado State,7.1,pbp,Conference USA,Mountain West,fbs,fbs
#b9a0a5,#3974ac,2024,4,,30,130,USC(11),Michigan(18),7.1,pbp,Big Ten,Big Ten,fbs,fbs
#e3c2ab,#3aaf80,2023,8,,228,2390,Clemson,Miami,7.1,pbp,ACC,ACC,fbs,fbs
#44699b,#4c4c4c,2025,8,,213,2294,Penn State,Iowa,7.1,pbp,Big Ten,Big Ten,fbs,fbs
#af3a3a,#978da5,2021,13,,245,99,Texas A&M(14),LSU,7.1,pbp,SEC,SEC,fbs,fbs
#885caf,#bca0a5,2020,4,,2306,201,Kansas State,Oklahoma(3),7.1,pbp,Big 12,Big 12,fbs,fbs
#bc778f,#3d75b8,2016,3,,9,2636,Arizona State,UTSA,7.1,pbp,Pac-12,Conference USA,fbs,fbs
#e6c7b3,#ad9a9d,2024,11,,183,103,Syracuse,Boston College,7.1,pbp,ACC,ACC,fbs,fbs
#a0a0a0,#e3c2ab,2023,4,,52,228,Florida State(4),Clemson,7.1,pbp,ACC,ACC,fbs,fbs
#c0437e,#8e8e8e,2021,6,,2117,195,Central Michigan,Ohio,7.1,pbp,Mid-American,Mid-American,fbs,fbs
#61a0ca,#3f78bc,2019,7,,23,2440,San José State,Nevada,7.1,pbp,Mountain West,Mountain West,fbs,fbs
#848484,#ad9a9d,2023,5,,258,103,Virginia,Boston College,7.1,pbp,ACC,ACC,fbs,fbs
#76d198,#e6dbb3,2025,13,,276,2026,Marshall,App State,7.1,pbp,Sun Belt,Sun Belt,fbs,fbs
#937a7f,#6f92cf,2016,7,,344,252,Mississippi State,BYU,7.1,pbp,SEC,FBS Independents,fbs,fbs
#cbbdb5,#d98c8c,2018,11,,251,2641,Texas(15),Texas Tech,7.1,pbp,Big 12,Big 12,fbs,fbs
#4abfc2,#d2adae,2020,7,,324,309,Coastal Carolina,Louisiana(21),7.1,pbp,Sun Belt,Sun Belt,fbs,fbs
#adb8c1,#af3a3a,2016,1,,26,245,UCLA(16),Texas A&M,7.1,pbp,Pac-12,SEC,fbs,fbs
#937a7f,#978da5,2020,4,,344,99,Mississippi State,LSU(6),7.1,pbp,SEC,SEC,fbs,fbs
#db93a2,#cc7a91,2019,3,,120,218,Maryland(21),Temple,7.09,pbp,Big Ten,American Athletic,fbs,fbs
#FFFFFF,#d9c78e,2025,1,,2627,349,Tarleton State,Army,7.09,pbp,UAC,American Athletic,fcs,fbs
#61a0ca,#bd9fa4,2019,4,,23,8,San José State,Arkansas,7.09,pbp,Mountain West,SEC,fbs,fbs
#339969,#935531,2016,5,,2199,189,Eastern Michigan,Bowling Green,7.09,pbp,Mid-American,Mid-American,fbs,fbs
#d9c78e,#3974ac,2019,2,,349,130,Army,Michigan(7),7.09,pbp,FBS Independents,Big Ten,fbs,fbs
#4abfc2,#3d68b7,2021,13,,324,6,Coastal Carolina,South Alabama,7.09,pbp,Sun Belt,Sun Belt,fbs,fbs
#cf6e75,#6f7cc9,2018,10,,193,2084,Miami (OH),Buffalo,7.09,pbp,Mid-American,Mid-American,fbs,fbs
#a6a6a6,#a6999b,2019,1,,2460,66,Northern Iowa,Iowa State(21),7.09,pbp,MVFC,Big 12,fcs,fbs
#bc778f,#7f46c2,2021,11,,9,264,Arizona State,Washington,7.09,pbp,Pac-12,Pac-12,fbs,fbs
#3d6bb7,#6095ca,2017,7,,2426,235,Navy(25),Memphis,7.09,pbp,American Athletic,American Athletic,fbs,fbs
#bd3f7d,#848484,2019,14,,259,258,Virginia Tech(23),Virginia,7.09,pbp,ACC,ACC,fbs,fbs
#5d7193,#adb8c1,2018,8,,12,26,Arizona,UCLA,7.09,pbp,Pac-12,Pac-12,fbs,fbs
#b7b7b8,#6095ca,2019,10,,2567,235,SMU(15),Memphis(24),7.09,pbp,American Athletic,American Athletic,fbs,fbs
#5d7193,#f2f2f2,2015,7,,12,38,Arizona,Colorado,7.09,pbp,Pac-12,Pac-12,fbs,fbs
#d98c8c,#e6cab3,2024,13,,2641,197,Texas Tech,Oklahoma State,7.09,pbp,Big 12,Big 12,fbs,fbs
#e6dbb3,#576f8c,2016,Bowls,raycom media camellia bowl,2026,2649,App State,Toledo,7.09,pbp,Sun Belt,Mid-American,fbs,fbs
#3d77b8,#c24a54,2015,12,,2643,2579,The Citadel,South Carolina,7.08,pbp,Southern,SEC,fcs,fbs
#3aaf80,#d88a96,2024,8,,2390,97,Miami(6),Louisville,7.08,pbp,ACC,ACC,fbs,fbs
#e1bbbf,#868686,2022,11,,2459,2711,Northern Illinois,Western Michigan,7.08,pbp,Mid-American,Mid-American,fbs,fbs
#57c78b,#519bc5,2018,11,,249,295,North Texas,Old Dominion,7.08,pbp,Conference USA,Conference USA,fbs,fbs
#3d77b8,#707987,2020,8,,2,145,Auburn,Ole Miss,7.08,pbp,SEC,SEC,fbs,fbs
#e0a3ae,#6e6e6e,2021,8,,254,204,Utah,Oregon State,7.08,pbp,Pac-12,Pac-12,fbs,fbs
#ce919e,#5d7088,2017,2,,61,87,Georgia(15),Notre Dame(24),7.08,pbp,SEC,FBS Independents,fbs,fbs
#339969,#cf6e75,2017,12,,2199,193,Eastern Michigan,Miami (OH),7.08,pbp,Mid-American,Mid-American,fbs,fbs
#8e8e8e,#76d198,2019,3,,195,276,Ohio,Marshall,7.08,pbp,Mid-American,Conference USA,fbs,fbs
#a0a0a0,#b8b8b8,2019,8,,52,154,Florida State,Wake Forest,7.08,pbp,ACC,ACC,fbs,fbs
#e6cab3,#3c73b2,2015,6,,197,277,Oklahoma State(21),West Virginia,7.07,pbp,Big 12,Big 12,fbs,fbs
#47c27c,#d3a5b1,2021,2,,2483,194,Oregon(12),Ohio State(3),7.07,pbp,Pac-12,Big Ten,fbs,fbs
#3c7eb4,#3f7fbd,2016,6,,59,221,Georgia Tech,Pittsburgh,7.07,pbp,ACC,ACC,fbs,fbs
#FFFFFF,#6e6e6e,2016,6,,70,2433,Idaho,UL Monroe,7.07,pbp,Sun Belt,Sun Belt,fbs,fbs
#838383,#357a9e,2017,7,,2751,328,Wyoming,Utah State,7.07,pbp,Mountain West,Mountain West,fbs,fbs
#5d7088,#3d6bb7,2016,10,,87,2426,Notre Dame,Navy,7.07,pbp,FBS Independents,American Athletic,fbs,fbs
#b8b8b8,#cc6666,2016,4,,154,84,Wake Forest,Indiana,7.07,pbp,ACC,Big Ten,fbs,fbs
#85797a,#345b9d,2021,2,,326,2229,Texas State,Florida International,7.07,pbp,Sun Belt,Conference USA,fbs,fbs
#339969,#dc9797,2020,11,,2199,2050,Eastern Michigan,Ball State,7.07,pbp,Mid-American,Mid-American,fbs,fbs
#8e8e8e,#b7949a,2017,5,,195,113,Ohio,Massachusetts,7.07,pbp,Mid-American,FBS Independents,fbs,fbs
#bca0a5,#885caf,2019,9,,201,2306,Oklahoma(5),Kansas State,7.07,pbp,Big 12,Big 12,fbs,fbs
#dc97a7,#357a9e,2023,7,,278,328,Fresno State,Utah State,7.07,pbp,Mountain West,Mountain West,fbs,fbs
#44699b,#a4a4a4,2015,10,,213,77,Penn State,Northwestern,7.06,pbp,Big Ten,Big Ten,fbs,fbs
#4c4c4c,#e9e1ce,2024,Bowls,transperfect music city bowl,2294,142,Iowa,Missouri(22),7.06,pbp,Big Ten,SEC,fbs,fbs
#7cb0d3,#ddb4b6,2017,Bowls,raycom media camellia bowl,2393,2032,Middle Tennessee,Arkansas State,7.06,pbp,Conference USA,Sun Belt,fbs,fbs
#885caf,#e9e1ce,2023,3,,2306,142,Kansas State(15),Missouri,7.06,pbp,Big 12,SEC,fbs,fbs
#FFFFFF,#61a0ca,2025,4,,70,23,Idaho,San José State,7.06,pbp,Big Sky,Mountain West,fcs,fbs
#40be99,#3d6bb7,2019,9,,2655,2426,Tulane,Navy,7.06,pbp,American Athletic,American Athletic,fbs,fbs
#a6999b,#9785a6,2020,4,,66,2628,Iowa State,TCU,7.06,pbp,Big 12,Big 12,fbs,fbs
#357a9e,#838383,2024,9,,328,2751,Utah State,Wyoming,7.06,pbp,Mountain West,Mountain West,fbs,fbs
#7c7ccc,#4c85c3,2016,2,,2448,2309,North Carolina A&T,Kent State,7.06,legacy,MEAC,Mid-American,fcs,fbs
#3e72b9,#dc9797,2025,8,,2006,2050,Akron,Ball State,7.06,legacy,Mid-American,Mid-American,fbs,fbs
#885caf,#d98c8c,2021,8,,2306,2641,Kansas State,Texas Tech,7.06,pbp,Big 12,Big 12,fbs,fbs
#b7b7b8,#db93a2,2022,3,,2567,120,SMU,Maryland,7.06,pbp,American Athletic,Big Ten,fbs,fbs
#7f46c2,#5d7193,2016,4,,264,12,Washington(9),Arizona,7.06,pbp,Pac-12,Pac-12,fbs,fbs
#d88a96,#d98c8c,2026,5,,97,152,Louisville,NC State,7.06,pbp,ACC,ACC,fbs,fbs
#44699b,#3f7fbd,2016,2,,213,221,Penn State,Pittsburgh,7.06,pbp,Big Ten,ACC,fbs,fbs
#d37d7b,#e6c6c7,2024,14,,55,98,Jacksonville State,Western Kentucky,7.06,pbp,Conference USA,Conference USA,fbs,fbs
#4c4c4c,#a75a7c,2020,12,,2509,135,Purdue,Minnesota,7.06,pbp,Big Ten,Big Ten,fbs,fbs
#40be99,#d9c78e,2015,11,,2655,349,Tulane,Army,7.06,pbp,American Athletic,FBS Independents,fbs,fbs
#e6cab3,#3aaf80,2020,Bowls,cheez-it bowl,197,2390,Oklahoma State(20),Miami(22),7.05,pbp,Big 12,ACC,fbs,fbs
#cbbdb5,#e6cab3,2018,9,,251,197,Texas(6),Oklahoma State,7.05,pbp,Big 12,Big 12,fbs,fbs
#917e9c,#dd9da6,2022,11,,151,2132,East Carolina,Cincinnati,7.05,pbp,American Athletic,American Athletic,fbs,fbs
#b7b7b8,#6f92cf,2022,Bowls,new mexico bowl,2567,252,SMU,BYU,7.05,pbp,American Athletic,FBS Independents,fbs,fbs
#6095ca,#3d6bb7,2024,4,,235,2426,Memphis,Navy,7.05,pbp,American Athletic,American Athletic,fbs,fbs
#4fb885,#76d198,2016,8,,2429,276,Charlotte,Marshall,7.05,pbp,Conference USA,Conference USA,fbs,fbs
#6e6e6e,#5d7193,2023,9,,204,12,Oregon State(11),Arizona,7.05,pbp,Pac-12,Pac-12,fbs,fbs
#357a9e,#b6999d,2021,1,,328,265,Utah State,Washington State,7.05,pbp,Mountain West,Pac-12,fbs,fbs
#d3a5b1,#cbbdb5,2026,2,,194,251,Ohio State(1),Texas(4),7.05,pbp,Big Ten,SEC,fbs,fbs
#47c27c,#e6cab3,2026,2,,2483,197,Oregon(6),Oklahoma State,7.05,pbp,Big Ten,Big 12,fbs,fbs
#4abfc2,#e6dbb3,2025,8,,324,2026,Coastal Carolina,App State,7.04,pbp,Sun Belt,Sun Belt,fbs,fbs
#b57f81,#ce919e,2017,2,,166,167,New Mexico State,New Mexico,7.04,pbp,Sun Belt,Mountain West,fbs,fbs
#4c85c3,#8e8e8e,2019,8,,2309,195,Kent State,Ohio,7.04,pbp,Mid-American,Mid-American,fbs,fbs
#6388cb,#cfbdbf,2022,13,,202,248,Tulsa,Houston,7.04,pbp,American Athletic,American Athletic,fbs,fbs
#b7b7b8,#6388cb,2020,11,,2567,202,SMU(19),Tulsa,7.04,pbp,American Athletic,American Athletic,fbs,fbs
#ddb4b6,#f4ebe0,2022,7,,2032,2572,Arkansas State,Southern Miss,7.04,pbp,Sun Belt,Sun Belt,fbs,fbs
#44699b,#7b7b7b,2021,13,,213,127,Penn State,Michigan State(12),7.04,pbp,Big Ten,Big Ten,fbs,fbs
#359f7d,#6f92cf,2021,Bowls,radiance technologies independence bowl,5,252,UAB,BYU(19),7.04,pbp,Conference USA,FBS Independents,fbs,fbs
#d17b7b,#838383,2015,13,,2439,2751,UNLV,Wyoming,7.04,pbp,Mountain West,Mountain West,fbs,fbs
#dd9da6,#cc7a91,2018,8,,2132,218,Cincinnati(20),Temple,7.04,pbp,American Athletic,American Athletic,fbs,fbs
#44699b,#4c4c4c,2017,4,,213,2294,Penn State(4),Iowa,7.04,pbp,Big Ten,Big Ten,fbs,fbs
#3c7eb4,#3aaf80,2021,10,,59,2390,Georgia Tech,Miami,7.04,pbp,ACC,ACC,fbs,fbs
#868686,#e1bbbf,2017,12,,2711,2459,Western Michigan,Northern Illinois,7.04,pbp,Mid-American,Mid-American,fbs,fbs
#5d7193,#f2f2f2,2023,11,,12,38,Arizona(23),Colorado,7.04,pbp,Pac-12,Pac-12,fbs,fbs
#885caf,#d98c8c,2019,13,,2306,2641,Kansas State,Texas Tech,7.03,pbp,Big 12,Big 12,fbs,fbs
#f0e8d6,#99a6b8,2018,1,,338,2247,Kennesaw State,Georgia State,7.03,pbp,Big South,Sun Belt,fcs,fbs
#f4ebe0,#40be99,2026,4,,2572,2655,Southern Miss,Tulane,7.03,pbp,Sun Belt,American Athletic,fbs,fbs
#bca0a5,#885caf,2017,8,,201,2306,Oklahoma(9),Kansas State,7.03,pbp,Big 12,Big 12,fbs,fbs
#f2f2f2,#b48686,2020,11,,38,24,Colorado,Stanford,7.03,pbp,Pac-12,Pac-12,fbs,fbs
#e2c9a6,#4e6192,2018,8,,304,2335,Idaho State,Liberty,7.03,pbp,Big Sky,FBS Independents,fcs,fbs
#FFFFFF,#3d68b7,2017,4,,70,6,Idaho,South Alabama,7.03,pbp,Sun Belt,Sun Belt,fbs,fbs
#5096c4,#f2f2f2,2019,3,,2005,38,Air Force,Colorado,7.03,pbp,Mountain West,Pac-12,fbs,fbs
#6b8bce,#d88a96,2023,13,,96,97,Kentucky,Louisville(9),7.03,pbp,SEC,ACC,fbs,fbs
#b57f81,#4e6192,2025,8,,166,2335,New Mexico State,Liberty,7.02,pbp,Conference USA,Conference USA,fbs,fbs
#3f7fbd,#a4a4a4,2016,Bowls,new era pinstripe bowl,221,77,Pittsburgh,Northwestern,7.02,pbp,ACC,Big Ten,fbs,fbs
#3f647f,#e6c7b3,2026,2,,25,183,California,Syracuse,7.02,pbp,ACC,ACC,fbs,fbs
#f4ebe0,#6b8bce,2016,1,,2572,96,Southern Miss,Kentucky,7.02,pbp,Conference USA,SEC,fbs,fbs
#dc9797,#c0437e,2018,7,,2050,2117,Ball State,Central Michigan,7.02,pbp,Mid-American,Mid-American,fbs,fbs
#e3c2ab,#e6c7b3,2017,7,,228,183,Clemson(2),Syracuse,7.02,pbp,ACC,ACC,fbs,fbs
#e1bbbf,#cf6e75,2019,8,,2459,193,Northern Illinois,Miami (OH),7.02,pbp,Mid-American,Mid-American,fbs,fbs
#d9c78e,#3d75b8,2025,14,,349,2636,Army,UTSA,7.02,pbp,American Athletic,American Athletic,fbs,fbs
#3aaf80,#a0a0a0,2017,6,,2390,52,Miami(13),Florida State,7.02,pbp,ACC,ACC,fbs,fbs
#b5b5b5,#c24a54,2021,7,,238,2579,Vanderbilt,South Carolina,7.02,pbp,SEC,SEC,fbs,fbs
#3d68b7,#85797a,2019,11,,6,326,South Alabama,Texas State,7.02,pbp,Sun Belt,Sun Belt,fbs,fbs
#828282,#357a9e,2021,8,,36,328,Colorado State,Utah State,7.02,pbp,Mountain West,Mountain West,fbs,fbs
#6388cb,#40be99,2021,11,,202,2655,Tulsa,Tulane,7.02,legacy,American Athletic,American Athletic,fbs,fbs
#357a9e,#cfa0a8,2023,10,,328,21,Utah State,San Diego State,7.02,pbp,Mountain West,Mountain West,fbs,fbs
#bca0a5,#a6999b,2020,5,,201,66,Oklahoma(18),Iowa State,7.02,pbp,Big 12,Big 12,fbs,fbs
#828282,#339a72,2023,13,,36,62,Colorado State,Hawai'i,7.02,pbp,Mountain West,Mountain West,fbs,fbs
#e6c7b3,#339a72,2016,2,,2630,62,UT Martin,Hawai'i,7.02,legacy,OVC,Mountain West,fcs,fbs
#da8f8f,#3aaf80,2015,3,,158,2390,Nebraska,Miami,7.02,pbp,Big Ten,ACC,fbs,fbs
#4e6192,#d98c8c,2020,12,,2335,152,Liberty(21),NC State,7.02,pbp,FBS Independents,ACC,fbs,fbs
#57c78b,#6b8bce,2022,Bowls,frisco bowl presented by servpro,249,68,North Texas,Boise State,7.02,pbp,Conference USA,Mountain West,fbs,fbs
#adb8c1,#d5a6af,2024,8,,26,164,UCLA,Rutgers,7.02,pbp,Big Ten,Big Ten,fbs,fbs
#8e8e8e,#576f8c,2016,9,,195,2649,Ohio,Toledo,7.01,pbp,Mid-American,Mid-American,fbs,fbs
#b48686,#3f647f,2020,13,,24,25,Stanford,California,7.01,pbp,Pac-12,Pac-12,fbs,fbs
#e6dbb3,#519bc5,2023,8,,2026,295,App State,Old Dominion,7.01,pbp,Sun Belt,Sun Belt,fbs,fbs
#db93a2,#adb8c1,2025,8,,120,26,Maryland,UCLA,7.01,pbp,Big Ten,Big Ten,fbs,fbs
#a4a4a4,#4c4c4c,2016,5,,77,2294,Northwestern,Iowa,7.01,pbp,Big Ten,Big Ten,fbs,fbs
#af3a3a,#885caf,2016,Bowls,advocare v100 texas bowl,245,2306,Texas A&M,Kansas State,7.01,pbp,SEC,Big 12,fbs,fbs
#7cb0d3,#345b9d,2018,7,,2393,2229,Middle Tennessee,Florida International,7.01,pbp,Conference USA,Conference USA,fbs,fbs
#99a6b8,#76d198,2022,13,,2247,276,Georgia State,Marshall,7.01,pbp,Sun Belt,Sun Belt,fbs,fbs
#ba3e3e,#dc9797,2024,2,,2623,2050,Missouri State,Ball State,7.01,pbp,MVFC,Mid-American,fcs,fbs
#dc9797,#c0437e,2022,6,,2050,2117,Ball State,Central Michigan,7.01,pbp,Mid-American,Mid-American,fbs,fbs
#4e6192,#ce919e,2018,5,,2335,167,Liberty,New Mexico,7.01,pbp,FBS Independents,Mountain West,fbs,fbs
#b7b7b8,#3d6bb7,2019,13,,2567,2426,SMU(21),Navy,7.01,pbp,American Athletic,American Athletic,fbs,fbs
#8e8e8e,#e1bbbf,2018,7,,195,2459,Ohio,Northern Illinois,7.01,pbp,Mid-American,Mid-American,fbs,fbs
#6f7cc9,#4c85c3,2025,3,,2084,2309,Buffalo,Kent State,7.01,pbp,Mid-American,Mid-American,fbs,fbs
#3c73b2,#db93a2,2021,1,,277,120,West Virginia,Maryland,7.01,pbp,Big 12,Big Ten,fbs,fbs
#868686,#a4a4a4,2016,1,,2711,77,Western Michigan,Northwestern,7.01,pbp,Mid-American,Big Ten,fbs,fbs
#e3c2ab,#d88a96,2025,12,,228,97,Clemson,Louisville(19),7.01,pbp,ACC,ACC,fbs,fbs
#3cb48f,#3f78bc,2025,2,,16,2440,Sacramento State,Nevada,7.0,pbp,Big Sky,Mountain West,fcs,fbs
#7cb0d3,#e7c8b6,2015,4,,2393,356,Middle Tennessee,Illinois,7.0,pbp,Conference USA,Big Ten,fbs,fbs
#bd9fa4,#e6ccb3,2025,7,,8,2633,Arkansas,Tennessee(12),7.0,pbp,SEC,SEC,fbs,fbs
#d98c8c,#b5b5b5,2026,3,,152,238,NC State,Vanderbilt,7.0,pbp,ACC,SEC,fbs,fbs
#3f78bc,#d17b7b,2018,13,,2440,2439,Nevada,UNLV,7.0,pbp,Mountain West,Mountain West,fbs,fbs
#a6999b,#3c73b2,2021,9,,66,277,Iowa State(22),West Virginia,7.0,pbp,Big 12,Big 12,fbs,fbs
#c8c6c2,#dd9da6,2023,10,,2116,2132,UCF,Cincinnati,7.0,pbp,Big 12,Big 12,fbs,fbs
#b7949a,#6f7cc9,2015,13,,113,2084,Massachusetts,Buffalo,7.0,pbp,Mid-American,Mid-American,fbs,fbs
#e3c2ab,#d88a96,2021,10,,228,97,Clemson,Louisville,7.0,pbp,ACC,ACC,fbs,fbs
#7cb0d3,#e5c2b2,2023,13,,2393,2534,Middle Tennessee,Sam Houston,7.0,pbp,Conference USA,Conference USA,fbs,fbs
#bca0a5,#e6ccb3,2025,10,,201,2633,Oklahoma(18),Tennessee(14),6.99,pbp,SEC,SEC,fbs,fbs
#6b8bce,#cfa0a8,2023,4,,68,21,Boise State,San Diego State,6.99,pbp,Mountain West,Mountain West,fbs,fbs
#47c27c,#44699b,2025,5,,2483,213,Oregon(6),Penn State(3),6.99,pbp,Big Ten,Big Ten,fbs,fbs
#a6999b,#576f8c,2015,3,,66,2649,Iowa State,Toledo,6.99,pbp,Big 12,Mid-American,fbs,fbs
#e6c6c7,#6989c7,2025,6,,98,48,Western Kentucky,Delaware,6.99,pbp,Conference USA,Conference USA,fbs,fbs
#d2adae,#99a6b8,2015,10,,309,2247,Louisiana,Georgia State,6.99,pbp,Sun Belt,Sun Belt,fbs,fbs
#85797a,#3d68b7,2018,3,,326,6,Texas State,South Alabama,6.99,pbp,Sun Belt,Sun Belt,fbs,fbs
#e0a3ae,#7f46c2,2019,10,,254,264,Utah(9),Washington,6.99,pbp,Pac-12,Pac-12,fbs,fbs
#7b7b7b,#3974ac,2020,9,,127,130,Michigan State,Michigan(13),6.99,pbp,Big Ten,Big Ten,fbs,fbs
#f4f4f4,#5c81c6,2024,5,,153,150,North Carolina,Duke,6.99,pbp,ACC,ACC,fbs,fbs
#357a9e,#828282,2016,6,,328,36,Utah State,Colorado State,6.99,pbp,Mountain West,Mountain West,fbs,fbs
#885caf,#bca0a5,2022,4,,2306,201,Kansas State,Oklahoma(6),6.99,pbp,Big 12,Big 12,fbs,fbs
#e7c8b6,#d5a6af,2020,11,,356,164,Illinois,Rutgers,6.98,pbp,Big Ten,Big Ten,fbs,fbs
#d5a6af,#ad9a9d,2022,1,,164,103,Rutgers,Boston College,6.98,pbp,Big Ten,ACC,fbs,fbs
#5d7088,#b7949a,2024,14,,41,113,UConn,Massachusetts,6.98,pbp,FBS Independents,FBS Independents,fbs,fbs
#3d77b8,#e9e1ce,2024,8,,2,142,Auburn,Missouri(19),6.98,pbp,SEC,SEC,fbs,fbs
#af5868,#935531,2018,3,,2198,189,Eastern Kentucky,Bowling Green,6.98,pbp,OVC,Mid-American,fcs,fbs
#bca0a5,#e6ccb3,2015,2,,201,2633,Oklahoma(19),Tennessee(23),6.98,pbp,Big 12,SEC,fbs,fbs
#99a5bd,#339969,2019,4,,2115,2199,Central Connecticut,Eastern Michigan,6.98,pbp,NEC,Mid-American,fcs,fbs
#d17b7b,#339a72,2022,12,,2439,62,UNLV,Hawai'i,6.98,pbp,Mountain West,Mountain West,fbs,fbs
#917e9c,#6388cb,2024,12,,151,202,East Carolina,Tulsa,6.98,pbp,American Athletic,American Athletic,fbs,fbs
#d98c8c,#cfbdbf,2017,4,,2641,248,Texas Tech,Houston,6.98,pbp,Big 12,American Athletic,fbs,fbs
#3d68b7,#85797a,2023,13,,6,326,South Alabama,Texas State,6.98,pbp,Sun Belt,Sun Belt,fbs,fbs
#3c73b2,#cfbdbf,2025,10,,277,248,West Virginia,Houston(22),6.98,pbp,Big 12,Big 12,fbs,fbs
#339a72,#cfa0a8,2024,6,,62,21,Hawai'i,San Diego State,6.98,pbp,Mountain West,Mountain West,fbs,fbs
#39aa8c,#c24a54,2016,Bowls,,58,2579,South Florida(19),South Carolina,6.98,pbp,American Athletic,SEC,fbs,fbs
#b7b7b8,#a0a0a0,2026,1,,2567,52,SMU(19),Florida State,6.98,pbp,ACC,ACC,fbs,fbs
#b8b8b8,#5c81c6,2023,10,,154,150,Wake Forest,Duke,6.98,pbp,ACC,ACC,fbs,fbs
#f2f2f2,#bc778f,2023,6,,38,9,Colorado,Arizona State,6.98,pbp,Pac-12,Pac-12,fbs,fbs
#935531,#cf6e75,2017,6,,189,193,Bowling Green,Miami (OH),6.98,pbp,Mid-American,Mid-American,fbs,fbs
#7cb0d3,#57c78b,2019,8,,2393,249,Middle Tennessee,North Texas,6.98,pbp,Conference USA,Conference USA,fbs,fbs
#5c81c6,#3c7eb4,2022,6,,150,59,Duke,Georgia Tech,6.97,pbp,ACC,ACC,fbs,fbs
#357a9e,#d17b7b,2021,7,,328,2439,Utah State,UNLV,6.97,pbp,Mountain West,Mountain West,fbs,fbs
#76d198,#f4ebe0,2018,10,,276,2572,Marshall,Southern Miss,6.97,pbp,Conference USA,Conference USA,fbs,fbs
#d17b7b,#339a72,2018,12,,2439,62,UNLV,Hawai'i,6.97,pbp,Mountain West,Mountain West,fbs,fbs
#4c85c3,#935531,2018,10,,2309,189,Kent State,Bowling Green,6.97,pbp,Mid-American,Mid-American,fbs,fbs
#d2adae,#6e6e6e,2018,13,,309,2433,Louisiana,UL Monroe,6.97,pbp,Sun Belt,Sun Belt,fbs,fbs
#cfa0a8,#3f78bc,2018,9,,21,2440,San Diego State,Nevada,6.97,pbp,Mountain West,Mountain West,fbs,fbs
#885caf,#7fa4d4,2023,12,,2306,2305,Kansas State(23),Kansas,6.97,pbp,Big 12,Big 12,fbs,fbs
#af3a3a,#bd9fa4,2025,8,,245,8,Texas A&M(4),Arkansas,6.97,pbp,SEC,SEC,fbs,fbs
#d2adae,#519bc5,2023,2,,309,295,Louisiana,Old Dominion,6.97,pbp,Sun Belt,Sun Belt,fbs,fbs
#85797a,#75807c,2023,1,,326,239,Texas State,Baylor,6.97,pbp,Sun Belt,Big 12,fbs,fbs
#3f78bc,#dc97a7,2021,8,,2440,278,Nevada,Fresno State,6.97,pbp,Mountain West,Mountain West,fbs,fbs
#3e72b9,#868686,2021,11,,2006,2711,Akron,Western Michigan,6.97,pbp,Mid-American,Mid-American,fbs,fbs
#937a7f,#c24a54,2026,3,,344,2579,Mississippi State,South Carolina,6.97,pbp,SEC,SEC,fbs,fbs
#cc6666,#d5a6af,2016,10,,84,164,Indiana,Rutgers,6.97,pbp,Big Ten,Big Ten,fbs,fbs
#e6c6c7,#3d75b8,2021,14,,98,2636,Western Kentucky,UTSA,6.97,pbp,Conference USA,Conference USA,fbs,fbs
#3d75b8,#6095ca,2021,4,,2636,235,UTSA,Memphis,6.97,pbp,Conference USA,American Athletic,fbs,fbs
#adb8c1,#bc778f,2016,6,,26,9,UCLA,Arizona State,6.97,pbp,Pac-12,Pac-12,fbs,fbs
#3d68b7,#ddb4b6,2024,6,,6,2032,South Alabama,Arkansas State,6.97,pbp,Sun Belt,Sun Belt,fbs,fbs
#868686,#dc9797,2022,2,,2711,2050,Western Michigan,Ball State,6.97,pbp,Mid-American,Mid-American,fbs,fbs
#d3a5b1,#885caf,2018,1,,233,2306,South Dakota,Kansas State,6.97,pbp,MVFC,Big 12,fcs,fbs
#dd9da6,#c8c6c2,2022,9,,2132,2116,Cincinnati(20),UCF,6.97,pbp,American Athletic,American Athletic,fbs,fbs
#cfbdbf,#d98c8c,2018,3,,248,2641,Houston,Texas Tech,6.97,pbp,American Athletic,Big 12,fbs,fbs
#a6999b,#4c4c4c,2024,2,,66,2294,Iowa State,Iowa(21),6.97,pbp,Big 12,Big Ten,fbs,fbs
#e6cab3,#cbbdb5,2017,8,,197,251,Oklahoma State(10),Texas,6.97,pbp,Big 12,Big 12,fbs,fbs
#bd3f7d,#5d7088,2019,10,,259,87,Virginia Tech,Notre Dame(16),6.96,pbp,ACC,FBS Independents,fbs,fbs
#af3a3a,#6f82cf,2017,7,,245,57,Texas A&M,Florida,6.96,pbp,SEC,SEC,fbs,fbs
#dc9797,#576f8c,2020,13,,2050,2649,Ball State,Toledo,6.96,pbp,Mid-American,Mid-American,fbs,fbs
#917e9c,#6f92cf,2015,6,,151,252,East Carolina,BYU,6.96,pbp,American Athletic,FBS Independents,fbs,fbs
#f4ebe0,#57c78b,2016,12,,2572,249,Southern Miss,North Texas,6.96,pbp,Conference USA,Conference USA,fbs,fbs
#3f7fbd,#e6c7b3,2017,6,,221,183,Pittsburgh,Syracuse,6.96,pbp,ACC,ACC,fbs,fbs
#3aaf80,#6f82cf,2019,1,camping world kickoff,2390,57,Miami,Florida(8),6.96,pbp,ACC,SEC,fbs,fbs
#345b9d,#576f8c,2018,Bowls,makers wanted bahamas bowl,2229,2649,Florida International,Toledo,6.96,pbp,Conference USA,Mid-American,fbs,fbs
#5c81c6,#848484,2023,12,,150,258,Duke,Virginia,6.96,pbp,ACC,ACC,fbs,fbs
#3c73b2,#9785a6,2023,5,,277,2628,West Virginia,TCU,6.96,pbp,Big 12,Big 12,fbs,fbs
#e6c6c7,#3d75b8,2022,6,,98,2636,Western Kentucky,UTSA,6.96,pbp,Conference USA,Conference USA,fbs,fbs
#4c4c4c,#4c4c4c,2020,8,,2294,2509,Iowa,Purdue,6.95,pbp,Big Ten,Big Ten,fbs,fbs
#e9e1ce,#937a7f,2026,4,,142,344,Missouri(19),Mississippi State(24),6.95,pbp,SEC,SEC,fbs,fbs
#8e8e8e,#a75a7c,2015,4,,195,135,Ohio,Minnesota,6.95,pbp,Mid-American,Big Ten,fbs,fbs
#5d7088,#ffffff,2023,6,,41,242,UConn,Rice,6.95,pbp,FBS Independents,American Athletic,fbs,fbs
#3f7fbd,#e6ccb3,2021,2,,221,2633,Pittsburgh,Tennessee,6.95,pbp,ACC,SEC,fbs,fbs
#d98c8c,#3c73b2,2017,7,,2641,277,Texas Tech(24),West Virginia,6.95,pbp,Big 12,Big 12,fbs,fbs
#b7949a,#339969,2023,3,,113,2199,Massachusetts,Eastern Michigan,6.95,pbp,FBS Independents,Mid-American,fbs,fbs
#d17b7b,#cfa0a8,2018,11,,2439,21,UNLV,San Diego State,6.95,pbp,Mountain West,Mountain West,fbs,fbs
#689ecd,#e6ccb3,2019,1,,2277,2638,Houston Christian,UTEP,6.95,pbp,Southland,Conference USA,fcs,fbs
#707987,#a0a0a0,2016,1,,145,52,Ole Miss(11),Florida State(4),6.95,pbp,SEC,ACC,fbs,fbs
#359f7d,#57c78b,2017,4,,5,249,UAB,North Texas,6.95,pbp,Conference USA,Conference USA,fbs,fbs
#576f8c,#339969,2022,9,,2649,2199,Toledo,Eastern Michigan,6.95,pbp,Mid-American,Mid-American,fbs,fbs
#828282,#dc97a7,2019,9,,36,278,Colorado State,Fresno State,6.95,pbp,Mountain West,Mountain West,fbs,fbs
#5096c4,#cfa0a8,2015,14,,2005,21,Air Force,San Diego State,6.95,pbp,Mountain West,Mountain West,fbs,fbs
#e6cab3,#9785a6,2020,14,,197,2628,Oklahoma State(19),TCU,6.95,pbp,Big 12,Big 12,fbs,fbs
#6f7cc9,#d07980,2018,Bowls,dollar general bowl,2084,2653,Buffalo,Troy,6.95,pbp,Mid-American,Sun Belt,fbs,fbs
#bc778f,#d98c8c,2017,3,,9,2641,Arizona State,Texas Tech,6.95,pbp,Pac-12,Big 12,fbs,fbs
#bd3f7d,#6b8bce,2019,Bowls,,259,96,Virginia Tech,Kentucky,6.95,pbp,ACC,SEC,fbs,fbs
#e6c6c7,#d07980,2023,4,,98,2653,Western Kentucky,Troy,6.95,pbp,Conference USA,Sun Belt,fbs,fbs
#c8c6c2,#3d6bb7,2021,5,,2116,2426,UCF,Navy,6.95,pbp,American Athletic,American Athletic,fbs,fbs
#6e6e6e,#b6999d,2023,4,,204,265,Oregon State(14),Washington State(21),6.95,pbp,Pac-12,Pac-12,fbs,fbs
#838383,#6388cb,2019,4,,2751,202,Wyoming,Tulsa,6.95,pbp,Mountain West,American Athletic,fbs,fbs
#b48686,#f4f4f4,2016,Bowls,,24,153,Stanford(12),North Carolina,6.94,pbp,Pac-12,ACC,fbs,fbs
#e9e1ce,#3d77b8,2025,8,,142,2,Missouri(16),Auburn,6.94,pbp,SEC,SEC,fbs,fbs
#6f7cc9,#3e72b9,2017,9,,2084,2006,Buffalo,Akron,6.94,pbp,Mid-American,Mid-American,fbs,fbs
#a6999b,#885caf,2025,1,aer lingus college football classic,66,2306,Iowa State(22),Kansas State(17),6.94,pbp,Big 12,Big 12,fbs,fbs
#359f7d,#6388cb,2025,14,,5,202,UAB,Tulsa,6.94,pbp,American Athletic,American Athletic,fbs,fbs
#db93a2,#cc6666,2022,7,,120,84,Maryland,Indiana,6.94,pbp,Big Ten,Big Ten,fbs,fbs
#bd9099,#ce919e,2018,14,,333,61,Alabama(1),Georgia(4),6.94,pbp,SEC,SEC,fbs,fbs
#5d7088,#dc9797,2022,7,,41,2050,UConn,Ball State,6.94,pbp,FBS Independents,Mid-American,fbs,fbs
#e6dbb3,#917e9c,2026,2,,2026,151,App State,East Carolina,6.94,pbp,Sun Belt,American Athletic,fbs,fbs
#3c7eb4,#b48686,2026,4,,59,24,Georgia Tech,Stanford,6.94,pbp,ACC,ACC,fbs,fbs
#b5b5b5,#e9e1ce,2018,11,,238,142,Vanderbilt,Missouri,6.94,pbp,SEC,SEC,fbs,fbs
#d98c8c,#885caf,2016,6,,2641,2306,Texas Tech,Kansas State,6.94,pbp,Big 12,Big 12,fbs,fbs
#6f7cc9,#cc7a91,2018,2,,2084,218,Buffalo,Temple,6.94,pbp,Mid-American,American Athletic,fbs,fbs
#c0437e,#868686,2015,6,,2117,2711,Central Michigan,Western Michigan,6.94,pbp,Mid-American,Mid-American,fbs,fbs
#bd9fa4,#e6ccb3,2015,5,,8,2633,Arkansas,Tennessee,6.94,pbp,SEC,SEC,fbs,fbs
#b6999d,#cfa0a8,2024,9,,265,21,Washington State,San Diego State,6.94,pbp,Pac-12,Mountain West,fbs,fbs
#f4f4f4,#3c7eb4,2015,5,,153,59,North Carolina,Georgia Tech,6.94,pbp,ACC,ACC,fbs,fbs
#cfbdbf,#6095ca,2020,15,,248,235,Houston,Memphis,6.94,pbp,American Athletic,American Athletic,fbs,fbs
#4e6192,#b57f81,2024,2,,2335,166,Liberty,New Mexico State,6.94,pbp,Conference USA,Conference USA,fbs,fbs
#b7b7b8,#9785a6,2021,4,,2567,2628,SMU,TCU,6.94,pbp,American Athletic,Big 12,fbs,fbs
#339969,#3e72b9,2022,11,,2199,2006,Eastern Michigan,Akron,6.93,legacy,Mid-American,Mid-American,fbs,fbs
#e6ccb3,#b5b5b5,2016,13,,2633,238,Tennessee(24),Vanderbilt,6.93,pbp,SEC,SEC,fbs,fbs
#6b8bce,#6f92cf,2019,8,,68,252,Boise State(14),BYU,6.93,pbp,Mountain West,FBS Independents,fbs,fbs
#e0a3ae,#7f46c2,2020,13,,254,264,Utah,Washington,6.93,pbp,Pac-12,Pac-12,fbs,fbs
#d98c8c,#bc778f,2025,8,,2641,9,Texas Tech(7),Arizona State,6.93,pbp,Big 12,Big 12,fbs,fbs
#b48686,#6e6e6e,2020,15,,24,204,Stanford,Oregon State,6.93,pbp,Pac-12,Pac-12,fbs,fbs
#d07980,#978da5,2017,5,,2653,99,Troy,LSU(25),6.93,pbp,Sun Belt,SEC,fbs,fbs
#b5b5b5,#828282,2021,2,,238,36,Vanderbilt,Colorado State,6.93,pbp,SEC,Mountain West,fbs,fbs
#3f78bc,#357a9e,2015,12,,2440,328,Nevada,Utah State,6.93,pbp,Mountain West,Mountain West,fbs,fbs
#bd9fa4,#af3a3a,2022,4,,8,245,Arkansas(10),Texas A&M(23),6.93,pbp,SEC,SEC,fbs,fbs
#5d7088,#cf6e75,2026,4,,41,193,UConn,Miami (OH),6.93,pbp,FBS Independents,Mid-American,fbs,fbs
#d9c78e,#4078be,2026,5,,349,2348,Army,Louisiana Tech,6.93,pbp,American Athletic,Sun Belt,fbs,fbs
#576f8c,#828282,2019,4,,2649,36,Toledo,Colorado State,6.93,pbp,Mid-American,Mountain West,fbs,fbs
#75807c,#dd9da6,2023,8,,239,2132,Baylor,Cincinnati,6.93,pbp,Big 12,Big 12,fbs,fbs
#dc97a7,#339a72,2025,4,,278,62,Fresno State,Hawai'i,6.93,pbp,Mountain West,Mountain West,fbs,fbs
#5c81c6,#e7c8b6,2026,2,,150,356,Duke,Illinois,6.93,pbp,ACC,Big Ten,fbs,fbs
#b9a0a5,#adb8c1,2018,12,,30,26,USC,UCLA,6.93,pbp,Pac-12,Pac-12,fbs,fbs
#576f8c,#e6c6c7,2024,4,,2649,98,Toledo,Western Kentucky,6.92,pbp,Mid-American,Conference USA,fbs,fbs
#4b83c3,#d37d7b,2026,3,,290,55,Georgia Southern,Jacksonville State,6.92,pbp,Sun Belt,Conference USA,fbs,fbs
#a0a0a0,#d98c8c,2022,6,,52,152,Florida State,NC State(14),6.92,pbp,ACC,ACC,fbs,fbs
#6f82cf,#a0a0a0,2022,13,,57,52,Florida,Florida State(16),6.92,pbp,SEC,ACC,fbs,fbs
#d88a96,#b48686,2024,12,,97,24,Louisville(22),Stanford,6.92,pbp,ACC,ACC,fbs,fbs
#a6999b,#9785a6,2025,11,,66,2628,Iowa State,TCU,6.92,pbp,Big 12,Big 12,fbs,fbs
#dd9da6,#cfbdbf,2015,10,,2132,248,Cincinnati,Houston(18),6.92,pbp,American Athletic,American Athletic,fbs,fbs
#e1bbbf,#dc9797,2016,5,,2459,2050,Northern Illinois,Ball State,6.92,pbp,Mid-American,Mid-American,fbs,fbs
#bd3f7d,#d98c8c,2025,5,,259,152,Virginia Tech,NC State,6.92,pbp,ACC,ACC,fbs,fbs
#da8f8f,#4c4c4c,2015,9,,158,2509,Nebraska,Purdue,6.92,pbp,Big Ten,Big Ten,fbs,fbs
#ce919e,#6b8bce,2015,11,,167,68,New Mexico,Boise State,6.92,pbp,Mountain West,Mountain West,fbs,fbs
#707987,#e6ccb3,2021,7,,145,2633,Ole Miss(13),Tennessee,6.92,pbp,SEC,SEC,fbs,fbs
#4e6192,#6e6e6e,2021,7,,2335,2433,Liberty,UL Monroe,6.92,pbp,FBS Independents,Sun Belt,fbs,fbs
#828282,#d17b7b,2023,8,,36,2439,Colorado State,UNLV,6.92,pbp,Mountain West,Mountain West,fbs,fbs
#7cb0d3,#e6c7b3,2017,2,,2393,183,Middle Tennessee,Syracuse,6.92,pbp,Conference USA,ACC,fbs,fbs
#4c4c4c,#a6999b,2019,3,,2294,66,Iowa(19),Iowa State,6.92,pbp,Big Ten,Big 12,fbs,fbs
#339a72,#dc97a7,2024,10,,62,278,Hawai'i,Fresno State,6.91,pbp,Mountain West,Mountain West,fbs,fbs
#f4f4f4,#3aaf80,2022,6,,153,2390,North Carolina,Miami,6.91,pbp,ACC,ACC,fbs,fbs
#bc778f,#b48686,2022,8,,9,24,Arizona State,Stanford,6.91,pbp,Pac-12,Pac-12,fbs,fbs
#6095ca,#6388cb,2021,6,,235,202,Memphis,Tulsa,6.91,pbp,American Athletic,American Athletic,fbs,fbs
#3d68b7,#935531,2021,2,,6,189,South Alabama,Bowling Green,6.91,pbp,Sun Belt,Mid-American,fbs,fbs
#dc97a7,#ce919e,2020,15,,278,167,Fresno State,New Mexico,6.91,pbp,Mountain West,Mountain West,fbs,fbs
#61a0ca,#838383,2025,7,,23,2751,San José State,Wyoming,6.91,pbp,Mountain West,Mountain West,fbs,fbs
#bca0a5,#3d77b8,2024,5,,201,2,Oklahoma(21),Auburn,6.91,pbp,SEC,SEC,fbs,fbs
#5096c4,#838383,2018,12,,2005,2751,Air Force,Wyoming,6.91,pbp,Mountain West,Mountain West,fbs,fbs
#ddb4b6,#935531,2024,Bowls,68 ventures bowl,2032,189,Arkansas State,Bowling Green,6.91,pbp,Sun Belt,Mid-American,fbs,fbs
#c0437e,#868686,2017,10,,2117,2711,Central Michigan,Western Michigan,6.91,pbp,Mid-American,Mid-American,fbs,fbs
#5090c5,#e6ccb3,2022,8,,2226,2638,Florida Atlantic,UTEP,6.91,pbp,Conference USA,Conference USA,fbs,fbs
#dc9797,#339969,2019,7,,2050,2199,Ball State,Eastern Michigan,6.91,pbp,Mid-American,Mid-American,fbs,fbs
#d9c78e,#6f7cc9,2016,4,,349,2084,Army,Buffalo,6.91,pbp,FBS Independents,Mid-American,fbs,fbs
#e1bbbf,#dc97a7,2024,Bowls,famous idaho potato bowl,2459,278,Northern Illinois,Fresno State,6.91,pbp,Mid-American,Mountain West,fbs,fbs
#ad9a9d,#b8b8b8,2018,3,,103,154,Boston College,Wake Forest,6.91,pbp,ACC,ACC,fbs,fbs
#d37d7b,#345b9d,2025,13,,55,2229,Jacksonville State,Florida International,6.91,pbp,Conference USA,Conference USA,fbs,fbs
#6e6e6e,#b6999d,2021,6,,204,265,Oregon State,Washington State,6.91,pbp,Pac-12,Pac-12,fbs,fbs
#3974ac,#da8f8f,2025,4,,130,158,Michigan(21),Nebraska,6.91,pbp,Big Ten,Big Ten,fbs,fbs
#57c78b,#345b9d,2023,2,,249,2229,North Texas,Florida International,6.91,legacy,American Athletic,Conference USA,fbs,fbs
#b8b8b8,#e6c7b3,2023,13,,154,183,Wake Forest,Syracuse,6.9,pbp,ACC,ACC,fbs,fbs
#5d7088,#978da5,2017,Bowls,citrus bowl presented by overton's,87,99,Notre Dame(11),LSU(18),6.9,pbp,FBS Independents,SEC,fbs,fbs
#339969,#868686,2020,14,,2199,2711,Eastern Michigan,Western Michigan,6.9,pbp,Mid-American,Mid-American,fbs,fbs
#9f93ae,#e1bbbf,2016,4,,2710,2459,Western Illinois,Northern Illinois,6.9,pbp,MVFC,Mid-American,fcs,fbs
#d98c8c,#e6c7b3,2018,9,,152,183,NC State(22),Syracuse,6.9,pbp,ACC,ACC,fbs,fbs
#ce919e,#357a9e,2016,11,,167,328,New Mexico,Utah State,6.9,pbp,Mountain West,Mountain West,fbs,fbs
#61a0ca,#339969,2026,1,,23,2199,San José State,Eastern Michigan,6.9,pbp,Mountain West,Mid-American,fbs,fbs
#a6999b,#885caf,2017,13,,66,2306,Iowa State,Kansas State,6.9,pbp,Big 12,Big 12,fbs,fbs
#6b8bce,#707987,2024,5,,96,145,Kentucky,Ole Miss(6),6.9,pbp,SEC,SEC,fbs,fbs
#4b83c3,#99a6b8,2020,13,,290,2247,Georgia Southern,Georgia State,6.9,pbp,Sun Belt,Sun Belt,fbs,fbs
#d37d7b,#4b83c3,2025,3,,55,290,Jacksonville State,Georgia Southern,6.9,pbp,Conference USA,Sun Belt,fbs,fbs
#f6f6f6,#ddb4b6,2024,1,,2110,2032,Central Arkansas,Arkansas State,6.9,legacy,UAC,Sun Belt,fcs,fbs
#b7949a,#339a72,2016,13,,113,62,Massachusetts,Hawai'i,6.9,pbp,FBS Independents,Mountain West,fbs,fbs
#4078be,#ffffff,2019,5,,2348,242,Louisiana Tech,Rice,6.9,legacy,Conference USA,Conference USA,fbs,fbs
#e6c7b3,#a0a0a0,2021,5,,183,52,Syracuse,Florida State,6.9,pbp,ACC,ACC,fbs,fbs
#3f78bc,#6f7cc9,2015,4,,2440,2084,Nevada,Buffalo,6.9,pbp,Mountain West,Mid-American,fbs,fbs
#ffffff,#359f7d,2021,8,,242,5,Rice,UAB,6.9,pbp,Conference USA,Conference USA,fbs,fbs
#3d68b7,#d07980,2025,6,,6,2653,South Alabama,Troy,6.9,pbp,Sun Belt,Sun Belt,fbs,fbs
#7b7b7b,#d5a6af,2023,7,,127,164,Michigan State,Rutgers,6.9,pbp,Big Ten,Big Ten,fbs,fbs
#b48686,#3f647f,2024,13,,24,25,Stanford,California,6.9,pbp,ACC,ACC,fbs,fbs
#cbbdb5,#7f46c2,2023,Bowls,cfp semifinal at the allstate sugar bowl,251,264,Texas(3),Washington(2),6.89,pbp,Big 12,Pac-12,fbs,fbs
#bd9fa4,#978da5,2023,4,,8,99,Arkansas,LSU(12),6.89,pbp,SEC,SEC,fbs,fbs
#3974ac,#a75a7c,2015,9,,130,135,Michigan(15),Minnesota,6.89,pbp,Big Ten,Big Ten,fbs,fbs
#cfa0a8,#5096c4,2017,4,,21,2005,San Diego State(22),Air Force,6.89,pbp,Mountain West,Mountain West,fbs,fbs
#d17b7b,#357a9e,2022,4,,2439,328,UNLV,Utah State,6.89,legacy,Mountain West,Mountain West,fbs,fbs
#888888,#d2adae,2017,1,,2545,309,SE Louisiana,Louisiana,6.89,legacy,Southland,Sun Belt,fcs,fbs
#6f92cf,#576f8c,2019,5,,252,2649,BYU,Toledo,6.89,pbp,FBS Independents,Mid-American,fbs,fbs
#bca0a5,#bd9099,2025,12,,201,333,Oklahoma(11),Alabama(4),6.89,pbp,SEC,SEC,fbs,fbs
#3c7eb4,#f4f4f4,2024,7,,59,153,Georgia Tech,North Carolina,6.89,pbp,ACC,ACC,fbs,fbs
#b7b7b8,#d88a96,2024,6,,2567,97,SMU,Louisville(22),6.89,pbp,ACC,ACC,fbs,fbs
#3aaf80,#5d7088,2016,9,,2390,87,Miami,Notre Dame,6.89,pbp,ACC,FBS Independents,fbs,fbs
#a6a0a1,#a4a4a4,2022,3,,79,77,Southern Illinois,Northwestern,6.89,pbp,MVFC,Big Ten,fcs,fbs
#868686,#339969,2019,8,,2711,2199,Western Michigan,Eastern Michigan,6.89,pbp,Mid-American,Mid-American,fbs,fbs
#cfbdbf,#d98c8c,2026,3,,248,2641,Houston(22),Texas Tech(13),6.88,pbp,Big 12,Big 12,fbs,fbs
#3d75b8,#828282,2025,4,,2636,36,UTSA,Colorado State,6.88,pbp,American Athletic,Mountain West,fbs,fbs
#339969,#d9c78e,2017,7,,2199,349,Eastern Michigan,Army,6.88,pbp,Mid-American,FBS Independents,fbs,fbs
#5a93c6,#3e72b9,2023,2,,2415,2006,Morgan State,Akron,6.88,pbp,MEAC,Mid-American,fcs,fbs
#707987,#937a7f,2019,14,,145,344,Ole Miss,Mississippi State,6.88,pbp,SEC,SEC,fbs,fbs
#e3c2ab,#d98c8c,2021,4,,228,152,Clemson(9),NC State,6.88,pbp,ACC,ACC,fbs,fbs
#f4ebe0,#4b83c3,2025,7,,2572,290,Southern Miss,Georgia Southern,6.88,pbp,Sun Belt,Sun Belt,fbs,fbs
#5090c5,#cc7a91,2024,12,,2226,218,Florida Atlantic,Temple,6.88,pbp,American Athletic,American Athletic,fbs,fbs
#7c7ccc,#917e9c,2018,1,,2448,151,North Carolina A&T,East Carolina,6.88,pbp,MEAC,American Athletic,fcs,fbs
#519bc5,#57c78b,2017,9,,295,249,Old Dominion,North Texas,6.88,pbp,Conference USA,Conference USA,fbs,fbs
#44699b,#cc6666,2016,11,,213,84,Penn State(12),Indiana,6.88,pbp,Big Ten,Big Ten,fbs,fbs
#3c7eb4,#6f92cf,2025,Bowls,pop-tarts bowl,59,252,Georgia Tech,BYU(11),6.87,pbp,ACC,Big 12,fbs,fbs
#d98c8c,#9785a6,2018,7,,2641,2628,Texas Tech,TCU,6.87,pbp,Big 12,Big 12,fbs,fbs
#dc9797,#cf6e75,2016,13,,2050,193,Ball State,Miami (OH),6.87,pbp,Mid-American,Mid-American,fbs,fbs
#dc97a7,#6b8bce,2018,14,,278,68,Fresno State(25),Boise State(19),6.87,pbp,Mountain West,Mountain West,fbs,fbs
#adb8c1,#5d7193,2019,5,,26,12,UCLA,Arizona,6.87,pbp,Pac-12,Pac-12,fbs,fbs
#339969,#868686,2018,6,,2199,2711,Eastern Michigan,Western Michigan,6.87,pbp,Mid-American,Mid-American,fbs,fbs
#6388cb,#937a7f,2020,Bowls,lockheed martin armed forces bowl,202,344,Tulsa,Mississippi State,6.87,pbp,American Athletic,SEC,fbs,fbs
#e1bbbf,#576f8c,2021,6,,2459,2649,Northern Illinois,Toledo,6.87,pbp,Mid-American,Mid-American,fbs,fbs
#d88a96,#3f7fbd,2025,5,,97,221,Louisville,Pittsburgh,6.87,pbp,ACC,ACC,fbs,fbs
#44699b,#a75a7c,2019,11,,213,135,Penn State(5),Minnesota(13),6.87,pbp,Big Ten,Big Ten,fbs,fbs
#339969,#cfa0a8,2018,4,,2199,21,Eastern Michigan,San Diego State,6.87,pbp,Mid-American,Mountain West,fbs,fbs
#4b83c3,#85797a,2021,11,,290,326,Georgia Southern,Texas State,6.87,pbp,Sun Belt,Sun Belt,fbs,fbs
#5d7193,#cfbdbf,2025,8,,12,248,Arizona,Houston,6.87,pbp,Big 12,Big 12,fbs,fbs
#ffffff,#5090c5,2022,7,,242,2226,Rice,Florida Atlantic,6.87,legacy,Conference USA,Conference USA,fbs,fbs
#7cb0d3,#76d198,2026,2,,2393,276,Middle Tennessee,Marshall,6.87,pbp,Conference USA,Sun Belt,fbs,fbs
#917e9c,#d98c8c,2024,Bowls,go bowling military bowl,151,152,East Carolina,NC State,6.87,pbp,American Athletic,ACC,fbs,fbs
#6388cb,#ddb4b6,2024,2,,202,2032,Tulsa,Arkansas State,6.87,pbp,American Athletic,Sun Belt,fbs,fbs
#7cb0d3,#576f8c,2021,Bowls,bahamas bowl,2393,2649,Middle Tennessee,Toledo,6.87,pbp,Conference USA,Mid-American,fbs,fbs
#4078be,#f4ebe0,2018,12,,2348,2572,Louisiana Tech,Southern Miss,6.87,pbp,Conference USA,Conference USA,fbs,fbs
#3c73b2,#885caf,2019,12,,277,2306,West Virginia,Kansas State,6.86,pbp,Big 12,Big 12,fbs,fbs
#cbb4b7,#4e6192,2026,2,,2241,2335,Gardner-Webb,Liberty,6.86,pbp,OVC,Conference USA,fcs,fbs
#3c7eb4,#3aaf80,2023,6,,59,2390,Georgia Tech,Miami(17),6.86,pbp,ACC,ACC,fbs,fbs
#61a0ca,#6b8bce,2023,6,,23,68,San José State,Boise State,6.86,pbp,Mountain West,Mountain West,fbs,fbs
#a6999b,#75807c,2019,5,,66,239,Iowa State,Baylor,6.86,pbp,Big 12,Big 12,fbs,fbs
#978da5,#3d77b8,2018,3,,99,2,LSU(12),Auburn(7),6.86,pbp,SEC,SEC,fbs,fbs
#75807c,#9785a6,2025,8,,239,2628,Baylor,TCU,6.86,pbp,Big 12,Big 12,fbs,fbs
#c8c6c2,#6095ca,2022,10,,2116,235,UCF(25),Memphis,6.86,pbp,American Athletic,American Athletic,fbs,fbs
#c0437e,#339969,2020,13,,2117,2199,Central Michigan,Eastern Michigan,6.86,pbp,Mid-American,Mid-American,fbs,fbs
#db93a2,#d5a6af,2017,10,,120,164,Maryland,Rutgers,6.86,pbp,Big Ten,Big Ten,fbs,fbs
#917e9c,#6f92cf,2022,9,,151,252,East Carolina,BYU,6.86,pbp,American Athletic,FBS Independents,fbs,fbs
#3d6bb7,#d9c78e,2022,15,,2426,349,Navy,Army,6.86,pbp,American Athletic,FBS Independents,fbs,fbs
#b48686,#b6999d,2017,10,,24,265,Stanford(18),Washington State(25),6.86,pbp,Pac-12,Pac-12,fbs,fbs
#47c27c,#7b7b7b,2015,2,,2483,127,Oregon(7),Michigan State(5),6.86,pbp,Pac-12,Big Ten,fbs,fbs
#8e8e8e,#cf6e75,2018,11,,195,193,Ohio,Miami (OH),6.86,pbp,Mid-American,Mid-American,fbs,fbs
#6388cb,#b7b7b8,2015,9,,202,2567,Tulsa,SMU,6.86,pbp,American Athletic,American Athletic,fbs,fbs
#6f92cf,#b9a0a5,2021,13,,252,30,BYU(13),USC,6.86,pbp,FBS Independents,Pac-12,fbs,fbs
#d6889a,#44699b,2016,14,,275,213,Wisconsin(6),Penn State(8),6.86,pbp,Big Ten,Big Ten,fbs,fbs
#339a72,#61a0ca,2020,14,,62,23,Hawai'i,San José State,6.86,legacy,Mountain West,Mountain West,fbs,fbs
#9785a6,#7fa4d4,2022,6,,2628,2305,TCU(17),Kansas(19),6.85,pbp,Big 12,Big 12,fbs,fbs
#b7b7b8,#d88a96,2026,3,,2567,97,SMU(16),Louisville(23),6.85,pbp,ACC,ACC,fbs,fbs
#e0a3ae,#6f92cf,2025,8,,254,252,Utah(23),BYU(15),6.85,pbp,Big 12,Big 12,fbs,fbs
#4078be,#c24a54,2017,4,,2348,2579,Louisiana Tech,South Carolina,6.85,pbp,Conference USA,SEC,fbs,fbs
#885caf,#dd9da6,2026,4,,2306,2132,Kansas State,Cincinnati,6.85,pbp,Big 12,Big 12,fbs,fbs
#339a72,#828282,2018,1,,62,36,Hawai'i,Colorado State,6.85,pbp,Mountain West,Mountain West,fbs,fbs
#cc7a91,#3d6bb7,2020,6,,218,2426,Temple,Navy,6.85,pbp,American Athletic,American Athletic,fbs,fbs
#6095ca,#d17b7b,2026,1,,235,2439,Memphis,UNLV,6.85,pbp,American Athletic,Mountain West,fbs,fbs
#e6c7b3,#e3c2ab,2018,5,,183,228,Syracuse,Clemson(3),6.85,pbp,ACC,ACC,fbs,fbs
#e6cab3,#d98c8c,2019,6,,197,2641,Oklahoma State(21),Texas Tech,6.85,pbp,Big 12,Big 12,fbs,fbs
#d37d7b,#3d77b8,2015,2,,55,2,Jacksonville State,Auburn(6),6.85,pbp,OVC,SEC,fcs,fbs
#e6cab3,#a6999b,2019,9,,197,66,Oklahoma State,Iowa State(23),6.85,pbp,Big 12,Big 12,fbs,fbs
#6b8bce,#d17b7b,2024,9,,68,2439,Boise State(17),UNLV,6.85,pbp,Mountain West,Mountain West,fbs,fbs
#d98c8c,#bc778f,2016,2,,2641,9,Texas Tech,Arizona State,6.85,pbp,Big 12,Pac-12,fbs,fbs
#cc7a91,#cfbdbf,2018,11,,218,248,Temple,Houston,6.85,pbp,American Athletic,American Athletic,fbs,fbs
#db93a2,#a4a4a4,2023,9,,120,77,Maryland,Northwestern,6.84,pbp,Big Ten,Big Ten,fbs,fbs
#f4ebe0,#40be99,2022,4,,2572,2655,Southern Miss,Tulane,6.84,pbp,Sun Belt,American Athletic,fbs,fbs
#6f82cf,#6b8bce,2019,3,,57,96,Florida(9),Kentucky,6.84,pbp,SEC,SEC,fbs,fbs
#3c73b2,#d9c78e,2020,Bowls,autozone liberty bowl,277,349,West Virginia,Army,6.84,pbp,Big 12,FBS Independents,fbs,fbs
#3f647f,#7f46c2,2019,2,,25,264,California,Washington(14),6.84,pbp,Pac-12,Pac-12,fbs,fbs
#b7949a,#cf6e75,2024,5,,113,193,Massachusetts,Miami (OH),6.84,pbp,FBS Independents,Mid-American,fbs,fbs
#978da5,#cbbdb5,2019,2,,99,251,LSU(6),Texas(9),6.84,pbp,SEC,Big 12,fbs,fbs
#d98c8c,#ad9a9d,2017,11,,152,103,NC State,Boston College,6.84,pbp,ACC,ACC,fbs,fbs
#bd3f7d,#ad9a9d,2019,1,,259,103,Virginia Tech,Boston College,6.84,pbp,ACC,ACC,fbs,fbs
#a0a0a0,#3aaf80,2016,6,,52,2390,Florida State(23),Miami(10),6.84,pbp,ACC,ACC,fbs,fbs
#4b83c3,#ddb4b6,2019,13,,290,2032,Georgia Southern,Arkansas State,6.84,pbp,Sun Belt,Sun Belt,fbs,fbs
#99a6b8,#519bc5,2023,13,,2247,295,Georgia State,Old Dominion,6.84,pbp,Sun Belt,Sun Belt,fbs,fbs
#e3c2ab,#b7b7b8,2024,15,acc championship,228,2567,Clemson(18),SMU(8),6.84,pbp,ACC,ACC,fbs,fbs
#576f8c,#6f7cc9,2022,8,,2649,2084,Toledo,Buffalo,6.84,legacy,Mid-American,Mid-American,fbs,fbs
#4c85c3,#576f8c,2019,11,,2309,2649,Kent State,Toledo,6.83,pbp,Mid-American,Mid-American,fbs,fbs
#d98c8c,#a6999b,2018,9,,2641,66,Texas Tech,Iowa State,6.83,pbp,Big 12,Big 12,fbs,fbs
#f2f2f2,#bc778f,2017,10,,38,9,Colorado,Arizona State,6.83,pbp,Pac-12,Pac-12,fbs,fbs
#dd9da6,#40be99,2017,10,,2132,2655,Cincinnati,Tulane,6.83,pbp,American Athletic,American Athletic,fbs,fbs
#c0437e,#8e8e8e,2017,6,,2117,195,Central Michigan,Ohio,6.83,pbp,Mid-American,Mid-American,fbs,fbs
#FFFFFF,#3f78bc,2022,2,,2916,2440,Incarnate Word,Nevada,6.83,pbp,Southland,Mountain West,fcs,fbs
#978da5,#3d77b8,2022,5,,99,2,LSU,Auburn,6.83,pbp,SEC,SEC,fbs,fbs
#4e6192,#f0e8d6,2024,9,,2335,338,Liberty,Kennesaw State,6.83,pbp,Conference USA,Conference USA,fbs,fbs
#f2f2f2,#339a72,2015,1,,38,62,Colorado,Hawai'i,6.83,legacy,Pac-12,Mountain West,fbs,fbs
#f4ebe0,#4abfc2,2022,11,,2572,324,Southern Miss,Coastal Carolina,6.83,pbp,Sun Belt,Sun Belt,fbs,fbs
#e9e1ce,#3d77b8,2022,4,,142,2,Missouri,Auburn,6.83,pbp,SEC,SEC,fbs,fbs
#9156c7,#357a9e,2023,4,,256,328,James Madison,Utah State,6.83,pbp,Sun Belt,Mountain West,fbs,fbs
#b9a0a5,#5d7088,2015,7,,30,87,USC,Notre Dame(14),6.83,pbp,Pac-12,FBS Independents,fbs,fbs
#a0a0a0,#d98c8c,2016,10,,52,152,Florida State(19),NC State,6.83,pbp,ACC,ACC,fbs,fbs
#e6cab3,#d98c8c,2015,9,,197,2641,Oklahoma State(12),Texas Tech,6.83,pbp,Big 12,Big 12,fbs,fbs
#bd9fa4,#707987,2025,3,,8,145,Arkansas,Ole Miss(17),6.83,pbp,SEC,SEC,fbs,fbs
#885caf,#3c73b2,2016,5,,2306,277,Kansas State,West Virginia,6.83,pbp,Big 12,Big 12,fbs,fbs
#b57f81,#ce919e,2015,5,,166,167,New Mexico State,New Mexico,6.83,pbp,Sun Belt,Mountain West,fbs,fbs
#885caf,#9785a6,2022,8,,2306,2628,Kansas State(17),TCU(8),6.83,pbp,Big 12,Big 12,fbs,fbs
#6f92cf,#6b8bce,2022,10,,252,68,BYU,Boise State,6.83,legacy,FBS Independents,Mountain West,fbs,fbs
#ad9a9d,#d98c8c,2022,11,,103,152,Boston College,NC State(17),6.82,pbp,ACC,ACC,fbs,fbs
#c24a54,#e3c2ab,2024,14,,2579,228,South Carolina(16),Clemson(12),6.82,pbp,SEC,ACC,fbs,fbs
#6095ca,#c8c6c2,2018,14,,235,2116,Memphis,UCF(7),6.82,pbp,American Athletic,American Athletic,fbs,fbs
#3d6bb7,#359f7d,2026,4,,2426,5,Navy,UAB,6.82,pbp,American Athletic,American Athletic,fbs,fbs
#b48686,#b9a0a5,2017,14,,24,30,Stanford(14),USC(11),6.82,pbp,Pac-12,Pac-12,fbs,fbs
#e9e1ce,#6b8bce,2017,6,,142,96,Missouri,Kentucky,6.82,pbp,SEC,SEC,fbs,fbs
#ffffff,#4fb885,2016,11,,242,2429,Rice,Charlotte,6.82,pbp,Conference USA,Conference USA,fbs,fbs
#5096c4,#6b8bce,2015,12,,2005,68,Air Force,Boise State,6.82,pbp,Mountain West,Mountain West,fbs,fbs
#4c4c4c,#76d198,2015,1,,2509,276,Purdue,Marshall,6.82,pbp,Big Ten,Conference USA,fbs,fbs
#339a72,#61a0ca,2025,10,,62,23,Hawai'i,San José State,6.82,pbp,Mountain West,Mountain West,fbs,fbs
#e6dbb3,#FFFFFF,2017,7,,2026,70,App State,Idaho,6.82,pbp,Sun Belt,Sun Belt,fbs,fbs
#e6cab3,#6b8bce,2021,3,,197,68,Oklahoma State,Boise State,6.82,pbp,Big 12,Mountain West,fbs,fbs
#6095ca,#ddb4b6,2021,2,,235,2032,Memphis,Arkansas State,6.82,pbp,American Athletic,Sun Belt,fbs,fbs
#d5a6af,#4c4c4c,2020,13,,164,2509,Rutgers,Purdue,6.82,pbp,Big Ten,Big Ten,fbs,fbs
#a6999b,#b6999d,2018,Bowls,valero alamo bowl,66,265,Iowa State,Washington State(10),6.81,pbp,Big 12,Pac-12,fbs,fbs
#b9a0a5,#7f46c2,2024,10,,30,264,USC,Washington,6.81,pbp,Big Ten,Big Ten,fbs,fbs
#bd9fa4,#3d77b8,2020,6,,8,2,Arkansas,Auburn(13),6.81,pbp,SEC,SEC,fbs,fbs
#e6ccb3,#c24a54,2016,9,,2633,2579,Tennessee(18),South Carolina,6.81,pbp,SEC,SEC,fbs,fbs
#e9e1ce,#978da5,2020,6,,142,99,Missouri,LSU(17),6.81,legacy,SEC,SEC,fbs,fbs
#4b83c3,#6f7cc9,2022,Bowls,camellia bowl,290,2084,Georgia Southern,Buffalo,6.81,pbp,Sun Belt,Mid-American,fbs,fbs
#a6999b,#bca0a5,2017,6,,66,201,Iowa State,Oklahoma(3),6.81,pbp,Big 12,Big 12,fbs,fbs
#e6ccb3,#c24a54,2018,9,,2633,2579,Tennessee,South Carolina,6.81,pbp,SEC,SEC,fbs,fbs
#3f647f,#b48686,2019,13,,25,24,California,Stanford,6.81,pbp,Pac-12,Pac-12,fbs,fbs
#ddb4b6,#3d68b7,2017,11,,2032,6,Arkansas State,South Alabama,6.81,pbp,Sun Belt,Sun Belt,fbs,fbs
#a75a7c,#d6889a,2020,16,,135,275,Minnesota,Wisconsin,6.81,pbp,Big Ten,Big Ten,fbs,fbs
#e6ccb3,#e7c8b6,2025,Bowls,liberty mutual music city bowl,2633,356,Tennessee,Illinois,6.81,pbp,SEC,Big Ten,fbs,fbs
#ad9a9d,#e1bbbf,2017,1,,103,2459,Boston College,Northern Illinois,6.81,pbp,ACC,Mid-American,fbs,fbs
#40be99,#6095ca,2025,11,,2655,235,Tulane,Memphis(22),6.81,pbp,American Athletic,American Athletic,fbs,fbs
#339969,#c0437e,2023,5,,2199,2117,Eastern Michigan,Central Michigan,6.81,pbp,Mid-American,Mid-American,fbs,fbs
#5096c4,#357a9e,2022,6,,2005,328,Air Force,Utah State,6.81,pbp,Mountain West,Mountain West,fbs,fbs
#b8b8b8,#ad9a9d,2019,5,,154,103,Wake Forest,Boston College,6.81,pbp,ACC,ACC,fbs,fbs
#bd3f7d,#917e9c,2015,4,,259,151,Virginia Tech,East Carolina,6.81,pbp,ACC,American Athletic,fbs,fbs
#b6999d,#3f647f,2015,5,,265,25,Washington State,California(24),6.81,pbp,Pac-12,Pac-12,fbs,fbs
#57c78b,#6388cb,2023,12,,249,202,North Texas,Tulsa,6.81,pbp,American Athletic,American Athletic,fbs,fbs
#bd9099,#cbbdb5,2022,2,,333,251,Alabama(1),Texas,6.81,pbp,SEC,Big 12,fbs,fbs
#519bc5,#345b9d,2017,11,,295,2229,Old Dominion,Florida International,6.8,pbp,Conference USA,Conference USA,fbs,fbs
#d98c8c,#e6cab3,2020,13,,2641,197,Texas Tech,Oklahoma State(21),6.8,pbp,Big 12,Big 12,fbs,fbs
#ffffff,#e6ccb3,2015,10,,242,2638,Rice,UTEP,6.8,legacy,Conference USA,Conference USA,fbs,fbs
#868686,#c0437e,2020,12,,2711,2117,Western Michigan,Central Michigan,6.8,pbp,Mid-American,Mid-American,fbs,fbs
#f6f6f6,#ddb4b6,2016,4,,2110,2032,Central Arkansas,Arkansas State,6.8,pbp,Southland,Sun Belt,fcs,fbs
#3f78bc,#5096c4,2018,5,,2440,2005,Nevada,Air Force,6.8,pbp,Mountain West,Mountain West,fbs,fbs
#d6889a,#e7c8b6,2023,8,,275,356,Wisconsin,Illinois,6.8,pbp,Big Ten,Big Ten,fbs,fbs
#a75a7c,#3d77b8,2019,Bowls,outback bowl,135,2,Minnesota(10),Auburn(14),6.8,pbp,Big Ten,SEC,fbs,fbs
#4c4c4c,#3f78bc,2019,1,,2509,2440,Purdue,Nevada,6.8,pbp,Big Ten,Mountain West,fbs,fbs
#3f647f,#d17b7b,2026,5,,25,2439,California,UNLV,6.8,pbp,ACC,Mountain West,fbs,fbs
#bca0a5,#75807c,2015,11,,201,239,Oklahoma(12),Baylor(4),6.8,pbp,Big 12,Big 12,fbs,fbs
#ce919e,#6b8bce,2016,10,,61,96,Georgia,Kentucky,6.8,pbp,SEC,SEC,fbs,fbs
#c0437e,#61a0ca,2025,1,,2117,23,Central Michigan,San José State,6.8,pbp,Mid-American,Mountain West,fbs,fbs
#838383,#5096c4,2025,8,,2751,2005,Wyoming,Air Force,6.8,pbp,Mountain West,Mountain West,fbs,fbs
#546b8d,#5d7088,2018,3,,227,41,Rhode Island,UConn,6.8,pbp,CAA,American Athletic,fcs,fbs
#f4f4f4,#848484,2022,10,,153,258,North Carolina(17),Virginia,6.8,pbp,ACC,ACC,fbs,fbs
#c8c6c2,#cfbdbf,2016,9,,2116,248,UCF,Houston,6.8,pbp,American Athletic,American Athletic,fbs,fbs
#bd3f7d,#848484,2015,13,,259,258,Virginia Tech,Virginia,6.8,pbp,ACC,ACC,fbs,fbs
#f4f4f4,#3f7fbd,2021,11,,153,221,North Carolina,Pittsburgh(25),6.8,pbp,ACC,ACC,fbs,fbs
#dc9797,#4c85c3,2024,7,,2050,2309,Ball State,Kent State,6.79,pbp,Mid-American,Mid-American,fbs,fbs
#cf6e75,#6f7cc9,2022,5,,193,2084,Miami (OH),Buffalo,6.79,pbp,Mid-American,Mid-American,fbs,fbs
#b5b5b5,#6b8bce,2022,11,,238,96,Vanderbilt,Kentucky,6.79,pbp,SEC,SEC,fbs,fbs
#519bc5,#4abfc2,2024,6,,295,324,Old Dominion,Coastal Carolina,6.79,pbp,Sun Belt,Sun Belt,fbs,fbs
#a4a4a4,#4c4c4c,2018,1,,77,2509,Northwestern,Purdue,6.79,pbp,Big Ten,Big Ten,fbs,fbs
#dc97a7,#cfa0a8,2021,9,,278,21,Fresno State,San Diego State(21),6.79,legacy,Mountain West,Mountain West,fbs,fbs
#c0437e,#868686,2025,10,,2117,2711,Central Michigan,Western Michigan,6.79,pbp,Mid-American,Mid-American,fbs,fbs
#4c4c4c,#da8f8f,2021,9,,2509,158,Purdue,Nebraska,6.79,pbp,Big Ten,Big Ten,fbs,fbs
#3d77b8,#978da5,2017,7,,2,99,Auburn(10),LSU,6.79,pbp,SEC,SEC,fbs,fbs
#40be99,#dd9da6,2022,13,,2655,2132,Tulane(19),Cincinnati(21),6.79,pbp,American Athletic,American Athletic,fbs,fbs
#3c73b2,#e6cab3,2022,13,,277,197,West Virginia,Oklahoma State,6.79,pbp,Big 12,Big 12,fbs,fbs
#5090c5,#dc9797,2019,3,,2226,2050,Florida Atlantic,Ball State,6.79,pbp,Conference USA,Mid-American,fbs,fbs
#f6f6f6,#e6c6c7,2019,1,,2110,98,Central Arkansas,Western Kentucky,6.79,pbp,Southland,Conference USA,fcs,fbs
#c24a54,#f4f4f4,2019,1,,2579,153,South Carolina,North Carolina,6.79,pbp,SEC,ACC,fbs,fbs
#ce919e,#bd9099,2023,14,sec championship,61,333,Georgia(1),Alabama(8),6.79,pbp,SEC,SEC,fbs,fbs
#7b7b7b,#44699b,2018,7,,127,213,Michigan State,Penn State(8),6.79,pbp,Big Ten,Big Ten,fbs,fbs
#329870,#6e6e6e,2017,1,,2502,204,Portland State,Oregon State,6.79,pbp,Big Sky,Pac-12,fcs,fbs
#d98c8c,#6b8bce,2020,Bowls,taxslayer gator bowl,152,96,NC State,Kentucky,6.79,pbp,ACC,SEC,fbs,fbs
#cfa0a8,#339a72,2023,7,,21,62,San Diego State,Hawai'i,6.79,pbp,Mountain West,Mountain West,fbs,fbs
#dd9da6,#6095ca,2019,15,,2132,235,Cincinnati(21),Memphis(16),6.79,pbp,American Athletic,American Athletic,fbs,fbs
#ad9a9d,#d9c78e,2023,6,,103,349,Boston College,Army,6.79,pbp,ACC,FBS Independents,fbs,fbs
#707987,#ce919e,2025,8,,145,61,Ole Miss(5),Georgia(9),6.79,pbp,SEC,SEC,fbs,fbs
#d3a5b1,#d6889a,2016,7,,194,275,Ohio State(2),Wisconsin(8),6.79,pbp,Big Ten,Big Ten,fbs,fbs
#3c73b2,#d98c8c,2020,8,,277,2641,West Virginia,Texas Tech,6.79,pbp,Big 12,Big 12,fbs,fbs
#3aaf80,#f4f4f4,2023,7,,2390,153,Miami(25),North Carolina(12),6.78,pbp,ACC,ACC,fbs,fbs
#a4a4a4,#44699b,2025,7,,77,213,Northwestern,Penn State,6.78,pbp,Big Ten,Big Ten,fbs,fbs
#6f82cf,#e6ccb3,2024,7,,57,2633,Florida,Tennessee(8),6.78,pbp,SEC,SEC,fbs,fbs
#d88a96,#848484,2024,7,,97,258,Louisville,Virginia,6.78,pbp,ACC,ACC,fbs,fbs
#937a7f,#3d77b8,2021,11,,344,2,Mississippi State,Auburn(16),6.78,pbp,SEC,SEC,fbs,fbs
#6e6e6e,#3f647f,2019,8,,204,25,Oregon State,California,6.78,pbp,Pac-12,Pac-12,fbs,fbs
#ce919e,#339a72,2020,10,,167,62,New Mexico,Hawai'i,6.78,pbp,Mountain West,Mountain West,fbs,fbs
#885caf,#937a7f,2019,3,,2306,344,Kansas State,Mississippi State,6.78,pbp,Big 12,SEC,fbs,fbs
#4e6192,#bd9fa4,2022,10,,2335,8,Liberty(23),Arkansas,6.78,pbp,FBS Independents,SEC,fbs,fbs
#a6a6a6,#a6999b,2016,1,,2460,66,Northern Iowa,Iowa State,6.78,pbp,MVFC,Big 12,fcs,fbs
#359f7d,#ffffff,2022,5,,5,242,UAB,Rice,6.78,pbp,Conference USA,Conference USA,fbs,fbs
#5096c4,#d17b7b,2018,8,,2005,2439,Air Force,UNLV,6.78,pbp,Mountain West,Mountain West,fbs,fbs
#359f7d,#5090c5,2022,9,,5,2226,UAB,Florida Atlantic,6.78,legacy,Conference USA,Conference USA,fbs,fbs
#3d68b7,#40be99,2026,2,,6,2655,South Alabama,Tulane,6.78,pbp,Sun Belt,American Athletic,fbs,fbs
#519bc5,#7cb0d3,2021,12,,295,2393,Old Dominion,Middle Tennessee,6.77,legacy,Conference USA,Conference USA,fbs,fbs
#6f7cc9,#4c85c3,2021,6,,2084,2309,Buffalo,Kent State,6.77,pbp,Mid-American,Mid-American,fbs,fbs
#6f82cf,#3d77b8,2026,3,,57,2,Florida,Auburn,6.77,pbp,SEC,SEC,fbs,fbs
#47c27c,#3d77b8,2019,1,,2483,2,Oregon(11),Auburn(16),6.77,pbp,Pac-12,SEC,fbs,fbs
#bc778f,#75807c,2025,4,,9,239,Arizona State,Baylor,6.77,pbp,Big 12,Big 12,fbs,fbs
#dc97a7,#61a0ca,2019,14,,278,23,Fresno State,San José State,6.77,pbp,Mountain West,Mountain West,fbs,fbs
#3d75b8,#57c78b,2015,9,,2636,249,UTSA,North Texas,6.77,pbp,Conference USA,Conference USA,fbs,fbs
#d2adae,#3d68b7,2015,11,,309,6,Louisiana,South Alabama,6.77,pbp,Sun Belt,Sun Belt,fbs,fbs
#40be99,#6095ca,2021,13,,2655,235,Tulane,Memphis,6.77,pbp,American Athletic,American Athletic,fbs,fbs
#cbbdb5,#9785a6,2019,9,,251,2628,Texas(15),TCU,6.77,pbp,Big 12,Big 12,fbs,fbs
#bd9099,#3974ac,2023,Bowls,cfp semifinal at the rose bowl game pres. by prudential,333,130,Alabama(5),Michigan(1),6.77,pbp,SEC,Big Ten,fbs,fbs
#44699b,#4c4c4c,2021,6,,213,2294,Penn State(4),Iowa(3),6.77,pbp,Big Ten,Big Ten,fbs,fbs
#885caf,#40be99,2024,2,,2306,2655,Kansas State(17),Tulane,6.76,pbp,Big 12,American Athletic,fbs,fbs
#7fa4d4,#5d7193,2025,11,,2305,12,Kansas,Arizona,6.76,pbp,Big 12,Big 12,fbs,fbs
#85797a,#FFFFFF,2015,13,,326,70,Texas State,Idaho,6.76,legacy,Sun Belt,Sun Belt,fbs,fbs
#6388cb,#bd3f7d,2015,Bowls,camping world independence bowl,202,259,Tulsa,Virginia Tech,6.76,pbp,American Athletic,ACC,fbs,fbs
#ce919e,#bd9099,2024,5,,61,333,Georgia(2),Alabama(4),6.76,pbp,SEC,SEC,fbs,fbs
#3d6bb7,#6095ca,2023,3,,2426,235,Navy,Memphis,6.76,pbp,American Athletic,American Athletic,fbs,fbs
#f4f4f4,#5c81c6,2018,11,,153,150,North Carolina,Duke,6.76,pbp,ACC,ACC,fbs,fbs
#e6ccb3,#c24a54,2020,4,,2633,2579,Tennessee(16),South Carolina,6.76,pbp,SEC,SEC,fbs,fbs
#d2adae,#e6dbb3,2020,14,,309,2026,Louisiana(20),App State,6.76,pbp,Sun Belt,Sun Belt,fbs,fbs
#ce6d78,#3e72b9,2022,1,,2598,2006,St. Francis (PA),Akron,6.76,legacy,NEC,Mid-American,fcs,fbs
#e9e1ce,#d9c78e,2021,Bowls,lockheed martin armed forces bowl,142,349,Missouri,Army,6.76,pbp,SEC,FBS Independents,fbs,fbs
#885caf,#cbbdb5,2019,11,,2306,251,Kansas State(20),Texas,6.76,pbp,Big 12,Big 12,fbs,fbs
#d07980,#4b83c3,2016,14,,2653,290,Troy,Georgia Southern,6.76,pbp,Sun Belt,Sun Belt,fbs,fbs
#dc97a7,#d17b7b,2022,11,,278,2439,Fresno State,UNLV,6.76,pbp,Mountain West,Mountain West,fbs,fbs
#576f8c,#e1bbbf,2016,11,,2649,2459,Toledo,Northern Illinois,6.76,pbp,Mid-American,Mid-American,fbs,fbs
#85797a,#ddb4b6,2025,6,,326,2032,Texas State,Arkansas State,6.76,pbp,Sun Belt,Sun Belt,fbs,fbs
#3d68b7,#cc7a91,2018,1,,222,218,Villanova,Temple,6.76,pbp,CAA,American Athletic,fcs,fbs
#3f78bc,#8e8e8e,2021,2,,2184,195,Duquesne,Ohio,6.76,pbp,NEC,Mid-American,fcs,fbs
#af5868,#d07980,2020,7,,2198,2653,Eastern Kentucky,Troy,6.75,pbp,OVC,Sun Belt,fcs,fbs
#b57f81,#85797a,2017,10,,166,326,New Mexico State,Texas State,6.75,pbp,Sun Belt,Sun Belt,fbs,fbs
#5096c4,#3d6bb7,2025,6,,2005,2426,Air Force,Navy,6.75,pbp,Mountain West,American Athletic,fbs,fbs
#e1bbbf,#c0437e,2017,13,,2459,2117,Northern Illinois,Central Michigan,6.75,pbp,Mid-American,Mid-American,fbs,fbs
#6f92cf,#e0a3ae,2016,2,,252,254,BYU,Utah,6.75,pbp,FBS Independents,Pac-12,fbs,fbs
#a6999b,#cbbdb5,2020,13,,66,251,Iowa State(15),Texas(20),6.75,pbp,Big 12,Big 12,fbs,fbs
#6f7cc9,#e1bbbf,2024,4,,2084,2459,Buffalo,Northern Illinois(23),6.75,pbp,Mid-American,Mid-American,fbs,fbs
#7b7b7b,#ad9a9d,2024,4,,127,103,Michigan State,Boston College,6.75,pbp,Big Ten,ACC,fbs,fbs
#5d7193,#dd9da6,2025,12,,12,2132,Arizona,Cincinnati(22),6.75,pbp,Big 12,Big 12,fbs,fbs
#937a7f,#6f82cf,2025,8,,344,57,Mississippi State,Florida,6.75,pbp,SEC,SEC,fbs,fbs
#e6ccb3,#7cb0d3,2023,12,,2638,2393,UTEP,Middle Tennessee,6.75,pbp,Conference USA,Conference USA,fbs,fbs
#cc7a91,#6095ca,2016,6,,218,235,Temple,Memphis,6.75,pbp,American Athletic,American Athletic,fbs,fbs
#44699b,#a75a7c,2024,13,,213,135,Penn State(4),Minnesota,6.75,pbp,Big Ten,Big Ten,fbs,fbs
#b7b7b8,#b8b8b8,2025,9,,2567,154,SMU,Wake Forest,6.75,legacy,ACC,ACC,fbs,fbs
#85797a,#ad9a9d,2020,4,,326,103,Texas State,Boston College,6.75,pbp,Sun Belt,ACC,fbs,fbs
#c0437e,#dc9797,2015,8,,2117,2050,Central Michigan,Ball State,6.75,pbp,Mid-American,Mid-American,fbs,fbs
#e0a3ae,#3f647f,2016,5,,254,25,Utah(18),California,6.75,pbp,Pac-12,Pac-12,fbs,fbs
#3d68b7,#6e6e6e,2021,8,,6,2433,South Alabama,UL Monroe,6.75,pbp,Sun Belt,Sun Belt,fbs,fbs
#4c85c3,#e7c8b6,2018,1,,2309,356,Kent State,Illinois,6.74,pbp,Mid-American,Big Ten,fbs,fbs
#4c4c4c,#da8f8f,2019,14,,2294,158,Iowa(19),Nebraska,6.74,pbp,Big Ten,Big Ten,fbs,fbs
#61a0ca,#d9c78e,2019,9,,23,349,San José State,Army,6.74,pbp,Mountain West,FBS Independents,fbs,fbs
#4abfc2,#e6dbb3,2023,7,,324,2026,Coastal Carolina,App State,6.74,pbp,Sun Belt,Sun Belt,fbs,fbs
#ba3e3e,#b57f81,2025,9,,2623,166,Missouri State,New Mexico State,6.74,pbp,Conference USA,Conference USA,fbs,fbs
#935531,#4c85c3,2025,9,,189,2309,Bowling Green,Kent State,6.74,pbp,Mid-American,Mid-American,fbs,fbs
#7cb0d3,#e6c6c7,2019,14,,2393,98,Middle Tennessee,Western Kentucky,6.74,pbp,Conference USA,Conference USA,fbs,fbs
#4b83c3,#e6dbb3,2019,10,,290,2026,Georgia Southern,App State(20),6.74,pbp,Sun Belt,Sun Belt,fbs,fbs
#a6999b,#e0a3ae,2024,13,,66,254,Iowa State(22),Utah,6.74,pbp,Big 12,Big 12,fbs,fbs
#d2adae,#ddb4b6,2021,8,,309,2032,Louisiana,Arkansas State,6.74,pbp,Sun Belt,Sun Belt,fbs,fbs
#4078be,#359f7d,2017,6,,2348,5,Louisiana Tech,UAB,6.74,pbp,Conference USA,Conference USA,fbs,fbs
#848484,#3f7fbd,2024,11,,258,221,Virginia,Pittsburgh(23),6.74,pbp,ACC,ACC,fbs,fbs
#339a72,#5096c4,2025,5,,62,2005,Hawai'i,Air Force,6.74,pbp,Mountain West,Mountain West,fbs,fbs
#61a0ca,#3f78bc,2021,10,,23,2440,San José State,Nevada,6.74,pbp,Mountain West,Mountain West,fbs,fbs
#5d7088,#848484,2015,2,,87,258,Notre Dame(9),Virginia,6.74,pbp,FBS Independents,ACC,fbs,fbs
#ddb4b6,#d2adae,2016,13,,2032,309,Arkansas State,Louisiana,6.74,pbp,Sun Belt,Sun Belt,fbs,fbs
#ad9a9d,#e3c2ab,2020,9,,103,228,Boston College,Clemson(1),6.74,pbp,ACC,ACC,fbs,fbs
#c0437e,#cf6e75,2021,5,,2117,193,Central Michigan,Miami (OH),6.74,legacy,Mid-American,Mid-American,fbs,fbs
#3f647f,#7f46c2,2021,4,,25,264,California,Washington,6.74,pbp,Pac-12,Pac-12,fbs,fbs
#39aa8c,#e7c8b6,2018,3,,58,356,South Florida,Illinois,6.74,pbp,American Athletic,Big Ten,fbs,fbs
#3c7eb4,#848484,2021,8,,59,258,Georgia Tech,Virginia,6.74,pbp,ACC,ACC,fbs,fbs
#b57f81,#3d68b7,2016,14,,166,6,New Mexico State,South Alabama,6.74,pbp,Sun Belt,Sun Belt,fbs,fbs
#7fa4d4,#e9e1ce,2025,2,,2305,142,Kansas,Missouri,6.74,pbp,Big 12,SEC,fbs,fbs
#a4a4a4,#7b7b7b,2016,7,,77,127,Northwestern,Michigan State,6.74,pbp,Big Ten,Big Ten,fbs,fbs
#b7b7b8,#6095ca,2023,12,,2567,235,SMU,Memphis,6.74,pbp,American Athletic,American Athletic,fbs,fbs
#848484,#f4f4f4,2025,9,,258,153,Virginia(16),North Carolina,6.73,pbp,ACC,ACC,fbs,fbs
#d17b7b,#7fa4d4,2024,3,,2439,2305,UNLV,Kansas,6.73,pbp,Mountain West,Big 12,fbs,fbs
#e1bbbf,#868686,2020,13,,2459,2711,Northern Illinois,Western Michigan,6.73,pbp,Mid-American,Mid-American,fbs,fbs
#838383,#ce919e,2020,14,,2751,167,Wyoming,New Mexico,6.73,pbp,Mountain West,Mountain West,fbs,fbs
#a75a7c,#7f46c2,2026,4,,135,264,Minnesota,Washington,6.73,pbp,Big Ten,Big Ten,fbs,fbs
#f4f4f4,#75807c,2015,Bowls,russell athletic bowl,153,239,North Carolina(15),Baylor(13),6.73,pbp,ACC,Big 12,fbs,fbs
#6b8bce,#61a0ca,2019,10,,68,23,Boise State(21),San José State,6.73,pbp,Mountain West,Mountain West,fbs,fbs
#978da5,#d6889a,2016,1,,99,275,LSU(5),Wisconsin,6.73,pbp,SEC,Big Ten,fbs,fbs
#339969,#dc9797,2022,8,,2199,2050,Eastern Michigan,Ball State,6.73,pbp,Mid-American,Mid-American,fbs,fbs
#d98c8c,#3c73b2,2021,5,,2641,277,Texas Tech,West Virginia,6.73,pbp,Big 12,Big 12,fbs,fbs
#3e72b9,#cc7a91,2023,1,,2006,218,Akron,Temple,6.73,pbp,Mid-American,American Athletic,fbs,fbs
#99a5bd,#b7949a,2024,4,,2115,113,Central Connecticut,Massachusetts,6.73,pbp,NEC,FBS Independents,fcs,fbs
#4c4c4c,#e7c8b6,2022,11,,2509,356,Purdue,Illinois(21),6.73,pbp,Big Ten,Big Ten,fbs,fbs
#6e6e6e,#7f46c2,2022,10,,204,264,Oregon State(24),Washington,6.73,pbp,Pac-12,Pac-12,fbs,fbs
#e6cab3,#af3a3a,2019,Bowls,academy sports + outdoors texas bowl,197,245,Oklahoma State,Texas A&M,6.73,pbp,Big 12,SEC,fbs,fbs
#e6cab3,#d98c8c,2017,5,,197,2641,Oklahoma State(15),Texas Tech,6.73,pbp,Big 12,Big 12,fbs,fbs
#99a6b8,#4b83c3,2017,10,,2247,290,Georgia State,Georgia Southern,6.73,pbp,Sun Belt,Sun Belt,fbs,fbs
#b57f81,#e6dbb3,2017,6,,166,2026,New Mexico State,App State,6.73,pbp,Sun Belt,Sun Belt,fbs,fbs
#75807c,#bca0a5,2019,15,,239,201,Baylor(8),Oklahoma(6),6.73,pbp,Big 12,Big 12,fbs,fbs
#3d75b8,#e7c8b6,2021,1,,2636,356,UTSA,Illinois,6.72,pbp,Conference USA,Big Ten,fbs,fbs
#3f7fbd,#5c81c6,2017,8,,221,150,Pittsburgh,Duke,6.72,pbp,ACC,ACC,fbs,fbs
#ddb4b6,#4b83c3,2018,5,,2032,290,Arkansas State,Georgia Southern,6.72,pbp,Sun Belt,Sun Belt,fbs,fbs
#6b8bce,#e9e1ce,2018,9,,96,142,Kentucky(12),Missouri,6.72,pbp,SEC,SEC,fbs,fbs
#FFFFFF,#4b83c3,2020,2,,2097,290,Campbell,Georgia Southern,6.72,pbp,Big South,Sun Belt,fcs,fbs
#d88a96,#3aaf80,2025,8,,97,2390,Louisville,Miami(2),6.72,pbp,ACC,ACC,fbs,fbs
#d3a5b1,#44699b,2016,8,,194,213,Ohio State(2),Penn State,6.72,pbp,Big Ten,Big Ten,fbs,fbs
#3d68b8,#838383,2021,1,,147,2751,Montana State,Wyoming,6.72,pbp,Big Sky,Mountain West,fcs,fbs
#7f46c2,#b9a0a5,2026,5,,264,30,Washington,USC(18),6.72,pbp,Big Ten,Big Ten,fbs,fbs
#6e6e6e,#3f647f,2021,9,,204,25,Oregon State,California,6.71,legacy,Pac-12,Pac-12,fbs,fbs
#4e6192,#99a6b8,2015,5,,2335,2247,Liberty,Georgia State,6.71,pbp,Big South,Sun Belt,fcs,fbs
#cc7a91,#c8c6c2,2018,10,,218,2116,Temple,UCF(9),6.71,pbp,American Athletic,American Athletic,fbs,fbs
#e6cab3,#3c73b2,2023,8,,197,277,Oklahoma State,West Virginia,6.71,pbp,Big 12,Big 12,fbs,fbs
#e6cab3,#a6999b,2021,8,,197,66,Oklahoma State(8),Iowa State,6.71,pbp,Big 12,Big 12,fbs,fbs
#f4f4f4,#99a6b8,2022,2,,153,2247,North Carolina,Georgia State,6.71,pbp,ACC,Sun Belt,fbs,fbs
#9858aa,#ffffff,2018,1,,2504,242,Prairie View A&M,Rice,6.71,pbp,SWAC,Conference USA,fcs,fbs
#bc778f,#a6999b,2025,10,,9,66,Arizona State,Iowa State,6.71,pbp,Big 12,Big 12,fbs,fbs
#9785a6,#b48686,2024,1,,2628,24,TCU,Stanford,6.71,pbp,Big 12,ACC,fbs,fbs
#a0a0a0,#848484,2019,3,,52,258,Florida State,Virginia(25),6.71,pbp,ACC,ACC,fbs,fbs
#e7c8b6,#db93a2,2023,7,,356,120,Illinois,Maryland,6.71,pbp,Big Ten,Big Ten,fbs,fbs
#af3a3a,#937a7f,2016,10,,245,344,Texas A&M(7),Mississippi State,6.71,pbp,SEC,SEC,fbs,fbs
#bca0a5,#e9e1ce,2024,11,,201,142,Oklahoma,Missouri,6.71,pbp,SEC,SEC,fbs,fbs
#9156c7,#6e6e6e,2024,6,,256,2433,James Madison,UL Monroe,6.7,pbp,Sun Belt,Sun Belt,fbs,fbs
#cf6e75,#339969,2021,6,,193,2199,Miami (OH),Eastern Michigan,6.7,pbp,Mid-American,Mid-American,fbs,fbs
#da8f8f,#7b7b7b,2023,10,,158,127,Nebraska,Michigan State,6.7,pbp,Big Ten,Big Ten,fbs,fbs
#e6ccb3,#e9e1ce,2019,13,,2633,142,Tennessee,Missouri,6.7,pbp,SEC,SEC,fbs,fbs
#47c27c,#3f647f,2020,14,,2483,25,Oregon(21),California,6.7,pbp,Pac-12,Pac-12,fbs,fbs
#cc7a91,#cfbdbf,2022,11,,218,248,Temple,Houston,6.7,pbp,American Athletic,American Athletic,fbs,fbs
#6b8bce,#5096c4,2018,9,,68,2005,Boise State,Air Force,6.7,pbp,Mountain West,Mountain West,fbs,fbs
#4e6192,#d5a6af,2019,9,,2335,164,Liberty,Rutgers,6.7,pbp,FBS Independents,Big Ten,fbs,fbs
#adb8c1,#da8f8f,2015,Bowls,foster farms bowl,26,158,UCLA,Nebraska,6.7,pbp,Pac-12,Big Ten,fbs,fbs
#3c7eb4,#3f7fbd,2022,5,,59,221,Georgia Tech,Pittsburgh(24),6.7,pbp,ACC,ACC,fbs,fbs
#e6ccb3,#57c78b,2021,11,,2638,249,UTEP,North Texas,6.7,pbp,Conference USA,Conference USA,fbs,fbs
#6f7cc9,#b7949a,2025,8,,2084,113,Buffalo,Massachusetts,6.7,pbp,Mid-American,Mid-American,fbs,fbs
#e5c2b2,#e6c6c7,2023,12,,2534,98,Sam Houston,Western Kentucky,6.7,pbp,Conference USA,Conference USA,fbs,fbs
#d88a96,#b8b8b8,2015,9,,97,154,Louisville,Wake Forest,6.7,pbp,ACC,ACC,fbs,fbs
#7f46c2,#6e6e6e,2021,5,,264,204,Washington,Oregon State,6.7,pbp,Pac-12,Pac-12,fbs,fbs
#d98c8c,#c24a54,2017,1,,152,2579,NC State,South Carolina,6.69,pbp,ACC,SEC,fbs,fbs
#bca0a5,#3c73b2,2022,11,,201,277,Oklahoma,West Virginia,6.69,legacy,Big 12,Big 12,fbs,fbs
#c0437e,#868686,2023,11,,2117,2711,Central Michigan,Western Michigan,6.69,pbp,Mid-American,Mid-American,fbs,fbs
#cf6e75,#76d198,2017,1,,193,276,Miami (OH),Marshall,6.69,pbp,Mid-American,Conference USA,fbs,fbs
#3e72b9,#357a9e,2015,Bowls,famous idaho potato bowl,2006,328,Akron,Utah State,6.69,pbp,Mid-American,Mountain West,fbs,fbs
#57c78b,#3d6bb7,2023,6,,249,2426,North Texas,Navy,6.69,pbp,American Athletic,American Athletic,fbs,fbs
#b7b7b8,#3f78bc,2024,1,,2567,2440,SMU,Nevada,6.69,pbp,ACC,Mountain West,fbs,fbs
#85797a,#ddb4b6,2021,13,,326,2032,Texas State,Arkansas State,6.69,pbp,Sun Belt,Sun Belt,fbs,fbs
#6f92cf,#b7b7b8,2024,2,,252,2567,BYU,SMU,6.69,pbp,Big 12,ACC,fbs,fbs
#bd9099,#e6ccb3,2024,8,,333,2633,Alabama(7),Tennessee(11),6.69,pbp,SEC,SEC,fbs,fbs
#ce919e,#f4f4f4,2016,1,,61,153,Georgia(18),North Carolina(22),6.69,pbp,SEC,ACC,fbs,fbs
#75807c,#a6999b,2020,10,,239,66,Baylor,Iowa State(17),6.69,pbp,Big 12,Big 12,fbs,fbs
#bd9fa4,#6b8bce,2019,7,,8,96,Arkansas,Kentucky,6.69,pbp,SEC,SEC,fbs,fbs
#e6dbb3,#3e72b9,2016,4,,2026,2006,App State,Akron,6.69,pbp,Sun Belt,Mid-American,fbs,fbs
#e1bbbf,#868686,2018,13,,2459,2711,Northern Illinois,Western Michigan,6.69,pbp,Mid-American,Mid-American,fbs,fbs
#bc778f,#937a7f,2025,2,,9,344,Arizona State(12),Mississippi State,6.69,pbp,Big 12,SEC,fbs,fbs
#519bc5,#e6ccb3,2021,5,,295,2638,Old Dominion,UTEP,6.69,pbp,Conference USA,Conference USA,fbs,fbs
#6b8bce,#a4a4a4,2017,Bowls,,96,77,Kentucky,Northwestern(17),6.69,pbp,SEC,Big Ten,fbs,fbs
#5096c4,#3f78bc,2024,13,,2005,2440,Air Force,Nevada,6.69,pbp,Mountain West,Mountain West,fbs,fbs
#5d7193,#937a7f,2023,2,,12,344,Arizona,Mississippi State,6.68,pbp,Pac-12,SEC,fbs,fbs
#937a7f,#4c4c4c,2018,Bowls,outback bowl,344,2294,Mississippi State,Iowa(25),6.68,pbp,SEC,Big Ten,fbs,fbs
#519bc5,#e6dbb3,2024,10,,295,2026,Old Dominion,App State,6.68,pbp,Sun Belt,Sun Belt,fbs,fbs
#cc6666,#a75a7c,2018,9,,84,135,Indiana,Minnesota,6.68,pbp,Big Ten,Big Ten,fbs,fbs
#6e6e6e,#d2adae,2015,9,,2433,309,UL Monroe,Louisiana,6.68,pbp,Sun Belt,Sun Belt,fbs,fbs
#57c78b,#85797a,2024,Bowls,servpro first responder bowl,249,326,North Texas,Texas State,6.68,pbp,American Athletic,Sun Belt,fbs,fbs
#cc6666,#e6c6c7,2021,4,,84,98,Indiana,Western Kentucky,6.68,pbp,Big Ten,Conference USA,fbs,fbs
#e6dbb3,#3aaf80,2021,2,,2026,2390,App State,Miami(22),6.68,pbp,Sun Belt,ACC,fbs,fbs
#b8b8b8,#b48686,2024,9,,154,24,Wake Forest,Stanford,6.68,pbp,ACC,ACC,fbs,fbs
#d07980,#3d68b7,2016,8,,2653,6,Troy,South Alabama,6.68,pbp,Sun Belt,Sun Belt,fbs,fbs
#7f46c2,#db93a2,2025,6,,264,120,Washington,Maryland,6.68,pbp,Big Ten,Big Ten,fbs,fbs
#978da5,#6f82cf,2018,6,,99,57,LSU(5),Florida(22),6.68,pbp,SEC,SEC,fbs,fbs
#db93a2,#a75a7c,2017,5,,120,135,Maryland,Minnesota,6.68,pbp,Big Ten,Big Ten,fbs,fbs
#935531,#3e72b9,2016,11,,189,2006,Bowling Green,Akron,6.68,pbp,Mid-American,Mid-American,fbs,fbs
#cf6e75,#8e8e8e,2019,11,,193,195,Miami (OH),Ohio,6.68,pbp,Mid-American,Mid-American,fbs,fbs
#838383,#61a0ca,2017,13,,2751,23,Wyoming,San José State,6.68,pbp,Mountain West,Mountain West,fbs,fbs
#af3a3a,#707987,2017,12,,245,145,Texas A&M,Ole Miss,6.68,pbp,SEC,SEC,fbs,fbs
#d98c8c,#e6cab3,2022,6,,2641,197,Texas Tech,Oklahoma State(7),6.68,pbp,Big 12,Big 12,fbs,fbs
#5d7088,#3d6bb7,2016,2,,41,2426,UConn,Navy,6.68,pbp,American Athletic,American Athletic,fbs,fbs
#339969,#4c85c3,2022,12,,2199,2309,Eastern Michigan,Kent State,6.68,pbp,Mid-American,Mid-American,fbs,fbs
#39aa8c,#6388cb,2022,12,,58,202,South Florida,Tulsa,6.68,pbp,American Athletic,American Athletic,fbs,fbs
#af3a3a,#c24a54,2018,7,,245,2579,Texas A&M(22),South Carolina,6.67,pbp,SEC,SEC,fbs,fbs
#935531,#339969,2017,13,,189,2199,Bowling Green,Eastern Michigan,6.67,pbp,Mid-American,Mid-American,fbs,fbs
#e6ccb3,#3d77b8,2018,7,,2633,2,Tennessee,Auburn(21),6.67,pbp,SEC,SEC,fbs,fbs
#d3a5b1,#5d7088,2023,4,,194,87,Ohio State(6),Notre Dame(9),6.67,pbp,Big Ten,FBS Independents,fbs,fbs
#b5b5b5,#ce919e,2016,7,,238,61,Vanderbilt,Georgia,6.67,pbp,SEC,SEC,fbs,fbs
#adb8c1,#b48686,2021,4,,26,24,UCLA(24),Stanford,6.67,legacy,Pac-12,Pac-12,fbs,fbs
#76d198,#7cb0d3,2021,5,,276,2393,Marshall,Middle Tennessee,6.67,pbp,Conference USA,Conference USA,fbs,fbs
#345b9d,#e6ccb3,2024,8,,2229,2638,Florida International,UTEP,6.67,pbp,Conference USA,Conference USA,fbs,fbs
#cf6e75,#e1bbbf,2022,12,,193,2459,Miami (OH),Northern Illinois,6.67,pbp,Mid-American,Mid-American,fbs,fbs
#5d7088,#359f7d,2024,11,,41,5,UConn,UAB,6.67,pbp,FBS Independents,American Athletic,fbs,fbs
#99a6b8,#e6ccb3,2019,1,,2247,2633,Georgia State,Tennessee,6.67,pbp,Sun Belt,SEC,fbs,fbs
#838383,#6b8bce,2019,11,,2751,68,Wyoming,Boise State(21),6.67,pbp,Mountain West,Mountain West,fbs,fbs
#3aaf80,#3c7eb4,2024,11,,2390,59,Miami(4),Georgia Tech,6.67,pbp,ACC,ACC,fbs,fbs
#3d77b8,#c24a54,2021,12,,2,2579,Auburn,South Carolina,6.67,pbp,SEC,SEC,fbs,fbs
#dc97a7,#3f78bc,2024,8,,278,2440,Fresno State,Nevada,6.67,pbp,Mountain West,Mountain West,fbs,fbs
#db93a2,#ad9a9d,2016,Bowls,quick lane bowl,120,103,Maryland,Boston College,6.67,pbp,Big Ten,ACC,fbs,fbs
#cfa0a8,#838383,2016,14,,21,2751,San Diego State,Wyoming,6.67,pbp,Mountain West,Mountain West,fbs,fbs
#576f8c,#838383,2023,Bowls,barstool sports arizona bowl,2649,2751,Toledo,Wyoming,6.66,pbp,Mid-American,Mountain West,fbs,fbs
#707987,#bca0a5,2025,9,,145,201,Ole Miss(8),Oklahoma(13),6.66,pbp,SEC,SEC,fbs,fbs
#838383,#cfa0a8,2019,7,,2751,21,Wyoming,San Diego State,6.66,pbp,Mountain West,Mountain West,fbs,fbs
#cf6e75,#937a7f,2016,Bowls,st. petersburg bowl,193,344,Miami (OH),Mississippi State,6.66,pbp,Mid-American,SEC,fbs,fbs
#b57f81,#e6c6c7,2023,11,,166,98,New Mexico State,Western Kentucky,6.66,pbp,Conference USA,Conference USA,fbs,fbs
#bd3f7d,#519bc5,2018,4,,259,295,Virginia Tech(13),Old Dominion,6.66,pbp,ACC,Conference USA,fbs,fbs
#cc6666,#44699b,2025,11,,84,213,Indiana(2),Penn State,6.66,pbp,Big Ten,Big Ten,fbs,fbs
#cbbdb5,#75807c,2021,9,,251,239,Texas,Baylor(16),6.66,pbp,Big 12,Big 12,fbs,fbs
#e7c8b6,#da8f8f,2024,4,,356,158,Illinois(24),Nebraska(22),6.66,pbp,Big Ten,Big Ten,fbs,fbs
#f0e8d6,#e5c2b2,2023,10,,338,2534,Kennesaw State,Sam Houston,6.66,pbp,FCS Independents,Conference USA,fcs,fbs
#3c73b2,#9785a6,2019,14,,277,2628,West Virginia,TCU,6.65,pbp,Big 12,Big 12,fbs,fbs
#6b8bce,#6f92cf,2015,2,,68,252,Boise State(20),BYU,6.65,pbp,Mountain West,FBS Independents,fbs,fbs
#5c81c6,#848484,2025,15,acc championship,150,258,Duke,Virginia(16),6.65,pbp,ACC,ACC,fbs,fbs
#3c7eb4,#848484,2015,9,,59,258,Georgia Tech,Virginia,6.65,pbp,ACC,ACC,fbs,fbs
#9785a6,#e6cab3,2019,10,,2628,197,TCU,Oklahoma State,6.65,pbp,Big 12,Big 12,fbs,fbs
#57c78b,#3d68b7,2024,1,,249,6,North Texas,South Alabama,6.65,pbp,American Athletic,Sun Belt,fbs,fbs
#cfa0a8,#3f78bc,2020,12,,21,2440,San Diego State,Nevada,6.65,pbp,Mountain West,Mountain West,fbs,fbs
#3d6bb7,#917e9c,2020,7,,2426,151,Navy,East Carolina,6.65,pbp,American Athletic,American Athletic,fbs,fbs
#3d77b8,#6b8bce,2015,7,,2,96,Auburn,Kentucky,6.65,pbp,SEC,SEC,fbs,fbs
#519bc5,#4fb885,2018,3,,295,2429,Old Dominion,Charlotte,6.65,pbp,Conference USA,Conference USA,fbs,fbs
#d5a6af,#a75a7c,2016,8,,164,135,Rutgers,Minnesota,6.65,pbp,Big Ten,Big Ten,fbs,fbs
#e3c2ab,#d98c8c,2017,10,,228,152,Clemson(6),NC State(20),6.65,pbp,ACC,ACC,fbs,fbs
#e6ccb3,#4fb885,2022,5,,2638,2429,UTEP,Charlotte,6.65,pbp,Conference USA,Conference USA,fbs,fbs
#ce919e,#9785a6,2016,Bowls,,61,2628,Georgia,TCU,6.65,pbp,SEC,Big 12,fbs,fbs
#da8f8f,#e7c8b6,2015,5,,158,356,Nebraska,Illinois,6.65,pbp,Big Ten,Big Ten,fbs,fbs
#6f82cf,#e6ccb3,2016,4,,57,2633,Florida(19),Tennessee(14),6.65,pbp,SEC,SEC,fbs,fbs
#b8b8b8,#d98c8c,2018,11,,154,152,Wake Forest,NC State(22),6.65,pbp,ACC,ACC,fbs,fbs
#4c4c4c,#44699b,2018,9,,2294,213,Iowa(18),Penn State(17),6.65,pbp,Big Ten,Big Ten,fbs,fbs
#917e9c,#4e6192,2024,4,,151,2335,East Carolina,Liberty,6.64,pbp,American Athletic,Conference USA,fbs,fbs
#e6ccb3,#bd9fa4,2024,6,,2633,8,Tennessee(4),Arkansas,6.64,pbp,SEC,SEC,fbs,fbs
#357a9e,#5096c4,2015,11,,328,2005,Utah State,Air Force,6.64,pbp,Mountain West,Mountain West,fbs,fbs
#d98c8c,#5d7193,2024,6,,2641,12,Texas Tech,Arizona,6.64,pbp,Big 12,Big 12,fbs,fbs
#dd9da6,#cf6e75,2017,3,,2132,193,Cincinnati,Miami (OH),6.64,pbp,American Athletic,Mid-American,fbs,fbs
#b57f81,#4b83c3,2017,7,,166,290,New Mexico State,Georgia Southern,6.64,pbp,Sun Belt,Sun Belt,fbs,fbs
#85797a,#99a6b8,2018,10,,326,2247,Texas State,Georgia State,6.64,legacy,Sun Belt,Sun Belt,fbs,fbs
#3c73b2,#75807c,2017,8,,277,239,West Virginia(23),Baylor,6.64,pbp,Big 12,Big 12,fbs,fbs
#5090c5,#4c4c4c,2022,4,,2226,2509,Florida Atlantic,Purdue,6.64,pbp,Conference USA,Big Ten,fbs,fbs
#828282,#7cb0d3,2023,4,,36,2393,Colorado State,Middle Tennessee,6.64,pbp,Mountain West,Conference USA,fbs,fbs
#978da5,#6f82cf,2022,7,,99,57,LSU,Florida,6.64,pbp,SEC,SEC,fbs,fbs
#935531,#3e72b9,2022,5,,189,2006,Bowling Green,Akron,6.64,pbp,Mid-American,Mid-American,fbs,fbs
#e6cab3,#cbbdb5,2019,4,,197,251,Oklahoma State,Texas(12),6.64,pbp,Big 12,Big 12,fbs,fbs
#4fb885,#5090c5,2016,6,,2429,2226,Charlotte,Florida Atlantic,6.64,pbp,Conference USA,Conference USA,fbs,fbs
#b7b7b8,#6388cb,2018,13,,2567,202,SMU,Tulsa,6.64,pbp,American Athletic,American Athletic,fbs,fbs
#bd3f7d,#4e6192,2022,12,,259,2335,Virginia Tech,Liberty,6.64,legacy,ACC,FBS Independents,fbs,fbs
#6f92cf,#e0a3ae,2018,13,,252,254,BYU,Utah(18),6.64,pbp,FBS Independents,Pac-12,fbs,fbs
#7f46c2,#b48686,2021,9,,264,24,Washington,Stanford,6.64,legacy,Pac-12,Pac-12,fbs,fbs
#3aaf80,#345b9d,2019,13,,2390,2229,Miami,Florida International,6.64,pbp,ACC,Conference USA,fbs,fbs
#bc778f,#47c27c,2018,12,,9,2483,Arizona State,Oregon,6.64,pbp,Pac-12,Pac-12,fbs,fbs
#dd9da6,#39aa8c,2019,12,,2132,58,Cincinnati(17),South Florida,6.64,pbp,American Athletic,American Athletic,fbs,fbs
#917e9c,#519bc5,2026,3,,151,295,East Carolina,Old Dominion,6.63,pbp,American Athletic,Sun Belt,fbs,fbs
#868686,#576f8c,2015,13,,2711,2649,Western Michigan,Toledo(24),6.63,legacy,Mid-American,Mid-American,fbs,fbs
#f4f4f4,#e3c2ab,2015,14,,153,228,North Carolina(8),Clemson(1),6.63,pbp,ACC,ACC,fbs,fbs
#6f92cf,#d6889a,2018,3,,252,275,BYU,Wisconsin(6),6.63,pbp,FBS Independents,Big Ten,fbs,fbs
#6095ca,#359f7d,2025,8,,235,5,Memphis(22),UAB,6.63,pbp,American Athletic,American Athletic,fbs,fbs
#3f647f,#b9a0a5,2018,11,,25,30,California,USC,6.63,pbp,Pac-12,Pac-12,fbs,fbs
#cf6e75,#359f7d,2022,Bowls,hometown lenders bahamas bowl,193,5,Miami (OH),UAB,6.63,pbp,Mid-American,Conference USA,fbs,fbs
#c0437e,#e6cab3,2016,2,,2117,197,Central Michigan,Oklahoma State(22),6.63,pbp,Mid-American,Big 12,fbs,fbs
#e6cab3,#cbbdb5,2021,7,,197,251,Oklahoma State(12),Texas(25),6.63,pbp,Big 12,Big 12,fbs,fbs
#4abfc2,#6e6e6e,2017,5,,324,2433,Coastal Carolina,UL Monroe,6.63,pbp,Sun Belt,Sun Belt,fbs,fbs
#bd9fa4,#e9e1ce,2024,14,,8,142,Arkansas,Missouri(24),6.63,pbp,SEC,SEC,fbs,fbs
#76d198,#935531,2022,3,,276,189,Marshall,Bowling Green,6.63,legacy,Sun Belt,Mid-American,fbs,fbs
#7b7b7b,#5d7088,2016,3,,127,87,Michigan State(12),Notre Dame(18),6.63,pbp,Big Ten,FBS Independents,fbs,fbs
#FFFFFF,#339969,2025,2,,2341,2199,Long Island University,Eastern Michigan,6.63,pbp,NEC,Mid-American,fcs,fbs
#3f78bc,#828282,2015,Bowls,nova home loans arizona bowl,2440,36,Nevada,Colorado State,6.63,pbp,Mountain West,Mountain West,fbs,fbs
#359f7d,#57c78b,2019,14,,5,249,UAB,North Texas,6.63,pbp,Conference USA,Conference USA,fbs,fbs
#ad9a9d,#3c7eb4,2021,11,,103,59,Boston College,Georgia Tech,6.63,pbp,ACC,ACC,fbs,fbs
#937a7f,#af3a3a,2021,5,,344,245,Mississippi State,Texas A&M(15),6.63,pbp,SEC,SEC,fbs,fbs
#d2adae,#6e6e6e,2022,4,,309,2433,Louisiana,UL Monroe,6.63,pbp,Sun Belt,Sun Belt,fbs,fbs
#4b83c3,#3f78bc,2024,2,,290,2440,Georgia Southern,Nevada,6.63,pbp,Sun Belt,Mountain West,fbs,fbs
#3c73b2,#885caf,2017,11,,277,2306,West Virginia(23),Kansas State,6.62,pbp,Big 12,Big 12,fbs,fbs
#7cb0d3,#3f78bc,2025,3,,2393,2440,Middle Tennessee,Nevada,6.62,pbp,Conference USA,Mountain West,fbs,fbs
#e6ccb3,#ffffff,2022,10,,2638,242,UTEP,Rice,6.62,pbp,Conference USA,Conference USA,fbs,fbs
#6b8bce,#44699b,2018,Bowls,vrbo citrus bowl,96,213,Kentucky(12),Penn State(17),6.62,pbp,SEC,Big Ten,fbs,fbs
#339969,#d5a6af,2017,2,,2199,164,Eastern Michigan,Rutgers,6.62,pbp,Mid-American,Big Ten,fbs,fbs
#6b8bce,#c24a54,2015,2,,96,2579,Kentucky,South Carolina,6.62,pbp,SEC,SEC,fbs,fbs
#da8f8f,#d5a6af,2022,6,,158,164,Nebraska,Rutgers,6.62,pbp,Big Ten,Big Ten,fbs,fbs
#a75a7c,#d5a6af,2024,11,,135,164,Minnesota,Rutgers,6.62,pbp,Big Ten,Big Ten,fbs,fbs
#dd9da6,#ce919e,2020,Bowls,chick-fil-a peach bowl,2132,61,Cincinnati(8),Georgia(7),6.62,legacy,American Athletic,SEC,fbs,fbs
#b9a0a5,#978da5,2024,1,modelo vegas kickoff classic,30,99,USC(23),LSU(13),6.62,pbp,Big Ten,SEC,fbs,fbs
#cc7a91,#b8b8b8,2016,Bowls,military bowl presented by northrop grumman,218,154,Temple,Wake Forest,6.62,pbp,American Athletic,ACC,fbs,fbs
#e6ccb3,#b57f81,2019,13,,2638,166,UTEP,New Mexico State,6.62,pbp,Conference USA,FBS Independents,fbs,fbs
#cf6e75,#c0437e,2019,15,,193,2117,Miami (OH),Central Michigan,6.62,pbp,Mid-American,Mid-American,fbs,fbs
#ba3e3e,#7cb0d3,2025,7,,2623,2393,Missouri State,Middle Tennessee,6.62,pbp,Conference USA,Conference USA,fbs,fbs
#bd9fa4,#828282,2018,2,,8,36,Arkansas,Colorado State,6.62,pbp,SEC,Mountain West,fbs,fbs
#3d75b8,#cc7a91,2025,6,,2636,218,UTSA,Temple,6.62,pbp,American Athletic,American Athletic,fbs,fbs
#cbbdb5,#bd9099,2023,2,,251,333,Texas(11),Alabama(3),6.62,pbp,Big 12,SEC,fbs,fbs
#9785a6,#7fa4d4,2024,5,,2628,2305,TCU,Kansas,6.62,pbp,Big 12,Big 12,fbs,fbs
#85797a,#4b83c3,2020,11,,326,290,Texas State,Georgia Southern,6.62,pbp,Sun Belt,Sun Belt,fbs,fbs
#d98c8c,#917e9c,2022,1,,152,151,NC State(13),East Carolina,6.62,pbp,ACC,American Athletic,fbs,fbs
#9785a6,#d98c8c,2023,10,,2628,2641,TCU,Texas Tech,6.62,pbp,Big 12,Big 12,fbs,fbs
#ffffff,#519bc5,2017,12,,242,295,Rice,Old Dominion,6.61,pbp,Conference USA,Conference USA,fbs,fbs
#848484,#3f7fbd,2021,12,,258,221,Virginia,Pittsburgh(20),6.61,pbp,ACC,ACC,fbs,fbs
#4b83c3,#e6dbb3,2025,11,,290,2026,Georgia Southern,App State,6.61,pbp,Sun Belt,Sun Belt,fbs,fbs
#3d77b8,#978da5,2021,5,,2,99,Auburn(22),LSU,6.61,pbp,SEC,SEC,fbs,fbs
#3f78bc,#cfa0a8,2021,11,,2440,21,Nevada,San Diego State,6.61,pbp,Mountain West,Mountain West,fbs,fbs
#ce919e,#6f82cf,2025,10,,61,57,Georgia(5),Florida,6.61,pbp,SEC,SEC,fbs,fbs
#3f78bc,#61a0ca,2022,9,,2440,23,Nevada,San José State,6.61,pbp,Mountain West,Mountain West,fbs,fbs
#6b8bce,#af3a3a,2018,6,,96,245,Kentucky(13),Texas A&M,6.61,pbp,SEC,SEC,fbs,fbs
#b9a0a5,#d6889a,2015,Bowls,national funding holiday bowl,30,275,USC,Wisconsin(21),6.61,pbp,Pac-12,Big Ten,fbs,fbs
#7fa4d4,#bca0a5,2022,7,,2305,201,Kansas(19),Oklahoma,6.61,legacy,Big 12,Big 12,fbs,fbs
#a6999b,#e6cab3,2020,8,,66,197,Iowa State(17),Oklahoma State(6),6.61,pbp,Big 12,Big 12,fbs,fbs
#937a7f,#c24a54,2023,4,,344,2579,Mississippi State,South Carolina,6.61,pbp,SEC,SEC,fbs,fbs
#e6dbb3,#4b83c3,2020,15,,2026,290,App State,Georgia Southern,6.61,pbp,Sun Belt,Sun Belt,fbs,fbs
#4c85c3,#339969,2019,14,,2309,2199,Kent State,Eastern Michigan,6.61,pbp,Mid-American,Mid-American,fbs,fbs
#345b9d,#c8c6c2,2015,1,,2229,2116,Florida International,UCF,6.61,pbp,Conference USA,American Athletic,fbs,fbs
#adb8c1,#bc778f,2018,11,,26,9,UCLA,Arizona State,6.61,pbp,Pac-12,Pac-12,fbs,fbs
#8e8e8e,#6f7cc9,2017,13,,195,2084,Ohio,Buffalo,6.6,pbp,Mid-American,Mid-American,fbs,fbs
#FFFFFF,#828282,2016,Bowls,famous idaho potato bowl,70,36,Idaho,Colorado State,6.6,pbp,Sun Belt,Mountain West,fbs,fbs
#3f7fbd,#7b7b7b,2021,Bowls,chick-fil-a peach bowl,221,127,Pittsburgh(13),Michigan State(9),6.6,pbp,ACC,Big Ten,fbs,fbs
#a0a0a0,#ad9a9d,2021,12,,52,103,Florida State,Boston College,6.6,pbp,ACC,ACC,fbs,fbs
#40be99,#3d6bb7,2017,2,,2655,2426,Tulane,Navy,6.6,legacy,American Athletic,American Athletic,fbs,fbs
#868686,#e1bbbf,2015,12,,2711,2459,Western Michigan,Northern Illinois,6.6,pbp,Mid-American,Mid-American,fbs,fbs
#b6999d,#848484,2025,8,,265,258,Washington State,Virginia(18),6.6,pbp,Pac-12,ACC,fbs,fbs
#6f7cc9,#4c85c3,2019,12,,2084,2309,Buffalo,Kent State,6.6,pbp,Mid-American,Mid-American,fbs,fbs
#b57f81,#85797a,2015,10,,166,326,New Mexico State,Texas State,6.6,pbp,Sun Belt,Sun Belt,fbs,fbs
#bd9099,#c24a54,2025,9,,333,2579,Alabama(4),South Carolina,6.6,pbp,SEC,SEC,fbs,fbs
#935531,#cf6e75,2026,5,,189,193,Bowling Green,Miami (OH),6.6,pbp,Mid-American,Mid-American,fbs,fbs
#848484,#d88a96,2019,9,,258,97,Virginia,Louisville,6.6,pbp,ACC,ACC,fbs,fbs
#4c4c4c,#e7c8b6,2024,7,,2509,356,Purdue,Illinois(23),6.6,legacy,Big Ten,Big Ten,fbs,fbs
#c24a54,#bd9099,2024,7,,2579,333,South Carolina,Alabama(7),6.6,pbp,SEC,SEC,fbs,fbs
#b6999d,#bc778f,2016,8,,265,9,Washington State,Arizona State,6.6,pbp,Pac-12,Pac-12,fbs,fbs
#ce919e,#339a72,2024,14,,167,62,New Mexico,Hawai'i,6.6,pbp,Mountain West,Mountain West,fbs,fbs
#345b9d,#4fb885,2018,12,,2229,2429,Florida International,Charlotte,6.6,pbp,Conference USA,Conference USA,fbs,fbs
#d3a5aa,#e1bbbf,2026,2,,2287,2459,Illinois State,Northern Illinois,6.6,pbp,MVFC,Mountain West,fcs,fbs
#4078be,#3d75b8,2015,6,,2348,2636,Louisiana Tech,UTSA,6.6,pbp,Conference USA,Conference USA,fbs,fbs
#d2adae,#359f7d,2020,8,,309,5,Louisiana,UAB,6.59,pbp,Sun Belt,Conference USA,fbs,fbs
#cfbdbf,#40be99,2017,12,,248,2655,Houston,Tulane,6.59,pbp,American Athletic,American Athletic,fbs,fbs
#6f92cf,#f2f2f2,2025,5,,252,38,BYU(25),Colorado,6.59,pbp,Big 12,Big 12,fbs,fbs
#7f46c2,#f2f2f2,2021,12,,264,38,Washington,Colorado,6.59,pbp,Pac-12,Pac-12,fbs,fbs
#3c73b2,#cbbdb5,2016,11,,277,251,West Virginia(11),Texas,6.59,pbp,Big 12,Big 12,fbs,fbs
#4c85c3,#838383,2021,Bowls,famous idaho potato bowl,2309,2751,Kent State,Wyoming,6.59,pbp,Mid-American,Mountain West,fbs,fbs
#bc778f,#cfa0a8,2018,3,,9,21,Arizona State(23),San Diego State,6.59,pbp,Pac-12,Mountain West,fbs,fbs
#ce919e,#3d75b8,2016,Bowls,gildan new mexico bowl,167,2636,New Mexico,UTSA,6.59,legacy,Mountain West,Conference USA,fbs,fbs
#e1bbbf,#da8f8f,2017,3,,2459,158,Northern Illinois,Nebraska,6.59,pbp,Mid-American,Big Ten,fbs,fbs
#bd9099,#707987,2022,11,,333,145,Alabama(10),Ole Miss(11),6.59,pbp,SEC,SEC,fbs,fbs
#3f647f,#9785a6,2018,Bowls,cheez-it bowl,25,2628,California,TCU,6.59,pbp,Pac-12,Big 12,fbs,fbs
#40be99,#d2adae,2024,4,,2655,309,Tulane,Louisiana,6.59,pbp,American Athletic,Sun Belt,fbs,fbs
#39aa8c,#917e9c,2015,10,,58,151,South Florida,East Carolina,6.59,pbp,American Athletic,American Athletic,fbs,fbs
#dc97a7,#6b8bce,2018,11,,278,68,Fresno State(16),Boise State,6.59,pbp,Mountain West,Mountain West,fbs,fbs
#6f82cf,#e6ccb3,2022,4,,57,2633,Florida(20),Tennessee(11),6.59,pbp,SEC,SEC,fbs,fbs
#bd9099,#e9e1ce,2025,7,,333,142,Alabama(8),Missouri(14),6.58,pbp,SEC,SEC,fbs,fbs
#d98c8c,#e3c2ab,2016,7,,152,228,NC State,Clemson(3),6.58,pbp,ACC,ACC,fbs,fbs
#cbb4b7,#4b83c3,2021,1,,2241,290,Gardner-Webb,Georgia Southern,6.58,legacy,Big South,Sun Belt,fcs,fbs
#3e72b9,#868686,2017,7,,2006,2711,Akron,Western Michigan,6.58,pbp,Mid-American,Mid-American,fbs,fbs
#359f7d,#e6c6c7,2022,8,,5,98,UAB,Western Kentucky,6.58,pbp,Conference USA,Conference USA,fbs,fbs
#3e72b9,#359f7d,2025,3,,2006,5,Akron,UAB,6.58,pbp,Mid-American,American Athletic,fbs,fbs
#917e9c,#cfbdbf,2021,8,,151,248,East Carolina,Houston,6.58,pbp,American Athletic,American Athletic,fbs,fbs
#7cb0d3,#4e6192,2023,8,,2393,2335,Middle Tennessee,Liberty,6.58,pbp,Conference USA,Conference USA,fbs,fbs
#3f647f,#adb8c1,2017,13,,25,26,California,UCLA,6.58,pbp,Pac-12,Pac-12,fbs,fbs
#4c4c4c,#6b8bce,2021,Bowls,vrbo citrus bowl,2294,96,Iowa(23),Kentucky(18),6.58,pbp,Big Ten,SEC,fbs,fbs
#ce919e,#828282,2018,7,,167,36,New Mexico,Colorado State,6.58,pbp,Mountain West,Mountain West,fbs,fbs
#4c4c4c,#adb8c1,2024,11,,2294,26,Iowa,UCLA,6.58,pbp,Big Ten,Big Ten,fbs,fbs
#d37d7b,#7cb0d3,2023,6,,55,2393,Jacksonville State,Middle Tennessee,6.58,pbp,Conference USA,Conference USA,fbs,fbs
#b9a0a5,#f2f2f2,2015,11,,30,38,USC,Colorado,6.57,pbp,Pac-12,Pac-12,fbs,fbs
#da8f8f,#d5a6af,2020,16,,158,164,Nebraska,Rutgers,6.57,pbp,Big Ten,Big Ten,fbs,fbs
#d37d7b,#c24a54,2023,10,,55,2579,Jacksonville State,South Carolina,6.57,pbp,Conference USA,SEC,fbs,fbs
#3d68b7,#99a6b8,2025,9,,6,2247,South Alabama,Georgia State,6.57,pbp,Sun Belt,Sun Belt,fbs,fbs
#e3c2ab,#3c7eb4,2025,3,,228,59,Clemson(12),Georgia Tech,6.57,pbp,ACC,ACC,fbs,fbs
#5c81c6,#3f7fbd,2022,12,,150,221,Duke,Pittsburgh,6.57,pbp,ACC,ACC,fbs,fbs
#7b7b7b,#b8b8b8,2019,Bowls,new era pinstripe bowl,127,154,Michigan State,Wake Forest,6.57,pbp,Big Ten,ACC,fbs,fbs
#828282,#ce919e,2015,12,,36,167,Colorado State,New Mexico,6.57,pbp,Mountain West,Mountain West,fbs,fbs
#7b7b7b,#4c4c4c,2025,13,,127,2294,Michigan State,Iowa,6.57,pbp,Big Ten,Big Ten,fbs,fbs
#b48686,#7f46c2,2020,14,,24,264,Stanford,Washington(23),6.57,pbp,Pac-12,Pac-12,fbs,fbs
#d98c8c,#5c81c6,2025,4,,152,150,NC State,Duke,6.57,pbp,ACC,ACC,fbs,fbs
#3f78bc,#339a72,2020,13,,2440,62,Nevada,Hawai'i,6.57,pbp,Mountain West,Mountain West,fbs,fbs
#b48686,#3f647f,2022,12,,24,25,Stanford,California,6.57,pbp,Pac-12,Pac-12,fbs,fbs
#c8c6c2,#39aa8c,2022,13,,2116,58,UCF(25),South Florida,6.57,pbp,American Athletic,American Athletic,fbs,fbs
#d17b7b,#ddb4b6,2018,4,,2439,2032,UNLV,Arkansas State,6.57,pbp,Mountain West,Sun Belt,fbs,fbs
#339969,#c0437e,2015,13,,2199,2117,Eastern Michigan,Central Michigan,6.57,pbp,Mid-American,Mid-American,fbs,fbs
#6f82cf,#b5b5b5,2018,7,,57,238,Florida(14),Vanderbilt,6.57,pbp,SEC,SEC,fbs,fbs
#3d77b8,#bd9fa4,2025,9,,2,8,Auburn,Arkansas,6.57,pbp,SEC,SEC,fbs,fbs
#5d7088,#3aaf80,2025,1,,87,2390,Notre Dame(6),Miami(10),6.57,pbp,FBS Independents,ACC,fbs,fbs
#b5b5b5,#e1bbbf,2022,3,,238,2459,Vanderbilt,Northern Illinois,6.57,pbp,SEC,Mid-American,fbs,fbs
#a4a4a4,#4c4c4c,2024,10,,77,2509,Northwestern,Purdue,6.57,pbp,Big Ten,Big Ten,fbs,fbs
#c24a54,#917e9c,2021,2,,2579,151,South Carolina,East Carolina,6.57,pbp,SEC,American Athletic,fbs,fbs
#e3c2ab,#3f7fbd,2024,12,,228,221,Clemson(17),Pittsburgh,6.57,pbp,ACC,ACC,fbs,fbs
#ce919e,#d5a6af,2016,3,,167,164,New Mexico,Rutgers,6.57,pbp,Mountain West,Big Ten,fbs,fbs
#3d75b8,#d9c78e,2024,14,,2636,349,UTSA,Army(25),6.57,pbp,American Athletic,American Athletic,fbs,fbs
#339969,#3e72b9,2024,9,,2199,2006,Eastern Michigan,Akron,6.57,pbp,Mid-American,Mid-American,fbs,fbs
#76d198,#5d7088,2022,2,,276,87,Marshall,Notre Dame(8),6.57,pbp,Sun Belt,FBS Independents,fbs,fbs
#b6999d,#dc97a7,2024,7,,265,278,Washington State,Fresno State,6.57,legacy,Pac-12,Mountain West,fbs,fbs
#3d68b7,#d2adae,2024,12,,6,309,South Alabama,Louisiana,6.57,pbp,Sun Belt,Sun Belt,fbs,fbs
#af3a3a,#707987,2019,8,,245,145,Texas A&M,Ole Miss,6.56,legacy,SEC,SEC,fbs,fbs
#b7949a,#b57f81,2023,1,,113,166,Massachusetts,New Mexico State,6.56,pbp,FBS Independents,Conference USA,fbs,fbs
#9785a6,#cfbdbf,2025,13,,2628,248,TCU,Houston(25),6.56,pbp,Big 12,Big 12,fbs,fbs
#3974ac,#44699b,2021,11,,130,213,Michigan(9),Penn State(23),6.56,pbp,Big Ten,Big Ten,fbs,fbs
#76d198,#345b9d,2018,13,,276,2229,Marshall,Florida International,6.56,pbp,Conference USA,Conference USA,fbs,fbs
#8e8e8e,#4c85c3,2022,5,,195,2309,Ohio,Kent State,6.56,legacy,Mid-American,Mid-American,fbs,fbs
#FFFFFF,#d07980,2015,7,,70,2653,Idaho,Troy,6.56,pbp,Sun Belt,Sun Belt,fbs,fbs
#ddb4b6,#99a6b8,2019,6,,2032,2247,Arkansas State,Georgia State,6.56,pbp,Sun Belt,Sun Belt,fbs,fbs
#b48686,#cfa0a8,2017,3,,24,21,Stanford(19),San Diego State,6.56,pbp,Pac-12,Mountain West,fbs,fbs
#b48686,#6e6e6e,2017,9,,24,204,Stanford(20),Oregon State,6.56,pbp,Pac-12,Pac-12,fbs,fbs
#7cb0d3,#3aaf80,2022,4,,2393,2390,Middle Tennessee,Miami(25),6.56,pbp,Conference USA,ACC,fbs,fbs
#d98c8c,#3c7eb4,2019,13,,152,59,NC State,Georgia Tech,6.55,pbp,ACC,ACC,fbs,fbs
#ffffff,#39aa8c,2023,4,,242,58,Rice,South Florida,6.55,pbp,American Athletic,American Athletic,fbs,fbs
#99a6b8,#4b83c3,2021,9,,2247,290,Georgia State,Georgia Southern,6.55,legacy,Sun Belt,Sun Belt,fbs,fbs
#3c73b2,#bd3f7d,2017,1,,277,259,West Virginia(22),Virginia Tech(21),6.55,pbp,Big 12,ACC,fbs,fbs
#917e9c,#57c78b,2024,13,,151,249,East Carolina,North Texas,6.55,pbp,American Athletic,American Athletic,fbs,fbs
#da8f8f,#d3a5b1,2018,10,,158,194,Nebraska,Ohio State(8),6.55,pbp,Big Ten,Big Ten,fbs,fbs
#b48686,#b9a0a5,2015,3,,24,30,Stanford,USC(6),6.55,pbp,Pac-12,Pac-12,fbs,fbs
#cc6666,#db93a2,2019,8,,84,120,Indiana,Maryland,6.55,pbp,Big Ten,Big Ten,fbs,fbs
#3f7fbd,#4c4c4c,2015,3,,221,2294,Pittsburgh,Iowa,6.55,pbp,ACC,Big Ten,fbs,fbs
#bd9099,#ce919e,2025,5,,333,61,Alabama(17),Georgia(5),6.55,pbp,SEC,SEC,fbs,fbs
#4abfc2,#3d68b7,2018,13,,324,6,Coastal Carolina,South Alabama,6.55,pbp,Sun Belt,Sun Belt,fbs,fbs
#3f647f,#f2f2f2,2022,7,,25,38,California,Colorado,6.55,pbp,Pac-12,Pac-12,fbs,fbs
#3f78bc,#6b8bce,2021,5,,2440,68,Nevada,Boise State,6.55,pbp,Mountain West,Mountain West,fbs,fbs
#e6c7b3,#e3c2ab,2022,8,,183,228,Syracuse(14),Clemson(5),6.55,pbp,ACC,ACC,fbs,fbs
#3e72b9,#b7949a,2019,5,,2006,113,Akron,Massachusetts,6.55,pbp,Mid-American,FBS Independents,fbs,fbs
#e2c9a6,#d17b7b,2025,1,,304,2439,Idaho State,UNLV,6.55,pbp,Big Sky,Mountain West,fcs,fbs
#4c4c4c,#da8f8f,2021,13,,2294,158,Iowa(17),Nebraska,6.55,pbp,Big Ten,Big Ten,fbs,fbs
#e5c2b2,#6e6e6e,2025,11,,2534,204,Sam Houston,Oregon State,6.54,pbp,Conference USA,Pac-12,fbs,fbs
#ba3e3e,#4e6192,2025,11,,2623,2335,Missouri State,Liberty,6.54,pbp,Conference USA,Conference USA,fbs,fbs
#5096c4,#ce919e,2015,13,,2005,167,Air Force,New Mexico,6.54,pbp,Mountain West,Mountain West,fbs,fbs
#339a72,#838383,2017,4,,62,2751,Hawai'i,Wyoming,6.54,pbp,Mountain West,Mountain West,fbs,fbs
#d5a6af,#bd3f7d,2024,4,,164,259,Rutgers,Virginia Tech,6.54,pbp,Big Ten,ACC,fbs,fbs
#b7b7b8,#cfbdbf,2019,9,,2567,248,SMU(16),Houston,6.54,pbp,American Athletic,American Athletic,fbs,fbs
#3f78bc,#3f647f,2021,1,,2440,25,Nevada,California,6.54,pbp,Mountain West,Pac-12,fbs,fbs
#ababae,#917e9c,2021,4,,2127,151,Charleston Southern,East Carolina,6.54,pbp,Big South,American Athletic,fcs,fbs
#b6999d,#c0437e,2021,Bowls,tony the tiger sun bowl,265,2117,Washington State,Central Michigan,6.54,pbp,Pac-12,Mid-American,fbs,fbs
#ba3e3e,#bd9fa4,2022,3,,2623,8,Missouri State,Arkansas(10),6.54,pbp,MVFC,SEC,fcs,fbs
#cf6e75,#a4a4a4,2022,4,,193,77,Miami (OH),Northwestern,6.54,pbp,Mid-American,Big Ten,fbs,fbs
#5d7193,#ce919e,2015,Bowls,gildan new mexico bowl,12,167,Arizona,New Mexico,6.54,pbp,Pac-12,Mountain West,fbs,fbs
#6e6e6e,#e6ccb3,2025,4,,2433,2638,UL Monroe,UTEP,6.54,pbp,Sun Belt,Conference USA,fbs,fbs
#e1bbbf,#c0437e,2023,10,,2459,2117,Northern Illinois,Central Michigan,6.54,pbp,Mid-American,Mid-American,fbs,fbs
#6f92cf,#5d7193,2018,1,,252,12,BYU,Arizona,6.54,pbp,FBS Independents,Pac-12,fbs,fbs
#5d7193,#b48686,2023,4,,12,24,Arizona,Stanford,6.54,pbp,Pac-12,Pac-12,fbs,fbs
#FFFFFF,#868686,2017,3,,70,2711,Idaho,Western Michigan,6.54,pbp,Sun Belt,Mid-American,fbs,fbs
#bd9fa4,#af3a3a,2024,5,,8,245,Arkansas,Texas A&M(24),6.54,pbp,SEC,SEC,fbs,fbs
#7b7b7b,#3974ac,2015,7,,127,130,Michigan State(7),Michigan(12),6.54,pbp,Big Ten,Big Ten,fbs,fbs
#b6999d,#7f46c2,2024,3,,265,264,Washington State,Washington,6.53,pbp,Pac-12,Big Ten,fbs,fbs
#cf6e75,#4c85c3,2017,7,,193,2309,Miami (OH),Kent State,6.53,pbp,Mid-American,Mid-American,fbs,fbs
#3d6bb7,#917e9c,2024,14,,2426,151,Navy,East Carolina,6.53,legacy,American Athletic,American Athletic,fbs,fbs
#885caf,#cfbdbf,2024,10,,2306,248,Kansas State(17),Houston,6.53,pbp,Big 12,Big 12,fbs,fbs
#e6ccb3,#5090c5,2021,9,,2638,2226,UTEP,Florida Atlantic,6.53,legacy,Conference USA,Conference USA,fbs,fbs
#e0a3ae,#cfbdbf,2024,9,,254,248,Utah,Houston,6.53,pbp,Big 12,Big 12,fbs,fbs
#cbb4b7,#4e6192,2022,7,,2241,2335,Gardner-Webb,Liberty,6.53,pbp,Big South,FBS Independents,fcs,fbs
#75807c,#3d77b8,2026,1,aflac kickoff,239,2,Baylor,Auburn,6.53,pbp,Big 12,SEC,fbs,fbs
#a6999b,#e6cab3,2022,11,,66,197,Iowa State,Oklahoma State,6.53,pbp,Big 12,Big 12,fbs,fbs
#dc9797,#4c85c3,2022,10,,2050,2309,Ball State,Kent State,6.53,pbp,Mid-American,Mid-American,fbs,fbs
#5c81c6,#848484,2015,12,,150,258,Duke,Virginia,6.53,pbp,ACC,ACC,fbs,fbs
#3f647f,#5d7193,2018,6,,25,12,California,Arizona,6.53,pbp,Pac-12,Pac-12,fbs,fbs
#6f82cf,#978da5,2015,7,,57,99,Florida(8),LSU(6),6.53,pbp,SEC,SEC,fbs,fbs
#44699b,#cc6666,2018,8,,213,84,Penn State(18),Indiana,6.53,pbp,Big Ten,Big Ten,fbs,fbs
#da8f8f,#d6889a,2023,12,,158,275,Nebraska,Wisconsin,6.53,pbp,Big Ten,Big Ten,fbs,fbs
#f4f4f4,#a75a7c,2024,1,,153,135,North Carolina,Minnesota,6.53,pbp,ACC,Big Ten,fbs,fbs
#57c78b,#359f7d,2018,8,,249,5,North Texas,UAB,6.52,pbp,Conference USA,Conference USA,fbs,fbs
#5090c5,#ffffff,2023,13,,2226,242,Florida Atlantic,Rice,6.52,pbp,American Athletic,American Athletic,fbs,fbs
#838383,#357a9e,2019,12,,2751,328,Wyoming,Utah State,6.52,pbp,Mountain West,Mountain West,fbs,fbs
#937a7f,#d88a96,2019,Bowls,franklin american mortgage music city bowl,344,97,Mississippi State,Louisville,6.52,pbp,SEC,ACC,fbs,fbs
#4b83c3,#d2adae,2020,4,,290,309,Georgia Southern,Louisiana(19),6.52,pbp,Sun Belt,Sun Belt,fbs,fbs
#d9c78e,#885caf,2025,2,,349,2306,Army,Kansas State,6.52,pbp,American Athletic,Big 12,fbs,fbs
#b48686,#6e6e6e,2019,5,,24,204,Stanford,Oregon State,6.52,pbp,Pac-12,Pac-12,fbs,fbs
#d07980,#da8f8f,2018,3,,2653,158,Troy,Nebraska,6.52,pbp,Sun Belt,Big Ten,fbs,fbs
#c65681,#8e8e8e,2022,4,,2230,195,Fordham,Ohio,6.52,legacy,Patriot,Mid-American,fcs,fbs
#5c81c6,#b8b8b8,2017,13,,150,154,Duke,Wake Forest,6.52,pbp,ACC,ACC,fbs,fbs
#e0a3ae,#7f46c2,2023,11,,254,264,Utah(13),Washington(5),6.52,pbp,Pac-12,Pac-12,fbs,fbs
#b48686,#5d7088,2022,7,,24,87,Stanford,Notre Dame,6.52,pbp,Pac-12,FBS Independents,fbs,fbs
#3974ac,#a4a4a4,2025,12,,130,77,Michigan(18),Northwestern,6.52,legacy,Big Ten,Big Ten,fbs,fbs
#f2f2f2,#3c7eb4,2026,1,,38,59,Colorado,Georgia Tech,6.52,pbp,Big 12,ACC,fbs,fbs
#b9a0a5,#da8f8f,2025,10,,30,158,USC(23),Nebraska,6.52,pbp,Big Ten,Big Ten,fbs,fbs
#7cb0d3,#345b9d,2022,13,,2393,2229,Middle Tennessee,Florida International,6.52,pbp,Conference USA,Conference USA,fbs,fbs
#4fb885,#e6ccb3,2019,11,,2429,2638,Charlotte,UTEP,6.52,pbp,Conference USA,Conference USA,fbs,fbs
#f4f4f4,#c24a54,2015,1,,153,2579,North Carolina,South Carolina,6.52,pbp,ACC,SEC,fbs,fbs
#339a72,#7cb0d3,2016,Bowls,hawai'i bowl,62,2393,Hawai'i,Middle Tennessee,6.52,legacy,Mountain West,Conference USA,fbs,fbs
#7cb0d3,#4fb885,2016,12,,2393,2429,Middle Tennessee,Charlotte,6.52,pbp,Conference USA,Conference USA,fbs,fbs
#4b83c3,#b57f81,2016,8,,290,166,Georgia Southern,New Mexico State,6.52,pbp,Sun Belt,Sun Belt,fbs,fbs
#3aa07c,#4c4c4c,2016,3,,2449,2294,North Dakota State,Iowa(13),6.52,pbp,MVFC,Big Ten,fcs,fbs
#d9c78e,#40be99,2017,4,,349,2655,Army,Tulane,6.52,pbp,FBS Independents,American Athletic,fbs,fbs
#6f92cf,#75807c,2024,5,,252,239,BYU(22),Baylor,6.51,pbp,Big 12,Big 12,fbs,fbs
#dc97a7,#6b8bce,2017,14,,278,68,Fresno State(25),Boise State,6.51,pbp,Mountain West,Mountain West,fbs,fbs
#576f8c,#868686,2025,4,,2649,2711,Toledo,Western Michigan,6.51,pbp,Mid-American,Mid-American,fbs,fbs
#e6c6c7,#d9c78e,2021,2,,98,349,Western Kentucky,Army,6.51,pbp,Conference USA,FBS Independents,fbs,fbs
#5096c4,#d88a96,2021,Bowls,servpro first responder bowl,2005,97,Air Force,Louisville,6.51,pbp,Mountain West,ACC,fbs,fbs
#4c4c4c,#ad9a9d,2017,Bowls,new era pinstripe bowl,2294,103,Iowa,Boston College,6.51,pbp,Big Ten,ACC,fbs,fbs
#61a0ca,#dc97a7,2016,13,,23,278,San José State,Fresno State,6.51,pbp,Mountain West,Mountain West,fbs,fbs
#339969,#8e8e8e,2016,7,,2199,195,Eastern Michigan,Ohio,6.51,pbp,Mid-American,Mid-American,fbs,fbs
#b9a0a5,#6e6e6e,2022,4,,30,204,USC(7),Oregon State,6.51,pbp,Pac-12,Pac-12,fbs,fbs
#7f46c2,#adb8c1,2022,5,,264,26,Washington(15),UCLA,6.51,pbp,Pac-12,Pac-12,fbs,fbs
#bd9fa4,#978da5,2021,11,,8,99,Arkansas,LSU,6.51,pbp,SEC,SEC,fbs,fbs
#b48686,#339a72,2025,1,,24,62,Stanford,Hawai'i,6.51,pbp,ACC,Mountain West,fbs,fbs
#e0a3ae,#e6cab3,2024,4,,254,197,Utah(12),Oklahoma State(14),6.51,pbp,Big 12,Big 12,fbs,fbs
#39aa8c,#ffffff,2024,14,,58,242,South Florida,Rice,6.51,pbp,American Athletic,American Athletic,fbs,fbs
#4c4c4c,#cc6666,2016,13,,2509,84,Purdue,Indiana,6.51,pbp,Big Ten,Big Ten,fbs,fbs
#4c4c4c,#a75a7c,2025,7,,2509,135,Purdue,Minnesota,6.51,pbp,Big Ten,Big Ten,fbs,fbs
#339a72,#dc97a7,2016,12,,62,278,Hawai'i,Fresno State,6.51,pbp,Mountain West,Mountain West,fbs,fbs
#d17b7b,#339a72,2024,11,,2439,62,UNLV,Hawai'i,6.51,pbp,Mountain West,Mountain West,fbs,fbs
#f4ebe0,#4078be,2019,8,,2572,2348,Southern Miss,Louisiana Tech,6.51,pbp,Conference USA,Conference USA,fbs,fbs
#3f78bc,#d17b7b,2022,13,,2440,2439,Nevada,UNLV,6.51,pbp,Mountain West,Mountain West,fbs,fbs
#6b8bce,#3f78bc,2018,7,,68,2440,Boise State,Nevada,6.51,pbp,Mountain West,Mountain West,fbs,fbs
#b48686,#e0a3ae,2017,6,,24,254,Stanford,Utah(20),6.51,pbp,Pac-12,Pac-12,fbs,fbs
#6f7cc9,#3e72b9,2023,5,,2084,2006,Buffalo,Akron,6.51,pbp,Mid-American,Mid-American,fbs,fbs
#978da5,#937a7f,2021,4,,99,344,LSU,Mississippi State,6.51,pbp,SEC,SEC,fbs,fbs
#39aa8c,#6f82cf,2022,3,,58,57,South Florida,Florida(18),6.51,pbp,American Athletic,SEC,fbs,fbs
#4e6192,#e6c7b3,2021,4,,2335,183,Liberty,Syracuse,6.51,pbp,FBS Independents,ACC,fbs,fbs
#3e72b9,#4c85c3,2022,8,,2006,2309,Akron,Kent State,6.5,pbp,Mid-American,Mid-American,fbs,fbs
#828282,#ce919e,2017,8,,36,167,Colorado State,New Mexico,6.5,pbp,Mountain West,Mountain West,fbs,fbs
#359f7d,#39aa8c,2024,8,,5,58,UAB,South Florida,6.5,pbp,American Athletic,American Athletic,fbs,fbs
#a6999b,#cbbdb5,2022,7,,66,251,Iowa State,Texas(22),6.5,pbp,Big 12,Big 12,fbs,fbs
#937a7f,#bd9fa4,2017,12,,344,8,Mississippi State(17),Arkansas,6.5,pbp,SEC,SEC,fbs,fbs
#e6ccb3,#57c78b,2015,13,,2638,249,UTEP,North Texas,6.5,pbp,Conference USA,Conference USA,fbs,fbs
#d98c8c,#e6c7b3,2020,13,,152,183,NC State,Syracuse,6.5,pbp,ACC,ACC,fbs,fbs
#39aa8c,#6f82cf,2025,2,,58,57,South Florida,Florida(13),6.5,pbp,American Athletic,SEC,fbs,fbs
#cf6e75,#8e8e8e,2025,11,,193,195,Miami (OH),Ohio,6.5,pbp,Mid-American,Mid-American,fbs,fbs
#e0a3ae,#adb8c1,2022,6,,254,26,Utah(11),UCLA(18),6.5,pbp,Pac-12,Pac-12,fbs,fbs
#4b83c3,#e5c2b2,2024,Bowls,r+l carriers new orleans bowl,290,2534,Georgia Southern,Sam Houston,6.5,pbp,Sun Belt,Conference USA,fbs,fbs
#bd3f7d,#3c7eb4,2017,11,,259,59,Virginia Tech(17),Georgia Tech,6.5,pbp,ACC,ACC,fbs,fbs
#3d77b8,#707987,2016,9,,2,145,Auburn(15),Ole Miss,6.5,pbp,SEC,SEC,fbs,fbs
#ffffff,#e6ccb3,2021,12,,242,2638,Rice,UTEP,6.5,legacy,Conference USA,Conference USA,fbs,fbs
#4b83c3,#339969,2018,Bowls,raycom media camellia bowl,290,2199,Georgia Southern,Eastern Michigan,6.5,pbp,Sun Belt,Mid-American,fbs,fbs
#3aa07c,#f2f2f2,2024,1,,2449,38,North Dakota State,Colorado,6.5,pbp,MVFC,Big 12,fcs,fbs
#FFFFFF,#cf6e75,2016,2,,2197,193,Eastern Illinois,Miami (OH),6.49,pbp,OVC,Mid-American,fcs,fbs
#7f46c2,#3d77b8,2018,1,,264,2,Washington(6),Auburn(9),6.49,pbp,Pac-12,SEC,fbs,fbs
#7cb0d3,#6989c7,2025,9,,2393,48,Middle Tennessee,Delaware,6.49,pbp,Conference USA,Conference USA,fbs,fbs
#6e6e6e,#6388cb,2015,6,,2433,202,UL Monroe,Tulsa,6.49,pbp,Sun Belt,American Athletic,fbs,fbs
#b8b8b8,#bd3f7d,2025,6,,154,259,Wake Forest,Virginia Tech,6.49,pbp,ACC,ACC,fbs,fbs
#5d7193,#bca0a5,2023,Bowls,valero alamo bowl,12,201,Arizona(11),Oklahoma(15),6.49,pbp,Pac-12,Big 12,fbs,fbs
#3f7fbd,#f4f4f4,2024,6,,221,153,Pittsburgh,North Carolina,6.49,pbp,ACC,ACC,fbs,fbs
#a0a0a0,#6f82cf,2021,13,,52,57,Florida State,Florida,6.49,pbp,ACC,SEC,fbs,fbs
#e6c6c7,#ba3e3e,2025,5,,98,2623,Western Kentucky,Missouri State,6.49,pbp,Conference USA,Conference USA,fbs,fbs
#f0e8d6,#d37d7b,2025,12,,338,55,Kennesaw State,Jacksonville State,6.49,pbp,Conference USA,Conference USA,fbs,fbs
#6f92cf,#e9e1ce,2015,11,,252,142,BYU,Missouri,6.49,pbp,FBS Independents,SEC,fbs,fbs
#3e72b9,#dc9797,2016,8,,2006,2050,Akron,Ball State,6.49,pbp,Mid-American,Mid-American,fbs,fbs
#576f8c,#cfa0a8,2022,4,,2649,21,Toledo,San Diego State,6.49,pbp,Mid-American,Mountain West,fbs,fbs
#5096c4,#3d6bb7,2019,6,,2005,2426,Air Force,Navy,6.49,pbp,Mountain West,American Athletic,fbs,fbs
#3f78bc,#85797a,2023,4,,2440,326,Nevada,Texas State,6.49,pbp,Mountain West,Sun Belt,fbs,fbs
#e6c7b3,#ad9a9d,2022,13,,183,103,Syracuse,Boston College,6.49,pbp,ACC,ACC,fbs,fbs
#b5b5b5,#7cb0d3,2015,5,,238,2393,Vanderbilt,Middle Tennessee,6.49,pbp,SEC,Conference USA,fbs,fbs
#b8b8b8,#e6c7b3,2017,11,,154,183,Wake Forest,Syracuse,6.49,pbp,ACC,ACC,fbs,fbs
#cbbdb5,#75807c,2015,14,,251,239,Texas,Baylor(12),6.49,pbp,Big 12,Big 12,fbs,fbs
#6f92cf,#4abfc2,2020,14,,252,324,BYU(8),Coastal Carolina(14),6.49,pbp,FBS Independents,Sun Belt,fbs,fbs
#917e9c,#519bc5,2024,2,,151,295,East Carolina,Old Dominion,6.49,pbp,American Athletic,Sun Belt,fbs,fbs
#4e6192,#576f8c,2022,Bowls,roofclaim.com boca raton bowl,2335,2649,Liberty,Toledo,6.49,pbp,FBS Independents,Mid-American,fbs,fbs
#3e72b9,#935531,2025,13,,2006,189,Akron,Bowling Green,6.49,pbp,Mid-American,Mid-American,fbs,fbs
#dc9797,#6f7cc9,2020,16,,2050,2084,Ball State,Buffalo(23),6.49,pbp,Mid-American,Mid-American,fbs,fbs
#cfbdbf,#3d77b8,2021,Bowls,ticketsmarter birmingham bowl,248,2,Houston(17),Auburn,6.49,pbp,American Athletic,SEC,fbs,fbs
#dc97a7,#5096c4,2024,11,,278,2005,Fresno State,Air Force,6.49,pbp,Mountain West,Mountain West,fbs,fbs
#5090c5,#345b9d,2025,3,,2226,2229,Florida Atlantic,Florida International,6.49,pbp,American Athletic,Conference USA,fbs,fbs
#707987,#cc6666,2020,Bowls,outback bowl,145,84,Ole Miss,Indiana(12),6.48,pbp,SEC,Big Ten,fbs,fbs
#576f8c,#935531,2025,7,,2649,189,Toledo,Bowling Green,6.48,pbp,Mid-American,Mid-American,fbs,fbs
#adb8c1,#47c27c,2020,12,,26,2483,UCLA,Oregon(11),6.48,pbp,Pac-12,Pac-12,fbs,fbs
#345b9d,#4078be,2023,1,,2229,2348,Florida International,Louisiana Tech,6.48,pbp,Conference USA,Conference USA,fbs,fbs
#6e6e6e,#e6dbb3,2025,6,,204,2026,Oregon State,App State,6.48,pbp,Pac-12,Sun Belt,fbs,fbs
#5d7193,#bc778f,2017,13,,12,9,Arizona,Arizona State,6.48,pbp,Pac-12,Pac-12,fbs,fbs
#75807c,#3c73b2,2016,14,,239,277,Baylor,West Virginia(14),6.48,pbp,Big 12,Big 12,fbs,fbs
#a6999b,#7fa4d4,2024,11,,66,2305,Iowa State(17),Kansas,6.48,pbp,Big 12,Big 12,fbs,fbs
#e7c8b6,#3974ac,2022,12,,356,130,Illinois,Michigan(3),6.48,pbp,Big Ten,Big Ten,fbs,fbs
#e0a3ae,#47c27c,2022,12,,254,2483,Utah(10),Oregon(12),6.48,pbp,Pac-12,Pac-12,fbs,fbs
#3c73b2,#dd9da6,2024,11,,277,2132,West Virginia,Cincinnati,6.48,pbp,Big 12,Big 12,fbs,fbs
#4c85c3,#5d7193,2021,3,,2464,12,Northern Arizona,Arizona,6.48,pbp,Big Sky,Pac-12,fcs,fbs
#cbbdb5,#9785a6,2021,5,,251,2628,Texas,TCU,6.48,pbp,Big 12,Big 12,fbs,fbs
#345b9d,#ddb4b6,2019,Bowls,camellia bowl,2229,2032,Florida International,Arkansas State,6.48,pbp,Conference USA,Sun Belt,fbs,fbs
#339969,#519bc5,2016,Bowls,popeyes bahamas bowl,2199,295,Eastern Michigan,Old Dominion,6.47,pbp,Mid-American,Conference USA,fbs,fbs
#6f82cf,#b5b5b5,2022,12,,57,238,Florida,Vanderbilt,6.47,pbp,SEC,SEC,fbs,fbs
#868686,#6f7cc9,2026,5,,2711,2084,Western Michigan,Buffalo,6.47,pbp,Mid-American,Mid-American,fbs,fbs
#f2f2f2,#6e6e6e,2015,8,,38,204,Colorado,Oregon State,6.47,pbp,Pac-12,Pac-12,fbs,fbs
#7cb0d3,#d07980,2020,12,,2393,2653,Middle Tennessee,Troy,6.47,pbp,Conference USA,Sun Belt,fbs,fbs
#6095ca,#e9e1ce,2023,4,,235,142,Memphis,Missouri,6.47,pbp,American Athletic,SEC,fbs,fbs
#e0cfa2,#359f7d,2025,1,,2011,5,Alabama State,UAB,6.47,pbp,SWAC,American Athletic,fcs,fbs
#9156c7,#d07980,2023,3,,256,2653,James Madison,Troy,6.47,pbp,Sun Belt,Sun Belt,fbs,fbs
#bd9099,#937a7f,2017,11,,333,344,Alabama(1),Mississippi State(18),6.47,pbp,SEC,SEC,fbs,fbs
#af3a3a,#978da5,2023,13,,245,99,Texas A&M,LSU(14),6.47,pbp,SEC,SEC,fbs,fbs
#565656,#5d7088,2021,1,,107,41,Holy Cross,UConn,6.47,pbp,Patriot,FBS Independents,fcs,fbs
#3d6bb7,#40be99,2020,3,,2426,2655,Navy,Tulane,6.47,pbp,American Athletic,American Athletic,fbs,fbs
#d3a5b1,#935531,2017,2,,233,189,South Dakota,Bowling Green,6.47,pbp,MVFC,Mid-American,fcs,fbs
#4b83c3,#519bc5,2022,8,,290,295,Georgia Southern,Old Dominion,6.47,pbp,Sun Belt,Sun Belt,fbs,fbs
#6f82cf,#c24a54,2019,8,,57,2579,Florida(9),South Carolina,6.47,pbp,SEC,SEC,fbs,fbs
#c0437e,#868686,2021,10,,2117,2711,Central Michigan,Western Michigan,6.47,pbp,Mid-American,Mid-American,fbs,fbs
#e6c7b3,#ad9a9d,2016,8,,183,103,Syracuse,Boston College,6.47,pbp,ACC,ACC,fbs,fbs
#cbbdb5,#a6999b,2019,12,,251,66,Texas(22),Iowa State,6.47,pbp,Big 12,Big 12,fbs,fbs
#5096c4,#838383,2016,6,,2005,2751,Air Force,Wyoming,6.47,pbp,Mountain West,Mountain West,fbs,fbs
#c24a54,#e7c8b6,2024,Bowls,cheez-it citrus bowl,2579,356,South Carolina(19),Illinois(16),6.47,pbp,SEC,Big Ten,fbs,fbs
#3c73b2,#bc778f,2025,12,,277,9,West Virginia,Arizona State,6.47,pbp,Big 12,Big 12,fbs,fbs
#5090c5,#e6c6c7,2017,9,,2226,98,Florida Atlantic,Western Kentucky,6.47,pbp,Conference USA,Conference USA,fbs,fbs
#d07980,#d2adae,2022,10,,2653,309,Troy,Louisiana,6.47,pbp,Sun Belt,Sun Belt,fbs,fbs
#4b83c3,#ddb4b6,2025,9,,290,2032,Georgia Southern,Arkansas State,6.46,pbp,Sun Belt,Sun Belt,fbs,fbs
#576f8c,#b7949a,2015,8,,2649,113,Toledo(19),Massachusetts,6.46,pbp,Mid-American,Mid-American,fbs,fbs
#ad9a9d,#b8b8b8,2016,13,,103,154,Boston College,Wake Forest,6.46,pbp,ACC,ACC,fbs,fbs
#3974ac,#c24a54,2017,Bowls,outback bowl,130,2579,Michigan,South Carolina,6.46,pbp,Big Ten,SEC,fbs,fbs
#4078be,#bd9fa4,2016,1,,2348,8,Louisiana Tech,Arkansas,6.46,pbp,Conference USA,SEC,fbs,fbs
#848484,#d88a96,2023,11,,258,97,Virginia,Louisville(11),6.46,pbp,ACC,ACC,fbs,fbs
#848484,#b8b8b8,2016,10,,258,154,Virginia,Wake Forest,6.46,pbp,ACC,ACC,fbs,fbs
#3aaf80,#a0a0a0,2015,6,,2390,52,Miami,Florida State(12),6.46,pbp,ACC,ACC,fbs,fbs
#a6999b,#7fa4d4,2016,11,,66,2305,Iowa State,Kansas,6.46,pbp,Big 12,Big 12,fbs,fbs
#e6c6c7,#dc9797,2018,4,,98,2050,Western Kentucky,Ball State,6.46,pbp,Conference USA,Mid-American,fbs,fbs
#db93a2,#e7c8b6,2021,3,,120,356,Maryland,Illinois,6.46,pbp,Big Ten,Big Ten,fbs,fbs
#99a6b8,#3d77b8,2021,4,,2247,2,Georgia State,Auburn(23),6.46,pbp,Sun Belt,SEC,fbs,fbs
#848484,#d88a96,2015,11,,258,97,Virginia,Louisville,6.46,pbp,ACC,ACC,fbs,fbs
#4e6192,#4b83c3,2019,Bowls,fbc mortgage cure bowl,2335,290,Liberty,Georgia Southern,6.45,legacy,FBS Independents,Sun Belt,fbs,fbs
#6095ca,#3c73b2,2024,Bowls,scooter's coffee frisco bowl,235,277,Memphis(24),West Virginia,6.45,pbp,American Athletic,Big 12,fbs,fbs
#dc9797,#e1bbbf,2023,11,,2050,2459,Ball State,Northern Illinois,6.45,pbp,Mid-American,Mid-American,fbs,fbs
#4abfc2,#4b83c3,2023,5,,324,290,Coastal Carolina,Georgia Southern,6.45,pbp,Sun Belt,Sun Belt,fbs,fbs
#838383,#b6999d,2024,14,,2751,265,Wyoming,Washington State,6.45,pbp,Mountain West,Pac-12,fbs,fbs
#3f647f,#7f46c2,2015,4,,25,264,California,Washington,6.45,pbp,Pac-12,Pac-12,fbs,fbs
#3d6bb7,#d9c78e,2023,15,,2426,349,Navy,Army,6.45,legacy,American Athletic,FBS Independents,fbs,fbs
#6388cb,#c8c6c2,2020,5,,202,2116,Tulsa,UCF(11),6.45,pbp,American Athletic,American Athletic,fbs,fbs
#b6999d,#7f46c2,2023,13,,265,264,Washington State,Washington(4),6.45,pbp,Pac-12,Pac-12,fbs,fbs
#cbbdb5,#6b8bce,2025,8,,251,96,Texas(21),Kentucky,6.45,pbp,SEC,SEC,fbs,fbs
#99a6b8,#d2adae,2023,8,,2247,309,Georgia State,Louisiana,6.45,pbp,Sun Belt,Sun Belt,fbs,fbs
#4385c0,#99a6b8,2024,2,,236,2247,Chattanooga,Georgia State,6.45,pbp,Southern,Sun Belt,fcs,fbs
#917e9c,#519bc5,2019,5,,151,295,East Carolina,Old Dominion,6.45,pbp,American Athletic,Conference USA,fbs,fbs
#d98c8c,#b8b8b8,2017,12,,152,154,NC State(25),Wake Forest,6.45,pbp,ACC,ACC,fbs,fbs
#4c4c4c,#b9a0a5,2025,12,,2294,30,Iowa,USC(17),6.45,pbp,Big Ten,Big Ten,fbs,fbs
#a75a7c,#4c4c4c,2021,11,,135,2294,Minnesota,Iowa(19),6.45,pbp,Big Ten,Big Ten,fbs,fbs
#dc9797,#e1bbbf,2019,6,,2050,2459,Ball State,Northern Illinois,6.45,pbp,Mid-American,Mid-American,fbs,fbs
#e6c6c7,#d88a96,2018,3,,98,97,Western Kentucky,Louisville,6.45,pbp,Conference USA,ACC,fbs,fbs
#bd9fa4,#bd3f7d,2016,Bowls,,8,259,Arkansas,Virginia Tech(16),6.45,pbp,SEC,ACC,fbs,fbs
#4078be,#519bc5,2021,9,,2348,295,Louisiana Tech,Old Dominion,6.45,pbp,Conference USA,Conference USA,fbs,fbs
#f2f2f2,#adb8c1,2017,5,,38,26,Colorado,UCLA,6.45,pbp,Pac-12,Pac-12,fbs,fbs
#888888,#838383,2018,3,,2747,2751,Wofford,Wyoming,6.44,pbp,Southern,Mountain West,fcs,fbs
#a6999b,#f2f2f2,2025,7,,66,38,Iowa State(22),Colorado,6.44,pbp,Big 12,Big 12,fbs,fbs
#4078be,#4fb885,2022,12,,2348,2429,Louisiana Tech,Charlotte,6.44,pbp,Conference USA,Conference USA,fbs,fbs
#bd9099,#af3a3a,2023,6,,333,245,Alabama(11),Texas A&M,6.44,pbp,SEC,SEC,fbs,fbs
#bd9099,#bca0a5,2025,Bowls,,333,201,Alabama(9),Oklahoma(13),6.44,pbp,SEC,SEC,fbs,fbs
#dc9797,#c0437e,2016,6,,2050,2117,Ball State,Central Michigan,6.44,pbp,Mid-American,Mid-American,fbs,fbs
#b9a0a5,#a75a7c,2024,6,,30,135,USC(11),Minnesota,6.44,pbp,Big Ten,Big Ten,fbs,fbs
#d07980,#4e6192,2018,7,,2653,2335,Troy,Liberty,6.44,pbp,Sun Belt,FBS Independents,fbs,fbs
#e0a3ae,#b9a0a5,2019,4,,254,30,Utah(10),USC,6.44,pbp,Pac-12,Pac-12,fbs,fbs
#e6c7b3,#b8b8b8,2022,12,,183,154,Syracuse,Wake Forest,6.44,pbp,ACC,ACC,fbs,fbs
#3d68b7,#937a7f,2016,1,,6,344,South Alabama,Mississippi State,6.44,pbp,Sun Belt,SEC,fbs,fbs
#3d68b7,#d2adae,2016,3,,6,309,South Alabama,Louisiana,6.44,pbp,Sun Belt,Sun Belt,fbs,fbs
#6b8bce,#c24a54,2023,12,,96,2579,Kentucky,South Carolina,6.44,pbp,SEC,SEC,fbs,fbs
#ffffff,#cfbdbf,2022,4,,242,248,Rice,Houston,6.44,pbp,Conference USA,American Athletic,fbs,fbs
#4c4c4c,#3974ac,2026,4,,2294,130,Iowa(17),Michigan(18),6.44,pbp,Big Ten,Big Ten,fbs,fbs
#7cb0d3,#76d198,2018,6,,2393,276,Middle Tennessee,Marshall,6.44,pbp,Conference USA,Conference USA,fbs,fbs
#5c81c6,#848484,2017,6,,150,258,Duke,Virginia,6.44,pbp,ACC,ACC,fbs,fbs
#dd9da6,#b7b7b8,2022,8,,2132,2567,Cincinnati(21),SMU,6.44,pbp,American Athletic,American Athletic,fbs,fbs
#4c4c4c,#d5a6af,2025,4,,2294,164,Iowa,Rutgers,6.44,pbp,Big Ten,Big Ten,fbs,fbs
#8e8e8e,#e1bbbf,2015,13,,195,2459,Ohio,Northern Illinois,6.44,pbp,Mid-American,Mid-American,fbs,fbs
#e6dbb3,#4abfc2,2020,12,,2026,324,App State,Coastal Carolina(15),6.44,pbp,Sun Belt,Sun Belt,fbs,fbs
#345b9d,#519bc5,2018,2,,2229,295,Florida International,Old Dominion,6.44,pbp,Conference USA,Conference USA,fbs,fbs
#d9c78e,#99a6b8,2019,8,,349,2247,Army,Georgia State,6.44,pbp,FBS Independents,Sun Belt,fbs,fbs
#61a0ca,#576f8c,2023,3,,23,2649,San José State,Toledo,6.44,pbp,Mountain West,Mid-American,fbs,fbs
#565656,#ad9a9d,2023,2,,107,103,Holy Cross,Boston College,6.44,pbp,Patriot,ACC,fcs,fbs
#d9c78e,#3d75b8,2023,3,,349,2636,Army,UTSA,6.44,pbp,FBS Independents,American Athletic,fbs,fbs
#d6889a,#44699b,2026,4,,275,213,Wisconsin,Penn State(13),6.43,pbp,Big Ten,Big Ten,fbs,fbs
#3e72b9,#6f7cc9,2025,9,,2006,2084,Akron,Buffalo,6.43,pbp,Mid-American,Mid-American,fbs,fbs
#6388cb,#e6cab3,2021,2,,202,197,Tulsa,Oklahoma State,6.43,pbp,American Athletic,Big 12,fbs,fbs
#cc7a91,#dd9da6,2015,2,,218,2132,Temple,Cincinnati,6.43,pbp,American Athletic,American Athletic,fbs,fbs
#4b83c3,#d07980,2021,6,,290,2653,Georgia Southern,Troy,6.43,pbp,Sun Belt,Sun Belt,fbs,fbs
#40be99,#3d68b7,2025,2,,2655,6,Tulane,South Alabama,6.43,pbp,American Athletic,Sun Belt,fbs,fbs
#c0437e,#3e72b9,2025,6,,2117,2006,Central Michigan,Akron,6.43,pbp,Mid-American,Mid-American,fbs,fbs
#cc7a91,#ad9a9d,2018,5,,218,103,Temple,Boston College,6.43,pbp,American Athletic,ACC,fbs,fbs
#c8c6c2,#40be99,2019,13,,2116,2655,UCF,Tulane,6.43,pbp,American Athletic,American Athletic,fbs,fbs
#e6cab3,#a6999b,2023,4,,197,66,Oklahoma State,Iowa State,6.43,pbp,Big 12,Big 12,fbs,fbs
#e1bbbf,#5d7088,2024,2,,2459,87,Northern Illinois,Notre Dame(5),6.43,pbp,Mid-American,FBS Independents,fbs,fbs
#4fb885,#99a6b8,2015,1,,2429,2247,Charlotte,Georgia State,6.43,pbp,Conference USA,Sun Belt,fbs,fbs
#bd3f7d,#5c81c6,2020,5,,259,150,Virginia Tech,Duke,6.43,pbp,ACC,ACC,fbs,fbs
#519bc5,#f4ebe0,2023,6,,295,2572,Old Dominion,Southern Miss,6.42,pbp,Sun Belt,Sun Belt,fbs,fbs
#40be99,#359f7d,2018,3,,2655,5,Tulane,UAB,6.42,pbp,American Athletic,Conference USA,fbs,fbs
#6c6f6d,#4fb885,2022,1,,2729,2429,William & Mary,Charlotte,6.42,legacy,CAA,Conference USA,fcs,fbs
#d88a96,#c8c6c2,2022,2,,97,2116,Louisville,UCF,6.42,pbp,ACC,American Athletic,fbs,fbs
#3c7eb4,#e6c7b3,2024,2,,59,183,Georgia Tech(23),Syracuse,6.42,pbp,ACC,ACC,fbs,fbs
#ce919e,#cfa0a8,2024,11,,167,21,New Mexico,San Diego State,6.42,pbp,Mountain West,Mountain West,fbs,fbs
#da8f8f,#d6889a,2016,9,,158,275,Nebraska(7),Wisconsin(11),6.42,pbp,Big Ten,Big Ten,fbs,fbs
#6e6e6e,#76d198,2024,10,,2433,276,UL Monroe,Marshall,6.42,pbp,Sun Belt,Sun Belt,fbs,fbs
#ddb4b6,#e1bbbf,2023,Bowls,camellia bowl,2032,2459,Arkansas State,Northern Illinois,6.42,pbp,Sun Belt,Mid-American,fbs,fbs
#e7c8b6,#4c4c4c,2023,12,,356,2294,Illinois,Iowa,6.42,pbp,Big Ten,Big Ten,fbs,fbs
#f4f4f4,#e3c2ab,2026,3,,153,228,North Carolina,Clemson,6.42,pbp,ACC,ACC,fbs,fbs
#3d77b8,#c24a54,2020,7,,2,2579,Auburn(14),South Carolina,6.42,pbp,SEC,SEC,fbs,fbs
#f4f4f4,#5d7088,2021,9,,153,87,North Carolina,Notre Dame(11),6.42,pbp,ACC,FBS Independents,fbs,fbs
#d88a96,#3f7fbd,2020,4,,97,221,Louisville(24),Pittsburgh(21),6.42,pbp,ACC,ACC,fbs,fbs
#a0a0a0,#bc778f,2019,Bowls,,52,9,Florida State,Arizona State,6.42,pbp,ACC,Pac-12,fbs,fbs
#e5c2b2,#ce919e,2019,1,,2534,167,Sam Houston,New Mexico,6.41,pbp,Southland,Mountain West,fcs,fbs
#9b9b9c,#6f7cc9,2026,1,,399,2084,UAlbany,Buffalo,6.41,pbp,Coastal Athletic,Mid-American,fcs,fbs
#3c7eb4,#ad9a9d,2016,1,,59,103,Georgia Tech,Boston College,6.41,pbp,ACC,ACC,fbs,fbs
#4e6192,#e6c6c7,2020,3,,2335,98,Liberty,Western Kentucky,6.41,pbp,FBS Independents,Conference USA,fbs,fbs
#519bc5,#4b83c3,2023,12,,295,290,Old Dominion,Georgia Southern,6.41,pbp,Sun Belt,Sun Belt,fbs,fbs
#d17b7b,#3f78bc,2017,13,,2439,2440,UNLV,Nevada,6.41,pbp,Mountain West,Mountain West,fbs,fbs
#75807c,#e6cab3,2021,14,,239,197,Baylor(9),Oklahoma State(5),6.41,pbp,Big 12,Big 12,fbs,fbs
#7cb0d3,#345b9d,2016,9,,2393,2229,Middle Tennessee,Florida International,6.41,pbp,Conference USA,Conference USA,fbs,fbs
#dc9797,#935531,2023,10,,2050,189,Ball State,Bowling Green,6.41,pbp,Mid-American,Mid-American,fbs,fbs
#8e8e8e,#d5a6af,2025,1,,195,164,Ohio,Rutgers,6.41,legacy,Mid-American,Big Ten,fbs,fbs
#a0a0a0,#3c7eb4,2024,1,aer lingus college football classic,52,59,Florida State(10),Georgia Tech,6.41,pbp,ACC,ACC,fbs,fbs
#838383,#339a72,2018,6,,2751,62,Wyoming,Hawai'i,6.41,pbp,Mountain West,Mountain West,fbs,fbs
#9785a6,#e6cab3,2017,4,,2628,197,TCU(16),Oklahoma State(6),6.41,pbp,Big 12,Big 12,fbs,fbs
#d88a96,#d98c8c,2023,5,,97,152,Louisville,NC State,6.41,pbp,ACC,ACC,fbs,fbs
#ddb4b6,#99a6b8,2024,12,,2032,2247,Arkansas State,Georgia State,6.41,pbp,Sun Belt,Sun Belt,fbs,fbs
#e6c6c7,#76d198,2019,9,,98,276,Western Kentucky,Marshall,6.41,pbp,Conference USA,Conference USA,fbs,fbs
#99a6b8,#6e6e6e,2019,11,,2247,2433,Georgia State,UL Monroe,6.41,pbp,Sun Belt,Sun Belt,fbs,fbs
#cfbdbf,#75807c,2025,14,,248,239,Houston,Baylor,6.41,pbp,Big 12,Big 12,fbs,fbs
#3d77b8,#978da5,2019,9,,2,99,Auburn(9),LSU(2),6.41,pbp,SEC,SEC,fbs,fbs
#bc778f,#f2f2f2,2018,6,,9,38,Arizona State,Colorado(21),6.4,pbp,Pac-12,Pac-12,fbs,fbs
#519bc5,#848484,2022,3,,295,258,Old Dominion,Virginia,6.4,pbp,Sun Belt,ACC,fbs,fbs
#3f7fbd,#e6c7b3,2015,8,,221,183,Pittsburgh(25),Syracuse,6.4,pbp,ACC,ACC,fbs,fbs
#57c78b,#85797a,2026,3,,249,326,North Texas,Texas State,6.4,pbp,American Athletic,Pac-12,fbs,fbs
#d17b7b,#61a0ca,2018,9,,2439,23,UNLV,San José State,6.4,pbp,Mountain West,Mountain West,fbs,fbs
#978da5,#c8c6c2,2018,Bowls,playstation fiesta bowl,99,2116,LSU(6),UCF(11),6.4,pbp,SEC,American Athletic,fbs,fbs
#848484,#6f92cf,2021,9,,258,252,Virginia,BYU(25),6.4,pbp,ACC,FBS Independents,fbs,fbs
#bca0a5,#d98c8c,2016,8,,201,2641,Oklahoma(16),Texas Tech,6.4,pbp,Big 12,Big 12,fbs,fbs
#40be99,#b7949a,2016,5,,2655,113,Tulane,Massachusetts,6.4,pbp,American Athletic,FBS Independents,fbs,fbs
#6e6e6e,#4b83c3,2016,3,,2433,290,UL Monroe,Georgia Southern,6.4,pbp,Sun Belt,Sun Belt,fbs,fbs
#339969,#4c85c3,2020,10,,2199,2309,Eastern Michigan,Kent State,6.4,pbp,Mid-American,Mid-American,fbs,fbs
#8d8db9,#b5b5b5,2018,5,,2634,238,Tennessee State,Vanderbilt,6.4,pbp,OVC,SEC,fcs,fbs
#4fb885,#5090c5,2020,5,,2429,2226,Charlotte,Florida Atlantic,6.4,pbp,Conference USA,Conference USA,fbs,fbs
#d98c8c,#a0a0a0,2017,4,,152,52,NC State,Florida State(12),6.4,pbp,ACC,ACC,fbs,fbs
#4078be,#57c78b,2020,14,,2348,249,Louisiana Tech,North Texas,6.4,pbp,Conference USA,Conference USA,fbs,fbs
#e6c6c7,#d37d7b,2023,8,,98,55,Western Kentucky,Jacksonville State,6.4,pbp,Conference USA,Conference USA,fbs,fbs
#b7949a,#5d7088,2018,9,,113,41,Massachusetts,UConn,6.4,pbp,FBS Independents,American Athletic,fbs,fbs
#339a72,#b48686,2026,1,,62,24,Hawai'i,Stanford,6.4,pbp,Mountain West,ACC,fbs,fbs
#e1bbbf,#6f7cc9,2017,7,,2459,2084,Northern Illinois,Buffalo,6.39,pbp,Mid-American,Mid-American,fbs,fbs
#9cbacd,#5d7088,2016,1,,311,41,Maine,UConn,6.39,pbp,CAA,American Athletic,fcs,fbs
#57c78b,#7cb0d3,2020,7,,249,2393,North Texas,Middle Tennessee,6.39,pbp,Conference USA,Conference USA,fbs,fbs
#99a6b8,#d2adae,2021,10,,2247,309,Georgia State,Louisiana(24),6.39,pbp,Sun Belt,Sun Belt,fbs,fbs
#40be99,#d9c78e,2019,6,,2655,349,Tulane,Army,6.39,pbp,American Athletic,FBS Independents,fbs,fbs
#978da5,#707987,2025,5,,99,145,LSU(4),Ole Miss(13),6.39,pbp,SEC,SEC,fbs,fbs
#9785a6,#3c73b2,2022,9,,2628,277,TCU(7),West Virginia,6.39,pbp,Big 12,Big 12,fbs,fbs
#a75a7c,#adb8c1,2024,7,,135,26,Minnesota,UCLA,6.39,pbp,Big Ten,Big Ten,fbs,fbs
#a4a4a4,#7b7b7b,2020,13,,77,127,Northwestern(11),Michigan State,6.39,pbp,Big Ten,Big Ten,fbs,fbs
#7b7b7b,#bc778f,2018,2,,127,9,Michigan State(15),Arizona State,6.39,pbp,Big Ten,Pac-12,fbs,fbs
#47c27c,#6e6e6e,2016,13,,2483,204,Oregon,Oregon State,6.39,pbp,Pac-12,Pac-12,fbs,fbs
#40be99,#6388cb,2018,9,,2655,202,Tulane,Tulsa,6.39,pbp,American Athletic,American Athletic,fbs,fbs
#7fa4d4,#6f92cf,2024,12,,2305,252,Kansas,BYU(7),6.39,pbp,Big 12,Big 12,fbs,fbs
#d9c78e,#339969,2015,4,,349,2199,Army,Eastern Michigan,6.39,legacy,FBS Independents,Mid-American,fbs,fbs
#d17b7b,#dc97a7,2023,9,,2439,278,UNLV,Fresno State,6.39,pbp,Mountain West,Mountain West,fbs,fbs
#d17b7b,#dc97a7,2021,4,,2439,278,UNLV,Fresno State(22),6.39,pbp,Mountain West,Mountain West,fbs,fbs
#d9c78e,#3d6bb7,2025,16,,349,2426,Army,Navy(22),6.39,pbp,American Athletic,American Athletic,fbs,fbs
#61a0ca,#d17b7b,2021,8,,23,2439,San José State,UNLV,6.39,pbp,Mountain West,Mountain West,fbs,fbs
#576f8c,#339969,2018,7,,2649,2199,Toledo,Eastern Michigan,6.39,pbp,Mid-American,Mid-American,fbs,fbs
#d37d7b,#4e6192,2024,10,,55,2335,Jacksonville State,Liberty,6.39,pbp,Conference USA,Conference USA,fbs,fbs
#39aa8c,#5d7088,2015,7,,58,41,South Florida,UConn,6.39,pbp,American Athletic,American Athletic,fbs,fbs
#7f46c2,#6e6e6e,2023,12,,264,204,Washington(5),Oregon State(10),6.38,pbp,Pac-12,Pac-12,fbs,fbs
#6b8bce,#707987,2022,5,,96,145,Kentucky(7),Ole Miss(14),6.38,pbp,SEC,SEC,fbs,fbs
#d2adae,#FFFFFF,2017,6,,309,70,Louisiana,Idaho,6.38,pbp,Sun Belt,Sun Belt,fbs,fbs
#935531,#339969,2025,11,,189,2199,Bowling Green,Eastern Michigan,6.38,pbp,Mid-American,Mid-American,fbs,fbs
#8e8e8e,#d37d7b,2024,Bowls,staffdna cure bowl,195,55,Ohio,Jacksonville State,6.38,pbp,Mid-American,Conference USA,fbs,fbs
#99a6b8,#ddb4b6,2015,9,,2247,2032,Georgia State,Arkansas State,6.38,pbp,Sun Belt,Sun Belt,fbs,fbs
#e6c7b3,#3c7eb4,2023,12,,183,59,Syracuse,Georgia Tech,6.38,legacy,ACC,ACC,fbs,fbs
#cc6666,#4c4c4c,2025,5,,84,2294,Indiana(11),Iowa,6.38,pbp,Big Ten,Big Ten,fbs,fbs
#d07980,#6f7cc9,2025,4,,2653,2084,Troy,Buffalo,6.38,pbp,Sun Belt,Mid-American,fbs,fbs
#ce6d78,#4c85c3,2024,2,,2598,2309,St. Francis (PA),Kent State,6.38,pbp,NEC,Mid-American,fcs,fbs
#3d68b7,#f4ebe0,2022,12,,6,2572,South Alabama,Southern Miss,6.38,pbp,Sun Belt,Sun Belt,fbs,fbs
#c0437e,#339969,2016,13,,2117,2199,Central Michigan,Eastern Michigan,6.38,pbp,Mid-American,Mid-American,fbs,fbs
#cfbdbf,#5d7088,2015,12,,248,41,Houston(13),UConn,6.38,pbp,American Athletic,American Athletic,fbs,fbs
#ce919e,#339a72,2016,9,,167,62,New Mexico,Hawai'i,6.38,pbp,Mountain West,Mountain West,fbs,fbs
#3c73b2,#5d7193,2024,9,,277,12,West Virginia,Arizona,6.38,pbp,Big 12,Big 12,fbs,fbs
#99a6b8,#6e6e6e,2017,7,,2247,2433,Georgia State,UL Monroe,6.38,pbp,Sun Belt,Sun Belt,fbs,fbs
#ddb4b6,#3d68b7,2025,8,,2032,6,Arkansas State,South Alabama,6.38,pbp,Sun Belt,Sun Belt,fbs,fbs
#b6999d,#cfbdbf,2019,3,,265,248,Washington State(20),Houston,6.38,pbp,Pac-12,American Athletic,fbs,fbs
#e6cab3,#885caf,2020,10,,197,2306,Oklahoma State(14),Kansas State,6.37,pbp,Big 12,Big 12,fbs,fbs
#cf6e75,#dd9da6,2023,3,,193,2132,Miami (OH),Cincinnati,6.37,legacy,Mid-American,Big 12,fbs,fbs
#5c81c6,#f4f4f4,2017,4,,150,153,Duke,North Carolina,6.37,pbp,ACC,ACC,fbs,fbs
#3c7eb4,#d98c8c,2025,10,,59,152,Georgia Tech(8),NC State,6.37,pbp,ACC,ACC,fbs,fbs
#6095ca,#44699b,2019,Bowls,goodyear cotton bowl classic,235,213,Memphis(17),Penn State(9),6.37,pbp,American Athletic,Big Ten,fbs,fbs
#e6ccb3,#6b8bce,2023,9,,2633,96,Tennessee(21),Kentucky,6.37,pbp,SEC,SEC,fbs,fbs
#a75a7c,#4c4c4c,2015,11,,135,2294,Minnesota,Iowa(8),6.37,pbp,Big Ten,Big Ten,fbs,fbs
#dd9da6,#adb8c1,2018,1,,2132,26,Cincinnati,UCLA,6.37,pbp,American Athletic,Pac-12,fbs,fbs
#3c7eb4,#a0a0a0,2020,2,,59,52,Georgia Tech,Florida State,6.37,pbp,ACC,ACC,fbs,fbs
#7b7b7b,#d5a6af,2015,6,,127,164,Michigan State(4),Rutgers,6.37,pbp,Big Ten,Big Ten,fbs,fbs
#3e72b9,#b7949a,2015,10,,2006,113,Akron,Massachusetts,6.37,pbp,Mid-American,Mid-American,fbs,fbs
#7fa4d4,#c8c6c2,2025,6,,2305,2116,Kansas,UCF,6.37,pbp,Big 12,Big 12,fbs,fbs
#4fb885,#f4ebe0,2016,10,,2429,2572,Charlotte,Southern Miss,6.37,pbp,Conference USA,Conference USA,fbs,fbs
#dd9da6,#cc6666,2021,3,,2132,84,Cincinnati(8),Indiana,6.37,pbp,American Athletic,Big Ten,fbs,fbs
#4c85c3,#cf6e75,2016,7,,2309,193,Kent State,Miami (OH),6.37,pbp,Mid-American,Mid-American,fbs,fbs
#af3a3a,#3aaf80,2023,2,,245,2390,Texas A&M(23),Miami,6.37,pbp,SEC,ACC,fbs,fbs
#3f7fbd,#917e9c,2025,Bowls,go bowling military bowl,221,151,Pittsburgh,East Carolina,6.37,pbp,ACC,American Athletic,fbs,fbs
#61a0ca,#828282,2024,7,,23,36,San José State,Colorado State,6.36,pbp,Mountain West,Mountain West,fbs,fbs
#ddb4b6,#d2adae,2026,5,,2032,309,Arkansas State,Louisiana,6.36,pbp,Sun Belt,Sun Belt,fbs,fbs
#565656,#5d7088,2017,1,,107,41,Holy Cross,UConn,6.36,pbp,Patriot,American Athletic,fcs,fbs
#6f92cf,#a6999b,2025,9,,252,66,BYU(11),Iowa State,6.36,pbp,Big 12,Big 12,fbs,fbs
#7fa4d4,#9785a6,2021,12,,2305,2628,Kansas,TCU,6.36,pbp,Big 12,Big 12,fbs,fbs
#d98c8c,#f4f4f4,2016,13,,152,153,NC State,North Carolina,6.36,pbp,ACC,ACC,fbs,fbs
#5d7193,#b9a0a5,2015,10,,12,30,Arizona,USC,6.36,pbp,Pac-12,Pac-12,fbs,fbs
#d17b7b,#61a0ca,2016,9,,2439,23,UNLV,San José State,6.36,pbp,Mountain West,Mountain West,fbs,fbs
#d9c78e,#6e6e6e,2023,1,,349,2433,Army,UL Monroe,6.36,pbp,FBS Independents,Sun Belt,fbs,fbs
#917e9c,#c8c6c2,2021,6,,151,2116,East Carolina,UCF,6.36,pbp,American Athletic,American Athletic,fbs,fbs
#4b83c3,#76d198,2025,14,,290,276,Georgia Southern,Marshall,6.36,pbp,Sun Belt,Sun Belt,fbs,fbs
#da8f8f,#d6889a,2021,12,,158,275,Nebraska,Wisconsin(19),6.36,pbp,Big Ten,Big Ten,fbs,fbs
#c8c6c2,#40be99,2022,11,,2116,2655,UCF(22),Tulane(16),6.36,pbp,American Athletic,American Athletic,fbs,fbs
#339a72,#3f78bc,2015,8,,62,2440,Hawai'i,Nevada,6.35,pbp,Mountain West,Mountain West,fbs,fbs
#d88a96,#848484,2016,9,,97,258,Louisville(5),Virginia,6.35,pbp,ACC,ACC,fbs,fbs
#3f647f,#e0a3ae,2015,6,,25,254,California(23),Utah(5),6.35,pbp,Pac-12,Pac-12,fbs,fbs
#f2f2f2,#adb8c1,2015,9,,38,26,Colorado,UCLA(24),6.35,pbp,Pac-12,Pac-12,fbs,fbs
#a4a4a4,#c8c6c2,2015,3,,231,2116,Furman,UCF,6.35,pbp,Southern,American Athletic,fcs,fbs
#e0a3ae,#7fa4d4,2025,14,,254,2305,Utah(14),Kansas,6.35,pbp,Big 12,Big 12,fbs,fbs
#cf6e75,#dc9797,2021,8,,193,2050,Miami (OH),Ball State,6.35,pbp,Mid-American,Mid-American,fbs,fbs
#cfbdbf,#5d7193,2017,2,,248,12,Houston,Arizona,6.35,pbp,American Athletic,Pac-12,fbs,fbs
#75807c,#d98c8c,2018,13,,239,2641,Baylor,Texas Tech,6.35,pbp,Big 12,Big 12,fbs,fbs
#db93a2,#7b7b7b,2025,14,,120,127,Maryland,Michigan State,6.35,pbp,Big Ten,Big Ten,fbs,fbs
#d6889a,#e7c8b6,2019,8,,275,356,Wisconsin(6),Illinois,6.35,pbp,Big Ten,Big Ten,fbs,fbs
#c24a54,#f4f4f4,2023,1,duke’s mayo classic,2579,153,South Carolina,North Carolina(21),6.35,legacy,SEC,ACC,fbs,fbs
#6e6e6e,#a75a7c,2016,1,,204,135,Oregon State,Minnesota,6.35,pbp,Pac-12,Big Ten,fbs,fbs
#7b7b7b,#4c4c4c,2015,14,,127,2294,Michigan State(5),Iowa(4),6.35,pbp,Big Ten,Big Ten,fbs,fbs
#5090c5,#e6c6c7,2019,10,,2226,98,Florida Atlantic,Western Kentucky,6.35,pbp,Conference USA,Conference USA,fbs,fbs
#b57f81,#339a72,2023,4,,166,62,New Mexico State,Hawai'i,6.35,pbp,Conference USA,Mountain West,fbs,fbs
#4c4c4c,#d6889a,2019,11,,2294,275,Iowa(18),Wisconsin(16),6.35,pbp,Big Ten,Big Ten,fbs,fbs
#a6999b,#bca0a5,2019,11,,66,201,Iowa State,Oklahoma(9),6.35,pbp,Big 12,Big 12,fbs,fbs
#6388cb,#cfbdbf,2016,7,,202,248,Tulsa,Houston(13),6.35,pbp,American Athletic,American Athletic,fbs,fbs
#e6cab3,#cfbdbf,2023,12,,197,248,Oklahoma State(24),Houston,6.35,pbp,Big 12,Big 12,fbs,fbs
#39aa8c,#6095ca,2023,10,,58,235,South Florida,Memphis,6.35,pbp,American Athletic,American Athletic,fbs,fbs
#a75a7c,#4c4c4c,2019,5,,135,2509,Minnesota,Purdue,6.34,pbp,Big Ten,Big Ten,fbs,fbs
#a75a7c,#d6889a,2022,13,,135,275,Minnesota,Wisconsin,6.34,pbp,Big Ten,Big Ten,fbs,fbs
#99a6b8,#e6dbb3,2024,9,,2247,2026,Georgia State,App State,6.34,pbp,Sun Belt,Sun Belt,fbs,fbs
#838383,#5096c4,2023,7,,2751,2005,Wyoming,Air Force,6.34,pbp,Mountain West,Mountain West,fbs,fbs
#e6c7b3,#5d7088,2016,4,,183,41,Syracuse,UConn,6.34,pbp,ACC,American Athletic,fbs,fbs
#3d68b7,#4b83c3,2020,9,,6,290,South Alabama,Georgia Southern,6.34,pbp,Sun Belt,Sun Belt,fbs,fbs
#7cb0d3,#868686,2015,Bowls,popeyes bahamas bowl,2393,2711,Middle Tennessee,Western Michigan,6.34,pbp,Conference USA,Mid-American,fbs,fbs
#b6999d,#adb8c1,2023,6,,265,26,Washington State(13),UCLA,6.34,pbp,Pac-12,Pac-12,fbs,fbs
#3f89bd,#8e8e8e,2018,1,,47,195,Howard,Ohio,6.34,pbp,MEAC,Mid-American,fcs,fbs
#ddb4b6,#6e6e6e,2023,9,,2032,2433,Arkansas State,UL Monroe,6.34,pbp,Sun Belt,Sun Belt,fbs,fbs
#cfa0a8,#ce919e,2018,10,,21,167,San Diego State,New Mexico,6.33,pbp,Mountain West,Mountain West,fbs,fbs
#8e8e8e,#339969,2021,11,,195,2199,Ohio,Eastern Michigan,6.33,pbp,Mid-American,Mid-American,fbs,fbs
#3d6bb7,#6388cb,2021,9,,2426,202,Navy,Tulsa,6.33,pbp,American Athletic,American Athletic,fbs,fbs
#838383,#828282,2022,11,,2751,36,Wyoming,Colorado State,6.33,pbp,Mountain West,Mountain West,fbs,fbs
#a6a0a1,#5090c5,2016,1,,79,2226,Southern Illinois,Florida Atlantic,6.33,pbp,MVFC,Conference USA,fcs,fbs
#f0e8d6,#d37d7b,2025,15,conference usa championship,338,55,Kennesaw State,Jacksonville State,6.33,pbp,Conference USA,Conference USA,fbs,fbs
#ce919e,#e9e1ce,2022,5,,61,142,Georgia(1),Missouri,6.33,pbp,SEC,SEC,fbs,fbs
#dd9da6,#917e9c,2015,13,,2132,151,Cincinnati,East Carolina,6.33,pbp,American Athletic,American Athletic,fbs,fbs
#adb8c1,#3f647f,2022,13,,26,25,UCLA(17),California,6.33,legacy,Pac-12,Pac-12,fbs,fbs
#adb8c1,#bc778f,2020,14,,26,9,UCLA,Arizona State,6.33,pbp,Pac-12,Pac-12,fbs,fbs
#3f647f,#6f92cf,2018,2,,25,252,California,BYU,6.33,pbp,Pac-12,FBS Independents,fbs,fbs
#9785a6,#885caf,2019,8,,2628,2306,TCU,Kansas State,6.33,pbp,Big 12,Big 12,fbs,fbs
#579ec7,#a0a0a0,2018,2,,2535,52,Samford,Florida State,6.33,pbp,Southern,ACC,fcs,fbs
#4e6192,#57c78b,2021,8,,2335,249,Liberty,North Texas,6.33,pbp,FBS Independents,Conference USA,fbs,fbs
#5d7193,#b48686,2019,9,,12,24,Arizona,Stanford,6.33,pbp,Pac-12,Pac-12,fbs,fbs
#39aa8c,#3d6bb7,2023,5,,58,2426,South Florida,Navy,6.33,pbp,American Athletic,American Athletic,fbs,fbs
#ddb4b6,#6388cb,2021,4,,2032,202,Arkansas State,Tulsa,6.33,legacy,Sun Belt,American Athletic,fbs,fbs
#8e8e8e,#c0437e,2024,7,,195,2117,Ohio,Central Michigan,6.32,pbp,Mid-American,Mid-American,fbs,fbs
#6b8bce,#828282,2023,7,,68,36,Boise State,Colorado State,6.32,pbp,Mountain West,Mountain West,fbs,fbs
#7cb0d3,#5090c5,2021,13,,2393,2226,Middle Tennessee,Florida Atlantic,6.32,pbp,Conference USA,Conference USA,fbs,fbs
#848484,#e6c7b3,2022,4,,258,183,Virginia,Syracuse,6.32,pbp,ACC,ACC,fbs,fbs
#3cb48f,#b48686,2023,3,,16,24,Sacramento State,Stanford,6.32,legacy,Big Sky,Pac-12,fcs,fbs
#7f46c2,#d5a6af,2024,5,,264,164,Washington,Rutgers,6.32,pbp,Big Ten,Big Ten,fbs,fbs
#3d75b8,#cfbdbf,2023,1,,2636,248,UTSA,Houston,6.32,pbp,American Athletic,Big 12,fbs,fbs
#e1bbbf,#576f8c,2023,5,,2459,2649,Northern Illinois,Toledo,6.32,pbp,Mid-American,Mid-American,fbs,fbs
#b48686,#3f7fbd,2018,Bowls,,24,221,Stanford,Pittsburgh,6.32,pbp,Pac-12,ACC,fbs,fbs
#e6cab3,#9785a6,2018,13,,197,2628,Oklahoma State,TCU,6.32,pbp,Big 12,Big 12,fbs,fbs
#7fa4d4,#885caf,2018,11,,2305,2306,Kansas,Kansas State,6.32,pbp,Big 12,Big 12,fbs,fbs
#3c73b2,#848484,2026,3,duke’s mayo classic,277,258,West Virginia,Virginia(25),6.32,pbp,Big 12,ACC,fbs,fbs
#e6c7b3,#3f647f,2024,12,,183,25,Syracuse,California,6.32,pbp,ACC,ACC,fbs,fbs
#e6c6c7,#b5b5b5,2015,1,,98,238,Western Kentucky,Vanderbilt,6.32,pbp,Conference USA,SEC,fbs,fbs
#707987,#6f82cf,2024,13,,145,57,Ole Miss(9),Florida,6.31,pbp,SEC,SEC,fbs,fbs
#ffffff,#d2adae,2025,1,,242,309,Rice,Louisiana,6.31,pbp,American Athletic,Sun Belt,fbs,fbs
#e6cab3,#c8c6c2,2025,13,,197,2116,Oklahoma State,UCF,6.31,pbp,Big 12,Big 12,fbs,fbs
#d9c78e,#ffffff,2015,8,,349,242,Army,Rice,6.31,pbp,FBS Independents,Conference USA,fbs,fbs
#978da5,#6f82cf,2017,6,,99,57,LSU,Florida(21),6.31,pbp,SEC,SEC,fbs,fbs
#76d198,#5090c5,2021,10,,276,2226,Marshall,Florida Atlantic,6.31,legacy,Conference USA,Conference USA,fbs,fbs
#3d68b7,#d2adae,2022,5,,6,309,South Alabama,Louisiana,6.31,pbp,Sun Belt,Sun Belt,fbs,fbs
#6e6e6e,#339a72,2015,13,,2433,62,UL Monroe,Hawai'i,6.31,pbp,Sun Belt,Mountain West,fbs,fbs
#3e72b9,#868686,2024,7,,2006,2711,Akron,Western Michigan,6.31,pbp,Mid-American,Mid-American,fbs,fbs
#47c27c,#e0a3ae,2018,11,,2483,254,Oregon,Utah,6.31,pbp,Pac-12,Pac-12,fbs,fbs
#b9a0a5,#5d7088,2019,7,,30,87,USC,Notre Dame(9),6.31,pbp,Pac-12,FBS Independents,fbs,fbs
#dc9797,#339969,2021,7,,2050,2199,Ball State,Eastern Michigan,6.31,pbp,Mid-American,Mid-American,fbs,fbs
#e6ccb3,#6f82cf,2017,3,,2633,57,Tennessee(23),Florida(24),6.31,pbp,SEC,SEC,fbs,fbs
#3d68b7,#868686,2024,Bowls,is4s salute to veterans bowl,6,2711,South Alabama,Western Michigan,6.31,pbp,Sun Belt,Mid-American,fbs,fbs
#da8f8f,#a75a7c,2021,7,,158,135,Nebraska,Minnesota,6.31,pbp,Big Ten,Big Ten,fbs,fbs
#6b8bce,#dc97a7,2023,10,,68,278,Boise State,Fresno State,6.31,pbp,Mountain West,Mountain West,fbs,fbs
#978da5,#707987,2026,3,,99,145,LSU(7),Ole Miss(8),6.3,pbp,SEC,SEC,fbs,fbs
#7f46c2,#b48686,2017,11,,264,24,Washington(9),Stanford,6.3,pbp,Pac-12,Pac-12,fbs,fbs
#8e8e8e,#d07980,2016,Bowls,dollar general bowl,195,2653,Ohio,Troy,6.3,pbp,Mid-American,Sun Belt,fbs,fbs
#3974ac,#cbbdb5,2025,Bowls,cheez-it citrus bowl,130,251,Michigan(21),Texas(12),6.3,pbp,Big Ten,SEC,fbs,fbs
#cc7a91,#359f7d,2023,12,,218,5,Temple,UAB,6.3,pbp,American Athletic,American Athletic,fbs,fbs
#9b9b9c,#6f7cc9,2016,1,,399,2084,UAlbany,Buffalo,6.3,pbp,CAA,Mid-American,fcs,fbs
#3c7eb4,#f4f4f4,2022,12,,59,153,Georgia Tech,North Carolina(13),6.3,pbp,ACC,ACC,fbs,fbs
#a0a0a0,#ad9a9d,2023,3,,52,103,Florida State(3),Boston College,6.3,pbp,ACC,ACC,fbs,fbs
#b8b8b8,#d9c78e,2021,8,,154,349,Wake Forest(16),Army,6.3,pbp,ACC,FBS Independents,fbs,fbs
#3d75b8,#917e9c,2024,5,,2636,151,UTSA,East Carolina,6.3,pbp,American Athletic,American Athletic,fbs,fbs
#6b8bce,#b5b5b5,2015,11,,96,238,Kentucky,Vanderbilt,6.3,pbp,SEC,SEC,fbs,fbs
#e1bbbf,#8e8e8e,2022,8,,2459,195,Northern Illinois,Ohio,6.3,pbp,Mid-American,Mid-American,fbs,fbs
#3c73b2,#7fa4d4,2019,4,,277,2305,West Virginia,Kansas,6.3,pbp,Big 12,Big 12,fbs,fbs
#6b8bce,#5096c4,2016,13,,68,2005,Boise State(20),Air Force,6.3,pbp,Mountain West,Mountain West,fbs,fbs
#3974ac,#a4a4a4,2018,5,,130,77,Michigan(14),Northwestern,6.3,pbp,Big Ten,Big Ten,fbs,fbs
#76d198,#7cb0d3,2025,4,,276,2393,Marshall,Middle Tennessee,6.3,pbp,Sun Belt,Conference USA,fbs,fbs
#b57f81,#d2adae,2017,12,,166,309,New Mexico State,Louisiana,6.3,pbp,Sun Belt,Sun Belt,fbs,fbs
#4c4c4c,#bd3f7d,2023,2,,2509,259,Purdue,Virginia Tech,6.3,pbp,Big Ten,ACC,fbs,fbs
#9785a6,#b7b7b8,2022,4,,2628,2567,TCU,SMU,6.3,pbp,Big 12,American Athletic,fbs,fbs
#b7b7b8,#ffffff,2023,10,,2567,242,SMU,Rice,6.3,pbp,American Athletic,American Athletic,fbs,fbs
#b8b8b8,#d9c78e,2015,3,,154,349,Wake Forest,Army,6.29,pbp,ACC,FBS Independents,fbs,fbs
#d2adae,#4b83c3,2016,11,,309,290,Louisiana,Georgia Southern,6.29,pbp,Sun Belt,Sun Belt,fbs,fbs
#cc7a91,#39aa8c,2026,5,,218,58,Temple,South Florida,6.29,pbp,American Athletic,American Athletic,fbs,fbs
#d9c78e,#4abfc2,2022,1,,349,324,Army,Coastal Carolina,6.29,pbp,FBS Independents,Sun Belt,fbs,fbs
#44699b,#47c27c,2024,15,big ten championship,213,2483,Penn State(3),Oregon(1),6.29,pbp,Big Ten,Big Ten,fbs,fbs
#f4ebe0,#3d68b7,2025,13,,2572,6,Southern Miss,South Alabama,6.29,pbp,Sun Belt,Sun Belt,fbs,fbs
#3f78bc,#7cb0d3,2026,3,,2440,2393,Nevada,Middle Tennessee,6.29,pbp,Mountain West,Conference USA,fbs,fbs
#b6999d,#9156c7,2025,13,,265,256,Washington State,James Madison(21),6.29,pbp,Pac-12,Sun Belt,fbs,fbs
#d98c8c,#885caf,2022,5,,2641,2306,Texas Tech,Kansas State(25),6.29,pbp,Big 12,Big 12,fbs,fbs
#da8f8f,#4c4c4c,2018,13,,158,2294,Nebraska,Iowa,6.29,pbp,Big Ten,Big Ten,fbs,fbs
#a4a4a4,#db93a2,2022,8,,77,120,Northwestern,Maryland,6.29,pbp,Big Ten,Big Ten,fbs,fbs
#b6999d,#bc778f,2023,9,,265,9,Washington State,Arizona State,6.29,pbp,Pac-12,Pac-12,fbs,fbs
#868686,#e1bbbf,2019,14,,2711,2459,Western Michigan,Northern Illinois,6.29,pbp,Mid-American,Mid-American,fbs,fbs
#576f8c,#3e72b9,2024,14,,2649,2006,Toledo,Akron,6.29,legacy,Mid-American,Mid-American,fbs,fbs
#99a6b8,#3d68b7,2016,9,,2247,6,Georgia State,South Alabama,6.29,pbp,Sun Belt,Sun Belt,fbs,fbs
#da8f8f,#4c4c4c,2022,7,,158,2509,Nebraska,Purdue,6.28,pbp,Big Ten,Big Ten,fbs,fbs
#3f78bc,#61a0ca,2020,15,,2440,23,Nevada,San José State,6.28,pbp,Mountain West,Mountain West,fbs,fbs
#e6dbb3,#4abfc2,2022,10,,2026,324,App State,Coastal Carolina,6.28,pbp,Sun Belt,Sun Belt,fbs,fbs
#d88a96,#ad9a9d,2020,13,,97,103,Louisville,Boston College,6.28,pbp,ACC,ACC,fbs,fbs
#61a0ca,#d17b7b,2023,13,,23,2439,San José State,UNLV,6.28,pbp,Mountain West,Mountain West,fbs,fbs
#4abfc2,#76d198,2022,9,,324,276,Coastal Carolina,Marshall,6.28,legacy,Sun Belt,Sun Belt,fbs,fbs
#6f7cc9,#519bc5,2021,4,,2084,295,Buffalo,Old Dominion,6.28,pbp,Mid-American,Conference USA,fbs,fbs
#5d7088,#cc7a91,2015,9,,87,218,Notre Dame(9),Temple(21),6.28,pbp,FBS Independents,American Athletic,fbs,fbs
#3d68b7,#5d7088,2015,1,,222,41,Villanova,UConn,6.28,pbp,CAA,American Athletic,fcs,fbs
#e3c2ab,#d88a96,2015,3,,228,97,Clemson(11),Louisville,6.28,pbp,ACC,ACC,fbs,fbs
#978da5,#3d77b8,2016,4,,99,2,LSU(18),Auburn,6.28,pbp,SEC,SEC,fbs,fbs
#d88a96,#6b8bce,2015,13,,97,96,Louisville,Kentucky,6.28,pbp,ACC,SEC,fbs,fbs
#3f647f,#3f7fbd,2024,7,,25,221,California,Pittsburgh(22),6.28,pbp,ACC,ACC,fbs,fbs
#cfbdbf,#b7b7b8,2018,10,,248,2567,Houston(17),SMU,6.28,pbp,American Athletic,American Athletic,fbs,fbs
#6f82cf,#707987,2025,12,,57,145,Florida,Ole Miss(6),6.28,pbp,SEC,SEC,fbs,fbs
#978da5,#bd9099,2023,10,,99,333,LSU(13),Alabama(8),6.28,pbp,SEC,SEC,fbs,fbs
#357a9e,#6b8bce,2018,13,,328,68,Utah State(14),Boise State(21),6.28,pbp,Mountain West,Mountain West,fbs,fbs
#5c81c6,#f4f4f4,2025,13,,150,153,Duke,North Carolina,6.28,pbp,ACC,ACC,fbs,fbs
#ad9a9d,#bd3f7d,2018,10,,103,259,Boston College(24),Virginia Tech,6.28,pbp,ACC,ACC,fbs,fbs
#da8f8f,#a75a7c,2023,1,,158,135,Nebraska,Minnesota,6.28,pbp,Big Ten,Big Ten,fbs,fbs
#ddb4b6,#85797a,2022,12,,2032,326,Arkansas State,Texas State,6.28,pbp,Sun Belt,Sun Belt,fbs,fbs
#5090c5,#ffffff,2025,6,,2226,242,Florida Atlantic,Rice,6.28,pbp,American Athletic,American Athletic,fbs,fbs
#ad9a9d,#3f7fbd,2019,14,,103,221,Boston College,Pittsburgh,6.28,pbp,ACC,ACC,fbs,fbs
#3974ac,#cc6666,2017,7,,130,84,Michigan(17),Indiana,6.28,pbp,Big Ten,Big Ten,fbs,fbs
#d6889a,#da8f8f,2022,12,,275,158,Wisconsin,Nebraska,6.27,pbp,Big Ten,Big Ten,fbs,fbs
#e6dbb3,#c24a54,2019,11,,2026,2579,App State,South Carolina,6.27,pbp,Sun Belt,SEC,fbs,fbs
#6b8bce,#47c27c,2017,Bowls,las vegas bowl,68,2483,Boise State(22),Oregon,6.27,pbp,Mountain West,Pac-12,fbs,fbs
#5090c5,#6f82cf,2015,12,,2226,57,Florida Atlantic,Florida(8),6.27,pbp,Conference USA,SEC,fbs,fbs
#707987,#6b8bce,2025,2,,145,96,Ole Miss(20),Kentucky,6.27,pbp,SEC,SEC,fbs,fbs
#4abfc2,#6f7cc9,2021,3,,324,2084,Coastal Carolina(16),Buffalo,6.27,pbp,Sun Belt,Mid-American,fbs,fbs
#cf6e75,#dc9797,2019,14,,193,2050,Miami (OH),Ball State,6.27,pbp,Mid-American,Mid-American,fbs,fbs
#b7949a,#ddb4b6,2022,11,,113,2032,Massachusetts,Arkansas State,6.27,pbp,FBS Independents,Sun Belt,fbs,fbs
#345b9d,#76d198,2017,9,,2229,276,Florida International,Marshall,6.27,pbp,Conference USA,Conference USA,fbs,fbs
#d07980,#4b83c3,2024,12,,2653,290,Troy,Georgia Southern,6.27,pbp,Sun Belt,Sun Belt,fbs,fbs
#8e8e8e,#3d68b7,2026,3,,195,6,Ohio,South Alabama,6.27,pbp,Mid-American,Sun Belt,fbs,fbs
#3f647f,#a0a0a0,2024,4,,25,52,California,Florida State,6.27,pbp,ACC,ACC,fbs,fbs
#7b7b7b,#47c27c,2018,Bowls,,127,2483,Michigan State,Oregon,6.27,pbp,Big Ten,Pac-12,fbs,fbs
#e1bbbf,#cfa0a8,2017,5,,2459,21,Northern Illinois,San Diego State(19),6.26,pbp,Mid-American,Mountain West,fbs,fbs
#e6dbb3,#e6ccb3,2016,1,,2026,2633,App State,Tennessee(9),6.26,pbp,Sun Belt,SEC,fbs,fbs
#e0a3ae,#bc778f,2024,7,,254,9,Utah(16),Arizona State,6.26,pbp,Big 12,Big 12,fbs,fbs
#cf6e75,#dd9da6,2016,4,,193,2132,Miami (OH),Cincinnati,6.26,pbp,Mid-American,American Athletic,fbs,fbs
#6f7cc9,#cf6e75,2015,9,,2084,193,Buffalo,Miami (OH),6.26,pbp,Mid-American,Mid-American,fbs,fbs
#f4ebe0,#85797a,2022,8,,2572,326,Southern Miss,Texas State,6.26,pbp,Sun Belt,Sun Belt,fbs,fbs
#8693bc,#6e6e6e,2021,3,,2296,2433,Jackson State,UL Monroe,6.26,legacy,SWAC,Sun Belt,fcs,fbs
#a6999b,#bca0a5,2021,12,,66,201,Iowa State,Oklahoma(12),6.26,pbp,Big 12,Big 12,fbs,fbs
#e1bbbf,#dc9797,2020,12,,2459,2050,Northern Illinois,Ball State,6.26,pbp,Mid-American,Mid-American,fbs,fbs
#707987,#3f647f,2017,3,,145,25,Ole Miss,California,6.26,pbp,SEC,Pac-12,fbs,fbs
#3d68b7,#d07980,2015,5,,6,2653,South Alabama,Troy,6.26,pbp,Sun Belt,Sun Belt,fbs,fbs
#7fa4d4,#e7c8b6,2024,2,,2305,356,Kansas(19),Illinois,6.26,pbp,Big 12,Big Ten,fbs,fbs
#885caf,#a6999b,2022,6,,2306,66,Kansas State(20),Iowa State,6.25,pbp,Big 12,Big 12,fbs,fbs
#7b7b7b,#cc6666,2021,7,,127,84,Michigan State(10),Indiana,6.25,pbp,Big Ten,Big Ten,fbs,fbs
#978da5,#937a7f,2015,2,,99,344,LSU(14),Mississippi State(25),6.25,pbp,SEC,SEC,fbs,fbs
#576f8c,#868686,2022,13,,2649,2711,Toledo,Western Michigan,6.25,pbp,Mid-American,Mid-American,fbs,fbs
#707987,#6095ca,2015,7,,145,235,Ole Miss(13),Memphis,6.25,pbp,SEC,American Athletic,fbs,fbs
#d17b7b,#e1bbbf,2015,1,,2439,2459,UNLV,Northern Illinois,6.25,pbp,Mountain West,Mid-American,fbs,fbs
#b7949a,#4abfc2,2017,1,,113,324,Massachusetts,Coastal Carolina,6.25,pbp,FBS Independents,Sun Belt,fbs,fbs
#af3a3a,#bd9fa4,2019,5,,245,8,Texas A&M(23),Arkansas,6.25,pbp,SEC,SEC,fbs,fbs
#e9e1ce,#ddb4b6,2015,2,,142,2032,Missouri(21),Arkansas State,6.25,pbp,SEC,Sun Belt,fbs,fbs
#ad9a9d,#b48686,2025,3,,103,24,Boston College,Stanford,6.25,pbp,ACC,ACC,fbs,fbs
#dd9da6,#3f7fbd,2023,2,,2132,221,Cincinnati,Pittsburgh,6.25,pbp,Big 12,ACC,fbs,fbs
#ad9a9d,#e6c7b3,2015,13,,103,183,Boston College,Syracuse,6.25,pbp,ACC,ACC,fbs,fbs
#4c4c4c,#a4a4a4,2017,8,,2294,77,Iowa,Northwestern,6.25,pbp,Big Ten,Big Ten,fbs,fbs
#4c4c4c,#d5a6af,2017,8,,2509,164,Purdue,Rutgers,6.25,pbp,Big Ten,Big Ten,fbs,fbs
#bd9fa4,#937a7f,2020,5,,8,344,Arkansas,Mississippi State(16),6.25,pbp,SEC,SEC,fbs,fbs
#d88a96,#3f7fbd,2015,12,,97,221,Louisville,Pittsburgh,6.25,pbp,ACC,ACC,fbs,fbs
#4c4c4c,#b5b5b5,2025,Bowls,reliaquest bowl,2294,238,Iowa(17),Vanderbilt(15),6.25,pbp,Big Ten,SEC,fbs,fbs
#d2adae,#85797a,2024,10,,309,326,Louisiana,Texas State,6.25,pbp,Sun Belt,Sun Belt,fbs,fbs
#885caf,#e6cab3,2023,6,,2306,197,Kansas State,Oklahoma State,6.25,pbp,Big 12,Big 12,fbs,fbs
#707987,#3d77b8,2023,8,,145,2,Ole Miss(13),Auburn,6.24,pbp,SEC,SEC,fbs,fbs
#d2adae,#ffffff,2022,3,,309,242,Louisiana,Rice,6.24,pbp,Sun Belt,Conference USA,fbs,fbs
#d5a6af,#7b7b7b,2020,8,,164,127,Rutgers,Michigan State,6.24,pbp,Big Ten,Big Ten,fbs,fbs
#af3a3a,#c24a54,2022,8,,245,2579,Texas A&M,South Carolina,6.24,pbp,SEC,SEC,fbs,fbs
#a0a0a0,#f4f4f4,2021,6,,52,153,Florida State,North Carolina,6.24,pbp,ACC,ACC,fbs,fbs
#d17b7b,#6e6e6e,2024,8,,2439,204,UNLV,Oregon State,6.24,pbp,Mountain West,Pac-12,fbs,fbs
#5090c5,#3d75b8,2024,8,,2226,2636,Florida Atlantic,UTSA,6.24,pbp,American Athletic,American Athletic,fbs,fbs
#dbbcc0,#3f7fbd,2017,1,,2754,221,Youngstown State,Pittsburgh,6.24,pbp,MVFC,ACC,fcs,fbs
#6e6e6e,#3d68b7,2022,7,,2433,6,UL Monroe,South Alabama,6.24,pbp,Sun Belt,Sun Belt,fbs,fbs
#935531,#3c7eb4,2023,5,,189,59,Bowling Green,Georgia Tech,6.24,pbp,Mid-American,ACC,fbs,fbs
#e0a3ae,#7f46c2,2015,10,,254,264,Utah(13),Washington,6.24,pbp,Pac-12,Pac-12,fbs,fbs
#5090c5,#f4ebe0,2020,15,,2226,2572,Florida Atlantic,Southern Miss,6.24,pbp,Conference USA,Conference USA,fbs,fbs
#917e9c,#b7b7b8,2019,11,,151,2567,East Carolina,SMU(23),6.24,pbp,American Athletic,American Athletic,fbs,fbs
#6b8bce,#e9e1ce,2022,10,,96,142,Kentucky,Missouri,6.24,pbp,SEC,SEC,fbs,fbs
#bc778f,#b6999d,2015,10,,9,265,Arizona State,Washington State,6.24,pbp,Pac-12,Pac-12,fbs,fbs
#828282,#61a0ca,2018,6,,36,23,Colorado State,San José State,6.23,pbp,Mountain West,Mountain West,fbs,fbs
#3d75b8,#ffffff,2016,7,,2636,242,UTSA,Rice,6.23,pbp,Conference USA,Conference USA,fbs,fbs
#ad9a9d,#d98c8c,2016,9,,103,152,Boston College,NC State,6.23,pbp,ACC,ACC,fbs,fbs
#d98c8c,#b8b8b8,2025,3,,152,154,NC State,Wake Forest,6.23,pbp,ACC,ACC,fbs,fbs
#4c85c3,#dc9797,2025,11,,2309,2050,Kent State,Ball State,6.23,pbp,Mid-American,Mid-American,fbs,fbs
#76d198,#ba3e3e,2026,3,,276,2623,Marshall,Missouri State,6.23,pbp,Sun Belt,Conference USA,fbs,fbs
#f4ebe0,#4fb885,2018,9,,2572,2429,Southern Miss,Charlotte,6.23,pbp,Conference USA,Conference USA,fbs,fbs
#6b8bce,#838383,2022,12,,68,2751,Boise State,Wyoming,6.23,pbp,Mountain West,Mountain West,fbs,fbs
#7f46c2,#bc778f,2015,11,,264,9,Washington,Arizona State,6.23,pbp,Pac-12,Pac-12,fbs,fbs
#61a0ca,#339a72,2021,3,,23,62,San José State,Hawai'i,6.23,pbp,Mountain West,Mountain West,fbs,fbs
#3f78bc,#cfa0a8,2019,11,,2440,21,Nevada,San Diego State(24),6.23,pbp,Mountain West,Mountain West,fbs,fbs
#6e6e6e,#359f7d,2026,2,,2433,5,UL Monroe,UAB,6.23,pbp,Sun Belt,American Athletic,fbs,fbs
#9785a6,#bca0a5,2015,12,,2628,201,TCU(11),Oklahoma(7),6.23,pbp,Big 12,Big 12,fbs,fbs
#d98c8c,#9785a6,2022,10,,2641,2628,Texas Tech,TCU(7),6.23,pbp,Big 12,Big 12,fbs,fbs
#339969,#868686,2024,14,,2199,2711,Eastern Michigan,Western Michigan,6.23,legacy,Mid-American,Mid-American,fbs,fbs
#e3c2ab,#a0a0a0,2022,7,,228,52,Clemson(4),Florida State,6.23,pbp,ACC,ACC,fbs,fbs
#5096c4,#dc97a7,2016,9,,2005,278,Air Force,Fresno State,6.23,pbp,Mountain West,Mountain West,fbs,fbs
#c0437e,#848484,2016,4,,2117,258,Central Michigan,Virginia,6.23,pbp,Mid-American,ACC,fbs,fbs
#bd9fa4,#6f92cf,2022,7,,8,252,Arkansas,BYU,6.23,pbp,SEC,FBS Independents,fbs,fbs
#f4ebe0,#57c78b,2020,5,,2572,249,Southern Miss,North Texas,6.23,pbp,Conference USA,Conference USA,fbs,fbs
#3d6bb7,#d9c78e,2021,15,,2426,349,Navy,Army,6.22,legacy,American Athletic,FBS Independents,fbs,fbs
#3c7eb4,#f2f2f2,2025,1,,59,38,Georgia Tech,Colorado,6.22,pbp,ACC,Big 12,fbs,fbs
#dd9da6,#6f92cf,2023,5,,2132,252,Cincinnati,BYU,6.22,pbp,Big 12,Big 12,fbs,fbs
#e6c6c7,#7cb0d3,2020,5,,98,2393,Western Kentucky,Middle Tennessee,6.22,pbp,Conference USA,Conference USA,fbs,fbs
#339969,#c0437e,2017,11,,2199,2117,Eastern Michigan,Central Michigan,6.22,pbp,Mid-American,Mid-American,fbs,fbs
#d9c78e,#cc7a91,2026,4,,349,218,Army,Temple,6.22,pbp,American Athletic,American Athletic,fbs,fbs
#3d68b7,#b57f81,2017,14,,6,166,South Alabama,New Mexico State,6.22,pbp,Sun Belt,Sun Belt,fbs,fbs
#978da5,#adb8c1,2021,1,,99,26,LSU(16),UCLA,6.22,pbp,SEC,Pac-12,fbs,fbs
#cc6666,#d3a5b1,2025,15,big ten championship,84,194,Indiana(2),Ohio State(1),6.22,pbp,Big Ten,Big Ten,fbs,fbs
#ffffff,#3d75b8,2015,12,,242,2636,Rice,UTSA,6.22,pbp,Conference USA,Conference USA,fbs,fbs
#ddb4b6,#6095ca,2022,3,,2032,235,Arkansas State,Memphis,6.22,pbp,Sun Belt,American Athletic,fbs,fbs
#bca0a5,#cbbdb5,2017,7,,201,251,Oklahoma(12),Texas,6.22,pbp,Big 12,Big 12,fbs,fbs
#3aaf80,#3f7fbd,2015,13,,2390,221,Miami,Pittsburgh,6.21,pbp,ACC,ACC,fbs,fbs
#e6ccb3,#6b8bce,2019,11,,2633,96,Tennessee,Kentucky,6.21,pbp,SEC,SEC,fbs,fbs
#e6cab3,#75807c,2024,9,,197,239,Oklahoma State,Baylor,6.21,pbp,Big 12,Big 12,fbs,fbs
#519bc5,#9156c7,2023,9,,295,256,Old Dominion,James Madison(25),6.21,pbp,Sun Belt,Sun Belt,fbs,fbs
#e6c7b3,#a0a0a0,2017,10,,183,52,Syracuse,Florida State,6.21,pbp,ACC,ACC,fbs,fbs
#3d75b8,#d07980,2022,Bowls,duluth trading cure bowl,2636,2653,UTSA,Troy(19),6.21,pbp,Conference USA,Sun Belt,fbs,fbs
#d88a96,#4c4c4c,2017,1,,97,2509,Louisville(16),Purdue,6.21,pbp,ACC,Big Ten,fbs,fbs
#a0a0a0,#b8b8b8,2017,5,,52,154,Florida State,Wake Forest,6.21,pbp,ACC,ACC,fbs,fbs
#76d198,#cf6e75,2018,1,,276,193,Marshall,Miami (OH),6.21,pbp,Conference USA,Mid-American,fbs,fbs
#cc6666,#d5a6af,2022,8,,84,164,Indiana,Rutgers,6.21,pbp,Big Ten,Big Ten,fbs,fbs
#db93a2,#da8f8f,2023,11,,120,158,Maryland,Nebraska,6.21,pbp,Big Ten,Big Ten,fbs,fbs
#d1a0a8,#b57f81,2024,1,,2546,166,Southeast Missouri State,New Mexico State,6.21,pbp,Big South-OVC,Conference USA,fcs,fbs
#5096c4,#357a9e,2018,4,,2005,328,Air Force,Utah State,6.21,pbp,Mountain West,Mountain West,fbs,fbs
#7b7b7b,#4c4c4c,2021,10,,127,2509,Michigan State(5),Purdue,6.21,pbp,Big Ten,Big Ten,fbs,fbs
#935531,#a75a7c,2023,Bowls,quick lane bowl,189,135,Bowling Green,Minnesota,6.21,pbp,Mid-American,Big Ten,fbs,fbs
#3f647f,#707987,2019,4,,25,145,California(23),Ole Miss,6.21,pbp,Pac-12,SEC,fbs,fbs
#d37d7b,#b57f81,2023,13,,55,166,Jacksonville State,New Mexico State,6.21,pbp,Conference USA,Conference USA,fbs,fbs
#5096c4,#ce919e,2017,5,,2005,167,Air Force,New Mexico,6.21,pbp,Mountain West,Mountain West,fbs,fbs
#6095ca,#40be99,2024,14,,235,2655,Memphis,Tulane(18),6.21,pbp,American Athletic,American Athletic,fbs,fbs
#6f92cf,#b6999d,2021,8,,252,265,BYU,Washington State,6.21,pbp,FBS Independents,Pac-12,fbs,fbs
#339969,#6f7cc9,2018,3,,2199,2084,Eastern Michigan,Buffalo,6.2,pbp,Mid-American,Mid-American,fbs,fbs
#4078be,#ba3e3e,2025,14,,2348,2623,Louisiana Tech,Missouri State,6.2,pbp,Conference USA,Conference USA,fbs,fbs
#adb8c1,#339a72,2024,1,,26,62,UCLA,Hawai'i,6.2,pbp,Big Ten,Mountain West,fbs,fbs
#ad9a9d,#3c7eb4,2023,8,,103,59,Boston College,Georgia Tech,6.2,pbp,ACC,ACC,fbs,fbs
#bd3f7d,#d88a96,2020,9,,259,97,Virginia Tech,Louisville,6.2,pbp,ACC,ACC,fbs,fbs
#bc778f,#3f647f,2019,5,,9,25,Arizona State,California(15),6.2,pbp,Pac-12,Pac-12,fbs,fbs
#cf6e75,#dc9797,2023,13,,193,2050,Miami (OH),Ball State,6.2,pbp,Mid-American,Mid-American,fbs,fbs
#e9e1ce,#b5b5b5,2019,8,,142,238,Missouri(22),Vanderbilt,6.2,pbp,SEC,SEC,fbs,fbs
#cf6e75,#935531,2016,8,,193,189,Miami (OH),Bowling Green,6.2,pbp,Mid-American,Mid-American,fbs,fbs
#5090c5,#e6ccb3,2015,8,,2226,2638,Florida Atlantic,UTEP,6.2,pbp,Conference USA,Conference USA,fbs,fbs
#8e8e8e,#dc9797,2025,6,,195,2050,Ohio,Ball State,6.2,pbp,Mid-American,Mid-American,fbs,fbs
#a4a4a4,#7b7b7b,2018,6,,77,127,Northwestern,Michigan State(20),6.2,pbp,Big Ten,Big Ten,fbs,fbs
#c24a54,#af3a3a,2015,9,,2579,245,South Carolina,Texas A&M,6.2,pbp,SEC,SEC,fbs,fbs
#7fa4d4,#3c73b2,2022,2,,2305,277,Kansas,West Virginia,6.2,legacy,Big 12,Big 12,fbs,fbs
#917e9c,#40be99,2025,7,,151,2655,East Carolina,Tulane,6.2,pbp,American Athletic,American Athletic,fbs,fbs
#e3c2ab,#f4f4f4,2019,5,,228,153,Clemson(1),North Carolina,6.2,pbp,ACC,ACC,fbs,fbs
#576f8c,#c0437e,2015,11,,2649,2117,Toledo,Central Michigan,6.2,pbp,Mid-American,Mid-American,fbs,fbs
#5c81c6,#d98c8c,2020,7,,150,152,Duke,NC State,6.2,pbp,ACC,ACC,fbs,fbs
#e0a3ae,#5d7193,2017,4,,254,12,Utah(23),Arizona,6.2,pbp,Pac-12,Pac-12,fbs,fbs
#4e6192,#e5c2b2,2024,14,,2335,2534,Liberty,Sam Houston,6.19,pbp,Conference USA,Conference USA,fbs,fbs
#4b83c3,#ce919e,2015,12,,290,61,Georgia Southern,Georgia,6.19,pbp,Sun Belt,SEC,fbs,fbs
#6b8bce,#4b83c3,2024,1,,68,290,Boise State,Georgia Southern,6.19,pbp,Mountain West,Sun Belt,fbs,fbs
#85797a,#6e6e6e,2016,7,,326,2433,Texas State,UL Monroe,6.19,pbp,Sun Belt,Sun Belt,fbs,fbs
#3f647f,#47c27c,2021,7,,25,2483,California,Oregon(9),6.19,pbp,Pac-12,Pac-12,fbs,fbs
#b9a0a5,#5d7193,2022,9,,30,12,USC(10),Arizona,6.19,pbp,Pac-12,Pac-12,fbs,fbs
#4abfc2,#4078be,2025,Bowls,radiance technologies independence bowl,324,2348,Coastal Carolina,Louisiana Tech,6.19,pbp,Sun Belt,Conference USA,fbs,fbs
#6b8bce,#828282,2021,1,,2571,36,South Dakota State,Colorado State,6.19,legacy,MVFC,Mountain West,fcs,fbs
#6e6e6e,#ddb4b6,2024,13,,2433,2032,UL Monroe,Arkansas State,6.19,pbp,Sun Belt,Sun Belt,fbs,fbs
#c24a54,#e6ccb3,2015,10,,2579,2633,South Carolina,Tennessee,6.19,pbp,SEC,SEC,fbs,fbs
#d2adae,#cfbdbf,2022,Bowls,radiance technologies independence bowl,309,248,Louisiana,Houston,6.19,pbp,Sun Belt,American Athletic,fbs,fbs
#5c81c6,#a4a4a4,2022,2,,150,77,Duke,Northwestern,6.19,legacy,ACC,Big Ten,fbs,fbs
#5d7088,#f4f4f4,2022,4,,87,153,Notre Dame,North Carolina,6.19,pbp,FBS Independents,ACC,fbs,fbs
#6e6e6e,#85797a,2021,10,,2433,326,UL Monroe,Texas State,6.19,pbp,Sun Belt,Sun Belt,fbs,fbs
#cfa0a8,#61a0ca,2021,7,,21,23,San Diego State(24),San José State,6.19,legacy,Mountain West,Mountain West,fbs,fbs
#cfbdbf,#39aa8c,2021,10,,248,58,Houston(20),South Florida,6.19,pbp,American Athletic,American Athletic,fbs,fbs
#cc6666,#4c4c4c,2017,13,,84,2509,Indiana,Purdue,6.19,pbp,Big Ten,Big Ten,fbs,fbs
#75807c,#3c73b2,2024,12,,239,277,Baylor,West Virginia,6.19,pbp,Big 12,Big 12,fbs,fbs
#3d6bb7,#c8c6c2,2022,12,,2426,2116,Navy,UCF(17),6.19,pbp,American Athletic,American Athletic,fbs,fbs
#39aa8c,#cc7a91,2018,12,,58,218,South Florida,Temple,6.19,pbp,American Athletic,American Athletic,fbs,fbs
#af3a3a,#d88a96,2015,Bowls,,245,97,Texas A&M,Louisville,6.19,pbp,SEC,ACC,fbs,fbs
#db93a2,#d98c8c,2022,Bowls,duke's mayo bowl,120,152,Maryland,NC State,6.19,pbp,Big Ten,ACC,fbs,fbs
#357a9e,#ce919e,2015,10,,328,167,Utah State,New Mexico,6.19,pbp,Mountain West,Mountain West,fbs,fbs
#f4ebe0,#ffffff,2021,5,,2572,242,Southern Miss,Rice,6.18,pbp,Conference USA,Conference USA,fbs,fbs
#576f8c,#bd9fa4,2015,2,,2649,8,Toledo,Arkansas(18),6.18,pbp,Mid-American,SEC,fbs,fbs
#bca0a5,#cbbdb5,2015,6,,201,251,Oklahoma(10),Texas,6.18,pbp,Big 12,Big 12,fbs,fbs
#cbbdb5,#bca0a5,2018,14,,251,201,Texas(9),Oklahoma(5),6.18,pbp,Big 12,Big 12,fbs,fbs
#d9c78e,#bca0a5,2018,4,,349,201,Army,Oklahoma(5),6.18,pbp,FBS Independents,Big 12,fbs,fbs
#a0a0a0,#bd9099,2026,3,,52,333,Florida State,Alabama(10),6.18,pbp,ACC,SEC,fbs,fbs
#7f46c2,#5d7193,2021,8,,264,12,Washington,Arizona,6.18,pbp,Pac-12,Pac-12,fbs,fbs
#f4ebe0,#d2adae,2016,Bowls,r+l carriers new orleans bowl,2572,309,Southern Miss,Louisiana,6.18,pbp,Conference USA,Sun Belt,fbs,fbs
#47c27c,#b9a0a5,2020,16,,2483,30,Oregon,USC(13),6.18,pbp,Pac-12,Pac-12,fbs,fbs
#cc7a91,#917e9c,2015,8,,218,151,Temple(22),East Carolina,6.18,pbp,American Athletic,American Athletic,fbs,fbs
#e3c2ab,#af3a3a,2018,2,,228,245,Clemson(2),Texas A&M,6.18,pbp,ACC,SEC,fbs,fbs
#f0e8d6,#ddb4b6,2026,4,,338,2032,Kennesaw State,Arkansas State,6.18,pbp,Conference USA,Sun Belt,fbs,fbs
#FFFFFF,#838383,2024,2,,70,2751,Idaho,Wyoming,6.18,pbp,Big Sky,Mountain West,fcs,fbs
#40be99,#cc7a91,2019,12,,2655,218,Tulane,Temple,6.18,pbp,American Athletic,American Athletic,fbs,fbs
#dc97a7,#5d7088,2022,5,,278,41,Fresno State,UConn,6.17,pbp,Mountain West,FBS Independents,fbs,fbs
#d98c8c,#848484,2023,4,,152,258,NC State,Virginia,6.17,pbp,ACC,ACC,fbs,fbs
#57c78b,#f4ebe0,2017,5,,249,2572,North Texas,Southern Miss,6.17,pbp,Conference USA,Conference USA,fbs,fbs
#868686,#c0437e,2022,12,,2711,2117,Western Michigan,Central Michigan,6.17,pbp,Mid-American,Mid-American,fbs,fbs
#75807c,#e6cab3,2019,8,,239,197,Baylor(18),Oklahoma State,6.17,pbp,Big 12,Big 12,fbs,fbs
#546b8d,#99a6b8,2023,1,,227,2247,Rhode Island,Georgia State,6.17,pbp,CAA,Sun Belt,fcs,fbs
#7b7b7b,#a75a7c,2017,7,,127,135,Michigan State(21),Minnesota,6.17,pbp,Big Ten,Big Ten,fbs,fbs
#396bac,#6f7cc9,2026,4,,2523,2084,Robert Morris,Buffalo,6.17,pbp,NEC,Mid-American,fcs,fbs
#935531,#6f7cc9,2021,9,,189,2084,Bowling Green,Buffalo,6.17,legacy,Mid-American,Mid-American,fbs,fbs
#e1c8a7,#5d7193,2016,2,,2755,12,Grambling,Arizona,6.17,pbp,SWAC,Pac-12,fcs,fbs
#d6889a,#3aaf80,2017,Bowls,,275,2390,Wisconsin(7),Miami(13),6.17,pbp,Big Ten,ACC,fbs,fbs
#e9e1ce,#6b8bce,2021,2,,142,96,Missouri,Kentucky,6.17,pbp,SEC,SEC,fbs,fbs
#519bc5,#99a6b8,2024,7,,295,2247,Old Dominion,Georgia State,6.17,pbp,Sun Belt,Sun Belt,fbs,fbs
#b6999d,#6e6e6e,2020,10,,265,204,Washington State,Oregon State,6.17,pbp,Pac-12,Pac-12,fbs,fbs
#a4a4a4,#4c4c4c,2018,11,,77,2294,Northwestern,Iowa,6.17,pbp,Big Ten,Big Ten,fbs,fbs
#85797a,#4abfc2,2019,14,,326,324,Texas State,Coastal Carolina,6.17,pbp,Sun Belt,Sun Belt,fbs,fbs
#da8f8f,#e7c8b6,2021,1,,158,356,Nebraska,Illinois,6.17,pbp,Big Ten,Big Ten,fbs,fbs
#519bc5,#ddb4b6,2024,14,,295,2032,Old Dominion,Arkansas State,6.17,pbp,Sun Belt,Sun Belt,fbs,fbs
#cbbdb5,#885caf,2016,8,,251,2306,Texas,Kansas State,6.17,pbp,Big 12,Big 12,fbs,fbs
#5c81c6,#b8b8b8,2019,13,,150,154,Duke,Wake Forest,6.17,pbp,ACC,ACC,fbs,fbs
#3f647f,#b8b8b8,2024,11,,25,154,California,Wake Forest,6.17,pbp,ACC,ACC,fbs,fbs
#d2adae,#d07980,2023,12,,309,2653,Louisiana,Troy,6.17,pbp,Sun Belt,Sun Belt,fbs,fbs
#868686,#576f8c,2019,6,,2711,2649,Western Michigan,Toledo,6.16,pbp,Mid-American,Mid-American,fbs,fbs
#cc7a91,#6095ca,2020,8,,218,235,Temple,Memphis,6.16,pbp,American Athletic,American Athletic,fbs,fbs
#adb8c1,#7f46c2,2021,7,,26,264,UCLA,Washington,6.16,pbp,Pac-12,Pac-12,fbs,fbs
#c24a54,#af3a3a,2017,5,,2579,245,South Carolina,Texas A&M,6.16,pbp,SEC,SEC,fbs,fbs
#b8b8b8,#d98c8c,2022,10,,154,152,Wake Forest(20),NC State(21),6.16,pbp,ACC,ACC,fbs,fbs
#dc9797,#576f8c,2022,11,,2050,2649,Ball State,Toledo,6.16,pbp,Mid-American,Mid-American,fbs,fbs
#3c7eb4,#f4f4f4,2018,10,,59,153,Georgia Tech,North Carolina,6.16,pbp,ACC,ACC,fbs,fbs
#d88a96,#f4f4f4,2017,2,,97,153,Louisville(17),North Carolina,6.16,pbp,ACC,ACC,fbs,fbs
#d3a5b1,#9785a6,2018,3,,194,2628,Ohio State(4),TCU(15),6.16,pbp,Big Ten,Big 12,fbs,fbs
#a6a0a1,#e1bbbf,2023,2,,79,2459,Southern Illinois,Northern Illinois,6.16,pbp,MVFC,Mid-American,fcs,fbs
#339969,#4abfc2,2019,1,,2199,324,Eastern Michigan,Coastal Carolina,6.16,pbp,Mid-American,Sun Belt,fbs,fbs
#FFFFFF,#4c85c3,2025,1,,2771,2309,Merrimack,Kent State,6.16,pbp,FCS Independents,Mid-American,fcs,fbs
#d98c8c,#3c73b2,2015,10,,2641,277,Texas Tech,West Virginia,6.16,pbp,Big 12,Big 12,fbs,fbs
#d88a96,#b8b8b8,2017,9,,97,154,Louisville,Wake Forest,6.16,pbp,ACC,ACC,fbs,fbs
#b57f81,#85797a,2018,9,,166,326,New Mexico State,Texas State,6.16,pbp,FBS Independents,Sun Belt,fbs,fbs
#4fb885,#5090c5,2024,13,,2429,2226,Charlotte,Florida Atlantic,6.15,pbp,American Athletic,American Athletic,fbs,fbs
#e0a3ae,#75807c,2023,2,,254,239,Utah(12),Baylor,6.15,pbp,Pac-12,Big 12,fbs,fbs
#5d7088,#b9a0a5,2024,14,,87,30,Notre Dame(5),USC,6.15,pbp,FBS Independents,Big Ten,fbs,fbs
#828282,#3f78bc,2016,1,,13,2440,Cal Poly,Nevada,6.15,legacy,Big Sky,Mountain West,fcs,fbs
#d9c78e,#b8b8b8,2016,9,,349,154,Army,Wake Forest,6.15,pbp,FBS Independents,ACC,fbs,fbs
#d3a5b1,#cc6666,2015,5,,194,84,Ohio State(1),Indiana,6.15,pbp,Big Ten,Big Ten,fbs,fbs
#e1bbbf,#6f92cf,2018,9,,2459,252,Northern Illinois,BYU,6.15,pbp,Mid-American,FBS Independents,fbs,fbs
#d9c78e,#d07980,2022,11,,349,2653,Army,Troy,6.15,pbp,FBS Independents,Sun Belt,fbs,fbs
#3f7fbd,#848484,2016,7,,221,258,Pittsburgh,Virginia,6.15,pbp,ACC,ACC,fbs,fbs
#ddb4b6,#6388cb,2018,3,,2032,202,Arkansas State,Tulsa,6.15,pbp,Sun Belt,American Athletic,fbs,fbs
#3d6bb7,#885caf,2019,Bowls,,2426,2306,Navy(20),Kansas State,6.15,pbp,American Athletic,Big 12,fbs,fbs
#3aaf80,#848484,2018,7,,2390,258,Miami(16),Virginia,6.15,pbp,ACC,ACC,fbs,fbs
#47c27c,#d6889a,2024,12,,2483,275,Oregon(1),Wisconsin,6.15,pbp,Big Ten,Big Ten,fbs,fbs
#bca0a5,#cfbdbf,2016,1,,201,248,Oklahoma(3),Houston(15),6.15,pbp,Big 12,American Athletic,fbs,fbs
#848484,#5d7088,2016,3,,258,41,Virginia,UConn,6.15,pbp,ACC,American Athletic,fbs,fbs
#e6dbb3,#af3a3a,2022,2,,2026,245,App State,Texas A&M(6),6.15,pbp,Sun Belt,SEC,fbs,fbs
#7b7b7b,#db93a2,2016,8,,127,120,Michigan State,Maryland,6.15,pbp,Big Ten,Big Ten,fbs,fbs
#a6999b,#dd9da6,2025,6,,66,2132,Iowa State(14),Cincinnati,6.15,pbp,Big 12,Big 12,fbs,fbs
#8e8e8e,#339969,2025,9,,195,2199,Ohio,Eastern Michigan,6.15,pbp,Mid-American,Mid-American,fbs,fbs
#5d7088,#5c81c6,2023,5,,87,150,Notre Dame(11),Duke(17),6.15,pbp,FBS Independents,ACC,fbs,fbs
#339a72,#d17b7b,2021,11,,62,2439,Hawai'i,UNLV,6.15,legacy,Mountain West,Mountain West,fbs,fbs
#40be99,#6095ca,2023,7,,2655,235,Tulane,Memphis,6.15,pbp,American Athletic,American Athletic,fbs,fbs
#e6ccb3,#4078be,2024,9,,2638,2348,UTEP,Louisiana Tech,6.14,pbp,Conference USA,Conference USA,fbs,fbs
#565656,#e1bbbf,2025,1,,107,2459,Holy Cross,Northern Illinois,6.14,pbp,Patriot,Mid-American,fcs,fbs
#76d198,#5090c5,2017,10,,276,2226,Marshall,Florida Atlantic,6.14,pbp,Conference USA,Conference USA,fbs,fbs
#5c81c6,#b8b8b8,2024,14,,150,154,Duke,Wake Forest,6.14,pbp,ACC,ACC,fbs,fbs
#adb8c1,#da8f8f,2024,10,,26,158,UCLA,Nebraska,6.14,pbp,Big Ten,Big Ten,fbs,fbs
#339969,#61a0ca,2022,Bowls,famous idaho potato bowl,2199,23,Eastern Michigan,San José State,6.14,pbp,Mid-American,Mountain West,fbs,fbs
#b8b8b8,#5d7088,2024,8,,154,41,Wake Forest,UConn,6.14,pbp,ACC,FBS Independents,fbs,fbs
#357a9e,#dc97a7,2025,13,,328,278,Utah State,Fresno State,6.14,pbp,Mountain West,Mountain West,fbs,fbs
#4c4c4c,#a75a7c,2022,12,,2294,135,Iowa,Minnesota,6.14,pbp,Big Ten,Big Ten,fbs,fbs
#61a0ca,#339a72,2026,5,,23,62,San José State,Hawai'i,6.14,pbp,Mountain West,Mountain West,fbs,fbs
#4b83c3,#99a6b8,2016,12,,290,2247,Georgia Southern,Georgia State,6.14,pbp,Sun Belt,Sun Belt,fbs,fbs
#b9a0a5,#adb8c1,2024,13,,30,26,USC,UCLA,6.14,pbp,Big Ten,Big Ten,fbs,fbs
#75807c,#e6cab3,2015,12,,239,197,Baylor(10),Oklahoma State(4),6.14,pbp,Big 12,Big 12,fbs,fbs
#357a9e,#cc7a91,2024,4,,328,218,Utah State,Temple,6.14,pbp,Mountain West,American Athletic,fbs,fbs
#3aaf80,#3f7fbd,2019,9,,2390,221,Miami,Pittsburgh,6.14,pbp,ACC,ACC,fbs,fbs
#3d75b8,#f4ebe0,2020,12,,2636,2572,UTSA,Southern Miss,6.14,pbp,Conference USA,Conference USA,fbs,fbs
#e0a3ae,#f2f2f2,2016,13,,254,38,Utah(21),Colorado(9),6.14,pbp,Pac-12,Pac-12,fbs,fbs
#cf6e75,#935531,2022,7,,193,189,Miami (OH),Bowling Green,6.14,pbp,Mid-American,Mid-American,fbs,fbs
#838383,#5d7088,2021,4,,2751,41,Wyoming,UConn,6.14,pbp,Mountain West,FBS Independents,fbs,fbs
#e6cab3,#75807c,2016,4,,197,239,Oklahoma State,Baylor(16),6.13,pbp,Big 12,Big 12,fbs,fbs
#af3a3a,#f4f4f4,2020,Bowls,capital one orange bowl,245,153,Texas A&M(4),North Carolina(18),6.13,pbp,SEC,ACC,fbs,fbs
#3c7eb4,#b5b5b5,2024,Bowls,birmingham bowl,59,238,Georgia Tech,Vanderbilt,6.13,pbp,ACC,SEC,fbs,fbs
#d98c8c,#bd9fa4,2015,3,,2641,8,Texas Tech,Arkansas,6.13,pbp,Big 12,SEC,fbs,fbs
#bc778f,#e0a3ae,2021,7,,9,254,Arizona State(18),Utah,6.13,pbp,Pac-12,Pac-12,fbs,fbs
#3c7eb4,#5c81c6,2025,8,,59,150,Georgia Tech(12),Duke,6.13,pbp,ACC,ACC,fbs,fbs
#d3a5b1,#44699b,2022,9,,194,213,Ohio State(2),Penn State(13),6.13,pbp,Big Ten,Big Ten,fbs,fbs
#d17b7b,#3f78bc,2015,5,,2439,2440,UNLV,Nevada,6.13,pbp,Mountain West,Mountain West,fbs,fbs
#3aaf80,#5c81c6,2019,14,,2390,150,Miami,Duke,6.13,pbp,ACC,ACC,fbs,fbs
#ddb4b6,#3d68b7,2015,7,,2032,6,Arkansas State,South Alabama,6.13,pbp,Sun Belt,Sun Belt,fbs,fbs
#61a0ca,#ce919e,2016,5,,23,167,San José State,New Mexico,6.13,pbp,Mountain West,Mountain West,fbs,fbs
#d6889a,#b6999d,2023,2,,275,265,Wisconsin(19),Washington State,6.13,pbp,Big Ten,Pac-12,fbs,fbs
#6f7cc9,#d9c78e,2017,2,,2084,349,Buffalo,Army,6.13,pbp,Mid-American,FBS Independents,fbs,fbs
#978da5,#bca0a5,2025,14,,99,201,LSU,Oklahoma(8),6.13,pbp,SEC,SEC,fbs,fbs
#75807c,#cbbdb5,2022,13,,239,251,Baylor,Texas(24),6.12,pbp,Big 12,Big 12,fbs,fbs
#828282,#ce919e,2025,12,,36,167,Colorado State,New Mexico,6.12,pbp,Mountain West,Mountain West,fbs,fbs
#c8c6c2,#885caf,2023,4,,2116,2306,UCF,Kansas State,6.12,pbp,Big 12,Big 12,fbs,fbs
#5096c4,#838383,2022,3,,2005,2751,Air Force,Wyoming,6.12,pbp,Mountain West,Mountain West,fbs,fbs
#357a9e,#7b7b7b,2018,1,,328,127,Utah State,Michigan State(11),6.12,pbp,Mountain West,Big Ten,fbs,fbs
#6b8bce,#828282,2021,9,,68,36,Boise State,Colorado State,6.12,pbp,Mountain West,Mountain West,fbs,fbs
#b6999d,#f2f2f2,2016,12,,265,38,Washington State(20),Colorado(12),6.12,pbp,Pac-12,Pac-12,fbs,fbs
#b9a0a5,#bc778f,2019,11,,30,9,USC,Arizona State,6.12,pbp,Pac-12,Pac-12,fbs,fbs
#3f647f,#b6999d,2018,10,,25,265,California,Washington State(10),6.12,pbp,Pac-12,Pac-12,fbs,fbs
#d9c78e,#40be99,2025,8,,349,2655,Army,Tulane,6.12,pbp,American Athletic,American Athletic,fbs,fbs
#3d68b7,#f4ebe0,2020,1,,6,2572,South Alabama,Southern Miss,6.12,pbp,Sun Belt,Conference USA,fbs,fbs
#9b9b9c,#76d198,2023,1,,399,276,UAlbany,Marshall,6.12,pbp,CAA,Sun Belt,fcs,fbs
#b8b8b8,#5c81c6,2016,2,,154,150,Wake Forest,Duke,6.12,pbp,ACC,ACC,fbs,fbs
#e6c6c7,#f4ebe0,2025,Bowls,new orleans bowl,98,2572,Western Kentucky,Southern Miss,6.12,pbp,Conference USA,Sun Belt,fbs,fbs
#cbbdb5,#ce919e,2018,Bowls,allstate sugar bowl,251,61,Texas(9),Georgia(7),6.12,pbp,Big 12,SEC,fbs,fbs
#b5b5b5,#bd9fa4,2018,9,,238,8,Vanderbilt,Arkansas,6.12,pbp,SEC,SEC,fbs,fbs
#7f46c2,#f2f2f2,2019,13,,264,38,Washington,Colorado,6.12,pbp,Pac-12,Pac-12,fbs,fbs
#345b9d,#4078be,2019,4,,2229,2348,Florida International,Louisiana Tech,6.11,pbp,Conference USA,Conference USA,fbs,fbs
#5090c5,#76d198,2016,7,,2226,276,Florida Atlantic,Marshall,6.11,legacy,Conference USA,Conference USA,fbs,fbs
#6388cb,#dd9da6,2020,16,,202,2132,Tulsa(20),Cincinnati(6),6.11,pbp,American Athletic,American Athletic,fbs,fbs
#cc7a91,#3d6bb7,2018,7,,218,2426,Temple,Navy,6.11,pbp,American Athletic,American Athletic,fbs,fbs
#3d6bb7,#d9c78e,2016,15,,2426,349,Navy,Army,6.11,pbp,American Athletic,FBS Independents,fbs,fbs
#5096c4,#d9c78e,2020,16,,2005,349,Air Force,Army,6.11,pbp,Mountain West,FBS Independents,fbs,fbs
#bd9099,#3974ac,2024,Bowls,reliaquest bowl,333,130,Alabama(17),Michigan,6.11,pbp,SEC,Big Ten,fbs,fbs
#3974ac,#a75a7c,2026,5,,130,135,Michigan,Minnesota,6.11,pbp,Big Ten,Big Ten,fbs,fbs
#359f7d,#4e6192,2022,2,,5,2335,UAB,Liberty,6.11,pbp,Conference USA,FBS Independents,fbs,fbs
#329870,#b6999d,2015,1,,2502,265,Portland State,Washington State,6.11,pbp,Big Sky,Pac-12,fcs,fbs
#359f7d,#40be99,2021,4,,5,2655,UAB,Tulane,6.11,pbp,Conference USA,American Athletic,fbs,fbs
#4e6192,#d37d7b,2025,2,,2335,55,Liberty,Jacksonville State,6.11,pbp,Conference USA,Conference USA,fbs,fbs
#d3a5b1,#7fa4d4,2021,1,,233,2305,South Dakota,Kansas,6.11,pbp,MVFC,Big 12,fcs,fbs
#e7c8b6,#a75a7c,2015,12,,356,135,Illinois,Minnesota,6.11,pbp,Big Ten,Big Ten,fbs,fbs
#8e8e8e,#868686,2025,12,,195,2711,Ohio,Western Michigan,6.11,pbp,Mid-American,Mid-American,fbs,fbs
#b7b7b8,#e3c2ab,2025,8,,2567,228,SMU,Clemson,6.11,pbp,ACC,ACC,fbs,fbs
#4078be,#5090c5,2018,9,,2348,2226,Louisiana Tech,Florida Atlantic,6.11,pbp,Conference USA,Conference USA,fbs,fbs
#b7b7b8,#9785a6,2025,4,,2567,2628,SMU,TCU,6.11,pbp,ACC,Big 12,fbs,fbs
#a4a4a4,#5c81c6,2021,3,,77,150,Northwestern,Duke,6.11,pbp,Big Ten,ACC,fbs,fbs
#d07980,#4b83c3,2020,10,,2653,290,Troy,Georgia Southern,6.1,pbp,Sun Belt,Sun Belt,fbs,fbs
#4078be,#e6c6c7,2016,14,,2348,98,Louisiana Tech,Western Kentucky,6.1,pbp,Conference USA,Conference USA,fbs,fbs
#ddb4b6,#e6dbb3,2015,10,,2032,2026,Arkansas State,App State,6.1,pbp,Sun Belt,Sun Belt,fbs,fbs
#5096c4,#357a9e,2016,4,,2005,328,Air Force,Utah State,6.1,pbp,Mountain West,Mountain West,fbs,fbs
#da8f8f,#cc6666,2016,7,,158,84,Nebraska(10),Indiana,6.1,pbp,Big Ten,Big Ten,fbs,fbs
#bd3f7d,#b8b8b8,2020,8,,259,154,Virginia Tech(19),Wake Forest,6.1,pbp,ACC,ACC,fbs,fbs
#ce919e,#3d77b8,2023,5,,61,2,Georgia(1),Auburn,6.1,pbp,SEC,SEC,fbs,fbs
#a0a0a0,#b48686,2025,8,,52,24,Florida State,Stanford,6.1,pbp,ACC,ACC,fbs,fbs
#ce919e,#61a0ca,2025,6,,167,23,New Mexico,San José State,6.1,pbp,Mountain West,Mountain West,fbs,fbs
#707987,#3d77b8,2015,9,,145,2,Ole Miss(19),Auburn,6.1,pbp,SEC,SEC,fbs,fbs
#3f78bc,#838383,2015,7,,2440,2751,Nevada,Wyoming,6.1,pbp,Mountain West,Mountain West,fbs,fbs
#d07980,#d37d7b,2025,Bowls,is4s salute to veterans bowl,2653,55,Troy,Jacksonville State,6.1,pbp,Sun Belt,Conference USA,fbs,fbs
#e6c7b3,#e3c2ab,2025,4,,183,228,Syracuse,Clemson,6.1,pbp,ACC,ACC,fbs,fbs
#b57f81,#e6ccb3,2018,4,,166,2638,New Mexico State,UTEP,6.1,pbp,FBS Independents,Conference USA,fbs,fbs
#3f78bc,#ce919e,2025,8,,2440,167,Nevada,New Mexico,6.1,pbp,Mountain West,Mountain West,fbs,fbs
#868686,#6f7cc9,2021,5,,2711,2084,Western Michigan,Buffalo,6.1,pbp,Mid-American,Mid-American,fbs,fbs
#d2adae,#3d68b7,2021,5,,309,6,Louisiana,South Alabama,6.1,legacy,Sun Belt,Sun Belt,fbs,fbs
#4b83c3,#4abfc2,2026,5,,290,324,Georgia Southern,Coastal Carolina,6.1,pbp,Sun Belt,Sun Belt,fbs,fbs
#85797a,#4abfc2,2023,11,,326,324,Texas State,Coastal Carolina,6.1,pbp,Sun Belt,Sun Belt,fbs,fbs
#d5a6af,#e7c8b6,2021,9,,164,356,Rutgers,Illinois,6.1,pbp,Big Ten,Big Ten,fbs,fbs
#828282,#838383,2017,10,,36,2751,Colorado State,Wyoming,6.09,pbp,Mountain West,Mountain West,fbs,fbs
#dc9797,#99a6b8,2016,1,,2050,2247,Ball State,Georgia State,6.09,pbp,Mid-American,Sun Belt,fbs,fbs
#7f46c2,#d6889a,2025,11,,264,275,Washington(24),Wisconsin,6.09,pbp,Big Ten,Big Ten,fbs,fbs
#329870,#61a0ca,2022,1,,2502,23,Portland State,San José State,6.09,pbp,Big Sky,Mountain West,fcs,fbs
#75807c,#a6999b,2022,4,,239,66,Baylor(17),Iowa State,6.09,pbp,Big 12,Big 12,fbs,fbs
#dc9797,#4b83c3,2022,4,,2050,290,Ball State,Georgia Southern,6.09,pbp,Mid-American,Sun Belt,fbs,fbs
#917e9c,#5d7088,2019,13,,151,41,East Carolina,UConn,6.09,pbp,American Athletic,American Athletic,fbs,fbs
#e6dbb3,#76d198,2022,11,,2026,276,App State,Marshall,6.09,pbp,Sun Belt,Sun Belt,fbs,fbs
#6388cb,#b57f81,2025,2,,202,166,Tulsa,New Mexico State,6.09,pbp,American Athletic,Conference USA,fbs,fbs
#bd3f7d,#e6c7b3,2016,7,,259,183,Virginia Tech(17),Syracuse,6.09,pbp,ACC,ACC,fbs,fbs
#357a9e,#339a72,2022,11,,328,62,Utah State,Hawai'i,6.09,pbp,Mountain West,Mountain West,fbs,fbs
#828282,#3f78bc,2022,6,,36,2440,Colorado State,Nevada,6.09,pbp,Mountain West,Mountain West,fbs,fbs
#839fb6,#828282,2025,2,,2458,36,Northern Colorado,Colorado State,6.09,pbp,Big Sky,Mountain West,fcs,fbs
#3c73b2,#9785a6,2017,6,,277,2628,West Virginia(23),TCU(8),6.09,pbp,Big 12,Big 12,fbs,fbs
#ce919e,#d17b7b,2022,5,,167,2439,New Mexico,UNLV,6.09,pbp,Mountain West,Mountain West,fbs,fbs
#6f7cc9,#d2adae,2023,4,,2084,309,Buffalo,Louisiana,6.09,pbp,Mid-American,Sun Belt,fbs,fbs
#3d6bb7,#5090c5,2026,2,,2426,2226,Navy,Florida Atlantic,6.09,pbp,American Athletic,American Athletic,fbs,fbs
#da8f8f,#a4a4a4,2020,10,,158,77,Nebraska,Northwestern,6.08,pbp,Big Ten,Big Ten,fbs,fbs
#c8c6c2,#b7b7b8,2017,10,,2116,2567,UCF(15),SMU,6.08,pbp,American Athletic,American Athletic,fbs,fbs
#7f46c2,#b9a0a5,2015,6,,264,30,Washington,USC(17),6.08,pbp,Pac-12,Pac-12,fbs,fbs
#e6ccb3,#d37d7b,2023,1,,2638,55,UTEP,Jacksonville State,6.08,pbp,Conference USA,Conference USA,fbs,fbs
#868686,#cf6e75,2025,9,,2711,193,Western Michigan,Miami (OH),6.08,pbp,Mid-American,Mid-American,fbs,fbs
#a75a7c,#4c4c4c,2023,8,,135,2294,Minnesota,Iowa(24),6.08,pbp,Big Ten,Big Ten,fbs,fbs
#d07980,#b57f81,2017,3,,2653,166,Troy,New Mexico State,6.08,pbp,Sun Belt,Sun Belt,fbs,fbs
#d98c8c,#885caf,2020,5,,2641,2306,Texas Tech,Kansas State,6.08,pbp,Big 12,Big 12,fbs,fbs
#47c27c,#7f46c2,2015,7,,2483,264,Oregon,Washington,6.08,pbp,Pac-12,Pac-12,fbs,fbs
#7f46c2,#b6999d,2022,13,,264,265,Washington(12),Washington State,6.08,pbp,Pac-12,Pac-12,fbs,fbs
#b6999d,#6b8bce,2016,2,,265,68,Washington State,Boise State,6.08,pbp,Pac-12,Mountain West,fbs,fbs
#dc97a7,#838383,2023,6,,278,2751,Fresno State(24),Wyoming,6.08,pbp,Mountain West,Mountain West,fbs,fbs
#e6c6c7,#e6ccb3,2017,6,,98,2638,Western Kentucky,UTEP,6.08,pbp,Conference USA,Conference USA,fbs,fbs
#d98c8c,#7fa4d4,2023,11,,2641,2305,Texas Tech,Kansas(19),6.08,pbp,Big 12,Big 12,fbs,fbs
#bd3f7d,#e6cab3,2017,Bowls,camping world bowl,259,197,Virginia Tech(24),Oklahoma State(14),6.08,pbp,ACC,Big 12,fbs,fbs
#c8c6c2,#5d7088,2016,8,,2116,41,UCF,UConn,6.07,pbp,American Athletic,American Athletic,fbs,fbs
#5d7193,#b6999d,2026,4,,12,265,Arizona,Washington State,6.07,pbp,Big 12,Pac-12,fbs,fbs
#3aaf80,#dd9da6,2015,5,,2390,2132,Miami,Cincinnati,6.07,pbp,ACC,American Athletic,fbs,fbs
#4c4c4c,#cc6666,2015,10,,2294,84,Iowa(10),Indiana,6.07,pbp,Big Ten,Big Ten,fbs,fbs
#6f92cf,#cfbdbf,2020,7,,252,248,BYU(15),Houston,6.07,pbp,FBS Independents,American Athletic,fbs,fbs
#cfa0a8,#6b8bce,2018,6,,21,68,San Diego State,Boise State,6.07,pbp,Mountain West,Mountain West,fbs,fbs
#47c27c,#b6999d,2020,11,,2483,265,Oregon(11),Washington State,6.07,pbp,Pac-12,Pac-12,fbs,fbs
#ddb4b6,#6e6e6e,2017,13,,2032,2433,Arkansas State,UL Monroe,6.07,pbp,Sun Belt,Sun Belt,fbs,fbs
#6388cb,#cfbdbf,2018,6,,202,248,Tulsa,Houston,6.07,pbp,American Athletic,American Athletic,fbs,fbs
#a6999b,#7fa4d4,2022,5,,66,2305,Iowa State,Kansas,6.07,pbp,Big 12,Big 12,fbs,fbs
#d2adae,#4abfc2,2024,8,,309,324,Louisiana,Coastal Carolina,6.07,pbp,Sun Belt,Sun Belt,fbs,fbs
#5d7088,#e3c2ab,2023,10,,87,228,Notre Dame(12),Clemson,6.07,pbp,FBS Independents,ACC,fbs,fbs
#7b7b7b,#e7c8b6,2022,10,,127,356,Michigan State,Illinois(14),6.07,pbp,Big Ten,Big Ten,fbs,fbs
#57c78b,#3d75b8,2018,13,,249,2636,North Texas,UTSA,6.07,pbp,Conference USA,Conference USA,fbs,fbs
#ad9a9d,#848484,2020,14,,103,258,Boston College,Virginia,6.07,pbp,ACC,ACC,fbs,fbs
#345b9d,#ba3e3e,2025,10,,2229,2623,Florida International,Missouri State,6.06,pbp,Conference USA,Conference USA,fbs,fbs
#6dcead,#935531,2016,2,,155,189,North Dakota,Bowling Green,6.06,pbp,Big Sky,Mid-American,fcs,fbs
#cc7a91,#5d7088,2024,6,,218,41,Temple,UConn,6.06,pbp,American Athletic,FBS Independents,fbs,fbs
#345b9d,#7cb0d3,2015,7,,2229,2393,Florida International,Middle Tennessee,6.06,pbp,Conference USA,Conference USA,fbs,fbs
#978da5,#b5b5b5,2025,8,,99,238,LSU(10),Vanderbilt(17),6.06,pbp,SEC,SEC,fbs,fbs
#5d7088,#5c81c6,2024,3,,41,150,UConn,Duke,6.06,pbp,FBS Independents,ACC,fbs,fbs
#6388cb,#5090c5,2023,6,,202,2226,Tulsa,Florida Atlantic,6.06,pbp,American Athletic,American Athletic,fbs,fbs
#3d6bb7,#6388cb,2017,5,,2426,202,Navy,Tulsa,6.06,pbp,American Athletic,American Athletic,fbs,fbs
#ddb4b6,#f0e8d6,2025,4,,2032,338,Arkansas State,Kennesaw State,6.06,pbp,Sun Belt,Conference USA,fbs,fbs
#6f7cc9,#576f8c,2018,8,,2084,2649,Buffalo,Toledo,6.06,pbp,Mid-American,Mid-American,fbs,fbs
#885caf,#cbbdb5,2021,13,,2306,251,Kansas State,Texas,6.05,pbp,Big 12,Big 12,fbs,fbs
#a75a7c,#da8f8f,2020,15,,135,158,Minnesota,Nebraska,6.05,pbp,Big Ten,Big Ten,fbs,fbs
#f2f2f2,#d98c8c,2024,11,,38,2641,Colorado(21),Texas Tech,6.05,pbp,Big 12,Big 12,fbs,fbs
#61a0ca,#dc97a7,2022,7,,23,278,San José State,Fresno State,6.05,pbp,Mountain West,Mountain West,fbs,fbs
#cfbdbf,#b7b7b8,2022,10,,248,2567,Houston,SMU,6.05,pbp,American Athletic,American Athletic,fbs,fbs
#828282,#dc97a7,2024,13,,36,278,Colorado State,Fresno State,6.05,pbp,Mountain West,Mountain West,fbs,fbs
#d98c8c,#5d7193,2019,3,,2641,12,Texas Tech,Arizona,6.05,pbp,Big 12,Pac-12,fbs,fbs
#7b7b7b,#3974ac,2017,6,,127,130,Michigan State,Michigan(7),6.05,pbp,Big Ten,Big Ten,fbs,fbs
#b5b5b5,#c24a54,2017,9,,238,2579,Vanderbilt,South Carolina,6.05,pbp,SEC,SEC,fbs,fbs
#dd9da6,#bd9fa4,2022,1,,2132,8,Cincinnati(23),Arkansas(19),6.05,pbp,American Athletic,SEC,fbs,fbs
#bca0a5,#885caf,2021,5,,201,2306,Oklahoma(6),Kansas State,6.05,pbp,Big 12,Big 12,fbs,fbs
#dc97a7,#3f78bc,2020,14,,278,2440,Fresno State,Nevada,6.05,pbp,Mountain West,Mountain West,fbs,fbs
#6095ca,#a6999b,2023,Bowls,autozone liberty bowl,235,66,Memphis,Iowa State,6.05,legacy,American Athletic,Big 12,fbs,fbs
#6388cb,#e1bbbf,2023,4,,202,2459,Tulsa,Northern Illinois,6.05,pbp,American Athletic,Mid-American,fbs,fbs
#b9a0a5,#3f647f,2015,9,,30,25,USC,California,6.05,pbp,Pac-12,Pac-12,fbs,fbs
#d88a96,#a0a0a0,2019,4,,97,52,Louisville,Florida State,6.05,pbp,ACC,ACC,fbs,fbs
#dc97a7,#3f78bc,2016,6,,278,2440,Fresno State,Nevada,6.05,pbp,Mountain West,Mountain West,fbs,fbs
#838383,#828282,2020,10,,2751,36,Wyoming,Colorado State,6.04,pbp,Mountain West,Mountain West,fbs,fbs
#40be99,#885caf,2022,3,,2655,2306,Tulane,Kansas State,6.04,pbp,American Athletic,Big 12,fbs,fbs
#44699b,#da8f8f,2020,11,,213,158,Penn State,Nebraska,6.04,pbp,Big Ten,Big Ten,fbs,fbs
#917e9c,#ffffff,2023,5,,151,242,East Carolina,Rice,6.04,pbp,American Athletic,American Athletic,fbs,fbs
#ce919e,#6388cb,2017,4,,167,202,New Mexico,Tulsa,6.04,pbp,Mountain West,American Athletic,fbs,fbs
#cf6e75,#4c85c3,2019,9,,193,2309,Miami (OH),Kent State,6.04,pbp,Mid-American,Mid-American,fbs,fbs
#359f7d,#ffffff,2025,11,,5,242,UAB,Rice,6.04,pbp,American Athletic,American Athletic,fbs,fbs
#4c4c4c,#cc6666,2018,13,,2509,84,Purdue,Indiana,6.04,pbp,Big Ten,Big Ten,fbs,fbs
#a0a0a0,#e3c2ab,2021,9,,52,228,Florida State,Clemson,6.04,pbp,ACC,ACC,fbs,fbs
#39aa8c,#cc7a91,2016,8,,58,218,South Florida,Temple,6.04,pbp,American Athletic,American Athletic,fbs,fbs
#339a72,#828282,2022,8,,62,36,Hawai'i,Colorado State,6.04,pbp,Mountain West,Mountain West,fbs,fbs
#b7949a,#345b9d,2017,14,,113,2229,Massachusetts,Florida International,6.04,pbp,FBS Independents,Conference USA,fbs,fbs
#848484,#5c81c6,2016,5,,258,150,Virginia,Duke,6.04,pbp,ACC,ACC,fbs,fbs
#7f46c2,#3f647f,2018,9,,264,25,Washington(15),California,6.04,pbp,Pac-12,Pac-12,fbs,fbs
#d3a5b1,#d6889a,2017,14,,194,275,Ohio State(8),Wisconsin(3),6.04,pbp,Big Ten,Big Ten,fbs,fbs
#3d6bb7,#cfbdbf,2019,14,,2426,248,Navy(24),Houston,6.04,pbp,American Athletic,American Athletic,fbs,fbs
#39aa8c,#dd9da6,2022,6,,58,2132,South Florida,Cincinnati(24),6.04,pbp,American Athletic,American Athletic,fbs,fbs
#707987,#44699b,2023,Bowls,chick-fil-a peach bowl,145,213,Ole Miss,Penn State(13),6.03,pbp,SEC,Big Ten,fbs,fbs
#f2f2f2,#b9a0a5,2016,6,,38,30,Colorado(21),USC,6.03,pbp,Pac-12,Pac-12,fbs,fbs
#885caf,#5d7193,2025,3,,2306,12,Kansas State,Arizona,6.03,pbp,Big 12,Big 12,fbs,fbs
#a4a4a4,#e0a3ae,2018,Bowls,,77,254,Northwestern(21),Utah,6.03,pbp,Big Ten,Pac-12,fbs,fbs
#cbbdb5,#885caf,2022,10,,251,2306,Texas,Kansas State(13),6.03,pbp,Big 12,Big 12,fbs,fbs
#3d68b7,#8e8e8e,2024,2,,6,195,South Alabama,Ohio,6.03,pbp,Sun Belt,Mid-American,fbs,fbs
#ce919e,#357a9e,2020,13,,167,328,New Mexico,Utah State,6.03,pbp,Mountain West,Mountain West,fbs,fbs
#5096c4,#6b8bce,2021,7,,2005,68,Air Force,Boise State,6.03,pbp,Mountain West,Mountain West,fbs,fbs
#978da5,#af3a3a,2024,9,,99,245,LSU(8),Texas A&M(14),6.03,pbp,SEC,SEC,fbs,fbs
#e1bbbf,#ad9a9d,2015,4,,2459,103,Northern Illinois,Boston College,6.03,pbp,Mid-American,ACC,fbs,fbs
#d6889a,#cc6666,2023,10,,275,84,Wisconsin,Indiana,6.03,pbp,Big Ten,Big Ten,fbs,fbs
#cc6666,#47c27c,2025,7,,84,2483,Indiana(7),Oregon(3),6.03,pbp,Big Ten,Big Ten,fbs,fbs
#40be99,#ffffff,2023,9,,2655,242,Tulane(22),Rice,6.02,pbp,American Athletic,American Athletic,fbs,fbs
#3c73b2,#75807c,2019,10,,277,239,West Virginia,Baylor(12),6.02,pbp,Big 12,Big 12,fbs,fbs
#a75a7c,#4c4c4c,2021,5,,135,2509,Minnesota,Purdue,6.02,pbp,Big Ten,Big Ten,fbs,fbs
#3c73b2,#8e8e8e,2025,2,,277,195,West Virginia,Ohio,6.02,pbp,Big 12,Mid-American,fbs,fbs
#e6ccb3,#dc97a7,2021,Bowls,pubg mobile new mexico bowl,2638,278,UTEP,Fresno State,6.02,pbp,Conference USA,Mountain West,fbs,fbs
#4fb885,#5090c5,2018,13,,2429,2226,Charlotte,Florida Atlantic,6.02,legacy,Conference USA,Conference USA,fbs,fbs
#dd9da6,#6f92cf,2015,7,,2132,252,Cincinnati,BYU,6.02,pbp,American Athletic,FBS Independents,fbs,fbs
#a75a7c,#da8f8f,2016,11,,135,158,Minnesota,Nebraska(21),6.02,pbp,Big Ten,Big Ten,fbs,fbs
#5c81c6,#3aaf80,2018,10,,150,2390,Duke,Miami,6.02,pbp,ACC,ACC,fbs,fbs
#4078be,#359f7d,2021,10,,2348,5,Louisiana Tech,UAB,6.02,pbp,Conference USA,Conference USA,fbs,fbs
#3aaf80,#bd3f7d,2022,7,,2390,259,Miami,Virginia Tech,6.02,legacy,ACC,ACC,fbs,fbs
#a75a7c,#b6999d,2016,Bowls,national funding holiday bowl,135,265,Minnesota,Washington State,6.02,pbp,Big Ten,Pac-12,fbs,fbs
#3d6bb7,#cc7a91,2017,10,,2426,218,Navy,Temple,6.02,pbp,American Athletic,American Athletic,fbs,fbs
#5495c6,#5d7088,2021,7,,43,41,Yale,UConn,6.02,pbp,Ivy,FBS Independents,fcs,fbs
#61a0ca,#6e6e6e,2024,11,,23,204,San José State,Oregon State,6.02,pbp,Mountain West,Pac-12,fbs,fbs
#b5b5b5,#cbbdb5,2025,10,,238,251,Vanderbilt(9),Texas(20),6.02,pbp,SEC,SEC,fbs,fbs
#3d6bb7,#b7b7b8,2022,7,,2426,2567,Navy,SMU,6.02,pbp,American Athletic,American Athletic,fbs,fbs
#cf6e75,#dc9797,2024,11,,193,2050,Miami (OH),Ball State,6.02,pbp,Mid-American,Mid-American,fbs,fbs
#b8b8b8,#a0a0a0,2022,5,,154,52,Wake Forest(22),Florida State(23),6.02,pbp,ACC,ACC,fbs,fbs
#4078be,#3d68b7,2018,1,,2348,6,Louisiana Tech,South Alabama,6.02,pbp,Conference USA,Sun Belt,fbs,fbs
#3d6bb7,#917e9c,2022,4,,2426,151,Navy,East Carolina,6.02,legacy,American Athletic,American Athletic,fbs,fbs
#99a6b8,#e6dbb3,2020,11,,2247,2026,Georgia State,App State,6.01,pbp,Sun Belt,Sun Belt,fbs,fbs
#bd9099,#6f82cf,2020,16,,333,57,Alabama(1),Florida(11),6.01,pbp,SEC,SEC,fbs,fbs
#85797a,#3d68b7,2020,7,,326,6,Texas State,South Alabama,6.01,pbp,Sun Belt,Sun Belt,fbs,fbs
#ddb4b6,#da8f8f,2017,1,,2032,158,Arkansas State,Nebraska,6.01,pbp,Sun Belt,Big Ten,fbs,fbs
#6b8bce,#a75a7c,2019,1,,2571,135,South Dakota State,Minnesota,6.01,pbp,MVFC,Big Ten,fcs,fbs
#b6999d,#e0a3ae,2020,16,,265,254,Washington State,Utah,6.01,pbp,Pac-12,Pac-12,fbs,fbs
#6b8bce,#cfa0a8,2021,13,,68,21,Boise State,San Diego State(22),6.01,pbp,Mountain West,Mountain West,fbs,fbs
#a4a4a4,#da8f8f,2019,6,,77,158,Northwestern,Nebraska,6.01,pbp,Big Ten,Big Ten,fbs,fbs
#5096c4,#cfa0a8,2018,7,,2005,21,Air Force,San Diego State,6.01,pbp,Mountain West,Mountain West,fbs,fbs
#b57f81,#935531,2022,Bowls,quick lane bowl,166,189,New Mexico State,Bowling Green,6.01,pbp,FBS Independents,Mid-American,fbs,fbs
#5d7088,#6f7cc9,2025,5,,41,2084,UConn,Buffalo,6.01,pbp,FBS Independents,Mid-American,fbs,fbs
#7b7b7b,#da8f8f,2025,6,,127,158,Michigan State,Nebraska,6.01,pbp,Big Ten,Big Ten,fbs,fbs
#7f46c2,#44699b,2017,Bowls,,264,213,Washington(16),Penn State(8),6.01,pbp,Pac-12,Big Ten,fbs,fbs
#e5c2b2,#4078be,2023,11,,2534,2348,Sam Houston,Louisiana Tech,6.01,pbp,Conference USA,Conference USA,fbs,fbs
#cc7a91,#39aa8c,2023,11,,218,58,Temple,South Florida,6.01,pbp,American Athletic,American Athletic,fbs,fbs
#6f92cf,#bc778f,2024,13,,252,9,BYU(14),Arizona State(21),6.01,pbp,Big 12,Big 12,fbs,fbs
#519bc5,#c24a54,2024,1,,295,2579,Old Dominion,South Carolina,6.01,pbp,Sun Belt,SEC,fbs,fbs
#d98c8c,#bd3f7d,2023,12,,152,259,NC State,Virginia Tech,6.01,pbp,ACC,ACC,fbs,fbs
#f4f4f4,#3f647f,2025,8,,153,25,North Carolina,California,6.01,pbp,ACC,ACC,fbs,fbs
#b8b8b8,#3c7eb4,2017,8,,154,59,Wake Forest,Georgia Tech,6.01,pbp,ACC,ACC,fbs,fbs
#af3a3a,#cbbdb5,2025,14,,245,251,Texas A&M(3),Texas(16),6.01,pbp,SEC,SEC,fbs,fbs
#c8c6c2,#885caf,2025,5,,2116,2306,UCF,Kansas State,6.0,legacy,Big 12,Big 12,fbs,fbs
#d6889a,#db93a2,2015,10,,275,120,Wisconsin,Maryland,6.0,pbp,Big Ten,Big Ten,fbs,fbs
#6e6e6e,#3f647f,2023,6,,204,25,Oregon State(15),California,6.0,pbp,Pac-12,Pac-12,fbs,fbs
#e9e1ce,#c24a54,2016,10,,142,2579,Missouri,South Carolina,6.0,pbp,SEC,SEC,fbs,fbs
#c24a54,#b5b5b5,2016,1,,2579,238,South Carolina,Vanderbilt,6.0,pbp,SEC,SEC,fbs,fbs
#d88a96,#6b8bce,2022,13,,97,96,Louisville,Kentucky,6.0,legacy,ACC,SEC,fbs,fbs
#57c78b,#e6ccb3,2018,6,,249,2638,North Texas,UTEP,6.0,pbp,Conference USA,Conference USA,fbs,fbs
#3e72b9,#d07980,2017,4,,2006,2653,Akron,Troy,6.0,pbp,Mid-American,Sun Belt,fbs,fbs
#8e8e8e,#6f7cc9,2025,14,,195,2084,Ohio,Buffalo,6.0,pbp,Mid-American,Mid-American,fbs,fbs
#3aa07c,#5096c4,2026,2,,2449,2005,North Dakota State,Air Force,6.0,pbp,Mountain West,Mountain West,fbs,fbs
#d98c8c,#3c73b2,2019,3,,152,277,NC State,West Virginia,6.0,pbp,ACC,Big 12,fbs,fbs
#848484,#3aaf80,2015,10,,258,2390,Virginia,Miami,6.0,pbp,ACC,ACC,fbs,fbs
#6095ca,#3d6bb7,2016,8,,235,2426,Memphis,Navy(24),6.0,pbp,American Athletic,American Athletic,fbs,fbs
#cf6e75,#576f8c,2023,14,mac championship,193,2649,Miami (OH),Toledo(23),6.0,pbp,Mid-American,Mid-American,fbs,fbs
#b8b8b8,#d6889a,2020,Bowls,duke's mayo bowl,154,275,Wake Forest,Wisconsin,6.0,pbp,ACC,Big Ten,fbs,fbs
#e3c2ab,#bd3f7d,2016,14,,228,259,Clemson(3),Virginia Tech(19),6.0,pbp,ACC,ACC,fbs,fbs
#6f7cc9,#4abfc2,2022,3,,2084,324,Buffalo,Coastal Carolina,6.0,pbp,Mid-American,Sun Belt,fbs,fbs
#359f7d,#3d75b8,2017,11,,5,2636,UAB,UTSA,6.0,pbp,Conference USA,Conference USA,fbs,fbs
#f0e8d6,#b57f81,2025,11,,338,166,Kennesaw State,New Mexico State,5.99,pbp,Conference USA,Conference USA,fbs,fbs
#cc6666,#7b7b7b,2019,5,,84,127,Indiana,Michigan State(25),5.99,pbp,Big Ten,Big Ten,fbs,fbs
#f4ebe0,#ddb4b6,2025,11,,2572,2032,Southern Miss,Arkansas State,5.99,pbp,Sun Belt,Sun Belt,fbs,fbs
#6e6e6e,#3d68b7,2017,8,,2433,6,UL Monroe,South Alabama,5.99,pbp,Sun Belt,Sun Belt,fbs,fbs
#af5868,#339969,2022,1,,2198,2199,Eastern Kentucky,Eastern Michigan,5.99,pbp,Atlantic Sun,Mid-American,fcs,fbs
#6388cb,#5d7088,2017,8,,202,41,Tulsa,UConn,5.99,pbp,American Athletic,American Athletic,fbs,fbs
#dc9797,#339969,2015,3,,2050,2199,Ball State,Eastern Michigan,5.99,pbp,Mid-American,Mid-American,fbs,fbs
#d07980,#f4ebe0,2025,14,,2653,2572,Troy,Southern Miss,5.99,pbp,Sun Belt,Sun Belt,fbs,fbs
#b7b7b8,#917e9c,2020,13,,2567,151,SMU,East Carolina,5.99,pbp,American Athletic,American Athletic,fbs,fbs
#848484,#f4f4f4,2017,7,,258,153,Virginia,North Carolina,5.99,pbp,ACC,ACC,fbs,fbs
#917e9c,#e6dbb3,2023,3,,151,2026,East Carolina,App State,5.99,pbp,American Athletic,Sun Belt,fbs,fbs
#b8b8b8,#937a7f,2025,Bowls,duke's mayo bowl,154,344,Wake Forest,Mississippi State,5.99,pbp,ACC,SEC,fbs,fbs
#cfbdbf,#3d6bb7,2018,8,,248,2426,Houston,Navy,5.99,pbp,American Athletic,American Athletic,fbs,fbs
#b6999d,#e0a3ae,2017,11,,265,254,Washington State(19),Utah,5.99,pbp,Pac-12,Pac-12,fbs,fbs
#7fa4d4,#d17b7b,2023,Bowls,guaranteed rate bowl,2305,2439,Kansas(23),UNLV,5.99,pbp,Big 12,Mountain West,fbs,fbs
#3c73b2,#c8c6c2,2023,9,,277,2116,West Virginia,UCF,5.99,pbp,Big 12,Big 12,fbs,fbs
#917e9c,#40be99,2018,11,,151,2655,East Carolina,Tulane,5.99,pbp,American Athletic,American Athletic,fbs,fbs
#da8f8f,#dd9da6,2025,1,,158,2132,Nebraska,Cincinnati,5.99,pbp,Big Ten,Big 12,fbs,fbs
#4fb885,#4078be,2021,11,,2429,2348,Charlotte,Louisiana Tech,5.99,pbp,Conference USA,Conference USA,fbs,fbs
#e1bbbf,#4c85c3,2016,13,,2459,2309,Northern Illinois,Kent State,5.99,pbp,Mid-American,Mid-American,fbs,fbs
#cc6666,#b8b8b8,2015,4,,84,154,Indiana,Wake Forest,5.99,pbp,Big Ten,ACC,fbs,fbs
#bc778f,#3f647f,2023,5,,9,25,Arizona State,California,5.98,pbp,Pac-12,Pac-12,fbs,fbs
#adb8c1,#d17b7b,2025,2,,26,2439,UCLA,UNLV,5.98,pbp,Big Ten,Mountain West,fbs,fbs
#bd3f7d,#f4f4f4,2020,6,,259,153,Virginia Tech(19),North Carolina(8),5.98,pbp,ACC,ACC,fbs,fbs
#f6f6f6,#6388cb,2018,1,,2110,202,Central Arkansas,Tulsa,5.98,pbp,Southland,American Athletic,fcs,fbs
#ce919e,#e6ccb3,2021,4,,167,2638,New Mexico,UTEP,5.98,pbp,Mountain West,Conference USA,fbs,fbs
#ce919e,#b57f81,2024,5,,167,166,New Mexico,New Mexico State,5.98,pbp,Mountain West,Conference USA,fbs,fbs
#3f647f,#adb8c1,2019,14,,25,26,California,UCLA,5.98,pbp,Pac-12,Pac-12,fbs,fbs
#4fb885,#345b9d,2021,6,,2429,2229,Charlotte,Florida International,5.98,pbp,Conference USA,Conference USA,fbs,fbs
#3c7eb4,#848484,2019,11,,59,258,Georgia Tech,Virginia,5.98,pbp,ACC,ACC,fbs,fbs
#3aaf80,#3c7eb4,2018,11,,2390,59,Miami,Georgia Tech,5.98,pbp,ACC,ACC,fbs,fbs
#5d7088,#e3c2ab,2015,5,,87,228,Notre Dame(6),Clemson(12),5.98,pbp,FBS Independents,ACC,fbs,fbs
#61a0ca,#cfa0a8,2020,10,,23,21,San José State,San Diego State,5.98,pbp,Mountain West,Mountain West,fbs,fbs
#345b9d,#4e6192,2024,7,,2229,2335,Florida International,Liberty,5.98,legacy,Conference USA,Conference USA,fbs,fbs
#c8c6c2,#cfbdbf,2026,5,,2116,248,UCF,Houston(20),5.98,pbp,Big 12,Big 12,fbs,fbs
#6b8bce,#47c27c,2026,1,,68,2483,Boise State,Oregon(2),5.98,pbp,Pac-12,Big Ten,fbs,fbs
#5d3db6,#3f78bc,2019,3,,2692,2440,Weber State,Nevada,5.98,pbp,Big Sky,Mountain West,fcs,fbs
#6f92cf,#838383,2016,Bowls,san diego county credit union poinsettia bowl,252,2751,BYU,Wyoming,5.98,pbp,FBS Independents,Mountain West,fbs,fbs
#e6cab3,#75807c,2022,5,,197,239,Oklahoma State(9),Baylor(16),5.98,pbp,Big 12,Big 12,fbs,fbs
#3974ac,#d3a5b1,2024,14,,130,194,Michigan,Ohio State(2),5.97,pbp,Big Ten,Big Ten,fbs,fbs
#978da5,#6f82cf,2024,12,,99,57,LSU(21),Florida,5.97,pbp,SEC,SEC,fbs,fbs
#4abfc2,#6989c7,2026,3,,324,48,Coastal Carolina,Delaware,5.97,pbp,Sun Belt,Conference USA,fbs,fbs
#d88a96,#3c7eb4,2020,6,,97,59,Louisville,Georgia Tech,5.97,pbp,ACC,ACC,fbs,fbs
#d2adae,#6b8bce,2015,1,,309,96,Louisiana,Kentucky,5.97,pbp,Sun Belt,SEC,fbs,fbs
#868686,#76d198,2024,5,,2711,276,Western Michigan,Marshall,5.97,pbp,Mid-American,Sun Belt,fbs,fbs
#c24a54,#e9e1ce,2025,4,,2579,142,South Carolina,Missouri(23),5.97,pbp,SEC,SEC,fbs,fbs
#339a72,#b57f81,2022,4,,62,166,Hawai'i,New Mexico State,5.97,legacy,Mountain West,FBS Independents,fbs,fbs
#b7b7b8,#ad9a9d,2023,Bowls,wasabi fenway bowl,2567,103,SMU(22),Boston College,5.97,pbp,American Athletic,ACC,fbs,fbs
#ddb4b6,#b57f81,2017,9,,2032,166,Arkansas State,New Mexico State,5.97,pbp,Sun Belt,Sun Belt,fbs,fbs
#8e8e8e,#c0437e,2016,12,,195,2117,Ohio,Central Michigan,5.97,pbp,Mid-American,Mid-American,fbs,fbs
#6b8bce,#6f82cf,2018,2,,96,57,Kentucky,Florida(25),5.97,pbp,SEC,SEC,fbs,fbs
#707987,#937a7f,2021,13,,145,344,Ole Miss(8),Mississippi State,5.97,pbp,SEC,SEC,fbs,fbs
#ffffff,#57c78b,2022,13,,242,249,Rice,North Texas,5.97,pbp,Conference USA,Conference USA,fbs,fbs
#4c85c3,#8e8e8e,2021,8,,2309,195,Kent State,Ohio,5.97,pbp,Mid-American,Mid-American,fbs,fbs
#d6889a,#4c4c4c,2018,4,,275,2294,Wisconsin(18),Iowa,5.97,pbp,Big Ten,Big Ten,fbs,fbs
#7f46c2,#3f647f,2022,8,,264,25,Washington,California,5.97,pbp,Pac-12,Pac-12,fbs,fbs
#40be99,#3f78bc,2020,Bowls,famous idaho potato bowl,2655,2440,Tulane,Nevada,5.97,pbp,American Athletic,Mountain West,fbs,fbs
#e1bbbf,#c0437e,2015,5,,2459,2117,Northern Illinois,Central Michigan,5.97,pbp,Mid-American,Mid-American,fbs,fbs
#ad9a9d,#3f7fbd,2023,12,,103,221,Boston College,Pittsburgh,5.97,pbp,ACC,ACC,fbs,fbs
#cbb4b7,#4abfc2,2022,2,,2241,324,Gardner-Webb,Coastal Carolina,5.97,pbp,Big South,Sun Belt,fcs,fbs
#339a72,#3f78bc,2017,6,,62,2440,Hawai'i,Nevada,5.97,pbp,Mountain West,Mountain West,fbs,fbs
#d2adae,#3d68b7,2017,10,,309,6,Louisiana,South Alabama,5.97,pbp,Sun Belt,Sun Belt,fbs,fbs
#44699b,#d6889a,2021,1,,213,275,Penn State(19),Wisconsin(12),5.97,pbp,Big Ten,Big Ten,fbs,fbs
#cbbdb5,#3c73b2,2019,6,,251,277,Texas(11),West Virginia,5.97,pbp,Big 12,Big 12,fbs,fbs
#e6cab3,#3c73b2,2026,4,,197,277,Oklahoma State,West Virginia,5.97,pbp,Big 12,Big 12,fbs,fbs
#5096c4,#828282,2017,9,,2005,36,Air Force,Colorado State,5.96,pbp,Mountain West,Mountain West,fbs,fbs
#bd3f7d,#ad9a9d,2026,4,,259,103,Virginia Tech,Boston College,5.96,pbp,ACC,ACC,fbs,fbs
#6388cb,#e5c2b2,2026,2,,202,2534,Tulsa,Sam Houston,5.96,pbp,American Athletic,Conference USA,fbs,fbs
#359f7d,#e6c6c7,2019,5,,5,98,UAB,Western Kentucky,5.96,pbp,Conference USA,Conference USA,fbs,fbs
#e1bbbf,#339969,2025,7,,2459,2199,Northern Illinois,Eastern Michigan,5.96,pbp,Mid-American,Mid-American,fbs,fbs
#7cb0d3,#e6ccb3,2024,10,,2393,2638,Middle Tennessee,UTEP,5.96,pbp,Conference USA,Conference USA,fbs,fbs
#3d6bb7,#339a72,2018,1,,2426,62,Navy,Hawai'i,5.96,pbp,American Athletic,Mountain West,fbs,fbs
#dc9797,#6f7cc9,2016,7,,2050,2084,Ball State,Buffalo,5.96,pbp,Mid-American,Mid-American,fbs,fbs
#c8c6c2,#917e9c,2016,5,,2116,151,UCF,East Carolina,5.96,pbp,American Athletic,American Athletic,fbs,fbs
#bd9099,#6f82cf,2021,3,,333,57,Alabama(1),Florida(11),5.96,pbp,SEC,SEC,fbs,fbs
#a75a7c,#4c4c4c,2017,6,,135,2509,Minnesota,Purdue,5.96,pbp,Big Ten,Big Ten,fbs,fbs
#d3a5b1,#3974ac,2023,13,,194,130,Ohio State(2),Michigan(3),5.96,pbp,Big Ten,Big Ten,fbs,fbs
#ddb4b6,#d2adae,2020,10,,2032,309,Arkansas State,Louisiana,5.96,pbp,Sun Belt,Sun Belt,fbs,fbs
#db93a2,#7b7b7b,2019,14,,120,127,Maryland,Michigan State,5.96,pbp,Big Ten,Big Ten,fbs,fbs
#935531,#db93a2,2015,2,,189,120,Bowling Green,Maryland,5.96,pbp,Mid-American,Big Ten,fbs,fbs
#cfbdbf,#9785a6,2024,6,,248,2628,Houston,TCU,5.96,pbp,Big 12,Big 12,fbs,fbs
#e3c2ab,#d98c8c,2023,9,,228,152,Clemson,NC State,5.95,pbp,ACC,ACC,fbs,fbs
#3f78bc,#ce919e,2016,10,,2440,167,Nevada,New Mexico,5.95,pbp,Mountain West,Mountain West,fbs,fbs
#af3a3a,#e6ccb3,2023,7,,245,2633,Texas A&M,Tennessee(19),5.95,pbp,SEC,SEC,fbs,fbs
#ad9a9d,#e6c7b3,2023,10,,103,183,Boston College,Syracuse,5.95,pbp,ACC,ACC,fbs,fbs
#d2adae,#e6dbb3,2019,15,,309,2026,Louisiana,App State(20),5.95,pbp,Sun Belt,Sun Belt,fbs,fbs
#978da5,#e3c2ab,2025,1,,99,228,LSU(9),Clemson(4),5.95,pbp,SEC,ACC,fbs,fbs
#838383,#339a72,2022,9,,2751,62,Wyoming,Hawai'i,5.95,pbp,Mountain West,Mountain West,fbs,fbs
#3974ac,#4c4c4c,2016,11,,130,2294,Michigan(2),Iowa,5.95,pbp,Big Ten,Big Ten,fbs,fbs
#ffffff,#f4ebe0,2022,Bowls,lendingtree bowl,242,2572,Rice,Southern Miss,5.95,pbp,Conference USA,Sun Belt,fbs,fbs
#3974ac,#7f46c2,2024,6,,130,264,Michigan(10),Washington,5.95,pbp,Big Ten,Big Ten,fbs,fbs
#3f647f,#b9a0a5,2022,10,,25,30,California,USC(9),5.95,pbp,Pac-12,Pac-12,fbs,fbs
#cfbdbf,#a0a0a0,2015,Bowls,,248,52,Houston(8),Florida State(14),5.95,pbp,American Athletic,ACC,fbs,fbs
#47c27c,#4c4c4c,2025,11,,2483,2294,Oregon(6),Iowa,5.95,pbp,Big Ten,Big Ten,fbs,fbs
#b48686,#f2f2f2,2019,11,,24,38,Stanford,Colorado,5.95,pbp,Pac-12,Pac-12,fbs,fbs
#9b9b9c,#339a72,2023,2,,399,62,UAlbany,Hawai'i,5.95,pbp,CAA,Mountain West,fcs,fbs
#b8b8b8,#f4f4f4,2024,12,,154,153,Wake Forest,North Carolina,5.94,pbp,ACC,ACC,fbs,fbs
#d88a96,#b9a0a5,2023,Bowls,directv holiday bowl,97,30,Louisville(19),USC,5.94,pbp,ACC,Pac-12,fbs,fbs
#c24a54,#707987,2020,11,,2579,145,South Carolina,Ole Miss,5.94,pbp,SEC,SEC,fbs,fbs
#3f78bc,#4c4c4c,2016,4,,2440,2509,Nevada,Purdue,5.94,pbp,Mountain West,Big Ten,fbs,fbs
#345b9d,#5d7088,2023,3,,2229,41,Florida International,UConn,5.94,pbp,Conference USA,FBS Independents,fbs,fbs
#dc97a7,#47c27c,2021,1,,278,2483,Fresno State,Oregon(11),5.94,pbp,Mountain West,Pac-12,fbs,fbs
#3f7fbd,#5d7088,2018,7,,221,87,Pittsburgh,Notre Dame(5),5.94,pbp,ACC,FBS Independents,fbs,fbs
#935531,#4c85c3,2021,5,,189,2309,Bowling Green,Kent State,5.94,pbp,Mid-American,Mid-American,fbs,fbs
#39aa8c,#b7b7b8,2016,12,,58,2567,South Florida,SMU,5.94,pbp,American Athletic,American Athletic,fbs,fbs
#c8c6c2,#6f82cf,2021,Bowls,union home mortgage gasparilla bowl,2116,57,UCF,Florida,5.94,pbp,American Athletic,SEC,fbs,fbs
#4c85c3,#b7949a,2015,7,,2309,113,Kent State,Massachusetts,5.94,pbp,Mid-American,Mid-American,fbs,fbs
#b6999d,#6e6e6e,2025,10,,265,204,Washington State,Oregon State,5.94,pbp,Pac-12,Pac-12,fbs,fbs
#519bc5,#3d68b7,2022,13,,295,6,Old Dominion,South Alabama,5.94,pbp,Sun Belt,Sun Belt,fbs,fbs
#6388cb,#e6cab3,2025,4,,202,197,Tulsa,Oklahoma State,5.94,pbp,American Athletic,Big 12,fbs,fbs
#6f92cf,#6b8bce,2018,10,,252,68,BYU,Boise State,5.94,pbp,FBS Independents,Mountain West,fbs,fbs
#d88a96,#a0a0a0,2021,4,,97,52,Louisville,Florida State,5.94,pbp,ACC,ACC,fbs,fbs
#dd9da6,#c8c6c2,2024,7,,2132,2116,Cincinnati,UCF,5.94,pbp,Big 12,Big 12,fbs,fbs
#3d6bb7,#40be99,2016,3,,2426,2655,Navy,Tulane,5.94,pbp,American Athletic,American Athletic,fbs,fbs
#3d77b8,#3f647f,2023,2,,2,25,Auburn,California,5.94,pbp,SEC,Pac-12,fbs,fbs
#868686,#c0437e,2024,13,,2711,2117,Western Michigan,Central Michigan,5.94,pbp,Mid-American,Mid-American,fbs,fbs
#cbbdb5,#7f46c2,2022,Bowls,valero alamo bowl,251,264,Texas(25),Washington(8),5.93,pbp,Big 12,Pac-12,fbs,fbs
#f4ebe0,#ffffff,2017,11,,2572,242,Southern Miss,Rice,5.93,pbp,Conference USA,Conference USA,fbs,fbs
#6b8bce,#6f92cf,2021,6,,68,252,Boise State,BYU(10),5.93,pbp,Mountain West,FBS Independents,fbs,fbs
#6f82cf,#6b8bce,2021,5,,57,96,Florida(10),Kentucky,5.93,pbp,SEC,SEC,fbs,fbs
#3c7eb4,#bd3f7d,2016,11,,59,259,Georgia Tech,Virginia Tech(18),5.93,pbp,ACC,ACC,fbs,fbs
#e6dbb3,#4b83c3,2024,14,,2026,290,App State,Georgia Southern,5.93,pbp,Sun Belt,Sun Belt,fbs,fbs
#885caf,#a6999b,2024,14,,2306,66,Kansas State,Iowa State(17),5.93,pbp,Big 12,Big 12,fbs,fbs
#b7b7b8,#6388cb,2022,9,,2567,202,SMU,Tulsa,5.93,pbp,American Athletic,American Athletic,fbs,fbs
#ce919e,#dc97a7,2023,12,,167,278,New Mexico,Fresno State,5.93,pbp,Mountain West,Mountain West,fbs,fbs
#5c81c6,#e6c7b3,2020,6,,150,183,Duke,Syracuse,5.93,pbp,ACC,ACC,fbs,fbs
#44699b,#4c4c4c,2019,7,,213,2294,Penn State(10),Iowa(17),5.93,pbp,Big Ten,Big Ten,fbs,fbs
#40be99,#cfbdbf,2020,6,,2655,248,Tulane,Houston,5.93,pbp,American Athletic,American Athletic,fbs,fbs
#d9c78e,#3d6bb7,2017,15,,349,2426,Army,Navy,5.93,pbp,FBS Independents,American Athletic,fbs,fbs
#b9b9b9,#7cb0d3,2024,1,,2635,2393,Tennessee Tech,Middle Tennessee,5.93,pbp,Big South-OVC,Conference USA,fcs,fbs
#da8f8f,#4c4c4c,2022,13,,158,2294,Nebraska,Iowa,5.93,pbp,Big Ten,Big Ten,fbs,fbs
#b9a0a5,#5d7088,2025,8,,30,87,USC(20),Notre Dame(13),5.93,pbp,Big Ten,FBS Independents,fbs,fbs
#d9c78e,#5c81c6,2016,6,,349,150,Army,Duke,5.93,legacy,FBS Independents,ACC,fbs,fbs
#339a72,#d9c78e,2018,3,,62,349,Hawai'i,Army,5.93,pbp,Mountain West,FBS Independents,fbs,fbs
#e6c6c7,#4078be,2023,6,,98,2348,Western Kentucky,Louisiana Tech,5.92,pbp,Conference USA,Conference USA,fbs,fbs
#4c4c4c,#da8f8f,2023,13,,2294,158,Iowa(20),Nebraska,5.92,pbp,Big Ten,Big Ten,fbs,fbs
#7fa4d4,#a6999b,2023,10,,2305,66,Kansas(22),Iowa State,5.92,pbp,Big 12,Big 12,fbs,fbs
#3c73b2,#cbbdb5,2020,10,,277,251,West Virginia,Texas(22),5.92,pbp,Big 12,Big 12,fbs,fbs
#3e72b9,#935531,2017,5,,2006,189,Akron,Bowling Green,5.92,pbp,Mid-American,Mid-American,fbs,fbs
#8e8e8e,#FFFFFF,2015,1,,195,70,Ohio,Idaho,5.92,legacy,Mid-American,Sun Belt,fbs,fbs
#357a9e,#339a72,2025,7,,328,62,Utah State,Hawai'i,5.92,pbp,Mountain West,Mountain West,fbs,fbs
#99a6b8,#dc9797,2015,7,,2247,2050,Georgia State,Ball State,5.92,pbp,Sun Belt,Mid-American,fbs,fbs
#4c4c4c,#a6999b,2025,2,,2294,66,Iowa,Iowa State(16),5.92,pbp,Big Ten,Big 12,fbs,fbs
#e6dbb3,#3d68b7,2015,14,,2026,6,App State,South Alabama,5.92,pbp,Sun Belt,Sun Belt,fbs,fbs
#885caf,#a6999b,2016,9,,2306,66,Kansas State,Iowa State,5.92,pbp,Big 12,Big 12,fbs,fbs
#ce919e,#b57f81,2018,3,,167,166,New Mexico,New Mexico State,5.92,pbp,Mountain West,FBS Independents,fbs,fbs
#d3a5aa,#a4a4a4,2016,2,,2287,77,Illinois State,Northwestern,5.92,pbp,MVFC,Big Ten,fcs,fbs
#917e9c,#dd9da6,2016,8,,151,2132,East Carolina,Cincinnati,5.92,pbp,American Athletic,American Athletic,fbs,fbs
#848484,#cc6666,2018,2,,258,84,Virginia,Indiana,5.92,pbp,ACC,Big Ten,fbs,fbs
#b57f81,#4e6192,2023,14,conference usa championship,166,2335,New Mexico State,Liberty(20),5.92,pbp,Conference USA,Conference USA,fbs,fbs
#9785a6,#885caf,2025,7,,2628,2306,TCU,Kansas State,5.92,pbp,Big 12,Big 12,fbs,fbs
#359f7d,#ffffff,2020,15,,5,242,UAB,Rice,5.92,pbp,Conference USA,Conference USA,fbs,fbs
#da8f8f,#b9a0a5,2024,12,,158,30,Nebraska,USC,5.91,pbp,Big Ten,Big Ten,fbs,fbs
#7cb0d3,#935531,2016,3,,2393,189,Middle Tennessee,Bowling Green,5.91,legacy,Conference USA,Mid-American,fbs,fbs
#a75a7c,#e7c8b6,2024,10,,135,356,Minnesota,Illinois(24),5.91,pbp,Big Ten,Big Ten,fbs,fbs
#6b8bce,#6f82cf,2022,2,,96,57,Kentucky(20),Florida(12),5.91,pbp,SEC,SEC,fbs,fbs
#a4a4a4,#e6ccb3,2020,3,,2000,2638,Abilene Christian,UTEP,5.91,pbp,Southland,Conference USA,fcs,fbs
#345b9d,#b7949a,2016,3,,2229,113,Florida International,Massachusetts,5.91,pbp,Conference USA,FBS Independents,fbs,fbs
#6f82cf,#af3a3a,2022,10,,57,245,Florida,Texas A&M,5.91,pbp,SEC,SEC,fbs,fbs
#838383,#61a0ca,2021,9,,2751,23,Wyoming,San José State,5.91,pbp,Mountain West,Mountain West,fbs,fbs
#6388cb,#3d6bb7,2018,12,,202,2426,Tulsa,Navy,5.91,pbp,American Athletic,American Athletic,fbs,fbs
#6e6e6e,#99a6b8,2016,11,,2433,2247,UL Monroe,Georgia State,5.91,pbp,Sun Belt,Sun Belt,fbs,fbs
#937a7f,#6b8bce,2022,7,,344,96,Mississippi State(16),Kentucky(22),5.91,pbp,SEC,SEC,fbs,fbs
#ce919e,#3d77b8,2015,11,,61,2,Georgia,Auburn,5.91,pbp,SEC,SEC,fbs,fbs
#FFFFFF,#d07980,2017,10,,70,2653,Idaho,Troy,5.9,pbp,Sun Belt,Sun Belt,fbs,fbs
#689dcd,#d2adae,2016,2,,2377,309,McNeese,Louisiana,5.9,pbp,Southland,Sun Belt,fcs,fbs
#cfa0a8,#adb8c1,2019,2,,21,26,San Diego State,UCLA,5.9,pbp,Mountain West,Pac-12,fbs,fbs
#6b8bce,#5096c4,2025,4,,68,2005,Boise State,Air Force,5.9,pbp,Mountain West,Mountain West,fbs,fbs
#bc778f,#adb8c1,2019,9,,9,26,Arizona State(24),UCLA,5.9,pbp,Pac-12,Pac-12,fbs,fbs
#e7c8b6,#a4a4a4,2024,14,,356,77,Illinois(22),Northwestern,5.9,pbp,Big Ten,Big Ten,fbs,fbs
#3c73b2,#d98c8c,2018,5,,277,2641,West Virginia(12),Texas Tech(25),5.9,pbp,Big 12,Big 12,fbs,fbs
#885caf,#9785a6,2020,6,,2306,2628,Kansas State,TCU,5.9,pbp,Big 12,Big 12,fbs,fbs
#e5c2b2,#d07980,2026,1,,2534,2653,Sam Houston,Troy,5.9,pbp,Conference USA,Sun Belt,fbs,fbs
#5096c4,#838383,2024,5,,2005,2751,Air Force,Wyoming,5.9,pbp,Mountain West,Mountain West,fbs,fbs
#6e6e6e,#4c4c4c,2021,1,,204,2509,Oregon State,Purdue,5.9,pbp,Pac-12,Big Ten,fbs,fbs
#3aaf80,#b6999d,2015,Bowls,hyundai sun bowl,2390,265,Miami,Washington State,5.9,pbp,ACC,Pac-12,fbs,fbs
#d5a6af,#3aaf80,2023,Bowls,bad boy mowers pinstripe bowl,164,2390,Rutgers,Miami,5.9,pbp,Big Ten,ACC,fbs,fbs
#d88a96,#d98c8c,2017,6,,97,152,Louisville(17),NC State(24),5.9,pbp,ACC,ACC,fbs,fbs
#b7949a,#8e8e8e,2018,5,,113,195,Massachusetts,Ohio,5.9,pbp,FBS Independents,Mid-American,fbs,fbs
#39aa8c,#3d6bb7,2015,9,,58,2426,South Florida,Navy,5.89,pbp,American Athletic,American Athletic,fbs,fbs
#e2c9a6,#357a9e,2026,1,,304,328,Idaho State,Utah State,5.89,pbp,Big Sky,Pac-12,fcs,fbs
#4b83c3,#d2adae,2017,13,,290,309,Georgia Southern,Louisiana,5.89,pbp,Sun Belt,Sun Belt,fbs,fbs
#6f7cc9,#3e72b9,2024,10,,2084,2006,Buffalo,Akron,5.89,pbp,Mid-American,Mid-American,fbs,fbs
#4c4c4c,#e7c8b6,2026,5,,2509,356,Purdue,Illinois,5.89,pbp,Big Ten,Big Ten,fbs,fbs
#d2adae,#76d198,2021,Bowls,r+l carriers new orleans bowl,309,276,Louisiana(16),Marshall,5.89,pbp,Sun Belt,Conference USA,fbs,fbs
#d07980,#6e6e6e,2018,4,,2653,2433,Troy,UL Monroe,5.89,pbp,Sun Belt,Sun Belt,fbs,fbs
#dc97a7,#d17b7b,2020,10,,278,2439,Fresno State,UNLV,5.89,pbp,Mountain West,Mountain West,fbs,fbs
#4c4c4c,#a6999b,2015,2,,2294,66,Iowa,Iowa State,5.89,pbp,Big Ten,Big 12,fbs,fbs
#885caf,#9785a6,2018,10,,2306,2628,Kansas State,TCU,5.89,pbp,Big 12,Big 12,fbs,fbs
#bd3f7d,#3c73b2,2021,3,,259,277,Virginia Tech(15),West Virginia,5.89,pbp,ACC,Big 12,fbs,fbs
#bca0a5,#75807c,2017,4,,201,239,Oklahoma(3),Baylor,5.89,pbp,Big 12,Big 12,fbs,fbs
#576f8c,#cf6e75,2023,8,,2649,193,Toledo,Miami (OH),5.89,pbp,Mid-American,Mid-American,fbs,fbs
#6f92cf,#d17b7b,2017,11,,252,2439,BYU,UNLV,5.89,pbp,FBS Independents,Mountain West,fbs,fbs
#5d7193,#3f647f,2022,4,,12,25,Arizona,California,5.89,pbp,Pac-12,Pac-12,fbs,fbs
#6095ca,#39aa8c,2015,5,,235,58,Memphis,South Florida,5.89,pbp,American Athletic,American Athletic,fbs,fbs
#cbbdb5,#e6ccb3,2026,4,,251,2633,Texas(1),Tennessee(14),5.89,pbp,SEC,SEC,fbs,fbs
#689ecd,#d98c8c,2020,2,,2277,2641,Houston Christian,Texas Tech,5.89,pbp,Southland,Big 12,fcs,fbs
#d3a5b1,#d6889a,2019,15,,194,275,Ohio State(2),Wisconsin(10),5.89,pbp,Big Ten,Big Ten,fbs,fbs
#bc778f,#adb8c1,2015,5,,9,26,Arizona State,UCLA(7),5.89,pbp,Pac-12,Pac-12,fbs,fbs
#3aaf80,#f4f4f4,2017,9,,2390,153,Miami(8),North Carolina,5.88,pbp,ACC,ACC,fbs,fbs
#a4a4a4,#da8f8f,2025,9,,77,158,Northwestern,Nebraska,5.88,pbp,Big Ten,Big Ten,fbs,fbs
#cbbdb5,#6f82cf,2025,6,,251,57,Texas(9),Florida,5.88,pbp,SEC,SEC,fbs,fbs
#7cb0d3,#5090c5,2015,11,,2393,2226,Middle Tennessee,Florida Atlantic,5.88,pbp,Conference USA,Conference USA,fbs,fbs
#8d8db9,#99a6b8,2017,1,,2634,2247,Tennessee State,Georgia State,5.88,pbp,OVC,Sun Belt,fcs,fbs
#76d198,#4abfc2,2025,10,,276,324,Marshall,Coastal Carolina,5.88,pbp,Sun Belt,Sun Belt,fbs,fbs
#3f7fbd,#e6c7b3,2019,8,,221,183,Pittsburgh,Syracuse,5.88,pbp,ACC,ACC,fbs,fbs
#bc778f,#dc97a7,2018,Bowls,mitsubishi motors las vegas bowl,9,278,Arizona State,Fresno State(18),5.88,pbp,Pac-12,Mountain West,fbs,fbs
#3d68b7,#d07980,2021,10,,6,2653,South Alabama,Troy,5.88,pbp,Sun Belt,Sun Belt,fbs,fbs
#40be99,#57c78b,2024,9,,2655,249,Tulane,North Texas,5.88,pbp,American Athletic,American Athletic,fbs,fbs
#a75a7c,#4c4c4c,2019,12,,135,2294,Minnesota(7),Iowa(23),5.88,pbp,Big Ten,Big Ten,fbs,fbs
#bd3f7d,#5c81c6,2016,10,,259,150,Virginia Tech(23),Duke,5.88,pbp,ACC,ACC,fbs,fbs
#c8c6c2,#40be99,2015,5,,2116,2655,UCF,Tulane,5.88,pbp,American Athletic,American Athletic,fbs,fbs
#6e6e6e,#5d7193,2019,10,,204,12,Oregon State,Arizona,5.88,pbp,Pac-12,Pac-12,fbs,fbs
#b7b7b8,#3d6bb7,2021,6,,2567,2426,SMU(24),Navy,5.88,pbp,American Athletic,American Athletic,fbs,fbs
#7f46c2,#e0a3ae,2016,9,,264,254,Washington(4),Utah(17),5.88,pbp,Pac-12,Pac-12,fbs,fbs
#f4f4f4,#9785a6,2026,1,aer lingus college football classic,153,2628,North Carolina,TCU,5.88,pbp,ACC,Big 12,fbs,fbs
#da8f8f,#47c27c,2017,2,,158,2483,Nebraska,Oregon,5.88,pbp,Big Ten,Pac-12,fbs,fbs
#bd3f7d,#76d198,2023,4,,259,276,Virginia Tech,Marshall,5.88,pbp,ACC,Sun Belt,fbs,fbs
#e9e1ce,#6b8bce,2015,4,,142,96,Missouri(25),Kentucky,5.88,pbp,SEC,SEC,fbs,fbs
#6b8bce,#af3a3a,2026,3,,96,245,Kentucky,Texas A&M(9),5.88,pbp,SEC,SEC,fbs,fbs
#3d6bb7,#39aa8c,2016,9,,2426,58,Navy(22),South Florida,5.87,pbp,American Athletic,American Athletic,fbs,fbs
#8e8e8e,#4c85c3,2026,5,,195,2309,Ohio,Kent State,5.87,pbp,Mid-American,Mid-American,fbs,fbs
#868686,#ffffff,2026,3,,2711,242,Western Michigan,Rice,5.87,pbp,Mid-American,American Athletic,fbs,fbs
#3d6bb7,#cfbdbf,2017,13,,2426,248,Navy,Houston,5.87,pbp,American Athletic,American Athletic,fbs,fbs
#4078be,#e6ccb3,2015,12,,2348,2638,Louisiana Tech,UTEP,5.87,pbp,Conference USA,Conference USA,fbs,fbs
#935531,#a75a7c,2021,4,,189,135,Bowling Green,Minnesota,5.87,pbp,Mid-American,Big Ten,fbs,fbs
#57c78b,#6095ca,2022,4,,249,235,North Texas,Memphis,5.87,pbp,Conference USA,American Athletic,fbs,fbs
#cbbdb5,#3c73b2,2021,12,,251,277,Texas,West Virginia,5.87,pbp,Big 12,Big 12,fbs,fbs
#da8f8f,#4c4c4c,2020,13,,158,2294,Nebraska,Iowa,5.87,pbp,Big Ten,Big Ten,fbs,fbs
#cfa0a8,#828282,2023,11,,21,36,San Diego State,Colorado State,5.87,pbp,Mountain West,Mountain West,fbs,fbs
#c0437e,#e9e1ce,2021,1,,2117,142,Central Michigan,Missouri,5.87,pbp,Mid-American,SEC,fbs,fbs
#b48686,#b9a0a5,2021,2,,24,30,Stanford,USC(14),5.87,pbp,Pac-12,Pac-12,fbs,fbs
#e6dbb3,#85797a,2022,6,,2026,326,App State,Texas State,5.87,pbp,Sun Belt,Sun Belt,fbs,fbs
#e0a3ae,#b6999d,2022,9,,254,265,Utah(14),Washington State,5.87,pbp,Pac-12,Pac-12,fbs,fbs
#7fa4d4,#d98c8c,2022,11,,2305,2641,Kansas,Texas Tech,5.87,pbp,Big 12,Big 12,fbs,fbs
#cf6e75,#b7949a,2015,12,,193,113,Miami (OH),Massachusetts,5.86,pbp,Mid-American,Mid-American,fbs,fbs
#4abfc2,#b7949a,2018,8,,324,113,Coastal Carolina,Massachusetts,5.86,pbp,Sun Belt,FBS Independents,fbs,fbs
#d3a5b1,#44699b,2024,10,,194,213,Ohio State(4),Penn State(3),5.86,pbp,Big Ten,Big Ten,fbs,fbs
#b3787d,#c0437e,2026,2,,2142,2117,Colgate,Central Michigan,5.86,pbp,Patriot,Mid-American,fcs,fbs
#e6c6c7,#9156c7,2024,Bowls,boca raton bowl,98,256,Western Kentucky,James Madison,5.86,pbp,Conference USA,Sun Belt,fbs,fbs
#3e72b9,#cf6e75,2015,11,,2006,193,Akron,Miami (OH),5.86,pbp,Mid-American,Mid-American,fbs,fbs
#978da5,#bd9fa4,2022,11,,99,8,LSU(7),Arkansas,5.86,pbp,SEC,SEC,fbs,fbs
#c24a54,#6b8bce,2016,4,,2579,96,South Carolina,Kentucky,5.86,pbp,SEC,SEC,fbs,fbs
#f4ebe0,#e6c6c7,2015,14,,2572,98,Southern Miss,Western Kentucky,5.86,pbp,Conference USA,Conference USA,fbs,fbs
#838383,#85797a,2019,2,,2751,326,Wyoming,Texas State,5.86,pbp,Mountain West,Sun Belt,fbs,fbs
#b48686,#5d7088,2016,7,,24,87,Stanford,Notre Dame,5.86,pbp,Pac-12,FBS Independents,fbs,fbs
#e1bbbf,#868686,2024,11,,2459,2711,Northern Illinois,Western Michigan,5.86,pbp,Mid-American,Mid-American,fbs,fbs
#d5a6af,#ad9a9d,2026,2,,164,103,Rutgers,Boston College,5.86,pbp,Big Ten,ACC,fbs,fbs
#d88a96,#5d7088,2024,5,,97,87,Louisville(15),Notre Dame(16),5.86,pbp,ACC,FBS Independents,fbs,fbs
#3d75b8,#cfa0a8,2021,Bowls,tropical smoothie cafe frisco bowl,2636,21,UTSA,San Diego State(25),5.86,pbp,Conference USA,Mountain West,fbs,fbs
#4c4c4c,#4c4c4c,2017,12,,2509,2294,Purdue,Iowa,5.86,pbp,Big Ten,Big Ten,fbs,fbs
#345b9d,#cc6666,2015,2,,2229,84,Florida International,Indiana,5.85,pbp,Conference USA,Big Ten,fbs,fbs
#67aacc,#7fa4d4,2019,1,,282,2305,Indiana State,Kansas,5.85,pbp,MVFC,Big 12,fcs,fbs
#e1bbbf,#4c85c3,2023,13,,2459,2309,Northern Illinois,Kent State,5.85,pbp,Mid-American,Mid-American,fbs,fbs
#e6c6c7,#345b9d,2019,2,,98,2229,Western Kentucky,Florida International,5.85,pbp,Conference USA,Conference USA,fbs,fbs
#d17b7b,#3f78bc,2023,7,,2439,2440,UNLV,Nevada,5.85,legacy,Mountain West,Mountain West,fbs,fbs
#4abfc2,#6e6e6e,2022,6,,324,2433,Coastal Carolina,UL Monroe,5.85,legacy,Sun Belt,Sun Belt,fbs,fbs
#4c4c4c,#a75a7c,2016,6,,2294,135,Iowa,Minnesota,5.85,pbp,Big Ten,Big Ten,fbs,fbs
#5d7088,#b9a0a5,2018,13,,87,30,Notre Dame(3),USC,5.85,pbp,FBS Independents,Pac-12,fbs,fbs
#b9a0a5,#5d7193,2018,5,,30,12,USC,Arizona,5.85,pbp,Pac-12,Pac-12,fbs,fbs
#5096c4,#5090c5,2018,2,,2005,2226,Air Force,Florida Atlantic,5.85,pbp,Mountain West,Conference USA,fbs,fbs
#ad9a9d,#e9e1ce,2024,3,,103,142,Boston College(24),Missouri(6),5.85,pbp,ACC,SEC,fbs,fbs
#4078be,#7cb0d3,2023,7,,2348,2393,Louisiana Tech,Middle Tennessee,5.85,pbp,Conference USA,Conference USA,fbs,fbs
#c0437e,#dc9797,2021,12,,2117,2050,Central Michigan,Ball State,5.85,legacy,Mid-American,Mid-American,fbs,fbs
#cc6666,#7b7b7b,2017,8,,84,127,Indiana,Michigan State(18),5.85,pbp,Big Ten,Big Ten,fbs,fbs
#ffffff,#6095ca,2024,11,,242,235,Rice,Memphis,5.85,pbp,American Athletic,American Athletic,fbs,fbs
#b48686,#b6999d,2023,10,,24,265,Stanford,Washington State,5.85,pbp,Pac-12,Pac-12,fbs,fbs
#339a72,#d17b7b,2017,10,,62,2439,Hawai'i,UNLV,5.85,pbp,Mountain West,Mountain West,fbs,fbs
#6f82cf,#ce919e,2020,10,,57,61,Florida(8),Georgia(5),5.85,pbp,SEC,SEC,fbs,fbs
#bd3f7d,#3c7eb4,2021,9,,259,59,Virginia Tech,Georgia Tech,5.85,pbp,ACC,ACC,fbs,fbs
#bd9fa4,#3d77b8,2024,4,,8,2,Arkansas,Auburn,5.85,pbp,SEC,SEC,fbs,fbs
#868686,#3974ac,2026,1,,2711,130,Western Michigan,Michigan(16),5.84,pbp,Mid-American,Big Ten,fbs,fbs
#db93a2,#cc6666,2024,5,,120,84,Maryland,Indiana,5.84,pbp,Big Ten,Big Ten,fbs,fbs
#4c4c4c,#d6889a,2015,5,,2294,275,Iowa,Wisconsin(19),5.84,pbp,Big Ten,Big Ten,fbs,fbs
#da8f8f,#4c4c4c,2024,14,,158,2294,Nebraska,Iowa,5.84,pbp,Big Ten,Big Ten,fbs,fbs
#bc778f,#6f92cf,2021,3,,9,252,Arizona State(19),BYU(23),5.84,pbp,Pac-12,FBS Independents,fbs,fbs
#5c81c6,#40be99,2025,3,,150,2655,Duke,Tulane,5.84,pbp,ACC,American Athletic,fbs,fbs
#5c81c6,#7fa4d4,2022,4,,150,2305,Duke,Kansas,5.84,pbp,ACC,Big 12,fbs,fbs
#339a72,#dc97a7,2020,8,,62,278,Hawai'i,Fresno State,5.84,pbp,Mountain West,Mountain West,fbs,fbs
#7cb0d3,#4078be,2022,10,,2393,2348,Middle Tennessee,Louisiana Tech,5.84,pbp,Conference USA,Conference USA,fbs,fbs
#6f92cf,#357a9e,2017,5,,252,328,BYU,Utah State,5.84,pbp,FBS Independents,Mountain West,fbs,fbs
#b6999d,#3f647f,2019,11,,265,25,Washington State,California,5.84,pbp,Pac-12,Pac-12,fbs,fbs
#7fa4d4,#a6999b,2019,13,,2305,66,Kansas,Iowa State,5.84,pbp,Big 12,Big 12,fbs,fbs
#3cb48f,#61a0ca,2024,1,,16,23,Sacramento State,San José State,5.84,pbp,Big Sky,Mountain West,fcs,fbs
#cfbdbf,#6388cb,2019,13,,248,202,Houston,Tulsa,5.84,pbp,American Athletic,American Athletic,fbs,fbs
#6e6e6e,#f2f2f2,2018,9,,204,38,Oregon State,Colorado,5.84,legacy,Pac-12,Pac-12,fbs,fbs
#e6c7b3,#d98c8c,2024,7,,183,152,Syracuse,NC State,5.83,pbp,ACC,ACC,fbs,fbs
#adb8c1,#b9a0a5,2017,12,,26,30,UCLA,USC(12),5.83,pbp,Pac-12,Pac-12,fbs,fbs
#3d77b8,#44699b,2021,3,,2,213,Auburn(22),Penn State(10),5.83,pbp,SEC,Big Ten,fbs,fbs
#6e6e6e,#d07980,2024,5,,2433,2653,UL Monroe,Troy,5.83,pbp,Sun Belt,Sun Belt,fbs,fbs
#5090c5,#ffffff,2016,10,,2226,242,Florida Atlantic,Rice,5.83,pbp,Conference USA,Conference USA,fbs,fbs
#339969,#e1bbbf,2021,5,,2199,2459,Eastern Michigan,Northern Illinois,5.83,pbp,Mid-American,Mid-American,fbs,fbs
#3c7eb4,#5d7088,2015,3,,59,87,Georgia Tech(14),Notre Dame(8),5.83,pbp,ACC,FBS Independents,fbs,fbs
#e0a3ae,#6f92cf,2021,2,,254,252,Utah(21),BYU,5.83,pbp,Pac-12,FBS Independents,fbs,fbs
#3c73b2,#7fa4d4,2021,13,,277,2305,West Virginia,Kansas,5.83,pbp,Big 12,Big 12,fbs,fbs
#af3a3a,#3d77b8,2020,14,,245,2,Texas A&M(5),Auburn,5.83,pbp,SEC,SEC,fbs,fbs
#bc778f,#7b7b7b,2019,3,,9,127,Arizona State,Michigan State(18),5.83,pbp,Pac-12,Big Ten,fbs,fbs
#e1bbbf,#3e72b9,2018,10,,2459,2006,Northern Illinois,Akron,5.83,pbp,Mid-American,Mid-American,fbs,fbs
#6388cb,#c8c6c2,2016,12,,202,2116,Tulsa,UCF,5.83,pbp,American Athletic,American Athletic,fbs,fbs
#4385c0,#e6c6c7,2020,8,,236,98,Chattanooga,Western Kentucky,5.83,pbp,Southern,Conference USA,fcs,fbs
#6f7cc9,#cf6e75,2019,5,,2084,193,Buffalo,Miami (OH),5.82,pbp,Mid-American,Mid-American,fbs,fbs
#e1bbbf,#339969,2020,15,,2459,2199,Northern Illinois,Eastern Michigan,5.82,pbp,Mid-American,Mid-American,fbs,fbs
#3d75b8,#ffffff,2026,5,,2636,242,UTSA,Rice,5.82,pbp,American Athletic,American Athletic,fbs,fbs
#5c81c6,#d9c78e,2017,11,,150,349,Duke,Army,5.82,pbp,ACC,FBS Independents,fbs,fbs
#3c73b2,#9785a6,2021,8,,277,2628,West Virginia,TCU,5.82,pbp,Big 12,Big 12,fbs,fbs
#75807c,#978da5,2024,Bowls,kinder's texas bowl,239,99,Baylor,LSU,5.82,pbp,Big 12,SEC,fbs,fbs
#4abfc2,#e6dbb3,2017,8,,324,2026,Coastal Carolina,App State,5.82,pbp,Sun Belt,Sun Belt,fbs,fbs
#d3a5b1,#3974ac,2017,13,,194,130,Ohio State(8),Michigan,5.82,pbp,Big Ten,Big Ten,fbs,fbs
#47c27c,#b9a0a5,2026,4,,2483,30,Oregon(20),USC(12),5.82,pbp,Big Ten,Big Ten,fbs,fbs
#d98c8c,#3c73b2,2023,4,,2641,277,Texas Tech,West Virginia,5.81,pbp,Big 12,Big 12,fbs,fbs
#3c7eb4,#c8c6c2,2023,Bowls,union home mortgage gasparilla bowl,59,2116,Georgia Tech,UCF,5.81,pbp,ACC,Big 12,fbs,fbs
#ba3e3e,#ddb4b6,2025,Bowls,xbox bowl,2623,2032,Missouri State,Arkansas State,5.81,pbp,Conference USA,Sun Belt,fbs,fbs
#d88a96,#e3c2ab,2024,10,,97,228,Louisville,Clemson(11),5.81,pbp,ACC,ACC,fbs,fbs
#cfa0a8,#339a72,2019,13,,21,62,San Diego State,Hawai'i,5.81,pbp,Mountain West,Mountain West,fbs,fbs
#c0437e,#3e72b9,2022,7,,2117,2006,Central Michigan,Akron,5.81,legacy,Mid-American,Mid-American,fbs,fbs
#3d77b8,#bca0a5,2025,4,,2,201,Auburn(22),Oklahoma(11),5.81,pbp,SEC,SEC,fbs,fbs
#3aaf80,#d88a96,2020,3,,2390,97,Miami(17),Louisville(18),5.81,pbp,ACC,ACC,fbs,fbs
#e7c8b6,#4c4c4c,2021,4,,356,2509,Illinois,Purdue,5.81,pbp,Big Ten,Big Ten,fbs,fbs
#f4f4f4,#3aaf80,2016,7,,153,2390,North Carolina,Miami(16),5.81,pbp,ACC,ACC,fbs,fbs
#6c6f6d,#848484,2015,3,,2729,258,William & Mary,Virginia,5.81,pbp,CAA,ACC,fcs,fbs
#a6999b,#885caf,2019,14,,66,2306,Iowa State,Kansas State,5.81,pbp,Big 12,Big 12,fbs,fbs
#a0a0a0,#3c7eb4,2015,8,,52,59,Florida State(9),Georgia Tech,5.81,pbp,ACC,ACC,fbs,fbs
#e6dbb3,#76d198,2024,6,,2026,276,App State,Marshall,5.81,pbp,Sun Belt,Sun Belt,fbs,fbs
#b8b8b8,#e9e1ce,2022,Bowls,union home mortgage gasparilla bowl,154,142,Wake Forest,Missouri,5.81,pbp,ACC,SEC,fbs,fbs
#4c4c4c,#da8f8f,2015,13,,2294,158,Iowa(3),Nebraska,5.81,pbp,Big Ten,Big Ten,fbs,fbs
#99a6b8,#4abfc2,2019,7,,2247,324,Georgia State,Coastal Carolina,5.81,pbp,Sun Belt,Sun Belt,fbs,fbs
#5d7193,#7f46c2,2022,7,,12,264,Arizona,Washington,5.81,pbp,Pac-12,Pac-12,fbs,fbs
#4fb885,#7cb0d3,2022,11,,2429,2393,Charlotte,Middle Tennessee,5.81,pbp,Conference USA,Conference USA,fbs,fbs
#d2adae,#3d68b7,2023,9,,309,6,Louisiana,South Alabama,5.81,pbp,Sun Belt,Sun Belt,fbs,fbs
#e9e1ce,#b5b5b5,2021,9,,142,238,Missouri,Vanderbilt,5.81,pbp,SEC,SEC,fbs,fbs
#8e8e8e,#3e72b9,2015,5,,195,2006,Ohio,Akron,5.81,pbp,Mid-American,Mid-American,fbs,fbs
#8e8e8e,#cfa0a8,2023,1,,195,21,Ohio,San Diego State,5.8,pbp,Mid-American,Mountain West,fbs,fbs
#848484,#3aaf80,2017,12,,258,2390,Virginia,Miami(2),5.8,pbp,ACC,ACC,fbs,fbs
#9156c7,#f4f4f4,2024,4,,256,153,James Madison,North Carolina,5.8,pbp,Sun Belt,ACC,fbs,fbs
#6f92cf,#7fa4d4,2023,4,,252,2305,BYU,Kansas,5.8,pbp,Big 12,Big 12,fbs,fbs
#cc7a91,#3d6bb7,2022,9,,218,2426,Temple,Navy,5.8,legacy,American Athletic,American Athletic,fbs,fbs
#b6999d,#707987,2025,7,,265,145,Washington State,Ole Miss(4),5.8,pbp,Pac-12,SEC,fbs,fbs
#848484,#3c7eb4,2022,8,,258,59,Virginia,Georgia Tech,5.8,pbp,ACC,ACC,fbs,fbs
#868686,#576f8c,2023,4,,2711,2649,Western Michigan,Toledo,5.8,pbp,Mid-American,Mid-American,fbs,fbs
#3f7fbd,#bd3f7d,2017,12,,221,259,Pittsburgh,Virginia Tech,5.8,pbp,ACC,ACC,fbs,fbs
#e6ccb3,#4078be,2022,6,,2638,2348,UTEP,Louisiana Tech,5.8,pbp,Conference USA,Conference USA,fbs,fbs
#cfa0a8,#bc778f,2017,2,,21,9,San Diego State,Arizona State,5.8,pbp,Mountain West,Pac-12,fbs,fbs
#7b7b7b,#3974ac,2024,9,,127,130,Michigan State,Michigan,5.8,pbp,Big Ten,Big Ten,fbs,fbs
#bca0a5,#cbbdb5,2019,7,,201,251,Oklahoma(6),Texas(11),5.8,pbp,Big 12,Big 12,fbs,fbs
#828282,#357a9e,2023,6,,36,328,Colorado State,Utah State,5.8,pbp,Mountain West,Mountain West,fbs,fbs
#ffffff,#57c78b,2020,12,,242,249,Rice,North Texas,5.8,pbp,Conference USA,Conference USA,fbs,fbs
#3f78bc,#61a0ca,2016,7,,2440,23,Nevada,San José State,5.8,pbp,Mountain West,Mountain West,fbs,fbs
#339969,#6b8bce,2017,5,,2199,96,Eastern Michigan,Kentucky,5.79,pbp,Mid-American,SEC,fbs,fbs
#937a7f,#ce919e,2020,12,,344,61,Mississippi State,Georgia(13),5.79,pbp,SEC,SEC,fbs,fbs
#e6cab3,#3c73b2,2017,9,,197,277,Oklahoma State(11),West Virginia(22),5.79,pbp,Big 12,Big 12,fbs,fbs
#f2f2f2,#3c73b2,2025,11,,38,277,Colorado,West Virginia,5.79,pbp,Big 12,Big 12,fbs,fbs
#bd9fa4,#937a7f,2016,12,,8,344,Arkansas,Mississippi State,5.79,pbp,SEC,SEC,fbs,fbs
#9785a6,#75807c,2018,12,,2628,239,TCU,Baylor,5.79,pbp,Big 12,Big 12,fbs,fbs
#61a0ca,#339a72,2017,7,,23,62,San José State,Hawai'i,5.79,pbp,Mountain West,Mountain West,fbs,fbs
#d9c78e,#5096c4,2019,10,,349,2005,Army,Air Force,5.79,pbp,FBS Independents,Mountain West,fbs,fbs
#cbbdb5,#9785a6,2023,11,,251,2628,Texas(7),TCU,5.79,pbp,Big 12,Big 12,fbs,fbs
#b6999d,#5d7193,2017,9,,265,12,Washington State(15),Arizona,5.79,pbp,Pac-12,Pac-12,fbs,fbs
#3aaf80,#cc6666,2025,Bowls,college football playoff national championship presented by at&t,2390,84,Miami(2),Indiana(1),5.79,pbp,ACC,Big Ten,fbs,fbs
#357a9e,#828282,2018,12,,328,36,Utah State(14),Colorado State,5.79,pbp,Mountain West,Mountain West,fbs,fbs
#b48686,#adb8c1,2016,4,,24,26,Stanford(7),UCLA,5.79,pbp,Pac-12,Pac-12,fbs,fbs
#d2adae,#3d68b7,2025,10,,309,6,Louisiana,South Alabama,5.79,pbp,Sun Belt,Sun Belt,fbs,fbs
#d3a5b1,#3974ac,2021,13,,194,130,Ohio State(2),Michigan(6),5.79,pbp,Big Ten,Big Ten,fbs,fbs
#f4ebe0,#3d75b8,2016,6,,2572,2636,Southern Miss,UTSA,5.79,pbp,Conference USA,Conference USA,fbs,fbs
#3d77b8,#ce919e,2016,11,,2,61,Auburn(8),Georgia,5.79,pbp,SEC,SEC,fbs,fbs
#d98c8c,#75807c,2021,13,,2641,239,Texas Tech,Baylor(9),5.79,pbp,Big 12,Big 12,fbs,fbs
#adb8c1,#6f92cf,2016,3,,26,252,UCLA,BYU,5.79,pbp,Pac-12,FBS Independents,fbs,fbs
#9156c7,#3c73b2,2019,1,,256,277,James Madison,West Virginia,5.79,pbp,CAA,Big 12,fcs,fbs
#5c81c6,#b8b8b8,2015,13,,150,154,Duke,Wake Forest,5.79,pbp,ACC,ACC,fbs,fbs
#b48686,#bc778f,2018,8,,24,9,Stanford,Arizona State,5.78,pbp,Pac-12,Pac-12,fbs,fbs
#cc7a91,#d9c78e,2025,11,,218,349,Temple,Army,5.78,pbp,American Athletic,American Athletic,fbs,fbs
#99a6b8,#5d7088,2024,10,,2247,41,Georgia State,UConn,5.78,pbp,Sun Belt,FBS Independents,fbs,fbs
#44699b,#e0a3ae,2022,Bowls,rose bowl game presented by prudential,213,254,Penn State(7),Utah(10),5.78,pbp,Big Ten,Pac-12,fbs,fbs
#3f89bd,#4c85c3,2017,2,,47,2309,Howard,Kent State,5.78,pbp,MEAC,Mid-American,fcs,fbs
#707987,#af3a3a,2018,11,,145,245,Ole Miss,Texas A&M,5.78,pbp,SEC,SEC,fbs,fbs
#935531,#6f7cc9,2017,11,,189,2084,Bowling Green,Buffalo,5.78,pbp,Mid-American,Mid-American,fbs,fbs
#5d7193,#b9a0a5,2017,10,,12,30,Arizona(23),USC(17),5.78,pbp,Pac-12,Pac-12,fbs,fbs
#d98c8c,#bd9fa4,2024,Bowls,autozone liberty bowl,2641,8,Texas Tech,Arkansas,5.78,pbp,Big 12,SEC,fbs,fbs
#6095ca,#b7b7b8,2018,12,,235,2567,Memphis,SMU,5.78,pbp,American Athletic,American Athletic,fbs,fbs
#7cb0d3,#e6ccb3,2022,9,,2393,2638,Middle Tennessee,UTEP,5.78,pbp,Conference USA,Conference USA,fbs,fbs
#d17b7b,#828282,2015,11,,2439,36,UNLV,Colorado State,5.78,pbp,Mountain West,Mountain West,fbs,fbs
#5096c4,#61a0ca,2025,11,,2005,23,Air Force,San José State,5.78,pbp,Mountain West,Mountain West,fbs,fbs
#bd9fa4,#707987,2023,6,,8,145,Arkansas,Ole Miss(16),5.78,pbp,SEC,SEC,fbs,fbs
#d17b7b,#dc97a7,2017,9,,2439,278,UNLV,Fresno State,5.78,pbp,Mountain West,Mountain West,fbs,fbs
#359f7d,#76d198,2021,11,,5,276,UAB,Marshall,5.77,pbp,Conference USA,Conference USA,fbs,fbs
#e6dbb3,#d2adae,2024,7,,2026,309,App State,Louisiana,5.77,pbp,Sun Belt,Sun Belt,fbs,fbs
#b6999d,#bc778f,2021,9,,265,9,Washington State,Arizona State,5.77,pbp,Pac-12,Pac-12,fbs,fbs
#b7949a,#d9c78e,2023,9,,113,349,Massachusetts,Army,5.77,pbp,FBS Independents,FBS Independents,fbs,fbs
#ad9a9d,#848484,2024,6,,103,258,Boston College,Virginia,5.77,pbp,ACC,ACC,fbs,fbs
#5d7193,#e0a3ae,2016,6,,12,254,Arizona,Utah(24),5.77,pbp,Pac-12,Pac-12,fbs,fbs
#b5b5b5,#e9e1ce,2016,11,,238,142,Vanderbilt,Missouri,5.77,pbp,SEC,SEC,fbs,fbs
#8e8e8e,#5090c5,2023,2,,195,2226,Ohio,Florida Atlantic,5.77,pbp,Mid-American,American Athletic,fbs,fbs
#5c81c6,#848484,2020,4,,150,258,Duke,Virginia,5.77,pbp,ACC,ACC,fbs,fbs
#935531,#868686,2015,11,,189,2711,Bowling Green,Western Michigan,5.77,pbp,Mid-American,Mid-American,fbs,fbs
#af3a3a,#707987,2021,11,,245,145,Texas A&M(11),Ole Miss(12),5.77,pbp,SEC,SEC,fbs,fbs
#cfa0a8,#d17b7b,2019,9,,21,2439,San Diego State,UNLV,5.77,pbp,Mountain West,Mountain West,fbs,fbs
#3d75b8,#75807c,2017,2,,2636,239,UTSA,Baylor,5.77,pbp,Conference USA,Big 12,fbs,fbs
#85797a,#d07980,2022,7,,326,2653,Texas State,Troy,5.76,pbp,Sun Belt,Sun Belt,fbs,fbs
#ad9a9d,#d98c8c,2018,6,,103,152,Boston College,NC State(23),5.76,pbp,ACC,ACC,fbs,fbs
#3c7eb4,#5c81c6,2015,4,,59,150,Georgia Tech(20),Duke,5.76,pbp,ACC,ACC,fbs,fbs
#3c7eb4,#3f7fbd,2018,3,,59,221,Georgia Tech,Pittsburgh,5.76,pbp,ACC,ACC,fbs,fbs
#bd3f7d,#3aaf80,2015,7,,259,2390,Virginia Tech,Miami,5.76,pbp,ACC,ACC,fbs,fbs
#cbbdb5,#b5b5b5,2024,9,,251,238,Texas(5),Vanderbilt(25),5.76,pbp,SEC,SEC,fbs,fbs
#e0a3ae,#f2f2f2,2020,15,,254,38,Utah,Colorado(21),5.76,pbp,Pac-12,Pac-12,fbs,fbs
#6b8bce,#c24a54,2017,3,,96,2579,Kentucky,South Carolina,5.76,pbp,SEC,SEC,fbs,fbs
#a6999b,#3c73b2,2017,10,,66,277,Iowa State(14),West Virginia,5.76,pbp,Big 12,Big 12,fbs,fbs
#3d6bb7,#6095ca,2019,5,,2426,235,Navy,Memphis,5.75,pbp,American Athletic,American Athletic,fbs,fbs
#ce919e,#bd9099,2021,14,,61,333,Georgia(1),Alabama(4),5.75,pbp,SEC,SEC,fbs,fbs
#5090c5,#519bc5,2021,11,,2226,295,Florida Atlantic,Old Dominion,5.75,legacy,Conference USA,Conference USA,fbs,fbs
#a6999b,#4c4c4c,2022,2,,66,2294,Iowa State,Iowa,5.75,pbp,Big 12,Big Ten,fbs,fbs
#d88a96,#3f7fbd,2023,7,,97,221,Louisville(14),Pittsburgh,5.75,pbp,ACC,ACC,fbs,fbs
#5d7088,#d88a96,2023,6,,87,97,Notre Dame(10),Louisville(25),5.75,pbp,FBS Independents,ACC,fbs,fbs
#4abfc2,#7fa4d4,2019,2,,324,2305,Coastal Carolina,Kansas,5.75,pbp,Sun Belt,Big 12,fbs,fbs
#dbbcc0,#3f7fbd,2015,1,,2754,221,Youngstown State,Pittsburgh,5.75,pbp,MVFC,ACC,fcs,fbs
#4c4c4c,#7b7b7b,2024,8,,2294,127,Iowa,Michigan State,5.75,pbp,Big Ten,Big Ten,fbs,fbs
#6f92cf,#5d7088,2022,6,,252,87,BYU(16),Notre Dame,5.75,pbp,FBS Independents,FBS Independents,fbs,fbs
#4abfc2,#359f7d,2017,3,,324,5,Coastal Carolina,UAB,5.75,pbp,Sun Belt,Conference USA,fbs,fbs
#b57f81,#ce919e,2023,3,,166,167,New Mexico State,New Mexico,5.75,pbp,Conference USA,Mountain West,fbs,fbs
#e6c6c7,#76d198,2017,11,,98,276,Western Kentucky,Marshall,5.75,pbp,Conference USA,Conference USA,fbs,fbs
#3d77b8,#bd9fa4,2021,7,,2,8,Auburn,Arkansas(17),5.75,pbp,SEC,SEC,fbs,fbs
#dd9da6,#3d6bb7,2017,4,,2132,2426,Cincinnati,Navy,5.75,pbp,American Athletic,American Athletic,fbs,fbs
#d07980,#4abfc2,2021,9,,2653,324,Troy,Coastal Carolina(24),5.75,pbp,Sun Belt,Sun Belt,fbs,fbs
#ce919e,#bd9099,2020,7,,61,333,Georgia(3),Alabama(2),5.75,pbp,SEC,SEC,fbs,fbs
#4e6192,#e6c6c7,2023,9,,2335,98,Liberty,Western Kentucky,5.75,pbp,Conference USA,Conference USA,fbs,fbs
#b9a0a5,#d5a6af,2026,3,,30,164,USC(12),Rutgers,5.74,pbp,Big Ten,Big Ten,fbs,fbs
#c0437e,#7fa4d4,2017,2,,2117,2305,Central Michigan,Kansas,5.74,pbp,Mid-American,Big 12,fbs,fbs
#bc778f,#7fa4d4,2026,3,,9,2305,Arizona State,Kansas,5.74,pbp,Big 12,Big 12,fbs,fbs
#9156c7,#e6dbb3,2024,13,,256,2026,James Madison,App State,5.74,pbp,Sun Belt,Sun Belt,fbs,fbs
#937a7f,#707987,2020,13,,344,145,Mississippi State,Ole Miss,5.74,pbp,SEC,SEC,fbs,fbs
#4e6192,#b57f81,2019,6,,2335,166,Liberty,New Mexico State,5.74,pbp,FBS Independents,FBS Independents,fbs,fbs
#937a7f,#b7949a,2016,4,,344,113,Mississippi State,Massachusetts,5.74,pbp,SEC,FBS Independents,fbs,fbs
#a6a0a1,#885caf,2021,2,,79,2306,Southern Illinois,Kansas State,5.74,pbp,MVFC,Big 12,fcs,fbs
#357a9e,#6e6e6e,2021,Bowls,jimmy kimmel la bowl presented by stifel,328,204,Utah State(24),Oregon State,5.74,pbp,Mountain West,Pac-12,fbs,fbs
#d07980,#99a6b8,2015,13,,2653,2247,Troy,Georgia State,5.74,pbp,Sun Belt,Sun Belt,fbs,fbs
#7b7b7b,#d3a5b1,2015,12,,127,194,Michigan State(9),Ohio State(2),5.74,pbp,Big Ten,Big Ten,fbs,fbs
#85797a,#3d75b8,2018,4,,326,2636,Texas State,UTSA,5.74,pbp,Sun Belt,Conference USA,fbs,fbs
#7f46c2,#d3a5b1,2018,Bowls,rose bowl game presented by northwestern mutual,264,194,Washington(13),Ohio State(3),5.74,pbp,Pac-12,Big Ten,fbs,fbs
#c8c6c2,#39aa8c,2016,13,,2116,58,UCF,South Florida,5.74,legacy,American Athletic,American Athletic,fbs,fbs
#576f8c,#935531,2015,12,,2649,189,Toledo,Bowling Green,5.74,pbp,Mid-American,Mid-American,fbs,fbs
#6f7cc9,#339969,2022,4,,2084,2199,Buffalo,Eastern Michigan,5.74,pbp,Mid-American,Mid-American,fbs,fbs
#e5c2b2,#4e6192,2023,6,,2534,2335,Sam Houston,Liberty,5.73,pbp,Conference USA,Conference USA,fbs,fbs
#e6c6c7,#99a6b8,2017,Bowls,autonation cure bowl,98,2247,Western Kentucky,Georgia State,5.73,pbp,Conference USA,Sun Belt,fbs,fbs
#bd9099,#3d77b8,2025,14,,333,2,Alabama(10),Auburn,5.73,pbp,SEC,SEC,fbs,fbs
#e9e1ce,#6b8bce,2023,7,,142,96,Missouri,Kentucky(24),5.73,pbp,SEC,SEC,fbs,fbs
#a0a0a0,#6f82cf,2023,13,,52,57,Florida State(5),Florida,5.73,pbp,ACC,SEC,fbs,fbs
#dc97a7,#a75a7c,2018,2,,278,135,Fresno State,Minnesota,5.73,pbp,Mountain West,Big Ten,fbs,fbs
#707987,#bd9fa4,2020,7,,145,8,Ole Miss,Arkansas,5.73,pbp,SEC,SEC,fbs,fbs
#d3a5b1,#7b7b7b,2016,12,,194,127,Ohio State(2),Michigan State,5.73,pbp,Big Ten,Big Ten,fbs,fbs
#d5a6af,#7b7b7b,2022,11,,164,127,Rutgers,Michigan State,5.73,pbp,Big Ten,Big Ten,fbs,fbs
#828282,#ce919e,2019,7,,36,167,Colorado State,New Mexico,5.73,pbp,Mountain West,Mountain West,fbs,fbs
#cc7a91,#44699b,2016,3,,218,213,Temple,Penn State,5.72,pbp,American Athletic,Big Ten,fbs,fbs
#ce919e,#bd9099,2021,Bowls,cfp national championship pres. by at&t,61,333,Georgia(1),Alabama(2),5.72,pbp,SEC,SEC,fbs,fbs
#b5b5b5,#6b8bce,2024,7,,238,96,Vanderbilt,Kentucky,5.72,pbp,SEC,SEC,fbs,fbs
#f4f4f4,#e3c2ab,2023,12,,153,228,North Carolina(22),Clemson,5.72,pbp,ACC,ACC,fbs,fbs
#e6ccb3,#bd9099,2015,8,,2633,333,Tennessee,Alabama(8),5.72,pbp,SEC,SEC,fbs,fbs
#39aa8c,#c8c6c2,2021,13,,58,2116,South Florida,UCF,5.72,pbp,American Athletic,American Athletic,fbs,fbs
#bd9fa4,#bd9099,2021,12,,8,333,Arkansas(21),Alabama(2),5.72,pbp,SEC,SEC,fbs,fbs
#af3a3a,#e6cab3,2023,Bowls,taxact texas bowl,245,197,Texas A&M,Oklahoma State(16),5.72,pbp,SEC,Big 12,fbs,fbs
#4b83c3,#6e6e6e,2020,5,,290,2433,Georgia Southern,UL Monroe,5.72,pbp,Sun Belt,Sun Belt,fbs,fbs
#c0437e,#dc9797,2023,8,,2117,2050,Central Michigan,Ball State,5.72,pbp,Mid-American,Mid-American,fbs,fbs
#868686,#8e8e8e,2023,8,,2711,195,Western Michigan,Ohio,5.72,pbp,Mid-American,Mid-American,fbs,fbs
#3d6bb7,#cfbdbf,2021,4,,2426,248,Navy,Houston,5.72,pbp,American Athletic,American Athletic,fbs,fbs
#3d6bb7,#6095ca,2025,14,,2426,235,Navy,Memphis,5.72,pbp,American Athletic,American Athletic,fbs,fbs
#6f82cf,#978da5,2016,12,,57,99,Florida(21),LSU(16),5.72,pbp,SEC,SEC,fbs,fbs
#b5b5b5,#c24a54,2015,7,,238,2579,Vanderbilt,South Carolina,5.72,pbp,SEC,SEC,fbs,fbs
#339969,#576f8c,2017,6,,2199,2649,Eastern Michigan,Toledo,5.72,pbp,Mid-American,Mid-American,fbs,fbs
#adb8c1,#6b8bce,2023,Bowls,starco brands la bowl,26,68,UCLA,Boise State,5.71,pbp,Pac-12,Mountain West,fbs,fbs
#828282,#3d75b8,2026,4,,36,2636,Colorado State,UTSA,5.71,pbp,Pac-12,American Athletic,fbs,fbs
#cc6666,#db93a2,2015,12,,84,120,Indiana,Maryland,5.71,pbp,Big Ten,Big Ten,fbs,fbs
#4abfc2,#d9c78e,2023,12,,324,349,Coastal Carolina,Army,5.71,pbp,Sun Belt,FBS Independents,fbs,fbs
#359f7d,#76d198,2020,16,,5,276,UAB,Marshall,5.71,pbp,Conference USA,Conference USA,fbs,fbs
#3974ac,#5d7088,2018,1,,130,87,Michigan(14),Notre Dame(12),5.71,pbp,Big Ten,FBS Independents,fbs,fbs
#e3c2ab,#c24a54,2015,13,,228,2579,Clemson(1),South Carolina,5.71,pbp,ACC,SEC,fbs,fbs
#6f82cf,#ce919e,2024,10,,57,61,Florida,Georgia(2),5.71,pbp,SEC,SEC,fbs,fbs
#6388cb,#dd9da6,2015,11,,202,2132,Tulsa,Cincinnati,5.71,pbp,American Athletic,American Athletic,fbs,fbs
#a4a4a4,#5c81c6,2015,3,,77,150,Northwestern(23),Duke,5.71,pbp,Big Ten,ACC,fbs,fbs
#bd9099,#707987,2020,6,,333,145,Alabama(2),Ole Miss,5.71,pbp,SEC,SEC,fbs,fbs
#7fa4d4,#cfbdbf,2022,3,,2305,248,Kansas,Houston,5.71,pbp,Big 12,American Athletic,fbs,fbs
#4c4c4c,#7b7b7b,2018,9,,2509,127,Purdue,Michigan State,5.71,pbp,Big Ten,Big Ten,fbs,fbs
#5c81c6,#a4a4a4,2016,3,,150,77,Duke,Northwestern,5.7,pbp,ACC,Big Ten,fbs,fbs
#e6cab3,#3c73b2,2019,13,,197,277,Oklahoma State(22),West Virginia,5.7,pbp,Big 12,Big 12,fbs,fbs
#cfbdbf,#bc778f,2025,9,,248,9,Houston,Arizona State(24),5.7,pbp,Big 12,Big 12,fbs,fbs
#da8f8f,#4c4c4c,2020,14,,158,2509,Nebraska,Purdue,5.7,pbp,Big Ten,Big Ten,fbs,fbs
#b9a0a5,#e0a3ae,2018,8,,30,254,USC,Utah,5.7,pbp,Pac-12,Pac-12,fbs,fbs
#d2adae,#3d75b8,2020,Bowls,servpro first responder bowl,309,2636,Louisiana(15),UTSA,5.7,pbp,Sun Belt,Conference USA,fbs,fbs
#d2adae,#76d198,2022,7,,309,276,Louisiana,Marshall,5.7,pbp,Sun Belt,Sun Belt,fbs,fbs
#bca0a5,#6f92cf,2023,12,,201,252,Oklahoma(14),BYU,5.7,pbp,Big 12,Big 12,fbs,fbs
#39aa8c,#3c7eb4,2019,2,,58,59,South Florida,Georgia Tech,5.7,pbp,American Athletic,ACC,fbs,fbs
#e6c7b3,#868686,2018,1,,183,2711,Syracuse,Western Michigan,5.7,pbp,ACC,Mid-American,fbs,fbs
#e5c2b2,#f0e8d6,2024,12,,2534,338,Sam Houston,Kennesaw State,5.69,pbp,Conference USA,Conference USA,fbs,fbs
#6989c7,#3d6bb7,2022,1,,48,2426,Delaware,Navy,5.69,pbp,CAA,American Athletic,fcs,fbs
#d9c78e,#5d7088,2015,2,,349,41,Army,UConn,5.69,pbp,FBS Independents,American Athletic,fbs,fbs
#935531,#44699b,2024,2,,189,213,Bowling Green,Penn State(8),5.69,pbp,Mid-American,Big Ten,fbs,fbs
#57c78b,#ffffff,2019,13,,249,242,North Texas,Rice,5.69,pbp,Conference USA,Conference USA,fbs,fbs
#76d198,#4fb885,2019,13,,276,2429,Marshall,Charlotte,5.69,pbp,Conference USA,Conference USA,fbs,fbs
#d6889a,#e6cab3,2022,Bowls,guaranteed rate bowl,275,197,Wisconsin,Oklahoma State,5.69,pbp,Big Ten,Big 12,fbs,fbs
#e6ccb3,#519bc5,2015,11,,2638,295,UTEP,Old Dominion,5.69,pbp,Conference USA,Conference USA,fbs,fbs
#4078be,#f4ebe0,2016,13,,2348,2572,Louisiana Tech,Southern Miss,5.69,pbp,Conference USA,Conference USA,fbs,fbs
#e6dbb3,#519bc5,2025,9,,2026,295,App State,Old Dominion,5.69,pbp,Sun Belt,Sun Belt,fbs,fbs
#4c4c4c,#e7c8b6,2020,9,,2509,356,Purdue,Illinois,5.69,pbp,Big Ten,Big Ten,fbs,fbs
#6b8bce,#dc97a7,2017,13,,68,278,Boise State(25),Fresno State,5.69,pbp,Mountain West,Mountain West,fbs,fbs
#d5a6af,#da8f8f,2024,6,,164,158,Rutgers,Nebraska,5.69,legacy,Big Ten,Big Ten,fbs,fbs
#e3c2ab,#e6c7b3,2021,7,,228,183,Clemson,Syracuse,5.69,pbp,ACC,ACC,fbs,fbs
#da8f8f,#adb8c1,2025,11,,158,26,Nebraska,UCLA,5.69,pbp,Big Ten,Big Ten,fbs,fbs
#76d198,#7cb0d3,2019,6,,276,2393,Marshall,Middle Tennessee,5.69,pbp,Conference USA,Conference USA,fbs,fbs
#6095ca,#40be99,2018,5,,235,2655,Memphis,Tulane,5.68,pbp,American Athletic,American Athletic,fbs,fbs
#9785a6,#cbbdb5,2018,4,,2628,251,TCU(17),Texas,5.68,pbp,Big 12,Big 12,fbs,fbs
#39aa8c,#40be99,2017,8,,58,2655,South Florida(16),Tulane,5.68,pbp,American Athletic,American Athletic,fbs,fbs
#3f78bc,#dc97a7,2025,6,,2440,278,Nevada,Fresno State,5.68,pbp,Mountain West,Mountain West,fbs,fbs
#f2f2f2,#b48686,2016,8,,38,24,Colorado,Stanford,5.68,pbp,Pac-12,Pac-12,fbs,fbs
#3d77b8,#af3a3a,2019,4,,2,245,Auburn(8),Texas A&M(17),5.68,pbp,SEC,SEC,fbs,fbs
#74baa8,#519bc5,2019,1,,2450,295,Norfolk State,Old Dominion,5.68,pbp,MEAC,Conference USA,fcs,fbs
#937a7f,#978da5,2022,3,,344,99,Mississippi State,LSU,5.68,pbp,SEC,SEC,fbs,fbs
#345b9d,#e6ccb3,2016,6,,2229,2638,Florida International,UTEP,5.68,pbp,Conference USA,Conference USA,fbs,fbs
#357a9e,#828282,2022,7,,328,36,Utah State,Colorado State,5.68,pbp,Mountain West,Mountain West,fbs,fbs
#3f7fbd,#f4f4f4,2022,9,,221,153,Pittsburgh,North Carolina(21),5.68,pbp,ACC,ACC,fbs,fbs
#e3c2ab,#3f7fbd,2021,8,,228,221,Clemson,Pittsburgh(23),5.68,pbp,ACC,ACC,fbs,fbs
#f2f2f2,#9785a6,2025,6,,38,2628,Colorado,TCU,5.68,pbp,Big 12,Big 12,fbs,fbs
#a4a4a4,#d5a6af,2018,8,,77,164,Northwestern,Rutgers,5.68,pbp,Big Ten,Big Ten,fbs,fbs
#7f46c2,#bc778f,2017,7,,264,9,Washington(5),Arizona State,5.68,pbp,Pac-12,Pac-12,fbs,fbs
#7f46c2,#f4ebe0,2015,Bowls,zaxby's heart of dallas bowl,264,2572,Washington,Southern Miss,5.68,pbp,Pac-12,Conference USA,fbs,fbs
#3f7fbd,#bd3f7d,2015,5,,221,259,Pittsburgh,Virginia Tech,5.68,pbp,ACC,ACC,fbs,fbs
#3d75b8,#57c78b,2023,10,,2636,249,UTSA,North Texas,5.68,pbp,American Athletic,American Athletic,fbs,fbs
#7f46c2,#b48686,2023,9,,264,24,Washington(5),Stanford,5.68,pbp,Pac-12,Pac-12,fbs,fbs
#848484,#b8b8b8,2020,7,,258,154,Virginia,Wake Forest,5.67,pbp,ACC,ACC,fbs,fbs
#6b8bce,#61a0ca,2020,16,,68,23,Boise State,San José State(25),5.67,pbp,Mountain West,Mountain West,fbs,fbs
#937a7f,#e7c8b6,2022,Bowls,reliaquest bowl,344,356,Mississippi State(20),Illinois,5.67,pbp,SEC,Big Ten,fbs,fbs
#7b7b7b,#4c4c4c,2023,5,,127,2294,Michigan State,Iowa,5.67,pbp,Big Ten,Big Ten,fbs,fbs
#db93a2,#3974ac,2022,4,,120,130,Maryland,Michigan(4),5.67,pbp,Big Ten,Big Ten,fbs,fbs
#359f7d,#bd9fa4,2024,3,,5,8,UAB,Arkansas,5.67,pbp,American Athletic,SEC,fbs,fbs
#e6dbb3,#d2adae,2021,14,,2026,309,App State,Louisiana(20),5.67,pbp,Sun Belt,Sun Belt,fbs,fbs
#99a6b8,#4abfc2,2017,6,,2247,324,Georgia State,Coastal Carolina,5.67,pbp,Sun Belt,Sun Belt,fbs,fbs
#d07980,#6e6e6e,2021,4,,2653,2433,Troy,UL Monroe,5.67,pbp,Sun Belt,Sun Belt,fbs,fbs
#76d198,#57c78b,2016,6,,276,249,Marshall,North Texas,5.67,pbp,Conference USA,Conference USA,fbs,fbs
#d2adae,#85797a,2020,9,,309,326,Louisiana,Texas State,5.67,pbp,Sun Belt,Sun Belt,fbs,fbs
#7f46c2,#b48686,2019,6,,264,24,Washington(15),Stanford,5.67,pbp,Pac-12,Pac-12,fbs,fbs
#9cbacd,#345b9d,2023,1,,311,2229,Maine,Florida International,5.67,pbp,CAA,Conference USA,fcs,fbs
#c24a54,#e6ccb3,2017,7,,2579,2633,South Carolina,Tennessee,5.67,pbp,SEC,SEC,fbs,fbs
#d5a6af,#e7c8b6,2017,7,,164,356,Rutgers,Illinois,5.67,pbp,Big Ten,Big Ten,fbs,fbs
#5096c4,#b6999d,2019,Bowls,cheez-it bowl,2005,265,Air Force(22),Washington State,5.67,pbp,Mountain West,Pac-12,fbs,fbs
#76d198,#3d75b8,2017,12,,276,2636,Marshall,UTSA,5.67,pbp,Conference USA,Conference USA,fbs,fbs
#f4f4f4,#ad9a9d,2020,5,,153,103,North Carolina(12),Boston College,5.67,pbp,ACC,ACC,fbs,fbs
#9156c7,#d98c8c,2018,1,,256,152,James Madison,NC State,5.67,pbp,CAA,ACC,fcs,fbs
#d98c8c,#cfbdbf,2021,1,,2641,248,Texas Tech,Houston,5.67,pbp,Big 12,American Athletic,fbs,fbs
#40be99,#bca0a5,2021,1,,2655,201,Tulane,Oklahoma(2),5.67,pbp,American Athletic,Big 12,fbs,fbs
#917e9c,#39aa8c,2020,6,,151,58,East Carolina,South Florida,5.67,legacy,American Athletic,American Athletic,fbs,fbs
#e6cab3,#bc778f,2023,2,,197,9,Oklahoma State,Arizona State,5.67,pbp,Big 12,Pac-12,fbs,fbs
#6b8bce,#5096c4,2022,8,,68,2005,Boise State,Air Force,5.66,pbp,Mountain West,Mountain West,fbs,fbs
#848484,#e9e1ce,2025,Bowls,taxslayer gator bowl,258,142,Virginia(16),Missouri,5.66,pbp,ACC,SEC,fbs,fbs
#3aaf80,#a0a0a0,2025,6,,2390,52,Miami(3),Florida State(18),5.66,pbp,ACC,ACC,fbs,fbs
#707987,#e9e1ce,2019,7,,145,142,Ole Miss,Missouri,5.66,pbp,SEC,SEC,fbs,fbs
#885caf,#b5b5b5,2017,3,,2306,238,Kansas State(18),Vanderbilt,5.66,pbp,Big 12,SEC,fbs,fbs
#5d7088,#af3a3a,2024,1,,87,245,Notre Dame(7),Texas A&M(20),5.66,pbp,FBS Independents,SEC,fbs,fbs
#b7b7b8,#40be99,2023,14,american athletic championship,2567,2655,SMU(25),Tulane(17),5.66,pbp,American Athletic,American Athletic,fbs,fbs
#5c81c6,#3c7eb4,2020,13,,150,59,Duke,Georgia Tech,5.66,pbp,ACC,ACC,fbs,fbs
#8e8e8e,#4c4c4c,2017,2,,195,2509,Ohio,Purdue,5.66,legacy,Mid-American,Big Ten,fbs,fbs
#5d7088,#ad9a9d,2025,8,,41,103,UConn,Boston College,5.66,pbp,FBS Independents,ACC,fbs,fbs
#ad9a9d,#d88a96,2015,8,,103,97,Boston College,Louisville,5.66,pbp,ACC,ACC,fbs,fbs
#f4f4f4,#3f7fbd,2015,9,,153,221,North Carolina,Pittsburgh(23),5.66,pbp,ACC,ACC,fbs,fbs
#6388cb,#ce919e,2015,2,,202,167,Tulsa,New Mexico,5.65,pbp,American Athletic,Mountain West,fbs,fbs
#a4a4a4,#4c4c4c,2020,11,,77,2509,Northwestern(23),Purdue,5.65,pbp,Big Ten,Big Ten,fbs,fbs
#6e6e6e,#7f46c2,2020,11,,204,264,Oregon State,Washington,5.65,pbp,Pac-12,Pac-12,fbs,fbs
#ddb4b6,#6e6e6e,2025,5,,2032,2433,Arkansas State,UL Monroe,5.65,pbp,Sun Belt,Sun Belt,fbs,fbs
#b57f81,#b7949a,2022,9,,166,113,New Mexico State,Massachusetts,5.65,pbp,FBS Independents,FBS Independents,fbs,fbs
#3c7eb4,#e6c7b3,2020,4,,59,183,Georgia Tech,Syracuse,5.65,pbp,ACC,ACC,fbs,fbs
#dc9797,#a4a4a4,2015,4,,2050,77,Ball State,Northwestern(17),5.65,pbp,Mid-American,Big Ten,fbs,fbs
#3f78bc,#a4a4a4,2017,1,,2440,77,Nevada,Northwestern,5.65,pbp,Mountain West,Big Ten,fbs,fbs
#359f7d,#4b83c3,2023,2,,5,290,UAB,Georgia Southern,5.65,pbp,American Athletic,Sun Belt,fbs,fbs
#d3a5b1,#a75a7c,2021,1,,194,135,Ohio State(4),Minnesota,5.65,pbp,Big Ten,Big Ten,fbs,fbs
#9785a6,#c8c6c2,2026,4,,2628,2116,TCU,UCF,5.65,pbp,Big 12,Big 12,fbs,fbs
#b5b5b5,#6b8bce,2020,11,,238,96,Vanderbilt,Kentucky,5.65,pbp,SEC,SEC,fbs,fbs
#6e6e6e,#b9a0a5,2021,4,,204,30,Oregon State,USC,5.65,pbp,Pac-12,Pac-12,fbs,fbs
#e0a3ae,#6e6e6e,2016,7,,254,204,Utah(21),Oregon State,5.65,pbp,Pac-12,Pac-12,fbs,fbs
#a4a4a4,#db93a2,2017,7,,77,120,Northwestern,Maryland,5.65,pbp,Big Ten,Big Ten,fbs,fbs
#6f82cf,#978da5,2019,7,,57,99,Florida(7),LSU(5),5.65,pbp,SEC,SEC,fbs,fbs
#d98c8c,#6e6e6e,2026,2,,2641,204,Texas Tech(13),Oregon State,5.65,pbp,Big 12,Pac-12,fbs,fbs
#917e9c,#c24a54,2016,3,,151,2579,East Carolina,South Carolina,5.65,pbp,American Athletic,SEC,fbs,fbs
#3c73b2,#bca0a5,2021,4,,277,201,West Virginia,Oklahoma(4),5.65,pbp,Big 12,Big 12,fbs,fbs
#cfa0a8,#d17b7b,2021,12,,21,2439,San Diego State(23),UNLV,5.65,pbp,Mountain West,Mountain West,fbs,fbs
#40be99,#39aa8c,2022,7,,2655,58,Tulane,South Florida,5.65,pbp,American Athletic,American Athletic,fbs,fbs
#d9c78e,#3d6bb7,2015,15,,349,2426,Army,Navy(21),5.64,pbp,FBS Independents,American Athletic,fbs,fbs
#af3a3a,#f2f2f2,2021,2,,245,38,Texas A&M(5),Colorado,5.64,pbp,SEC,Pac-12,fbs,fbs
#af3a3a,#3d77b8,2016,3,,245,2,Texas A&M(17),Auburn,5.64,pbp,SEC,SEC,fbs,fbs
#cbbdb5,#e6cab3,2016,5,,251,197,Texas(22),Oklahoma State,5.64,pbp,Big 12,Big 12,fbs,fbs
#576f8c,#e1bbbf,2024,8,,2649,2459,Toledo,Northern Illinois,5.64,pbp,Mid-American,Mid-American,fbs,fbs
#f2f2f2,#5d7193,2020,14,,38,12,Colorado,Arizona,5.64,pbp,Pac-12,Pac-12,fbs,fbs
#a4a4a4,#bd3f7d,2019,3,,231,259,Furman,Virginia Tech,5.64,pbp,Southern,ACC,fcs,fbs
#d98c8c,#885caf,2023,Bowls,pop-tarts bowl,152,2306,NC State(21),Kansas State(18),5.64,pbp,ACC,Big 12,fbs,fbs
#ad9a9d,#da8f8f,2024,Bowls,bad boy mowers pinstripe bowl,103,158,Boston College,Nebraska,5.64,pbp,ACC,Big Ten,fbs,fbs
#cfa0a8,#4078be,2024,1,,2447,2348,Nicholls,Louisiana Tech,5.64,pbp,Southland,Conference USA,fcs,fbs
#bca0a5,#a6999b,2020,16,,201,66,Oklahoma(12),Iowa State(8),5.64,pbp,Big 12,Big 12,fbs,fbs
#579ec7,#6f82cf,2021,11,,2535,57,Samford,Florida,5.64,pbp,Southern,SEC,fcs,fbs
#3d77b8,#e6ccb3,2026,5,,2,2633,Auburn,Tennessee(17),5.64,pbp,SEC,SEC,fbs,fbs
#61a0ca,#6e6e6e,2015,3,,23,204,San José State,Oregon State,5.64,pbp,Mountain West,Pac-12,fbs,fbs
#8e8e8e,#4c85c3,2016,8,,195,2309,Ohio,Kent State,5.64,pbp,Mid-American,Mid-American,fbs,fbs
#3c7eb4,#d88a96,2024,4,,59,97,Georgia Tech,Louisville(19),5.64,legacy,ACC,ACC,fbs,fbs
#3f647f,#47c27c,2015,10,,25,2483,California,Oregon,5.64,pbp,Pac-12,Pac-12,fbs,fbs
#4c4c4c,#da8f8f,2018,5,,2509,158,Purdue,Nebraska,5.64,pbp,Big Ten,Big Ten,fbs,fbs
#d2adae,#4b83c3,2021,4,,309,290,Louisiana,Georgia Southern,5.64,pbp,Sun Belt,Sun Belt,fbs,fbs
#a75a7c,#d6889a,2016,13,,135,275,Minnesota,Wisconsin(5),5.63,pbp,Big Ten,Big Ten,fbs,fbs
#519bc5,#39aa8c,2025,Bowls,staffdna cure bowl,295,58,Old Dominion,South Florida,5.63,pbp,Sun Belt,American Athletic,fbs,fbs
#cc6666,#da8f8f,2022,5,,84,158,Indiana,Nebraska,5.63,pbp,Big Ten,Big Ten,fbs,fbs
#e6ccb3,#bd9099,2023,8,,2633,333,Tennessee(17),Alabama(11),5.63,pbp,SEC,SEC,fbs,fbs
#cc6666,#d3a5b1,2020,12,,84,194,Indiana(9),Ohio State(3),5.63,pbp,Big Ten,Big Ten,fbs,fbs
#db93a2,#44699b,2020,10,,120,213,Maryland,Penn State,5.63,pbp,Big Ten,Big Ten,fbs,fbs
#5d7088,#a4a4a4,2018,10,,87,77,Notre Dame(3),Northwestern,5.63,pbp,FBS Independents,Big Ten,fbs,fbs
#3f647f,#5d7088,2022,3,,25,87,California,Notre Dame,5.63,pbp,Pac-12,FBS Independents,fbs,fbs
#e7c8b6,#4c4c4c,2015,6,,356,2294,Illinois,Iowa(22),5.63,pbp,Big Ten,Big Ten,fbs,fbs
#cf6e75,#e1bbbf,2018,12,,193,2459,Miami (OH),Northern Illinois,5.63,pbp,Mid-American,Mid-American,fbs,fbs
#4abfc2,#FFFFFF,2017,12,,324,70,Coastal Carolina,Idaho,5.63,pbp,Sun Belt,Sun Belt,fbs,fbs
#935531,#e1bbbf,2021,7,,189,2459,Bowling Green,Northern Illinois,5.63,pbp,Mid-American,Mid-American,fbs,fbs
#4e6192,#519bc5,2022,5,,2335,295,Liberty,Old Dominion,5.62,pbp,FBS Independents,Sun Belt,fbs,fbs
#e1bbbf,#6f7cc9,2015,11,,2459,2084,Northern Illinois,Buffalo,5.62,pbp,Mid-American,Mid-American,fbs,fbs
#6b8bce,#838383,2024,13,,68,2751,Boise State(12),Wyoming,5.62,pbp,Mountain West,Mountain West,fbs,fbs
#a0a0a0,#e3c2ab,2015,10,,52,228,Florida State(17),Clemson(3),5.62,pbp,ACC,ACC,fbs,fbs
#44699b,#d3a5b1,2021,9,,213,194,Penn State(20),Ohio State(5),5.62,pbp,Big Ten,Big Ten,fbs,fbs
#838383,#ce919e,2022,6,,2751,167,Wyoming,New Mexico,5.62,pbp,Mountain West,Mountain West,fbs,fbs
#db93a2,#d5a6af,2025,11,,120,164,Maryland,Rutgers,5.62,pbp,Big Ten,Big Ten,fbs,fbs
#b4b4b4,#e6ccb3,2020,1,,2617,2638,Stephen F. Austin,UTEP,5.62,pbp,Southland,Conference USA,fcs,fbs
#a33cb5,#3d68b7,2021,3,,2016,6,Alcorn State,South Alabama,5.62,pbp,SWAC,Sun Belt,fcs,fbs
#5d7088,#b48686,2017,13,,87,24,Notre Dame(9),Stanford(20),5.62,pbp,FBS Independents,Pac-12,fbs,fbs
#4c4c4c,#a6999b,2021,2,,2294,66,Iowa(10),Iowa State(9),5.62,pbp,Big Ten,Big 12,fbs,fbs
#6e6e6e,#FFFFFF,2017,9,,2433,70,UL Monroe,Idaho,5.62,pbp,Sun Belt,Sun Belt,fbs,fbs
#3d77b8,#75807c,2025,1,,2,239,Auburn,Baylor,5.62,pbp,SEC,Big 12,fbs,fbs
#b57f81,#61a0ca,2021,5,,166,23,New Mexico State,San José State,5.62,pbp,FBS Independents,Mountain West,fbs,fbs
#bd3f7d,#db93a2,2026,3,,259,120,Virginia Tech,Maryland,5.62,pbp,ACC,Big Ten,fbs,fbs
#b8b8b8,#e6c7b3,2015,2,,154,183,Wake Forest,Syracuse,5.62,pbp,ACC,ACC,fbs,fbs
#4c4c4c,#adb8c1,2026,3,,2509,26,Purdue,UCLA,5.62,pbp,Big Ten,Big Ten,fbs,fbs
#39aa8c,#e6c6c7,2023,1,,58,98,South Florida,Western Kentucky,5.62,pbp,American Athletic,Conference USA,fbs,fbs
#e1bbbf,#3c7eb4,2021,1,,2459,59,Northern Illinois,Georgia Tech,5.61,legacy,Mid-American,ACC,fbs,fbs
#cc7a91,#dd9da6,2019,13,,218,2132,Temple,Cincinnati(17),5.61,pbp,American Athletic,American Athletic,fbs,fbs
#4078be,#d98c8c,2021,5,,2348,152,Louisiana Tech,NC State(23),5.61,pbp,Conference USA,ACC,fbs,fbs
#4c4c4c,#a75a7c,2016,10,,2509,135,Purdue,Minnesota,5.61,pbp,Big Ten,Big Ten,fbs,fbs
#9785a6,#cbbdb5,2022,11,,2628,251,TCU(4),Texas(18),5.61,pbp,Big 12,Big 12,fbs,fbs
#4abfc2,#d07980,2024,10,,324,2653,Coastal Carolina,Troy,5.61,pbp,Sun Belt,Sun Belt,fbs,fbs
#6b8bce,#828282,2019,14,,68,36,Boise State(20),Colorado State,5.61,pbp,Mountain West,Mountain West,fbs,fbs
#e3c2ab,#978da5,2019,Bowls,cfp national championship pres. by at&t,228,99,Clemson(2),LSU(1),5.61,pbp,ACC,SEC,fbs,fbs
#d2adae,#d07980,2025,9,,309,2653,Louisiana,Troy,5.61,pbp,Sun Belt,Sun Belt,fbs,fbs
#3f7fbd,#ad9a9d,2024,14,,221,103,Pittsburgh,Boston College,5.61,pbp,ACC,ACC,fbs,fbs
#4abfc2,#61a0ca,2023,Bowls,easypost hawaiʻi bowl,324,23,Coastal Carolina,San José State,5.61,pbp,Sun Belt,Mountain West,fbs,fbs
#d5a6af,#7b7b7b,2018,13,,164,127,Rutgers,Michigan State,5.61,pbp,Big Ten,Big Ten,fbs,fbs
#4b83c3,#4abfc2,2017,14,,290,324,Georgia Southern,Coastal Carolina,5.61,pbp,Sun Belt,Sun Belt,fbs,fbs
#3c73b2,#e6c7b3,2018,Bowls,camping world bowl,277,183,West Virginia(20),Syracuse(15),5.61,pbp,Big 12,ACC,fbs,fbs
#4c4c4c,#4c4c4c,2023,6,,2509,2294,Purdue,Iowa,5.61,pbp,Big Ten,Big Ten,fbs,fbs
#5c81c6,#75807c,2018,3,,150,239,Duke,Baylor,5.61,pbp,ACC,Big 12,fbs,fbs
#a33cb5,#b57f81,2018,10,,2016,166,Alcorn State,New Mexico State,5.61,pbp,SWAC,FBS Independents,fcs,fbs
#ce919e,#6b8bce,2024,3,,61,96,Georgia(1),Kentucky,5.61,pbp,SEC,SEC,fbs,fbs
#4fb885,#917e9c,2023,8,,2429,151,Charlotte,East Carolina,5.6,pbp,American Athletic,American Athletic,fbs,fbs
#3f78bc,#ce919e,2020,11,,2440,167,Nevada,New Mexico,5.6,pbp,Mountain West,Mountain West,fbs,fbs
#cc6666,#44699b,2019,12,,84,213,Indiana(24),Penn State(9),5.6,pbp,Big Ten,Big Ten,fbs,fbs
#5c81c6,#d98c8c,2024,11,,150,152,Duke,NC State,5.6,pbp,ACC,ACC,fbs,fbs
#e6c6c7,#e6dbb3,2021,Bowls,roofclaim.com boca raton bowl,98,2026,Western Kentucky,App State,5.6,pbp,Conference USA,Sun Belt,fbs,fbs
#4c4c4c,#a4a4a4,2023,12,,2509,77,Purdue,Northwestern,5.6,pbp,Big Ten,Big Ten,fbs,fbs
#e6dbb3,#f4ebe0,2025,3,,2026,2572,App State,Southern Miss,5.6,pbp,Sun Belt,Sun Belt,fbs,fbs
#6095ca,#917e9c,2018,10,,235,151,Memphis,East Carolina,5.6,pbp,American Athletic,American Athletic,fbs,fbs
#339a72,#cfa0a8,2022,6,,62,21,Hawai'i,San Diego State,5.6,pbp,Mountain West,Mountain West,fbs,fbs
#b7949a,#6f92cf,2017,12,,113,252,Massachusetts,BYU,5.6,pbp,FBS Independents,FBS Independents,fbs,fbs
#61a0ca,#cfa0a8,2022,11,,23,21,San José State,San Diego State,5.6,pbp,Mountain West,Mountain West,fbs,fbs
#576f8c,#d88a96,2025,Bowls,bush's boca raton bowl,2649,97,Toledo,Louisville,5.6,pbp,Mid-American,ACC,fbs,fbs
#a6999b,#4c4c4c,2026,2,,66,2294,Iowa State,Iowa(21),5.59,pbp,Big 12,Big Ten,fbs,fbs
#e0a3ae,#5d7193,2021,11,,254,12,Utah,Arizona,5.59,pbp,Pac-12,Pac-12,fbs,fbs
#339969,#e1bbbf,2023,8,,2199,2459,Eastern Michigan,Northern Illinois,5.59,pbp,Mid-American,Mid-American,fbs,fbs
#935531,#6f7cc9,2015,5,,189,2084,Bowling Green,Buffalo,5.59,pbp,Mid-American,Mid-American,fbs,fbs
#40be99,#c8c6c2,2021,10,,2655,2116,Tulane,UCF,5.59,pbp,American Athletic,American Athletic,fbs,fbs
#5d7088,#3d6bb7,2022,11,,87,2426,Notre Dame(20),Navy,5.59,pbp,FBS Independents,American Athletic,fbs,fbs
#75807c,#d98c8c,2016,13,,239,2641,Baylor,Texas Tech,5.59,pbp,Big 12,Big 12,fbs,fbs
#d88a96,#d98c8c,2015,5,,97,152,Louisville,NC State,5.59,pbp,ACC,ACC,fbs,fbs
#828282,#838383,2021,10,,36,2751,Colorado State,Wyoming,5.59,pbp,Mountain West,Mountain West,fbs,fbs
#707987,#3d77b8,2021,9,,145,2,Ole Miss(10),Auburn(18),5.59,pbp,SEC,SEC,fbs,fbs
#b7b7b8,#85797a,2020,1,,2567,326,SMU,Texas State,5.59,pbp,American Athletic,Sun Belt,fbs,fbs
#FFFFFF,#935531,2026,1,,2627,189,Tarleton State,Bowling Green,5.59,pbp,UAC,Mid-American,fcs,fbs
#b57f81,#4e6192,2018,13,,166,2335,New Mexico State,Liberty,5.59,pbp,FBS Independents,FBS Independents,fbs,fbs
#4078be,#d98c8c,2024,3,,2348,152,Louisiana Tech,NC State,5.59,pbp,Conference USA,ACC,fbs,fbs
#d17b7b,#61a0ca,2024,13,,2439,23,UNLV(23),San José State,5.59,pbp,Mountain West,Mountain West,fbs,fbs
#e9e1ce,#6f82cf,2022,6,,142,57,Missouri,Florida,5.59,pbp,SEC,SEC,fbs,fbs
#7f46c2,#6b8bce,2015,1,,264,68,Washington,Boise State(23),5.59,pbp,Pac-12,Mountain West,fbs,fbs
#b8b8b8,#848484,2025,11,,154,258,Wake Forest,Virginia(12),5.59,pbp,ACC,ACC,fbs,fbs
#e1bbbf,#dc9797,2018,6,,2459,2050,Northern Illinois,Ball State,5.59,pbp,Mid-American,Mid-American,fbs,fbs
#a4a4a4,#d3a5b1,2016,9,,77,194,Northwestern,Ohio State(6),5.59,pbp,Big Ten,Big Ten,fbs,fbs
#bc778f,#e0a3ae,2015,7,,9,254,Arizona State,Utah(4),5.58,pbp,Pac-12,Pac-12,fbs,fbs
#6989c7,#3f7fbd,2019,5,,48,221,Delaware,Pittsburgh,5.58,pbp,CAA,ACC,fcs,fbs
#576f8c,#6b8bce,2019,1,,2649,96,Toledo,Kentucky,5.58,pbp,Mid-American,SEC,fbs,fbs
#d3a5aa,#828282,2018,4,,2287,36,Illinois State,Colorado State,5.58,pbp,MVFC,Mountain West,fcs,fbs
#dd9da6,#5d7088,2016,6,,2132,41,Cincinnati,UConn,5.58,pbp,American Athletic,American Athletic,fbs,fbs
#4c4c4c,#a75a7c,2022,5,,2509,135,Purdue,Minnesota(21),5.58,pbp,Big Ten,Big Ten,fbs,fbs
#b7949a,#339969,2022,5,,113,2199,Massachusetts,Eastern Michigan,5.58,pbp,FBS Independents,Mid-American,fbs,fbs
#d6889a,#a75a7c,2021,13,,275,135,Wisconsin(18),Minnesota,5.58,pbp,Big Ten,Big Ten,fbs,fbs
#adb8c1,#5d7193,2017,7,,26,12,UCLA,Arizona,5.58,pbp,Pac-12,Pac-12,fbs,fbs
#a75a7c,#da8f8f,2022,10,,135,158,Minnesota,Nebraska,5.58,pbp,Big Ten,Big Ten,fbs,fbs
#935531,#576f8c,2024,9,,189,2649,Bowling Green,Toledo,5.58,pbp,Mid-American,Mid-American,fbs,fbs
#848484,#f4f4f4,2021,3,,258,153,Virginia,North Carolina(21),5.58,pbp,ACC,ACC,fbs,fbs
#a6999b,#8e8e8e,2023,3,,66,195,Iowa State,Ohio,5.58,pbp,Big 12,Mid-American,fbs,fbs
#4c4c4c,#a4a4a4,2015,11,,2509,77,Purdue,Northwestern(24),5.58,pbp,Big Ten,Big Ten,fbs,fbs
#f4f4f4,#d98c8c,2015,13,,153,152,North Carolina(11),NC State,5.58,pbp,ACC,ACC,fbs,fbs
#917e9c,#39aa8c,2018,4,,151,58,East Carolina,South Florida,5.58,pbp,American Athletic,American Athletic,fbs,fbs
#d2adae,#6989c7,2025,Bowls,68 ventures bowl,309,48,Louisiana,Delaware,5.58,pbp,Sun Belt,Conference USA,fbs,fbs
#cfbdbf,#6388cb,2015,5,,248,202,Houston,Tulsa,5.58,pbp,American Athletic,American Athletic,fbs,fbs
#d2adae,#6e6e6e,2024,14,,309,2433,Louisiana,UL Monroe,5.58,pbp,Sun Belt,Sun Belt,fbs,fbs
#dc9797,#e1bbbf,2015,6,,2050,2459,Ball State,Northern Illinois,5.58,pbp,Mid-American,Mid-American,fbs,fbs
#3f7fbd,#848484,2018,10,,221,258,Pittsburgh,Virginia(23),5.58,pbp,ACC,ACC,fbs,fbs
#a0a0a0,#5c81c6,2024,8,,52,150,Florida State,Duke,5.58,pbp,ACC,ACC,fbs,fbs
#3aaf80,#d3a5b1,2025,Bowls,college football playoff quarterfinal at the goodyear cotton bowl classic,2390,194,Miami(2),Ohio State(5),5.58,pbp,ACC,Big Ten,fbs,fbs
#cfa0a8,#3d68b7,2016,5,,21,6,San Diego State(19),South Alabama,5.58,pbp,Mountain West,Sun Belt,fbs,fbs
#bca0a5,#3974ac,2026,2,,201,130,Oklahoma(11),Michigan,5.57,pbp,SEC,Big Ten,fbs,fbs
#357a9e,#cfa0a8,2019,4,,328,21,Utah State,San Diego State,5.57,pbp,Mountain West,Mountain West,fbs,fbs
#9785a6,#a6999b,2017,9,,2628,66,TCU(4),Iowa State(25),5.57,pbp,Big 12,Big 12,fbs,fbs
#5d7193,#bc778f,2015,12,,12,9,Arizona,Arizona State,5.57,pbp,Pac-12,Pac-12,fbs,fbs
#6f92cf,#61a0ca,2015,10,,252,23,BYU,San José State,5.57,pbp,FBS Independents,Mountain West,fbs,fbs
#a6999b,#9785a6,2018,5,,66,2628,Iowa State,TCU,5.57,pbp,Big 12,Big 12,fbs,fbs
#cc7a91,#dd9da6,2017,11,,218,2132,Temple,Cincinnati,5.57,pbp,American Athletic,American Athletic,fbs,fbs
#dd9da6,#6095ca,2019,14,,2132,235,Cincinnati(18),Memphis(17),5.57,pbp,American Athletic,American Athletic,fbs,fbs
#e6ccb3,#bd9fa4,2020,10,,2633,8,Tennessee,Arkansas,5.57,pbp,SEC,SEC,fbs,fbs
#c0437e,#e1bbbf,2022,10,,2117,2459,Central Michigan,Northern Illinois,5.57,pbp,Mid-American,Mid-American,fbs,fbs
#47c27c,#b6999d,2016,5,,2483,265,Oregon,Washington State,5.57,pbp,Pac-12,Pac-12,fbs,fbs
#b48686,#3f647f,2016,12,,24,25,Stanford,California,5.57,pbp,Pac-12,Pac-12,fbs,fbs
#5090c5,#e7c8b6,2023,4,,2226,356,Florida Atlantic,Illinois,5.57,pbp,American Athletic,Big Ten,fbs,fbs
#ffffff,#dc97a7,2026,4,,242,278,Rice,Fresno State,5.57,pbp,American Athletic,Pac-12,fbs,fbs
#f4f4f4,#b8b8b8,2019,3,,153,154,North Carolina,Wake Forest,5.57,pbp,ACC,ACC,fbs,fbs
#5d7088,#b7949a,2021,6,,41,113,UConn,Massachusetts,5.57,pbp,FBS Independents,FBS Independents,fbs,fbs
#3d68b8,#FFFFFF,2016,1,,147,70,Montana State,Idaho,5.56,pbp,Big Sky,Sun Belt,fcs,fbs
#3f7fbd,#5c81c6,2023,13,,221,150,Pittsburgh,Duke,5.56,pbp,ACC,ACC,fbs,fbs
#3f7fbd,#3c7eb4,2025,13,,221,59,Pittsburgh,Georgia Tech(15),5.56,pbp,ACC,ACC,fbs,fbs
#5090c5,#57c78b,2022,5,,2226,249,Florida Atlantic,North Texas,5.56,pbp,Conference USA,Conference USA,fbs,fbs
#5c81c6,#ad9a9d,2022,10,,150,103,Duke,Boston College,5.56,pbp,ACC,ACC,fbs,fbs
#e7c8b6,#4c4c4c,2021,12,,356,2294,Illinois,Iowa(18),5.56,pbp,Big Ten,Big Ten,fbs,fbs
#cfbdbf,#6095ca,2018,13,,248,235,Houston,Memphis,5.56,pbp,American Athletic,American Athletic,fbs,fbs
#3e3ebb,#d9c78e,2015,7,,2083,349,Bucknell,Army,5.56,pbp,Patriot,FBS Independents,fcs,fbs
#c24a54,#6b8bce,2022,6,,2579,96,South Carolina,Kentucky(13),5.56,pbp,SEC,SEC,fbs,fbs
#e6ccb3,#4078be,2018,8,,2638,2348,UTEP,Louisiana Tech,5.56,pbp,Conference USA,Conference USA,fbs,fbs
#bd9099,#a0a0a0,2025,1,,333,52,Alabama(8),Florida State,5.56,pbp,SEC,ACC,fbs,fbs
#707987,#40be99,2023,2,,145,2655,Ole Miss(20),Tulane(24),5.56,pbp,SEC,American Athletic,fbs,fbs
#bd9fa4,#bd9099,2023,7,,8,333,Arkansas,Alabama(11),5.56,pbp,SEC,SEC,fbs,fbs
#885caf,#d98c8c,2023,7,,2306,2641,Kansas State,Texas Tech,5.56,pbp,Big 12,Big 12,fbs,fbs
#76d198,#6f7cc9,2020,Bowls,camellia bowl,276,2084,Marshall,Buffalo(25),5.56,pbp,Conference USA,Mid-American,fbs,fbs
#d98c8c,#707987,2022,Bowls,taxact texas bowl,2641,145,Texas Tech,Ole Miss,5.56,pbp,Big 12,SEC,fbs,fbs
#3d75b8,#cc7a91,2023,6,,2636,218,UTSA,Temple,5.56,pbp,American Athletic,American Athletic,fbs,fbs
#e3c2ab,#bd3f7d,2024,11,,228,259,Clemson(19),Virginia Tech,5.55,pbp,ACC,ACC,fbs,fbs
#dc97a7,#adb8c1,2024,14,,278,26,Fresno State,UCLA,5.55,pbp,Mountain West,Big Ten,fbs,fbs
#5d7193,#b9a0a5,2021,9,,12,30,Arizona,USC,5.55,pbp,Pac-12,Pac-12,fbs,fbs
#519bc5,#e6ccb3,2016,9,,295,2638,Old Dominion,UTEP,5.55,pbp,Conference USA,Conference USA,fbs,fbs
#e0a3ae,#a4a4a4,2023,Bowls,srs distribution las vegas bowl,254,77,Utah,Northwestern,5.55,pbp,Pac-12,Big Ten,fbs,fbs
#4078be,#345b9d,2024,5,,2348,2229,Louisiana Tech,Florida International,5.55,pbp,Conference USA,Conference USA,fbs,fbs
#d5a6af,#cc7a91,2022,3,,164,218,Rutgers,Temple,5.55,pbp,Big Ten,American Athletic,fbs,fbs
#c8c6c2,#3d6bb7,2017,8,,2116,2426,UCF(20),Navy,5.55,pbp,American Athletic,American Athletic,fbs,fbs
#e9e1ce,#b5b5b5,2025,9,,142,238,Missouri(15),Vanderbilt(10),5.55,pbp,SEC,SEC,fbs,fbs
#6b8bce,#339a72,2020,12,,68,62,Boise State,Hawai'i,5.54,pbp,Mountain West,Mountain West,fbs,fbs
#339a72,#828282,2025,8,,62,36,Hawai'i,Colorado State,5.54,pbp,Mountain West,Mountain West,fbs,fbs
#8e8e8e,#935531,2017,7,,195,189,Ohio,Bowling Green,5.54,pbp,Mid-American,Mid-American,fbs,fbs
#FFFFFF,#47c27c,2024,1,,70,2483,Idaho,Oregon(3),5.54,legacy,Big Sky,Big Ten,fcs,fbs
#3d68b7,#c0437e,2022,2,,6,2117,South Alabama,Central Michigan,5.54,pbp,Sun Belt,Mid-American,fbs,fbs
#61a0ca,#99a6b8,2015,Bowls,autonation cure bowl,23,2247,San José State,Georgia State,5.54,pbp,Mountain West,Sun Belt,fbs,fbs
#8e8e8e,#e1bbbf,2023,7,,195,2459,Ohio,Northern Illinois,5.54,pbp,Mid-American,Mid-American,fbs,fbs
#6e6e6e,#4b83c3,2023,8,,2433,290,UL Monroe,Georgia Southern,5.54,pbp,Sun Belt,Sun Belt,fbs,fbs
#d17b7b,#cfa0a8,2022,10,,2439,21,UNLV,San Diego State,5.54,pbp,Mountain West,Mountain West,fbs,fbs
#d17b7b,#e6ccb3,2023,4,,2439,2638,UNLV,UTEP,5.54,pbp,Mountain West,Conference USA,fbs,fbs
#d98c8c,#e6c7b3,2016,11,,152,183,NC State,Syracuse,5.54,pbp,ACC,ACC,fbs,fbs
#bca0a5,#75807c,2021,11,,201,239,Oklahoma(4),Baylor(18),5.54,pbp,Big 12,Big 12,fbs,fbs
#e6c6c7,#4e6192,2024,13,,98,2335,Western Kentucky,Liberty,5.54,pbp,Conference USA,Conference USA,fbs,fbs
#f4f4f4,#bd3f7d,2021,1,,153,259,North Carolina(10),Virginia Tech,5.54,pbp,ACC,ACC,fbs,fbs
#a4a4a4,#d6889a,2015,12,,77,275,Northwestern(20),Wisconsin(21),5.54,pbp,Big Ten,Big Ten,fbs,fbs
#75807c,#cbbdb5,2018,7,,239,251,Baylor,Texas(9),5.53,pbp,Big 12,Big 12,fbs,fbs
#b48686,#f4f4f4,2025,11,,24,153,Stanford,North Carolina,5.53,pbp,ACC,ACC,fbs,fbs
#ad9a9d,#e3c2ab,2021,5,,103,228,Boston College,Clemson(25),5.53,pbp,ACC,ACC,fbs,fbs
#3d75b8,#7cb0d3,2022,5,,2636,2393,UTSA,Middle Tennessee,5.53,pbp,Conference USA,Conference USA,fbs,fbs
#d37d7b,#c8c6c2,2025,1,,55,2116,Jacksonville State,UCF,5.53,pbp,Conference USA,Big 12,fbs,fbs
#a4a4a4,#e7c8b6,2025,14,,77,356,Northwestern,Illinois,5.53,pbp,Big Ten,Big Ten,fbs,fbs
#3f7fbd,#d88a96,2022,8,,221,97,Pittsburgh,Louisville,5.53,pbp,ACC,ACC,fbs,fbs
#44699b,#3974ac,2020,13,,213,130,Penn State,Michigan,5.53,pbp,Big Ten,Big Ten,fbs,fbs
#d5a6af,#db93a2,2024,12,,164,120,Rutgers,Maryland,5.53,pbp,Big Ten,Big Ten,fbs,fbs
#3aaf80,#3f7fbd,2017,13,,2390,221,Miami(2),Pittsburgh,5.53,pbp,ACC,ACC,fbs,fbs
#d88a96,#848484,2022,6,,97,258,Louisville,Virginia,5.53,pbp,ACC,ACC,fbs,fbs
#9785a6,#bca0a5,2019,13,,2628,201,TCU,Oklahoma(8),5.53,pbp,Big 12,Big 12,fbs,fbs
#a6999b,#3c73b2,2024,7,,66,277,Iowa State(11),West Virginia,5.53,pbp,Big 12,Big 12,fbs,fbs
#cc7a91,#3e72b9,2021,2,,218,2006,Temple,Akron,5.53,pbp,American Athletic,Mid-American,fbs,fbs
#3d77b8,#6f82cf,2019,6,,2,57,Auburn(7),Florida(10),5.53,pbp,SEC,SEC,fbs,fbs
#6e6e6e,#adb8c1,2019,6,,204,26,Oregon State,UCLA,5.53,pbp,Pac-12,Pac-12,fbs,fbs
#885caf,#d98c8c,2015,11,,2306,2641,Kansas State,Texas Tech,5.53,pbp,Big 12,Big 12,fbs,fbs
#6388cb,#40be99,2023,11,,202,2655,Tulsa,Tulane(20),5.53,pbp,American Athletic,American Athletic,fbs,fbs
#76d198,#9156c7,2022,8,,276,256,Marshall,James Madison,5.53,pbp,Sun Belt,Sun Belt,fbs,fbs
#6b8bce,#e6ccb3,2024,10,,96,2633,Kentucky,Tennessee(7),5.53,pbp,SEC,SEC,fbs,fbs
#61a0ca,#cfa0a8,2018,8,,23,21,San José State,San Diego State,5.53,pbp,Mountain West,Mountain West,fbs,fbs
#6b8bce,#e9e1ce,2016,9,,96,142,Kentucky,Missouri,5.53,pbp,SEC,SEC,fbs,fbs
#f4f4f4,#d98c8c,2017,13,,153,152,North Carolina,NC State,5.53,pbp,ACC,ACC,fbs,fbs
#ce919e,#61a0ca,2015,8,,167,23,New Mexico,San José State,5.53,pbp,Mountain West,Mountain West,fbs,fbs
#6f92cf,#339a72,2017,13,,252,62,BYU,Hawai'i,5.52,pbp,FBS Independents,Mountain West,fbs,fbs
#6e6e6e,#e0a3ae,2020,14,,204,254,Oregon State,Utah,5.52,pbp,Pac-12,Pac-12,fbs,fbs
#4c85c3,#576f8c,2022,7,,2309,2649,Kent State,Toledo,5.52,pbp,Mid-American,Mid-American,fbs,fbs
#d98c8c,#a6999b,2022,12,,2641,66,Texas Tech,Iowa State,5.52,pbp,Big 12,Big 12,fbs,fbs
#a0a0a0,#5c81c6,2017,7,,52,150,Florida State,Duke,5.52,pbp,ACC,ACC,fbs,fbs
#3f78bc,#339a72,2018,8,,2440,62,Nevada,Hawai'i,5.52,pbp,Mountain West,Mountain West,fbs,fbs
#e6ccb3,#c24a54,2022,12,,2633,2579,Tennessee(5),South Carolina,5.52,pbp,SEC,SEC,fbs,fbs
#d2adae,#a75a7c,2023,5,,309,135,Louisiana,Minnesota,5.52,pbp,Sun Belt,Big Ten,fbs,fbs
#f2f2f2,#3974ac,2016,3,,38,130,Colorado,Michigan(4),5.52,pbp,Pac-12,Big Ten,fbs,fbs
#d07980,#c24a54,2021,5,,2653,2579,Troy,South Carolina,5.52,pbp,Sun Belt,SEC,fbs,fbs
#adb8c1,#b6999d,2016,7,,26,265,UCLA,Washington State,5.52,pbp,Pac-12,Pac-12,fbs,fbs
#5096c4,#828282,2019,12,,2005,36,Air Force,Colorado State,5.52,pbp,Mountain West,Mountain West,fbs,fbs
#e1bbbf,#576f8c,2017,10,,2459,2649,Northern Illinois,Toledo,5.52,pbp,Mid-American,Mid-American,fbs,fbs
#3974ac,#44699b,2019,8,,130,213,Michigan(16),Penn State(7),5.52,pbp,Big Ten,Big Ten,fbs,fbs
#b6999d,#e0a3ae,2021,4,,265,254,Washington State,Utah,5.52,pbp,Pac-12,Pac-12,fbs,fbs
#af3a3a,#3d77b8,2022,11,,245,2,Texas A&M,Auburn,5.52,pbp,SEC,SEC,fbs,fbs
#6b8bce,#e6ccb3,2016,11,,96,2633,Kentucky,Tennessee,5.51,pbp,SEC,SEC,fbs,fbs
#7b7b7b,#44699b,2020,15,,127,213,Michigan State,Penn State,5.51,pbp,Big Ten,Big Ten,fbs,fbs
#b5b5b5,#e6ccb3,2017,13,,238,2633,Vanderbilt,Tennessee,5.51,pbp,SEC,SEC,fbs,fbs
#99a6b8,#4b83c3,2025,8,,2247,290,Georgia State,Georgia Southern,5.51,pbp,Sun Belt,Sun Belt,fbs,fbs
#a4a4a4,#a75a7c,2018,12,,77,135,Northwestern(24),Minnesota,5.51,pbp,Big Ten,Big Ten,fbs,fbs
#c24a54,#b5b5b5,2022,10,,2579,238,South Carolina,Vanderbilt,5.51,pbp,SEC,SEC,fbs,fbs
#3d6bb7,#5d7088,2017,12,,2426,87,Navy,Notre Dame(9),5.51,pbp,American Athletic,FBS Independents,fbs,fbs
#935531,#6f7cc9,2023,7,,189,2084,Bowling Green,Buffalo,5.51,pbp,Mid-American,Mid-American,fbs,fbs
#b7949a,#cc7a91,2017,3,,113,218,Massachusetts,Temple,5.51,pbp,FBS Independents,American Athletic,fbs,fbs
#ce919e,#838383,2015,4,,167,2751,New Mexico,Wyoming,5.51,pbp,Mountain West,Mountain West,fbs,fbs
#546b8d,#b7949a,2021,10,,227,113,Rhode Island,Massachusetts,5.5,pbp,CAA,FBS Independents,fcs,fbs
#e6ccb3,#ffffff,2018,10,,2638,242,UTEP,Rice,5.5,pbp,Conference USA,Conference USA,fbs,fbs
#978da5,#a0a0a0,2023,1,camping world kickoff,99,52,LSU(5),Florida State(8),5.5,pbp,SEC,ACC,fbs,fbs
#57c78b,#40be99,2025,15,american championship,249,2655,North Texas(20),Tulane(21),5.5,pbp,American Athletic,American Athletic,fbs,fbs
#3d68b7,#9156c7,2023,5,,6,256,South Alabama,James Madison,5.5,pbp,Sun Belt,Sun Belt,fbs,fbs
#6f82cf,#c24a54,2017,11,,57,2579,Florida,South Carolina,5.5,pbp,SEC,SEC,fbs,fbs
#4078be,#e6c6c7,2024,12,,2348,98,Louisiana Tech,Western Kentucky,5.5,pbp,Conference USA,Conference USA,fbs,fbs
#ad9a9d,#5c81c6,2015,5,,103,150,Boston College,Duke,5.5,pbp,ACC,ACC,fbs,fbs
#b48686,#7f46c2,2018,10,,24,264,Stanford,Washington,5.5,pbp,Pac-12,Pac-12,fbs,fbs
#8e8e8e,#935531,2021,13,,195,189,Ohio,Bowling Green,5.5,pbp,Mid-American,Mid-American,fbs,fbs
#d07980,#5c81c6,2023,Bowls,76 birmingham bowl,2653,150,Troy,Duke,5.5,pbp,Sun Belt,ACC,fbs,fbs
#c24a54,#e6ccb3,2019,9,,2579,2633,South Carolina,Tennessee,5.5,pbp,SEC,SEC,fbs,fbs
#6095ca,#a0a0a0,2024,3,,235,52,Memphis,Florida State,5.5,pbp,American Athletic,ACC,fbs,fbs
#cbbdb5,#cfbdbf,2023,8,,251,248,Texas(8),Houston,5.5,pbp,Big 12,Big 12,fbs,fbs
#3aaf80,#a0a0a0,2023,11,,2390,52,Miami,Florida State(4),5.5,pbp,ACC,ACC,fbs,fbs
#ddb4b6,#4078be,2015,Bowls,r+l carriers new orleans bowl,2032,2348,Arkansas State,Louisiana Tech,5.49,pbp,Sun Belt,Conference USA,fbs,fbs
#4e6192,#4abfc2,2026,4,,2335,324,Liberty,Coastal Carolina,5.49,pbp,Conference USA,Sun Belt,fbs,fbs
#57c78b,#d9c78e,2016,8,,249,349,North Texas,Army,5.49,pbp,Conference USA,FBS Independents,fbs,fbs
#bc778f,#f2f2f2,2022,9,,9,38,Arizona State,Colorado,5.49,pbp,Pac-12,Pac-12,fbs,fbs
#3d6bb7,#b7b7b8,2020,9,,2426,2567,Navy,SMU(22),5.49,pbp,American Athletic,American Athletic,fbs,fbs
#d6889a,#a75a7c,2015,13,,275,135,Wisconsin,Minnesota,5.49,pbp,Big Ten,Big Ten,fbs,fbs
#6dcead,#838383,2015,1,,155,2751,North Dakota,Wyoming,5.49,pbp,Big Sky,Mountain West,fcs,fbs
#e6c6c7,#4078be,2018,13,,98,2348,Western Kentucky,Louisiana Tech,5.49,pbp,Conference USA,Conference USA,fbs,fbs
#b7b7b8,#cfbdbf,2017,6,,2567,248,SMU,Houston,5.49,pbp,American Athletic,American Athletic,fbs,fbs
#e6ccb3,#b5b5b5,2024,14,,2633,238,Tennessee(7),Vanderbilt,5.49,pbp,SEC,SEC,fbs,fbs
#357a9e,#d17b7b,2017,8,,328,2439,Utah State,UNLV,5.49,pbp,Mountain West,Mountain West,fbs,fbs
#5d7193,#6f92cf,2026,2,,12,252,Arizona,BYU(15),5.49,pbp,Big 12,Big 12,fbs,fbs
#57c78b,#40be99,2023,8,,249,2655,North Texas,Tulane(23),5.49,pbp,American Athletic,American Athletic,fbs,fbs
#bd9fa4,#3d77b8,2022,9,,8,2,Arkansas,Auburn,5.49,pbp,SEC,SEC,fbs,fbs
#e9e1ce,#ce919e,2023,10,,142,61,Missouri(14),Georgia(1),5.48,pbp,SEC,SEC,fbs,fbs
#4abfc2,#3d68b7,2025,4,,324,6,Coastal Carolina,South Alabama,5.48,pbp,Sun Belt,Sun Belt,fbs,fbs
#d37d7b,#a0a0a0,2021,2,,55,52,Jacksonville State,Florida State,5.48,pbp,AWC,ACC,fcs,fbs
#99a6b8,#3d68b7,2020,12,,2247,6,Georgia State,South Alabama,5.48,pbp,Sun Belt,Sun Belt,fbs,fbs
#a75a7c,#3974ac,2024,5,,135,130,Minnesota,Michigan(12),5.48,pbp,Big Ten,Big Ten,fbs,fbs
#bc778f,#adb8c1,2021,5,,9,26,Arizona State,UCLA(20),5.48,pbp,Pac-12,Pac-12,fbs,fbs
#af3a3a,#bd9099,2022,6,,245,333,Texas A&M,Alabama(1),5.48,pbp,SEC,SEC,fbs,fbs
#935531,#8e8e8e,2016,6,,189,195,Bowling Green,Ohio,5.48,pbp,Mid-American,Mid-American,fbs,fbs
#e6dbb3,#d98c8c,2026,4,,2026,152,App State,NC State,5.48,pbp,Sun Belt,ACC,fbs,fbs
#5d7193,#b7b7b8,2025,Bowls,trust & will holiday bowl,12,2567,Arizona,SMU,5.48,pbp,Big 12,ACC,fbs,fbs
#5d7088,#e6c7b3,2024,13,,41,183,UConn,Syracuse,5.48,pbp,FBS Independents,ACC,fbs,fbs
#adb8c1,#3f647f,2026,1,,26,25,UCLA,California,5.48,pbp,Big Ten,ACC,fbs,fbs
#39aa8c,#b7949a,2018,6,,58,113,South Florida,Massachusetts,5.48,pbp,American Athletic,FBS Independents,fbs,fbs
#39aa8c,#57c78b,2025,7,,58,249,South Florida(24),North Texas,5.48,pbp,American Athletic,American Athletic,fbs,fbs
#e0a3ae,#b9a0a5,2021,6,,254,30,Utah,USC,5.48,pbp,Pac-12,Pac-12,fbs,fbs
#a08b96,#7f46c2,2021,1,,149,264,Montana,Washington(20),5.48,pbp,Big Sky,Pac-12,fcs,fbs
#868686,#cf6e75,2022,8,,2711,193,Western Michigan,Miami (OH),5.48,pbp,Mid-American,Mid-American,fbs,fbs
#649ecb,#a6999b,2018,14,,2181,66,Drake,Iowa State(24),5.48,pbp,Pioneer,Big 12,fcs,fbs
#bd9099,#3d77b8,2017,13,,333,2,Alabama(1),Auburn(6),5.48,pbp,SEC,SEC,fbs,fbs
#e3c2ab,#d98c8c,2015,9,,228,152,Clemson(3),NC State,5.48,pbp,ACC,ACC,fbs,fbs
#adb8c1,#6e6e6e,2023,7,,26,204,UCLA(18),Oregon State(15),5.48,pbp,Pac-12,Pac-12,fbs,fbs
#3d68b7,#d2adae,2018,12,,6,309,South Alabama,Louisiana,5.48,pbp,Sun Belt,Sun Belt,fbs,fbs
#99a6b8,#d07980,2016,7,,2247,2653,Georgia State,Troy,5.47,pbp,Sun Belt,Sun Belt,fbs,fbs
#345b9d,#519bc5,2016,13,,2229,295,Florida International,Old Dominion,5.47,pbp,Conference USA,Conference USA,fbs,fbs
#f0e8d6,#b8b8b8,2025,1,,338,154,Kennesaw State,Wake Forest,5.47,pbp,Conference USA,ACC,fbs,fbs
#339969,#838383,2015,2,,2199,2751,Eastern Michigan,Wyoming,5.47,pbp,Mid-American,Mountain West,fbs,fbs
#b8b8b8,#d88a96,2018,9,,154,97,Wake Forest,Louisville,5.47,pbp,ACC,ACC,fbs,fbs
#dc97a7,#339a72,2017,11,,278,62,Fresno State,Hawai'i,5.47,pbp,Mountain West,Mountain West,fbs,fbs
#cf6e75,#e1bbbf,2025,6,,193,2459,Miami (OH),Northern Illinois,5.47,pbp,Mid-American,Mid-American,fbs,fbs
#e2c9a6,#ce919e,2025,2,,304,167,Idaho State,New Mexico,5.47,pbp,Big Sky,Mountain West,fcs,fbs
#7cb0d3,#e9e1ce,2023,2,,2393,142,Middle Tennessee,Missouri,5.47,pbp,Conference USA,SEC,fbs,fbs
#a4a4a4,#d6889a,2017,5,,77,275,Northwestern,Wisconsin(10),5.47,pbp,Big Ten,Big Ten,fbs,fbs
#e0a3ae,#b9a0a5,2022,14,pac-12 championship game,254,30,Utah(12),USC(4),5.47,pbp,Pac-12,Pac-12,fbs,fbs
#359f7d,#40be99,2023,5,,5,2655,UAB,Tulane,5.46,pbp,American Athletic,American Athletic,fbs,fbs
#3d75b8,#345b9d,2017,10,,2636,2229,UTSA,Florida International,5.46,pbp,Conference USA,Conference USA,fbs,fbs
#935531,#3e72b9,2024,6,,189,2006,Bowling Green,Akron,5.46,pbp,Mid-American,Mid-American,fbs,fbs
#d9c78e,#dc9797,2021,5,,349,2050,Army,Ball State,5.46,pbp,FBS Independents,Mid-American,fbs,fbs
#c8c6c2,#3c73b2,2024,13,,2116,277,UCF,West Virginia,5.46,pbp,Big 12,Big 12,fbs,fbs
#d07980,#4b83c3,2018,11,,2653,290,Troy,Georgia Southern,5.46,pbp,Sun Belt,Sun Belt,fbs,fbs
#c8c6c2,#39aa8c,2020,13,,2116,58,UCF,South Florida,5.46,pbp,American Athletic,American Athletic,fbs,fbs
#d2adae,#4b83c3,2019,5,,309,290,Louisiana,Georgia Southern,5.46,pbp,Sun Belt,Sun Belt,fbs,fbs
#3f647f,#3d77b8,2024,2,,25,2,California,Auburn,5.46,legacy,ACC,SEC,fbs,fbs
#885caf,#75807c,2016,12,,2306,239,Kansas State,Baylor,5.46,pbp,Big 12,Big 12,fbs,fbs
#3974ac,#e0a3ae,2015,1,,130,254,Michigan,Utah,5.46,pbp,Big Ten,Pac-12,fbs,fbs
#4078be,#359f7d,2019,13,,2348,5,Louisiana Tech,UAB,5.46,pbp,Conference USA,Conference USA,fbs,fbs
#3f78bc,#e6c6c7,2025,4,,2440,98,Nevada,Western Kentucky,5.46,pbp,Mountain West,Conference USA,fbs,fbs
#cfa0a8,#d2adae,2021,2,,2447,309,Nicholls,Louisiana,5.46,pbp,Southland,Sun Belt,fcs,fbs
#d17b7b,#8e8e8e,2025,Bowls,scooter's coffee frisco bowl,2439,195,UNLV,Ohio,5.46,pbp,Mountain West,Mid-American,fbs,fbs
#345b9d,#5090c5,2026,3,,2229,2226,Florida International,Florida Atlantic,5.46,pbp,Conference USA,American Athletic,fbs,fbs
#dc97a7,#cfa0a8,2023,13,,278,21,Fresno State,San Diego State,5.46,pbp,Mountain West,Mountain West,fbs,fbs
#978da5,#af3a3a,2016,13,,99,245,LSU(25),Texas A&M(22),5.46,pbp,SEC,SEC,fbs,fbs
#e7c8b6,#da8f8f,2020,12,,356,158,Illinois,Nebraska,5.46,pbp,Big Ten,Big Ten,fbs,fbs
#917e9c,#6f82cf,2015,2,,151,57,East Carolina,Florida,5.46,pbp,American Athletic,SEC,fbs,fbs
#e3c2ab,#a6999b,2021,Bowls,cheez-it bowl,228,66,Clemson(14),Iowa State,5.46,pbp,ACC,Big 12,fbs,fbs
#5d7088,#ce919e,2019,4,,87,61,Notre Dame(7),Georgia(3),5.45,pbp,FBS Independents,SEC,fbs,fbs
#6f7cc9,#c0437e,2018,6,,2084,2117,Buffalo,Central Michigan,5.45,pbp,Mid-American,Mid-American,fbs,fbs
#7cb0d3,#828282,2022,2,,2393,36,Middle Tennessee,Colorado State,5.45,pbp,Conference USA,Mountain West,fbs,fbs
#ce919e,#3d77b8,2025,7,,61,2,Georgia(10),Auburn,5.45,pbp,SEC,SEC,fbs,fbs
#6f82cf,#848484,2019,Bowls,capital one orange bowl,57,258,Florida(6),Virginia,5.45,pbp,SEC,ACC,fbs,fbs
#FFFFFF,#838383,2019,3,,70,2751,Idaho,Wyoming,5.45,pbp,Big Sky,Mountain West,fcs,fbs
#e0a3ae,#bc778f,2016,11,,254,9,Utah(13),Arizona State,5.45,pbp,Pac-12,Pac-12,fbs,fbs
#bc778f,#d98c8c,2024,4,,9,2641,Arizona State,Texas Tech,5.45,pbp,Big 12,Big 12,fbs,fbs
#d98c8c,#848484,2020,6,,152,258,NC State,Virginia,5.45,pbp,ACC,ACC,fbs,fbs
#3974ac,#6f82cf,2017,1,,130,57,Michigan(11),Florida(17),5.44,pbp,Big Ten,SEC,fbs,fbs
#978da5,#af3a3a,2022,13,,99,245,LSU(6),Texas A&M,5.44,pbp,SEC,SEC,fbs,fbs
#ffffff,#5d7088,2024,9,,242,41,Rice,UConn,5.44,pbp,American Athletic,FBS Independents,fbs,fbs
#868686,#8e8e8e,2016,14,,2711,195,Western Michigan(13),Ohio,5.44,pbp,Mid-American,Mid-American,fbs,fbs
#9785a6,#e0a3ae,2024,8,,2628,254,TCU,Utah,5.44,pbp,Big 12,Big 12,fbs,fbs
#adb8c1,#a4a4a4,2025,5,,26,77,UCLA,Northwestern,5.44,pbp,Big Ten,Big Ten,fbs,fbs
#e6c6c7,#cf6e75,2016,3,,98,193,Western Kentucky,Miami (OH),5.44,pbp,Conference USA,Mid-American,fbs,fbs
#7fa4d4,#3f78bc,2023,3,,2305,2440,Kansas,Nevada,5.44,pbp,Big 12,Mountain West,fbs,fbs
#c0437e,#a75a7c,2015,Bowls,quick lane bowl,2117,135,Central Michigan,Minnesota,5.44,pbp,Mid-American,Big Ten,fbs,fbs
#6f7cc9,#935531,2016,13,,2084,189,Buffalo,Bowling Green,5.44,pbp,Mid-American,Mid-American,fbs,fbs
#b7949a,#d5a6af,2026,1,,113,164,Massachusetts,Rutgers,5.44,pbp,Mid-American,Big Ten,fbs,fbs
#5090c5,#3d6bb7,2025,9,,2226,2426,Florida Atlantic,Navy,5.44,pbp,American Athletic,American Athletic,fbs,fbs
#e6ccb3,#4fb885,2020,8,,2638,2429,UTEP,Charlotte,5.44,pbp,Conference USA,Conference USA,fbs,fbs
#b57f81,#bc778f,2017,1,,166,9,New Mexico State,Arizona State,5.44,pbp,Sun Belt,Pac-12,fbs,fbs
#85797a,#519bc5,2024,8,,326,295,Texas State,Old Dominion,5.44,legacy,Sun Belt,Sun Belt,fbs,fbs
#5096c4,#6b8bce,2019,4,,2005,68,Air Force,Boise State(20),5.44,pbp,Mountain West,Mountain West,fbs,fbs
#b8b8b8,#5c81c6,2025,14,,154,150,Wake Forest,Duke,5.43,pbp,ACC,ACC,fbs,fbs
#6f82cf,#978da5,2023,11,,57,99,Florida,LSU(18),5.43,pbp,SEC,SEC,fbs,fbs
#bca0a5,#7fa4d4,2021,8,,201,2305,Oklahoma(3),Kansas,5.43,pbp,Big 12,Big 12,fbs,fbs
#5d7193,#47c27c,2017,12,,12,2483,Arizona,Oregon,5.43,pbp,Pac-12,Pac-12,fbs,fbs
#868686,#339969,2025,14,,2711,2199,Western Michigan,Eastern Michigan,5.43,pbp,Mid-American,Mid-American,fbs,fbs
#da8f8f,#d3a5b1,2024,9,,158,194,Nebraska,Ohio State(4),5.43,pbp,Big Ten,Big Ten,fbs,fbs
#e5c2b2,#d98c8c,2015,1,,2534,2641,Sam Houston,Texas Tech,5.43,pbp,Southland,Big 12,fcs,fbs
#d2adae,#9156c7,2025,7,,309,256,Louisiana,James Madison,5.43,pbp,Sun Belt,Sun Belt,fbs,fbs
#6e6e6e,#FFFFFF,2015,8,,2433,70,UL Monroe,Idaho,5.43,pbp,Sun Belt,Sun Belt,fbs,fbs
#b9a0a5,#7f46c2,2016,11,,30,264,USC,Washington(4),5.43,pbp,Pac-12,Pac-12,fbs,fbs
#bca0a5,#d3a5b1,2017,2,,201,194,Oklahoma(5),Ohio State(2),5.43,pbp,Big 12,Big Ten,fbs,fbs
#d07980,#357a9e,2026,4,,2653,328,Troy,Utah State,5.43,pbp,Sun Belt,Pac-12,fbs,fbs
#a4a4a4,#cc6666,2026,4,,77,84,Northwestern,Indiana(5),5.43,pbp,Big Ten,Big Ten,fbs,fbs
#9156c7,#5096c4,2023,Bowls,lockheed martin armed forces bowl,256,2005,James Madison,Air Force,5.43,pbp,Sun Belt,Mountain West,fbs,fbs
#8e8e8e,#3e72b9,2021,5,,195,2006,Ohio,Akron,5.43,pbp,Mid-American,Mid-American,fbs,fbs
#6989c7,#d37d7b,2025,8,,48,55,Delaware,Jacksonville State,5.43,pbp,Conference USA,Conference USA,fbs,fbs
#4c4c4c,#cc6666,2022,13,,2509,84,Purdue,Indiana,5.43,legacy,Big Ten,Big Ten,fbs,fbs
#4e6192,#935531,2025,3,,2335,189,Liberty,Bowling Green,5.43,pbp,Conference USA,Mid-American,fbs,fbs
#848484,#3f647f,2025,10,,258,25,Virginia(15),California,5.43,pbp,ACC,ACC,fbs,fbs
#9cbacd,#4b83c3,2019,2,,311,290,Maine,Georgia Southern,5.42,pbp,CAA,Sun Belt,fcs,fbs
#d2adae,#ddb4b6,2015,8,,309,2032,Louisiana,Arkansas State,5.42,pbp,Sun Belt,Sun Belt,fbs,fbs
#ceb2b3,#357a9e,2015,1,,253,328,Southern Utah,Utah State,5.42,pbp,Big Sky,Mountain West,fcs,fbs
#bc778f,#885caf,2024,12,,9,2306,Arizona State,Kansas State(20),5.42,pbp,Big 12,Big 12,fbs,fbs
#3f78bc,#339a72,2022,3,,2184,62,Duquesne,Hawai'i,5.42,legacy,NEC,Mountain West,fcs,fbs
#FFFFFF,#b6999d,2022,1,,70,265,Idaho,Washington State,5.42,pbp,Big Sky,Pac-12,fcs,fbs
#99a6b8,#c8c6c2,2026,3,,2247,2116,Georgia State,UCF,5.42,pbp,Sun Belt,Big 12,fbs,fbs
#5c81c6,#3c7eb4,2024,6,,150,59,Duke,Georgia Tech,5.42,pbp,ACC,ACC,fbs,fbs
#b3787d,#3e72b9,2024,3,,2142,2006,Colgate,Akron,5.42,pbp,Patriot,Mid-American,fcs,fbs
#345b9d,#ffffff,2017,4,,2229,242,Florida International,Rice,5.42,pbp,Conference USA,Conference USA,fbs,fbs
#f2f2f2,#b9a0a5,2018,7,,38,30,Colorado(19),USC,5.42,pbp,Pac-12,Pac-12,fbs,fbs
#e6c6c7,#5090c5,2020,10,,98,2226,Western Kentucky,Florida Atlantic,5.42,pbp,Conference USA,Conference USA,fbs,fbs
#3d75b8,#7cb0d3,2016,10,,2636,2393,UTSA,Middle Tennessee,5.42,pbp,Conference USA,Conference USA,fbs,fbs
#6dcead,#357a9e,2021,2,,155,328,North Dakota,Utah State,5.42,pbp,MVFC,Mountain West,fcs,fbs
#3c7eb4,#3aaf80,2019,8,,59,2390,Georgia Tech,Miami,5.42,legacy,ACC,ACC,fbs,fbs
#dd9da6,#6388cb,2022,5,,2132,202,Cincinnati,Tulsa,5.42,pbp,American Athletic,American Athletic,fbs,fbs
#cc6666,#44699b,2023,9,,84,213,Indiana,Penn State(10),5.42,pbp,Big Ten,Big Ten,fbs,fbs
#5096c4,#d9c78e,2018,10,,2005,349,Air Force,Army,5.42,pbp,Mountain West,FBS Independents,fbs,fbs
#3c73b2,#6388cb,2021,1,,302,202,UC Davis,Tulsa,5.42,legacy,Big Sky,American Athletic,fcs,fbs
#d9c78e,#339a72,2019,14,,349,62,Army,Hawai'i,5.42,pbp,FBS Independents,Mountain West,fbs,fbs
#935531,#576f8c,2016,7,,189,2649,Bowling Green,Toledo,5.41,legacy,Mid-American,Mid-American,fbs,fbs
#5096c4,#6b8bce,2023,13,,2005,68,Air Force,Boise State,5.41,pbp,Mountain West,Mountain West,fbs,fbs
#e6c6c7,#e6ccb3,2023,10,,98,2638,Western Kentucky,UTEP,5.41,pbp,Conference USA,Conference USA,fbs,fbs
#a75a7c,#4c4c4c,2023,11,,135,2509,Minnesota,Purdue,5.41,pbp,Big Ten,Big Ten,fbs,fbs
#339969,#4c85c3,2018,13,,2199,2309,Eastern Michigan,Kent State,5.41,pbp,Mid-American,Mid-American,fbs,fbs
#3f647f,#d17b7b,2024,Bowls,art of sport la bowl,25,2439,California,UNLV(23),5.41,pbp,ACC,Mountain West,fbs,fbs
#3c7eb4,#b8b8b8,2023,4,,59,154,Georgia Tech,Wake Forest,5.41,pbp,ACC,ACC,fbs,fbs
#5c81c6,#3c7eb4,2018,7,,150,59,Duke,Georgia Tech,5.41,pbp,ACC,ACC,fbs,fbs
#3974ac,#d3a5b1,2018,13,,130,194,Michigan(4),Ohio State(10),5.41,pbp,Big Ten,Big Ten,fbs,fbs
#3aaf80,#af3a3a,2025,Bowls,,2390,245,Miami(2),Texas A&M(8),5.41,pbp,ACC,SEC,fbs,fbs
#935531,#c0437e,2018,11,,189,2117,Bowling Green,Central Michigan,5.41,pbp,Mid-American,Mid-American,fbs,fbs
#e7c8b6,#5d7088,2019,2,,356,41,Illinois,UConn,5.41,pbp,Big Ten,American Athletic,fbs,fbs
#3d6bb7,#cc7a91,2023,10,,2426,218,Navy,Temple,5.41,pbp,American Athletic,American Athletic,fbs,fbs
#ad9a9d,#b7b7b8,2024,12,,103,2567,Boston College,SMU(14),5.41,pbp,ACC,ACC,fbs,fbs
#5096c4,#357a9e,2025,3,,2005,328,Air Force,Utah State,5.41,pbp,Mountain West,Mountain West,fbs,fbs
#9cbacd,#b7949a,2017,11,,311,113,Maine,Massachusetts,5.41,pbp,CAA,FBS Independents,fcs,fbs
#a75a7c,#3f647f,2025,3,,135,25,Minnesota,California,5.41,pbp,Big Ten,ACC,fbs,fbs
#cf6e75,#e6dbb3,2023,Bowls,avocados from mexico cure bowl,193,2026,Miami (OH),App State,5.41,pbp,Mid-American,Sun Belt,fbs,fbs
#dc9797,#e6c6c7,2017,4,,2050,98,Ball State,Western Kentucky,5.4,pbp,Mid-American,Conference USA,fbs,fbs
#848484,#5d7088,2019,5,,258,87,Virginia(18),Notre Dame(10),5.4,pbp,ACC,FBS Independents,fbs,fbs
#828282,#bd9fa4,2019,3,,36,8,Colorado State,Arkansas,5.4,pbp,Mountain West,SEC,fbs,fbs
#cbbdb5,#a6999b,2023,12,,251,66,Texas(7),Iowa State,5.4,pbp,Big 12,Big 12,fbs,fbs
#e5c2b2,#7cb0d3,2025,13,,2534,2393,Sam Houston,Middle Tennessee,5.4,pbp,Conference USA,Conference USA,fbs,fbs
#a0a0a0,#d98c8c,2025,13,,52,152,Florida State,NC State,5.4,pbp,ACC,ACC,fbs,fbs
#ffffff,#57c78b,2015,3,,242,249,Rice,North Texas,5.4,pbp,Conference USA,Conference USA,fbs,fbs
#e6ccb3,#6f82cf,2023,3,,2633,57,Tennessee(11),Florida,5.4,pbp,SEC,SEC,fbs,fbs
#bd3f7d,#3f7fbd,2022,6,,259,221,Virginia Tech,Pittsburgh,5.4,pbp,ACC,ACC,fbs,fbs
#6989c7,#b5b5b5,2026,2,,48,238,Delaware,Vanderbilt,5.4,pbp,Conference USA,SEC,fbs,fbs
#7f46c2,#b6999d,2018,13,,264,265,Washington(16),Washington State(7),5.4,pbp,Pac-12,Pac-12,fbs,fbs
#39aa8c,#359f7d,2023,6,,58,5,South Florida,UAB,5.4,pbp,American Athletic,American Athletic,fbs,fbs
#359f7d,#3e72b9,2019,2,,5,2006,UAB,Akron,5.4,pbp,Conference USA,Mid-American,fbs,fbs
#917e9c,#39aa8c,2022,5,,151,58,East Carolina,South Florida,5.4,legacy,American Athletic,American Athletic,fbs,fbs
#f4f4f4,#c24a54,2021,Bowls,duke's mayo bowl,153,2579,North Carolina,South Carolina,5.4,pbp,ACC,SEC,fbs,fbs
#cc7a91,#6f7cc9,2019,4,,218,2084,Temple,Buffalo,5.4,pbp,American Athletic,Mid-American,fbs,fbs
#e9e1ce,#7fa4d4,2026,2,,142,2305,Missouri(23),Kansas,5.4,pbp,SEC,Big 12,fbs,fbs
#adb8c1,#dd9da6,2019,1,,26,2132,UCLA,Cincinnati,5.39,pbp,Pac-12,American Athletic,fbs,fbs
#e9e1ce,#bd9fa4,2025,14,,142,8,Missouri,Arkansas,5.39,pbp,SEC,SEC,fbs,fbs
#cf6e75,#a75a7c,2021,2,,193,135,Miami (OH),Minnesota,5.39,pbp,Mid-American,Big Ten,fbs,fbs
#d3a5b1,#cbbdb5,2024,Bowls,college football playoff semifinal at the goodyear cotton bowl classic,194,251,Ohio State(1),Texas(4),5.39,pbp,Big Ten,SEC,fbs,fbs
#f4ebe0,#6e6e6e,2022,13,,2572,2433,Southern Miss,UL Monroe,5.39,pbp,Sun Belt,Sun Belt,fbs,fbs
#ce919e,#3f78bc,2019,10,,167,2440,New Mexico,Nevada,5.39,pbp,Mountain West,Mountain West,fbs,fbs
#d17b7b,#e5c2b2,2025,1,,2439,2534,UNLV,Sam Houston,5.39,legacy,Mountain West,Conference USA,fbs,fbs
#839fb6,#838383,2026,2,,2458,2751,Northern Colorado,Wyoming,5.39,pbp,Big Sky,Mountain West,fcs,fbs
#db93a2,#848484,2024,3,,120,258,Maryland,Virginia,5.39,pbp,Big Ten,ACC,fbs,fbs
#c0437e,#4c85c3,2015,12,,2117,2309,Central Michigan,Kent State,5.39,legacy,Mid-American,Mid-American,fbs,fbs
#FFFFFF,#99a6b8,2017,14,,70,2247,Idaho,Georgia State,5.39,pbp,Sun Belt,Sun Belt,fbs,fbs
#6f92cf,#e0a3ae,2015,Bowls,royal purple las vegas bowl,252,254,BYU,Utah(17),5.39,pbp,FBS Independents,Pac-12,fbs,fbs
#bc778f,#5d7193,2016,13,,9,12,Arizona State,Arizona,5.39,pbp,Pac-12,Pac-12,fbs,fbs
#d17b7b,#ce919e,2021,10,,2439,167,UNLV,New Mexico,5.39,pbp,Mountain West,Mountain West,fbs,fbs
#e6c7b3,#3aaf80,2017,8,,183,2390,Syracuse,Miami(8),5.39,pbp,ACC,ACC,fbs,fbs
#e3c2ab,#c24a54,2025,14,,228,2579,Clemson,South Carolina,5.39,pbp,ACC,SEC,fbs,fbs
#5d7088,#b9a0a5,2022,13,,87,30,Notre Dame(13),USC(5),5.38,pbp,FBS Independents,Pac-12,fbs,fbs
#e6dbb3,#d2adae,2019,7,,2026,309,App State,Louisiana,5.38,pbp,Sun Belt,Sun Belt,fbs,fbs
#b6999d,#357a9e,2025,Bowls,famous idaho potato bowl,265,328,Washington State,Utah State,5.38,pbp,Pac-12,Mountain West,fbs,fbs
#3e72b9,#76d198,2016,3,,2006,276,Akron,Marshall,5.38,pbp,Mid-American,Conference USA,fbs,fbs
#e6dbb3,#4abfc2,2024,11,,2026,324,App State,Coastal Carolina,5.38,pbp,Sun Belt,Sun Belt,fbs,fbs
#4078be,#ffffff,2017,9,,2348,242,Louisiana Tech,Rice,5.38,pbp,Conference USA,Conference USA,fbs,fbs
#d6889a,#b9a0a5,2024,5,,275,30,Wisconsin,USC(13),5.38,pbp,Big Ten,Big Ten,fbs,fbs
#868686,#e6c7b3,2019,4,,2711,183,Western Michigan,Syracuse,5.38,pbp,Mid-American,ACC,fbs,fbs
#44699b,#ce919e,2015,Bowls,taxslayer bowl,213,61,Penn State,Georgia,5.38,pbp,Big Ten,SEC,fbs,fbs
#707987,#bd9fa4,2022,12,,145,8,Ole Miss(14),Arkansas,5.38,pbp,SEC,SEC,fbs,fbs
#e6c7b3,#8e8e8e,2021,1,,183,195,Syracuse,Ohio,5.38,legacy,ACC,Mid-American,fbs,fbs
#4e6192,#6f92cf,2019,11,,2335,252,Liberty,BYU,5.38,pbp,FBS Independents,FBS Independents,fbs,fbs
#e6ccb3,#ce919e,2024,12,,2633,61,Tennessee(6),Georgia(11),5.38,pbp,SEC,SEC,fbs,fbs
#4385c0,#6b8bce,2021,3,,236,96,Chattanooga,Kentucky,5.38,pbp,Southern,SEC,fcs,fbs
#4b83c3,#99a6b8,2024,5,,290,2247,Georgia Southern,Georgia State,5.38,pbp,Sun Belt,Sun Belt,fbs,fbs
#bd9fa4,#cbbdb5,2025,13,,8,251,Arkansas,Texas(17),5.38,pbp,SEC,SEC,fbs,fbs
#d07980,#3d68b7,2022,8,,2653,6,Troy,South Alabama,5.38,pbp,Sun Belt,Sun Belt,fbs,fbs
#6388cb,#cc7a91,2022,8,,202,218,Tulsa,Temple,5.38,pbp,American Athletic,American Athletic,fbs,fbs
#bc778f,#6e6e6e,2020,16,,9,204,Arizona State,Oregon State,5.38,pbp,Pac-12,Pac-12,fbs,fbs
#e6ccb3,#4078be,2020,6,,2638,2348,UTEP,Louisiana Tech,5.38,pbp,Conference USA,Conference USA,fbs,fbs
#3e72b9,#6f7cc9,2016,9,,2006,2084,Akron,Buffalo,5.38,pbp,Mid-American,Mid-American,fbs,fbs
#3d77b8,#6b8bce,2024,9,,2,96,Auburn,Kentucky,5.37,pbp,SEC,SEC,fbs,fbs
#76d198,#8e8e8e,2015,2,,276,195,Marshall,Ohio,5.37,pbp,Conference USA,Mid-American,fbs,fbs
#6b8bce,#f4ebe0,2017,1,,96,2572,Kentucky,Southern Miss,5.37,pbp,SEC,Conference USA,fbs,fbs
#e6ccb3,#ba3e3e,2025,12,,2638,2623,UTEP,Missouri State,5.37,pbp,Conference USA,Conference USA,fbs,fbs
#af3a3a,#937a7f,2018,9,,245,344,Texas A&M(16),Mississippi State,5.37,pbp,SEC,SEC,fbs,fbs
#adb8c1,#7f46c2,2024,12,,26,264,UCLA,Washington,5.37,pbp,Big Ten,Big Ten,fbs,fbs
#6388cb,#40be99,2019,10,,202,2655,Tulsa,Tulane,5.37,pbp,American Athletic,American Athletic,fbs,fbs
#bd9fa4,#af3a3a,2016,4,,8,245,Arkansas(17),Texas A&M(10),5.37,pbp,SEC,SEC,fbs,fbs
#519bc5,#848484,2019,4,,295,258,Old Dominion,Virginia(21),5.37,pbp,Conference USA,ACC,fbs,fbs
#868686,#935531,2022,10,,2711,189,Western Michigan,Bowling Green,5.37,pbp,Mid-American,Mid-American,fbs,fbs
#dc97a7,#6b8bce,2022,14,mountain west championship game,278,68,Fresno State,Boise State,5.37,pbp,Mountain West,Mountain West,fbs,fbs
#848484,#3aaf80,2020,8,,258,2390,Virginia,Miami(11),5.37,pbp,ACC,ACC,fbs,fbs
#d2adae,#3d68b7,2019,12,,309,6,Louisiana,South Alabama,5.37,pbp,Sun Belt,Sun Belt,fbs,fbs
#576f8c,#e1bbbf,2020,14,,2649,2459,Toledo,Northern Illinois,5.36,pbp,Mid-American,Mid-American,fbs,fbs
#b5b5b5,#6f82cf,2015,10,,238,57,Vanderbilt,Florida(11),5.36,pbp,SEC,SEC,fbs,fbs
#b9a0a5,#3f647f,2017,4,,30,25,USC(5),California,5.36,pbp,Pac-12,Pac-12,fbs,fbs
#d88a96,#d98c8c,2019,12,,97,152,Louisville,NC State,5.36,pbp,ACC,ACC,fbs,fbs
#ffffff,#4fb885,2025,4,,242,2429,Rice,Charlotte,5.36,pbp,American Athletic,American Athletic,fbs,fbs
#828282,#a75a7c,2016,4,,36,135,Colorado State,Minnesota,5.36,pbp,Mountain West,Big Ten,fbs,fbs
#b5b5b5,#e6ccb3,2025,14,,238,2633,Vanderbilt(12),Tennessee(18),5.36,pbp,SEC,SEC,fbs,fbs
#828282,#357a9e,2019,5,,36,328,Colorado State,Utah State,5.36,pbp,Mountain West,Mountain West,fbs,fbs
#b9a0a5,#f2f2f2,2023,5,,30,38,USC(8),Colorado,5.36,pbp,Pac-12,Pac-12,fbs,fbs
#e1bbbf,#935531,2024,7,,2459,189,Northern Illinois,Bowling Green,5.36,pbp,Mid-American,Mid-American,fbs,fbs
#e1bbbf,#b5b5b5,2019,5,,2459,238,Northern Illinois,Vanderbilt,5.36,pbp,Mid-American,SEC,fbs,fbs
#d6889a,#a4a4a4,2018,9,,275,77,Wisconsin(20),Northwestern,5.35,pbp,Big Ten,Big Ten,fbs,fbs
#cf6e75,#8e8e8e,2023,9,,193,195,Miami (OH),Ohio,5.35,pbp,Mid-American,Mid-American,fbs,fbs
#6f92cf,#c8c6c2,2024,9,,252,2116,BYU(11),UCF,5.35,pbp,Big 12,Big 12,fbs,fbs
#3c73b2,#e6cab3,2016,9,,277,197,West Virginia(10),Oklahoma State,5.35,pbp,Big 12,Big 12,fbs,fbs
#ddb4b6,#99a6b8,2021,12,,2032,2247,Arkansas State,Georgia State,5.35,legacy,Sun Belt,Sun Belt,fbs,fbs
#339a72,#4078be,2018,Bowls,sofi hawai'i bowl,62,2348,Hawai'i,Louisiana Tech,5.35,pbp,Mountain West,Conference USA,fbs,fbs
#85797a,#3d75b8,2023,2,,326,2636,Texas State,UTSA,5.35,pbp,Sun Belt,American Athletic,fbs,fbs
#e6ccb3,#3d77b8,2020,12,,2633,2,Tennessee,Auburn(23),5.35,pbp,SEC,SEC,fbs,fbs
#d2adae,#8e8e8e,2019,4,,309,195,Louisiana,Ohio,5.35,pbp,Sun Belt,Mid-American,fbs,fbs
#d6889a,#e7c8b6,2015,8,,275,356,Wisconsin,Illinois,5.35,pbp,Big Ten,Big Ten,fbs,fbs
#a4a4a4,#e7c8b6,2015,13,,77,356,Northwestern(17),Illinois,5.35,pbp,Big Ten,Big Ten,fbs,fbs
#ce919e,#838383,2023,5,,167,2751,New Mexico,Wyoming,5.35,pbp,Mountain West,Mountain West,fbs,fbs
#6095ca,#40be99,2020,14,,235,2655,Memphis,Tulane,5.35,pbp,American Athletic,American Athletic,fbs,fbs
#dd9da6,#cf6e75,2024,3,,2132,193,Cincinnati,Miami (OH),5.35,pbp,Big 12,Mid-American,fbs,fbs
#d07980,#e3c2ab,2025,2,,2653,228,Troy,Clemson(8),5.35,pbp,Sun Belt,ACC,fbs,fbs
#ce919e,#3f78bc,2023,9,,167,2440,New Mexico,Nevada,5.35,pbp,Mountain West,Mountain West,fbs,fbs
#d6889a,#a4a4a4,2020,12,,275,77,Wisconsin(10),Northwestern(19),5.34,pbp,Big Ten,Big Ten,fbs,fbs
#576f8c,#7b7b7b,2026,1,,2649,127,Toledo,Michigan State,5.34,pbp,Mid-American,Big Ten,fbs,fbs
#d88a96,#bd3f7d,2025,10,,97,259,Louisville(16),Virginia Tech,5.34,pbp,ACC,ACC,fbs,fbs
#c8c6c2,#40be99,2022,14,american athletic championship,2116,2655,UCF(22),Tulane(18),5.34,pbp,American Athletic,American Athletic,fbs,fbs
#4b83c3,#4abfc2,2020,8,,290,324,Georgia Southern,Coastal Carolina(25),5.34,pbp,Sun Belt,Sun Belt,fbs,fbs
#5090c5,#4fb885,2019,5,,2226,2429,Florida Atlantic,Charlotte,5.34,pbp,Conference USA,Conference USA,fbs,fbs
#937a7f,#d2adae,2019,1,,344,309,Mississippi State,Louisiana,5.34,pbp,SEC,Sun Belt,fbs,fbs
#6f82cf,#937a7f,2018,5,,57,344,Florida,Mississippi State(23),5.34,pbp,SEC,SEC,fbs,fbs
#57c78b,#f4ebe0,2019,7,,249,2572,North Texas,Southern Miss,5.34,pbp,Conference USA,Conference USA,fbs,fbs
#cc7a91,#917e9c,2019,6,,218,151,Temple,East Carolina,5.34,pbp,American Athletic,American Athletic,fbs,fbs
#d2adae,#d07980,2021,11,,309,2653,Louisiana(24),Troy,5.34,pbp,Sun Belt,Sun Belt,fbs,fbs
#39aa8c,#5090c5,2024,10,,58,2226,South Florida,Florida Atlantic,5.34,pbp,American Athletic,American Athletic,fbs,fbs
#dc9797,#5d7088,2025,4,,2050,41,Ball State,UConn,5.34,pbp,Mid-American,FBS Independents,fbs,fbs
#dc9797,#3e72b9,2021,10,,2050,2006,Ball State,Akron,5.34,pbp,Mid-American,Mid-American,fbs,fbs
#FFFFFF,#519bc5,2023,4,,2837,295,East Texas A&M,Old Dominion,5.34,pbp,Southland,Sun Belt,fcs,fbs
#d07980,#99a6b8,2019,9,,2653,2247,Troy,Georgia State,5.34,pbp,Sun Belt,Sun Belt,fbs,fbs
#6e6e6e,#85797a,2019,7,,2433,326,UL Monroe,Texas State,5.34,pbp,Sun Belt,Sun Belt,fbs,fbs
#b5b5b5,#6b8bce,2016,6,,238,96,Vanderbilt,Kentucky,5.34,pbp,SEC,SEC,fbs,fbs
#8e8e8e,#dc9797,2019,9,,195,2050,Ohio,Ball State,5.34,pbp,Mid-American,Mid-American,fbs,fbs
#c0437e,#3e72b9,2018,9,,2117,2006,Central Michigan,Akron,5.34,pbp,Mid-American,Mid-American,fbs,fbs
#76d198,#99a6b8,2023,7,,276,2247,Marshall,Georgia State,5.33,pbp,Sun Belt,Sun Belt,fbs,fbs
#e3c2ab,#3d77b8,2016,1,,228,2,Clemson(2),Auburn,5.33,pbp,ACC,SEC,fbs,fbs
#d98c8c,#e3c2ab,2022,5,,152,228,NC State(10),Clemson(5),5.33,pbp,ACC,ACC,fbs,fbs
#ce919e,#3d77b8,2019,12,,61,2,Georgia(5),Auburn(13),5.33,pbp,SEC,SEC,fbs,fbs
#9785a6,#dd9da6,2024,14,,2628,2132,TCU,Cincinnati,5.33,pbp,Big 12,Big 12,fbs,fbs
#99a6b8,#d07980,2025,13,,2247,2653,Georgia State,Troy,5.33,pbp,Sun Belt,Sun Belt,fbs,fbs
#e7c8b6,#a75a7c,2017,8,,356,135,Illinois,Minnesota,5.33,pbp,Big Ten,Big Ten,fbs,fbs
#47c27c,#7f46c2,2021,10,,2483,264,Oregon(7),Washington,5.33,pbp,Pac-12,Pac-12,fbs,fbs
#519bc5,#5090c5,2016,12,,295,2226,Old Dominion,Florida Atlantic,5.33,pbp,Conference USA,Conference USA,fbs,fbs
#3d68b7,#cc7a91,2017,2,,222,218,Villanova,Temple,5.33,pbp,CAA,American Athletic,fcs,fbs
#e0a3ae,#bc778f,2018,10,,254,9,Utah(16),Arizona State,5.33,pbp,Pac-12,Pac-12,fbs,fbs
#b6999d,#d6889a,2022,2,,265,275,Washington State,Wisconsin(19),5.33,legacy,Pac-12,Big Ten,fbs,fbs
#d37d7b,#345b9d,2020,8,,55,2229,Jacksonville State,Florida International,5.33,pbp,OVC,Conference USA,fcs,fbs
#99a6b8,#4abfc2,2023,4,,2247,324,Georgia State,Coastal Carolina,5.33,pbp,Sun Belt,Sun Belt,fbs,fbs
#d5a6af,#d9c78e,2015,12,,164,349,Rutgers,Army,5.33,pbp,Big Ten,FBS Independents,fbs,fbs
#9785a6,#a6999b,2023,6,,2628,66,TCU,Iowa State,5.33,pbp,Big 12,Big 12,fbs,fbs
#935531,#c0437e,2022,8,,189,2117,Bowling Green,Central Michigan,5.33,pbp,Mid-American,Mid-American,fbs,fbs
#519bc5,#ffffff,2018,13,,295,242,Old Dominion,Rice,5.33,pbp,Conference USA,Conference USA,fbs,fbs
#7cb0d3,#b57f81,2023,10,,2393,166,Middle Tennessee,New Mexico State,5.33,pbp,Conference USA,Conference USA,fbs,fbs
#d07980,#e3c2ab,2016,2,,2653,228,Troy,Clemson(2),5.32,pbp,Sun Belt,ACC,fbs,fbs
#adb8c1,#bc778f,2022,10,,26,9,UCLA(10),Arizona State,5.32,pbp,Pac-12,Pac-12,fbs,fbs
#6e6e6e,#85797a,2017,6,,2433,326,UL Monroe,Texas State,5.32,pbp,Sun Belt,Sun Belt,fbs,fbs
#bca0a5,#e3c2ab,2015,Bowls,,201,228,Oklahoma(5),Clemson(2),5.32,pbp,Big 12,ACC,fbs,fbs
#937a7f,#978da5,2016,3,,344,99,Mississippi State,LSU(20),5.32,pbp,SEC,SEC,fbs,fbs
#6e6e6e,#47c27c,2015,13,,204,2483,Oregon State,Oregon(18),5.32,pbp,Pac-12,Pac-12,fbs,fbs
#6b8bce,#937a7f,2021,9,,96,344,Kentucky(12),Mississippi State,5.32,pbp,SEC,SEC,fbs,fbs
#cf6e75,#8e8e8e,2017,10,,193,195,Miami (OH),Ohio,5.32,pbp,Mid-American,Mid-American,fbs,fbs
#76d198,#99a6b8,2025,12,,276,2247,Marshall,Georgia State,5.32,pbp,Sun Belt,Sun Belt,fbs,fbs
#99a6b8,#4abfc2,2025,11,,2247,324,Georgia State,Coastal Carolina,5.32,pbp,Sun Belt,Sun Belt,fbs,fbs
#e7c8b6,#4c4c4c,2025,6,,356,2509,Illinois(22),Purdue,5.32,pbp,Big Ten,Big Ten,fbs,fbs
#3f647f,#b48686,2017,12,,25,24,California,Stanford(20),5.32,pbp,Pac-12,Pac-12,fbs,fbs
#FFFFFF,#d2adae,2016,10,,70,309,Idaho,Louisiana,5.32,pbp,Sun Belt,Sun Belt,fbs,fbs
#3f78bc,#576f8c,2018,4,,2440,2649,Nevada,Toledo,5.32,pbp,Mountain West,Mid-American,fbs,fbs
#6095ca,#6b8bce,2026,2,,235,68,Memphis,Boise State,5.32,pbp,American Athletic,Pac-12,fbs,fbs
#d6889a,#a75a7c,2023,13,,275,135,Wisconsin,Minnesota,5.32,pbp,Big Ten,Big Ten,fbs,fbs
#e6c6c7,#e5c2b2,2024,8,,98,2534,Western Kentucky,Sam Houston,5.32,pbp,Conference USA,Conference USA,fbs,fbs
#d2adae,#f4ebe0,2022,9,,309,2572,Louisiana,Southern Miss,5.32,pbp,Sun Belt,Sun Belt,fbs,fbs
#707987,#937a7f,2015,13,,145,344,Ole Miss(19),Mississippi State(23),5.31,pbp,SEC,SEC,fbs,fbs
#adb8c1,#b9a0a5,2015,13,,26,30,UCLA(22),USC,5.31,pbp,Pac-12,Pac-12,fbs,fbs
#75807c,#885caf,2021,12,,239,2306,Baylor(11),Kansas State,5.31,pbp,Big 12,Big 12,fbs,fbs
#b57f81,#7cb0d3,2024,13,,166,2393,New Mexico State,Middle Tennessee,5.31,pbp,Conference USA,Conference USA,fbs,fbs
#cfa0a8,#5096c4,2021,8,,21,2005,San Diego State(22),Air Force,5.31,pbp,Mountain West,Mountain West,fbs,fbs
#5096c4,#828282,2015,7,,2005,36,Air Force,Colorado State,5.31,pbp,Mountain West,Mountain West,fbs,fbs
#e0a3ae,#6f92cf,2017,2,,254,252,Utah,BYU,5.31,pbp,Pac-12,FBS Independents,fbs,fbs
#e6c7b3,#4c4c4c,2023,3,,183,2509,Syracuse,Purdue,5.31,pbp,ACC,Big Ten,fbs,fbs
#cf6e75,#6f7cc9,2025,13,,193,2084,Miami (OH),Buffalo,5.31,pbp,Mid-American,Mid-American,fbs,fbs
#dc97a7,#b9a0a5,2019,1,,278,30,Fresno State,USC,5.31,pbp,Mountain West,Pac-12,fbs,fbs
#e7c8b6,#44699b,2021,8,,356,213,Illinois,Penn State(7),5.3,legacy,Big Ten,Big Ten,fbs,fbs
#5d7088,#f4f4f4,2020,13,,87,153,Notre Dame(2),North Carolina(25),5.3,pbp,FBS Independents,ACC,fbs,fbs
#b5b5b5,#5d7088,2018,3,,238,87,Vanderbilt,Notre Dame(8),5.3,pbp,SEC,FBS Independents,fbs,fbs
#a6999b,#d98c8c,2019,8,,66,2641,Iowa State,Texas Tech,5.3,pbp,Big 12,Big 12,fbs,fbs
#4c4c4c,#e7c8b6,2020,14,,2294,356,Iowa(24),Illinois,5.3,pbp,Big Ten,Big Ten,fbs,fbs
#4078be,#d98c8c,2016,3,,2348,2641,Louisiana Tech,Texas Tech,5.3,pbp,Conference USA,Big 12,fbs,fbs
#6f92cf,#75807c,2021,7,,252,239,BYU(19),Baylor,5.3,pbp,FBS Independents,Big 12,fbs,fbs
#9785a6,#e6cab3,2015,10,,2628,197,TCU(5),Oklahoma State(12),5.3,pbp,Big 12,Big 12,fbs,fbs
#3d77b8,#bca0a5,2016,Bowls,allstate sugar bowl,2,201,Auburn(24),Oklahoma(5),5.3,pbp,SEC,Big 12,fbs,fbs
#f4ebe0,#4078be,2025,4,,2572,2348,Southern Miss,Louisiana Tech,5.3,pbp,Sun Belt,Conference USA,fbs,fbs
#6388cb,#707987,2022,4,,202,145,Tulsa,Ole Miss(16),5.3,pbp,American Athletic,SEC,fbs,fbs
#cc7a91,#576f8c,2015,Bowls,marmot boca raton bowl,218,2649,Temple,Toledo,5.3,pbp,American Athletic,Mid-American,fbs,fbs
#7b7b7b,#3aaf80,2021,3,,127,2390,Michigan State,Miami(24),5.3,pbp,Big Ten,ACC,fbs,fbs
#4abfc2,#76d198,2024,12,,324,276,Coastal Carolina,Marshall,5.3,pbp,Sun Belt,Sun Belt,fbs,fbs
#885caf,#adb8c1,2017,Bowls,cactus bowl,2306,26,Kansas State,UCLA,5.3,pbp,Big 12,Pac-12,fbs,fbs
#85797a,#3f78bc,2022,1,,326,2440,Texas State,Nevada,5.3,legacy,Sun Belt,Mountain West,fbs,fbs
#828282,#5096c4,2018,13,,36,2005,Colorado State,Air Force,5.3,pbp,Mountain West,Mountain West,fbs,fbs
#bd9fa4,#af3a3a,2020,9,,8,245,Arkansas,Texas A&M(8),5.3,pbp,SEC,SEC,fbs,fbs
#57c78b,#e9e1ce,2021,6,,249,142,North Texas,Missouri,5.29,legacy,Conference USA,SEC,fbs,fbs
#75807c,#707987,2021,Bowls,allstate sugar bowl,239,145,Baylor(5),Ole Miss(11),5.29,pbp,Big 12,SEC,fbs,fbs
#cf6e75,#339969,2016,9,,193,2199,Miami (OH),Eastern Michigan,5.29,pbp,Mid-American,Mid-American,fbs,fbs
#e6dbb3,#76d198,2020,3,,2026,276,App State(24),Marshall,5.29,pbp,Sun Belt,Conference USA,fbs,fbs
#868686,#b9a0a5,2017,1,,2711,30,Western Michigan,USC(4),5.29,pbp,Mid-American,Pac-12,fbs,fbs
#d88a96,#d98c8c,2021,9,,97,152,Louisville,NC State,5.29,pbp,ACC,ACC,fbs,fbs
#f2f2f2,#75807c,2026,4,,38,239,Colorado,Baylor,5.29,pbp,Big 12,Big 12,fbs,fbs
#e6ccb3,#3d75b8,2018,5,,2638,2636,UTEP,UTSA,5.29,pbp,Conference USA,Conference USA,fbs,fbs
#937a7f,#e6ccb3,2019,7,,344,2633,Mississippi State,Tennessee,5.29,pbp,SEC,SEC,fbs,fbs
#3f7fbd,#e6c7b3,2023,11,,221,183,Pittsburgh,Syracuse,5.29,pbp,ACC,ACC,fbs,fbs
#b5b5b5,#978da5,2024,13,,238,99,Vanderbilt,LSU,5.29,pbp,SEC,SEC,fbs,fbs
#5d7088,#ad9a9d,2020,11,,87,103,Notre Dame(2),Boston College,5.29,pbp,FBS Independents,ACC,fbs,fbs
#b57f81,#339a72,2026,2,,166,62,New Mexico State,Hawai'i,5.29,pbp,Conference USA,Mountain West,fbs,fbs
#e6c7b3,#ad9a9d,2018,13,,183,103,Syracuse(19),Boston College,5.29,pbp,ACC,ACC,fbs,fbs
#4e6192,#d07980,2021,2,,2335,2653,Liberty,Troy,5.29,pbp,FBS Independents,Sun Belt,fbs,fbs
#f4ebe0,#6e6e6e,2017,3,,2572,2433,Southern Miss,UL Monroe,5.28,pbp,Conference USA,Sun Belt,fbs,fbs
#576f8c,#8e8e8e,2021,12,,2649,195,Toledo,Ohio,5.28,pbp,Mid-American,Mid-American,fbs,fbs
#dd9da6,#f2f2f2,2024,9,,2132,38,Cincinnati,Colorado,5.28,pbp,Big 12,Big 12,fbs,fbs
#3f647f,#f2f2f2,2017,9,,25,38,California,Colorado,5.28,pbp,Pac-12,Pac-12,fbs,fbs
#339a72,#61a0ca,2016,6,,62,23,Hawai'i,San José State,5.28,pbp,Mountain West,Mountain West,fbs,fbs
#adb8c1,#f2f2f2,2016,10,,26,38,UCLA,Colorado(21),5.28,pbp,Pac-12,Pac-12,fbs,fbs
#3aaf80,#d98c8c,2016,12,,2390,152,Miami,NC State,5.28,pbp,ACC,ACC,fbs,fbs
#cf6e75,#b7949a,2023,2,,193,113,Miami (OH),Massachusetts,5.28,pbp,Mid-American,FBS Independents,fbs,fbs
#828282,#cfa0a8,2020,14,,36,21,Colorado State,San Diego State,5.28,pbp,Mountain West,Mountain West,fbs,fbs
#3f78bc,#838383,2025,13,,2440,2751,Nevada,Wyoming,5.28,pbp,Mountain West,Mountain West,fbs,fbs
#3e72b9,#c0437e,2023,7,,2006,2117,Akron,Central Michigan,5.28,pbp,Mid-American,Mid-American,fbs,fbs
#576f8c,#935531,2019,7,,2649,189,Toledo,Bowling Green,5.28,pbp,Mid-American,Mid-American,fbs,fbs
#40be99,#917e9c,2023,10,,2655,151,Tulane(21),East Carolina,5.28,pbp,American Athletic,American Athletic,fbs,fbs
#a6999b,#ddb4b6,2025,3,,66,2032,Iowa State(14),Arkansas State,5.28,pbp,Big 12,Sun Belt,fbs,fbs
#d3a5b1,#db93a2,2022,12,,194,120,Ohio State(2),Maryland,5.28,pbp,Big Ten,Big Ten,fbs,fbs
#848484,#3aaf80,2019,7,,258,2390,Virginia(20),Miami,5.27,pbp,ACC,ACC,fbs,fbs
#adb8c1,#b9a0a5,2019,13,,26,30,UCLA,USC,5.27,pbp,Pac-12,Pac-12,fbs,fbs
#935531,#4e6192,2023,1,,189,2335,Bowling Green,Liberty,5.27,pbp,Mid-American,Conference USA,fbs,fbs
#6f82cf,#6b8bce,2015,3,,57,96,Florida,Kentucky,5.27,pbp,SEC,SEC,fbs,fbs
#e5c2b2,#345b9d,2024,9,,2534,2229,Sam Houston,Florida International,5.27,pbp,Conference USA,Conference USA,fbs,fbs
#e6c7b3,#b8b8b8,2018,10,,183,154,Syracuse(22),Wake Forest,5.27,pbp,ACC,ACC,fbs,fbs
#6f7cc9,#5090c5,2015,3,,2084,2226,Buffalo,Florida Atlantic,5.27,pbp,Mid-American,Conference USA,fbs,fbs
#3974ac,#d3a5b1,2022,13,,130,194,Michigan(3),Ohio State(2),5.27,pbp,Big Ten,Big Ten,fbs,fbs
#b57f81,#6b8bce,2016,3,,166,96,New Mexico State,Kentucky,5.27,pbp,Sun Belt,SEC,fbs,fbs
#9156c7,#4b83c3,2024,8,,256,290,James Madison,Georgia Southern,5.27,pbp,Sun Belt,Sun Belt,fbs,fbs
#4b83c3,#707987,2016,10,,290,145,Georgia Southern,Ole Miss,5.27,pbp,Sun Belt,SEC,fbs,fbs
#3d6bb7,#5096c4,2026,5,,2426,2005,Navy,Air Force,5.27,pbp,American Athletic,Mountain West,fbs,fbs
#6b8bce,#61a0ca,2024,12,,68,23,Boise State(13),San José State,5.27,pbp,Mountain West,Mountain West,fbs,fbs
#c7777d,#848484,2016,1,,257,258,Richmond,Virginia,5.27,pbp,CAA,ACC,fcs,fbs
#937a7f,#bd9fa4,2023,8,,344,8,Mississippi State,Arkansas,5.27,pbp,SEC,SEC,fbs,fbs
#cfa0a8,#ce919e,2016,2,,2447,61,Nicholls,Georgia(9),5.26,pbp,Southland,SEC,fcs,fbs
#b57f81,#339a72,2021,8,,166,62,New Mexico State,Hawai'i,5.26,pbp,FBS Independents,Mountain West,fbs,fbs
#7b7b7b,#7f46c2,2022,3,,127,264,Michigan State(11),Washington,5.26,pbp,Big Ten,Pac-12,fbs,fbs
#5d7088,#357a9e,2022,1,,41,328,UConn,Utah State,5.26,pbp,FBS Independents,Mountain West,fbs,fbs
#cfbdbf,#40be99,2021,6,,248,2655,Houston,Tulane,5.26,pbp,American Athletic,American Athletic,fbs,fbs
#cc7a91,#917e9c,2024,9,,218,151,Temple,East Carolina,5.26,pbp,American Athletic,American Athletic,fbs,fbs
#3d68b7,#6e6e6e,2025,12,,6,2433,South Alabama,UL Monroe,5.26,pbp,Sun Belt,Sun Belt,fbs,fbs
#5096c4,#ce919e,2024,7,,2005,167,Air Force,New Mexico,5.26,pbp,Mountain West,Mountain West,fbs,fbs
#b5b5b5,#3d77b8,2024,10,,238,2,Vanderbilt,Auburn,5.26,pbp,SEC,SEC,fbs,fbs
#3f647f,#5096c4,2015,Bowls,lockheed martin armed forces bowl,25,2005,California,Air Force,5.26,pbp,Pac-12,Mountain West,fbs,fbs
#519bc5,#345b9d,2019,10,,295,2229,Old Dominion,Florida International,5.26,pbp,Conference USA,Conference USA,fbs,fbs
#47c27c,#f2f2f2,2015,5,,2483,38,Oregon,Colorado,5.26,pbp,Pac-12,Pac-12,fbs,fbs
#ddb4b6,#99a6b8,2016,10,,2032,2247,Arkansas State,Georgia State,5.26,pbp,Sun Belt,Sun Belt,fbs,fbs
#3d75b8,#e6ccb3,2019,6,,2636,2638,UTSA,UTEP,5.26,pbp,Conference USA,Conference USA,fbs,fbs
#3d6bb7,#5096c4,2022,5,,2426,2005,Navy,Air Force,5.26,pbp,American Athletic,Mountain West,fbs,fbs
#d3a5b1,#da8f8f,2021,10,,194,158,Ohio State(6),Nebraska,5.26,pbp,Big Ten,Big Ten,fbs,fbs
#b7949a,#dc9797,2015,9,,113,2050,Massachusetts,Ball State,5.26,pbp,Mid-American,Mid-American,fbs,fbs
#44699b,#bd9fa4,2021,Bowls,outback bowl,213,8,Penn State,Arkansas(21),5.26,pbp,Big Ten,SEC,fbs,fbs
#b57f81,#ce919e,2021,2,,166,167,New Mexico State,New Mexico,5.26,pbp,FBS Independents,Mountain West,fbs,fbs
#4c4c4c,#d6889a,2023,7,,2294,275,Iowa,Wisconsin,5.26,pbp,Big Ten,Big Ten,fbs,fbs
#a6a0a1,#6095ca,2017,4,,79,235,Southern Illinois,Memphis,5.25,pbp,MVFC,American Athletic,fcs,fbs
#8e8e8e,#848484,2018,3,,195,258,Ohio,Virginia,5.25,pbp,Mid-American,ACC,fbs,fbs
#3aaf80,#ad9a9d,2018,9,,2390,103,Miami,Boston College,5.25,pbp,ACC,ACC,fbs,fbs
#ad9a9d,#a0a0a0,2024,1,,103,52,Boston College,Florida State(10),5.25,pbp,ACC,ACC,fbs,fbs
#dd9da6,#5d7088,2021,5,,2132,87,Cincinnati(7),Notre Dame(9),5.25,pbp,American Athletic,FBS Independents,fbs,fbs
#6f7cc9,#339969,2024,13,,2084,2199,Buffalo,Eastern Michigan,5.25,pbp,Mid-American,Mid-American,fbs,fbs
#57c78b,#cf6e75,2021,Bowls,frisco football classic,249,193,North Texas,Miami (OH),5.25,pbp,Conference USA,Mid-American,fbs,fbs
#359f7d,#4078be,2022,13,,5,2348,UAB,Louisiana Tech,5.25,pbp,Conference USA,Conference USA,fbs,fbs
#b8b8b8,#5d7088,2017,10,,154,87,Wake Forest,Notre Dame(5),5.25,pbp,ACC,FBS Independents,fbs,fbs
#b8b8b8,#bd3f7d,2019,11,,154,259,Wake Forest(22),Virginia Tech,5.25,pbp,ACC,ACC,fbs,fbs
#af3a3a,#bd9fa4,2023,5,,245,8,Texas A&M,Arkansas,5.25,pbp,SEC,SEC,fbs,fbs
#6b8bce,#9785a6,2016,1,,2571,2628,South Dakota State,TCU(13),5.25,pbp,MVFC,Big 12,fcs,fbs
#4abfc2,#ddb4b6,2023,8,,324,2032,Coastal Carolina,Arkansas State,5.25,pbp,Sun Belt,Sun Belt,fbs,fbs
#e6cab3,#6388cb,2026,1,,197,202,Oklahoma State,Tulsa,5.25,pbp,Big 12,American Athletic,fbs,fbs
#d17b7b,#3f647f,2022,2,,2439,25,UNLV,California,5.25,pbp,Mountain West,Pac-12,fbs,fbs
#4c4c4c,#7b7b7b,2015,5,,2509,127,Purdue,Michigan State(2),5.25,pbp,Big Ten,Big Ten,fbs,fbs
#cc6666,#d6889a,2020,14,,84,275,Indiana(10),Wisconsin(18),5.25,pbp,Big Ten,Big Ten,fbs,fbs
#848484,#6b8bce,2017,4,,258,68,Virginia,Boise State,5.24,pbp,ACC,Mountain West,fbs,fbs
#4c85c3,#c0437e,2021,11,,2309,2117,Kent State,Central Michigan,5.24,pbp,Mid-American,Mid-American,fbs,fbs
#6095ca,#3d6bb7,2020,13,,235,2426,Memphis,Navy,5.24,pbp,American Athletic,American Athletic,fbs,fbs
#85797a,#6e6e6e,2018,8,,326,2433,Texas State,UL Monroe,5.24,pbp,Sun Belt,Sun Belt,fbs,fbs
#3f7fbd,#3d6bb7,2015,Bowls,military bowl presented by northrop grumman,221,2426,Pittsburgh,Navy(18),5.24,pbp,ACC,American Athletic,fbs,fbs
#576f8c,#dc9797,2021,4,,2649,2050,Toledo,Ball State,5.24,pbp,Mid-American,Mid-American,fbs,fbs
#7cb0d3,#e6c6c7,2025,12,,2393,98,Middle Tennessee,Western Kentucky,5.24,pbp,Conference USA,Conference USA,fbs,fbs
#3e72b9,#cf6e75,2019,13,,2006,193,Akron,Miami (OH),5.24,pbp,Mid-American,Mid-American,fbs,fbs
#b7b7b8,#917e9c,2016,11,,2567,151,SMU,East Carolina,5.24,pbp,American Athletic,American Athletic,fbs,fbs
#5096c4,#cfa0a8,2024,14,,2005,21,Air Force,San Diego State,5.24,pbp,Mountain West,Mountain West,fbs,fbs
#4abfc2,#7fa4d4,2020,2,,324,2305,Coastal Carolina,Kansas,5.24,pbp,Sun Belt,Big 12,fbs,fbs
#d3a5b1,#e3c2ab,2020,Bowls,allstate sugar bowl - cfp semifinal,194,228,Ohio State(2),Clemson(3),5.24,pbp,Big Ten,ACC,fbs,fbs
#4fb885,#e7c8b6,2021,5,,2429,356,Charlotte,Illinois,5.24,pbp,Conference USA,Big Ten,fbs,fbs
#4b83c3,#b57f81,2018,8,,290,166,Georgia Southern,New Mexico State,5.24,pbp,Sun Belt,FBS Independents,fbs,fbs
#838383,#828282,2016,5,,2751,36,Wyoming,Colorado State,5.24,pbp,Mountain West,Mountain West,fbs,fbs
#d6889a,#3974ac,2016,5,,275,130,Wisconsin(8),Michigan(4),5.23,pbp,Big Ten,Big Ten,fbs,fbs
#f4ebe0,#d2adae,2025,8,,2572,309,Southern Miss,Louisiana,5.23,pbp,Sun Belt,Sun Belt,fbs,fbs
#6f92cf,#b48686,2022,13,,252,24,BYU,Stanford,5.23,pbp,FBS Independents,Pac-12,fbs,fbs
#339a72,#b5b5b5,2023,1,,62,238,Hawai'i,Vanderbilt,5.23,pbp,Mountain West,SEC,fbs,fbs
#da8f8f,#a4a4a4,2016,4,,158,77,Nebraska(20),Northwestern,5.23,pbp,Big Ten,Big Ten,fbs,fbs
#b7b7b8,#5d7088,2018,11,,2567,41,SMU,UConn,5.23,pbp,American Athletic,American Athletic,fbs,fbs
#707987,#978da5,2016,8,,145,99,Ole Miss(23),LSU(25),5.23,pbp,SEC,SEC,fbs,fbs
#cc6666,#345b9d,2018,1,,84,2229,Indiana,Florida International,5.23,pbp,Big Ten,Conference USA,fbs,fbs
#ad9a9d,#5d7088,2015,12,,103,87,Boston College,Notre Dame(5),5.23,pbp,ACC,FBS Independents,fbs,fbs
#ba3e3e,#b7b7b8,2026,4,,2623,2567,Missouri State,SMU(22),5.23,pbp,Conference USA,ACC,fbs,fbs
#828282,#6b8bce,2016,7,,36,68,Colorado State,Boise State(15),5.23,pbp,Mountain West,Mountain West,fbs,fbs
#848484,#3f7fbd,2015,6,,258,221,Virginia,Pittsburgh,5.23,pbp,ACC,ACC,fbs,fbs
#b5b5b5,#6f82cf,2017,5,,238,57,Vanderbilt,Florida(21),5.23,pbp,SEC,SEC,fbs,fbs
#af3a3a,#bd9fa4,2021,4,,245,8,Texas A&M(7),Arkansas(16),5.23,pbp,SEC,SEC,fbs,fbs
#5096c4,#339a72,2023,11,,2005,62,Air Force,Hawai'i,5.23,pbp,Mountain West,Mountain West,fbs,fbs
#dd9da6,#cfbdbf,2023,11,,2132,248,Cincinnati,Houston,5.22,pbp,Big 12,Big 12,fbs,fbs
#e0a3ae,#c8c6c2,2024,14,,254,2116,Utah,UCF,5.22,pbp,Big 12,Big 12,fbs,fbs
#d98c8c,#b8b8b8,2023,11,,152,154,NC State,Wake Forest,5.22,legacy,ACC,ACC,fbs,fbs
#6f82cf,#978da5,2025,3,,57,99,Florida,LSU(3),5.22,pbp,SEC,SEC,fbs,fbs
#d3a5b1,#5d7088,2024,Bowls,college football playoff national championship presented by at&t,194,87,Ohio State(1),Notre Dame(2),5.22,pbp,Big Ten,FBS Independents,fbs,fbs
#b7949a,#e1bbbf,2024,6,,113,2459,Massachusetts,Northern Illinois,5.22,pbp,FBS Independents,Mid-American,fbs,fbs
#b5b5b5,#e9e1ce,2022,8,,238,142,Vanderbilt,Missouri,5.22,pbp,SEC,SEC,fbs,fbs
#5f95ca,#4b83c3,2017,2,,160,290,New Hampshire,Georgia Southern,5.22,pbp,CAA,Sun Belt,fcs,fbs
#935531,#af3a3a,2024,4,,189,245,Bowling Green,Texas A&M(25),5.22,pbp,Mid-American,SEC,fbs,fbs
#3f7fbd,#3c7eb4,2020,15,,221,59,Pittsburgh,Georgia Tech,5.22,pbp,ACC,ACC,fbs,fbs
#6e6e6e,#47c27c,2021,13,,204,2483,Oregon State,Oregon(11),5.22,pbp,Pac-12,Pac-12,fbs,fbs
#bc778f,#adb8c1,2023,11,,9,26,Arizona State,UCLA,5.22,pbp,Pac-12,Pac-12,fbs,fbs
#6f92cf,#357a9e,2015,13,,252,328,BYU,Utah State,5.22,pbp,FBS Independents,Mountain West,fbs,fbs
#75807c,#d98c8c,2024,8,,239,2641,Baylor,Texas Tech,5.22,pbp,Big 12,Big 12,fbs,fbs
#b48686,#339a72,2023,1,,24,62,Stanford,Hawai'i,5.22,pbp,Pac-12,Mountain West,fbs,fbs
#FFFFFF,#b6999d,2025,1,,70,265,Idaho,Washington State,5.22,pbp,Big Sky,Pac-12,fcs,fbs
#FFFFFF,#3f647f,2023,3,,70,25,Idaho,California,5.22,pbp,Big Sky,Pac-12,fcs,fbs
#b5b5b5,#6b8bce,2018,8,,238,96,Vanderbilt,Kentucky(14),5.21,pbp,SEC,SEC,fbs,fbs
#e6c7b3,#a75a7c,2022,Bowls,bad boy mowers pinstripe bowl,183,135,Syracuse,Minnesota,5.21,pbp,ACC,Big Ten,fbs,fbs
#e7c8b6,#a75a7c,2021,10,,356,135,Illinois,Minnesota,5.21,pbp,Big Ten,Big Ten,fbs,fbs
#b5b5b5,#707987,2017,7,,238,145,Vanderbilt,Ole Miss,5.21,pbp,SEC,SEC,fbs,fbs
#c24a54,#978da5,2015,6,,2579,99,South Carolina,LSU(7),5.21,pbp,SEC,SEC,fbs,fbs
#6f92cf,#917e9c,2017,8,,252,151,BYU,East Carolina,5.21,pbp,FBS Independents,American Athletic,fbs,fbs
#7fa4d4,#5c81c6,2021,4,,2305,150,Kansas,Duke,5.21,pbp,Big 12,ACC,fbs,fbs
#519bc5,#99a6b8,2022,9,,295,2247,Old Dominion,Georgia State,5.21,pbp,Sun Belt,Sun Belt,fbs,fbs
#38a993,#5d7088,2019,1,,2681,41,Wagner,UConn,5.21,pbp,NEC,American Athletic,fcs,fbs
#6f92cf,#dc97a7,2017,10,,252,278,BYU,Fresno State,5.2,pbp,FBS Independents,Mountain West,fbs,fbs
#3974ac,#44699b,2023,11,,130,213,Michigan(2),Penn State(9),5.2,pbp,Big Ten,Big Ten,fbs,fbs
#99a6b8,#4b83c3,2023,9,,2247,290,Georgia State,Georgia Southern,5.2,pbp,Sun Belt,Sun Belt,fbs,fbs
#e6ccb3,#e5c2b2,2025,8,,2638,2534,UTEP,Sam Houston,5.2,pbp,Conference USA,Conference USA,fbs,fbs
#cc6666,#dc9797,2019,1,,84,2050,Indiana,Ball State,5.2,pbp,Big Ten,Mid-American,fbs,fbs
#3d77b8,#707987,2022,7,,2,145,Auburn,Ole Miss(9),5.2,pbp,SEC,SEC,fbs,fbs
#85797a,#99a6b8,2021,8,,326,2247,Texas State,Georgia State,5.2,pbp,Sun Belt,Sun Belt,fbs,fbs
#d88a96,#cc6666,2023,3,,97,84,Louisville,Indiana,5.2,pbp,ACC,Big Ten,fbs,fbs
#5d7088,#76d198,2015,Bowls,st. petersburg bowl,41,276,UConn,Marshall,5.2,pbp,American Athletic,Conference USA,fbs,fbs
#6b8bce,#61a0ca,2015,13,,68,23,Boise State,San José State,5.2,pbp,Mountain West,Mountain West,fbs,fbs
#cfa0a8,#dc97a7,2018,12,,21,278,San Diego State,Fresno State,5.2,pbp,Mountain West,Mountain West,fbs,fbs
#3974ac,#44699b,2015,12,,130,213,Michigan(14),Penn State,5.2,pbp,Big Ten,Big Ten,fbs,fbs
#44699b,#d3a5b1,2023,8,,213,194,Penn State(7),Ohio State(3),5.2,pbp,Big Ten,Big Ten,fbs,fbs
#39aa8c,#917e9c,2021,9,,58,151,South Florida,East Carolina,5.2,pbp,American Athletic,American Athletic,fbs,fbs
#e1bbbf,#d98c8c,2024,5,,2459,152,Northern Illinois,NC State,5.2,pbp,Mid-American,ACC,fbs,fbs
#7cb0d3,#4fb885,2019,10,,2393,2429,Middle Tennessee,Charlotte,5.2,pbp,Conference USA,Conference USA,fbs,fbs
#a6999b,#75807c,2017,12,,66,239,Iowa State,Baylor,5.2,pbp,Big 12,Big 12,fbs,fbs
#848484,#5c81c6,2018,8,,258,150,Virginia,Duke,5.19,pbp,ACC,ACC,fbs,fbs
#ad9a9d,#5c81c6,2020,3,,103,150,Boston College,Duke,5.19,legacy,ACC,ACC,fbs,fbs
#75807c,#885caf,2015,10,,239,2306,Baylor(2),Kansas State,5.19,pbp,Big 12,Big 12,fbs,fbs
#828282,#61a0ca,2026,2,,13,23,Cal Poly,San José State,5.19,pbp,Big Sky,Mountain West,fcs,fbs
#ce919e,#6f82cf,2019,10,,61,57,Georgia(8),Florida(6),5.19,pbp,SEC,SEC,fbs,fbs
#3f78bc,#6b8bce,2024,11,,2440,68,Nevada,Boise State(12),5.19,pbp,Mountain West,Mountain West,fbs,fbs
#978da5,#bd9099,2021,10,,99,333,LSU,Alabama(3),5.19,pbp,SEC,SEC,fbs,fbs
#b7949a,#c24a54,2016,8,,113,2579,Massachusetts,South Carolina,5.19,pbp,FBS Independents,SEC,fbs,fbs
#99a6b8,#d9c78e,2022,5,,2247,349,Georgia State,Army,5.19,pbp,Sun Belt,FBS Independents,fbs,fbs
#39aa8c,#dd9da6,2018,11,,58,2132,South Florida,Cincinnati(25),5.19,pbp,American Athletic,American Athletic,fbs,fbs
#707987,#6095ca,2019,1,,145,235,Ole Miss,Memphis,5.19,pbp,SEC,American Athletic,fbs,fbs
#e6c7b3,#d98c8c,2017,5,,183,152,Syracuse,NC State,5.19,pbp,ACC,ACC,fbs,fbs
#b5b5b5,#3d77b8,2026,4,,238,2,Vanderbilt,Auburn,5.19,pbp,SEC,SEC,fbs,fbs
#937a7f,#bc778f,2024,2,,344,9,Mississippi State,Arizona State,5.19,pbp,SEC,Big 12,fbs,fbs
#b9a0a5,#3f647f,2021,14,,30,25,USC,California,5.19,pbp,Pac-12,Pac-12,fbs,fbs
#5d7088,#e9e1ce,2015,3,,41,142,UConn,Missouri(22),5.19,pbp,American Athletic,SEC,fbs,fbs
#39aa8c,#cc7a91,2022,10,,58,218,South Florida,Temple,5.19,pbp,American Athletic,American Athletic,fbs,fbs
#5096c4,#828282,2021,11,,2005,36,Air Force,Colorado State,5.19,pbp,Mountain West,Mountain West,fbs,fbs
#ad9a9d,#e6c7b3,2020,10,,103,183,Boston College,Syracuse,5.19,pbp,ACC,ACC,fbs,fbs
#3974ac,#cc6666,2024,11,,130,84,Michigan,Indiana(8),5.19,pbp,Big Ten,Big Ten,fbs,fbs
#3d75b8,#519bc5,2016,4,,2636,295,UTSA,Old Dominion,5.19,pbp,Conference USA,Conference USA,fbs,fbs
#cfbdbf,#57c78b,2019,5,,248,249,Houston,North Texas,5.18,pbp,American Athletic,Conference USA,fbs,fbs
#cfbdbf,#ffffff,2018,1,,248,242,Houston,Rice,5.18,pbp,American Athletic,Conference USA,fbs,fbs
#cbbdb5,#3c73b2,2017,12,,251,277,Texas,West Virginia(24),5.18,pbp,Big 12,Big 12,fbs,fbs
#3f78bc,#339a72,2022,7,,2440,62,Nevada,Hawai'i,5.18,pbp,Mountain West,Mountain West,fbs,fbs
#d98c8c,#a0a0a0,2015,11,,152,52,NC State,Florida State(19),5.18,pbp,ACC,ACC,fbs,fbs
#bd3f7d,#3aaf80,2021,12,,259,2390,Virginia Tech,Miami,5.18,pbp,ACC,ACC,fbs,fbs
#4b83c3,#d07980,2019,11,,290,2653,Georgia Southern,Troy,5.18,pbp,Sun Belt,Sun Belt,fbs,fbs
#adb8c1,#e0a3ae,2015,12,,26,254,UCLA,Utah(18),5.18,pbp,Pac-12,Pac-12,fbs,fbs
#838383,#828282,2018,9,,2751,36,Wyoming,Colorado State,5.18,pbp,Mountain West,Mountain West,fbs,fbs
#85797a,#f4ebe0,2023,5,,326,2572,Texas State,Southern Miss,5.18,pbp,Sun Belt,Sun Belt,fbs,fbs
#e6ccb3,#e3c2ab,2022,Bowls,capital one orange bowl,2633,228,Tennessee(6),Clemson(13),5.18,pbp,SEC,ACC,fbs,fbs
#c24a54,#bd9fa4,2022,2,,2579,8,South Carolina,Arkansas(16),5.18,pbp,SEC,SEC,fbs,fbs
#4fb885,#e6dbb3,2026,3,,2429,2026,Charlotte,App State,5.18,pbp,American Athletic,Sun Belt,fbs,fbs
#FFFFFF,#b57f81,2019,12,,2916,166,Incarnate Word,New Mexico State,5.18,pbp,Southland,FBS Independents,fcs,fbs
#3f7fbd,#44699b,2019,3,,221,213,Pittsburgh,Penn State(13),5.18,pbp,ACC,Big Ten,fbs,fbs
#5d7088,#b7949a,2023,13,,41,113,UConn,Massachusetts,5.18,pbp,FBS Independents,FBS Independents,fbs,fbs
#dc97a7,#cfa0a8,2019,12,,278,21,Fresno State,San Diego State,5.18,pbp,Mountain West,Mountain West,fbs,fbs
#3d68b7,#99a6b8,2015,12,,6,2247,South Alabama,Georgia State,5.18,pbp,Sun Belt,Sun Belt,fbs,fbs
#d37d7b,#a0a0a0,2020,5,,55,52,Jacksonville State,Florida State,5.17,pbp,OVC,ACC,fcs,fbs
#6f92cf,#9785a6,2026,5,,252,2628,BYU(10),TCU,5.17,pbp,Big 12,Big 12,fbs,fbs
#ad9a9d,#e6c7b3,2021,9,,103,183,Boston College,Syracuse,5.17,legacy,ACC,ACC,fbs,fbs
#d88a96,#3d77b8,2015,1,,97,2,Louisville,Auburn(6),5.17,pbp,ACC,SEC,fbs,fbs
#6e6e6e,#adb8c1,2016,11,,204,26,Oregon State,UCLA,5.17,pbp,Pac-12,Pac-12,fbs,fbs
#3d68b7,#99a6b8,2017,9,,6,2247,South Alabama,Georgia State,5.17,pbp,Sun Belt,Sun Belt,fbs,fbs
#3974ac,#cc6666,2020,10,,130,84,Michigan(23),Indiana(13),5.17,pbp,Big Ten,Big Ten,fbs,fbs
#dc97a7,#5096c4,2019,7,,278,2005,Fresno State,Air Force,5.17,pbp,Mountain West,Mountain West,fbs,fbs
#5096c4,#d9c78e,2022,10,,2005,349,Air Force,Army,5.17,pbp,Mountain West,FBS Independents,fbs,fbs
#cc7a91,#39aa8c,2019,11,,218,58,Temple,South Florida,5.17,pbp,American Athletic,American Athletic,fbs,fbs
#f4f4f4,#3f647f,2018,1,,153,25,North Carolina,California,5.17,pbp,ACC,Pac-12,fbs,fbs
#838383,#5096c4,2021,6,,2751,2005,Wyoming,Air Force,5.17,pbp,Mountain West,Mountain West,fbs,fbs
#7fa4d4,#8e8e8e,2017,3,,2305,195,Kansas,Ohio,5.17,pbp,Big 12,Mid-American,fbs,fbs
#40be99,#dd9da6,2018,6,,2655,2132,Tulane,Cincinnati,5.17,pbp,American Athletic,American Athletic,fbs,fbs
#3d75b8,#828282,2016,2,,2636,36,UTSA,Colorado State,5.16,pbp,Conference USA,Mountain West,fbs,fbs
#7cb0d3,#d37d7b,2026,4,,2393,55,Middle Tennessee,Jacksonville State,5.16,pbp,Conference USA,Conference USA,fbs,fbs
#359f7d,#4abfc2,2018,2,,5,324,UAB,Coastal Carolina,5.16,legacy,Conference USA,Sun Belt,fbs,fbs
#adb8c1,#b48686,2017,4,,26,24,UCLA,Stanford,5.16,pbp,Pac-12,Pac-12,fbs,fbs
#e6c7b3,#f0e8d6,2024,5,,2630,338,UT Martin,Kennesaw State,5.16,pbp,Big South-OVC,Conference USA,fcs,fbs
#b5b5b5,#3d77b8,2016,10,,238,2,Vanderbilt,Auburn(11),5.16,pbp,SEC,SEC,fbs,fbs
#39aa8c,#cfbdbf,2018,9,,58,248,South Florida(21),Houston,5.16,pbp,American Athletic,American Athletic,fbs,fbs
#5d7088,#3f7fbd,2015,10,,87,221,Notre Dame(8),Pittsburgh,5.16,pbp,FBS Independents,ACC,fbs,fbs
#7cb0d3,#f0e8d6,2025,5,,2393,338,Middle Tennessee,Kennesaw State,5.16,pbp,Conference USA,Conference USA,fbs,fbs
#b7b7b8,#6095ca,2017,12,,2567,235,SMU,Memphis(18),5.16,pbp,American Athletic,American Athletic,fbs,fbs
#5d7193,#e0a3ae,2024,5,,12,254,Arizona,Utah(10),5.16,pbp,Big 12,Big 12,fbs,fbs
#3d77b8,#af3a3a,2017,10,,2,245,Auburn(16),Texas A&M,5.16,pbp,SEC,SEC,fbs,fbs
#ffffff,#359f7d,2019,6,,242,5,Rice,UAB,5.16,pbp,Conference USA,Conference USA,fbs,fbs
#40be99,#345b9d,2017,7,,2655,2229,Tulane,Florida International,5.15,pbp,American Athletic,Conference USA,fbs,fbs
#339a72,#3f78bc,2023,10,,62,2440,Hawai'i,Nevada,5.15,pbp,Mountain West,Mountain West,fbs,fbs
#cfbdbf,#6f92cf,2024,14,,248,252,Houston,BYU(19),5.15,pbp,Big 12,Big 12,fbs,fbs
#d9c78e,#cc7a91,2016,1,,349,218,Army,Temple,5.15,pbp,FBS Independents,American Athletic,fbs,fbs
#bc778f,#47c27c,2016,9,,9,2483,Arizona State,Oregon,5.15,pbp,Pac-12,Pac-12,fbs,fbs
#5096c4,#5d7088,2025,12,,2005,41,Air Force,UConn,5.15,pbp,Mountain West,FBS Independents,fbs,fbs
#57c78b,#cc7a91,2024,14,,249,218,North Texas,Temple,5.15,pbp,American Athletic,American Athletic,fbs,fbs
#e0a3ae,#b9a0a5,2015,8,,254,30,Utah(3),USC,5.15,pbp,Pac-12,Pac-12,fbs,fbs
#6f92cf,#dd9da6,2025,13,,252,2132,BYU(11),Cincinnati,5.15,pbp,Big 12,Big 12,fbs,fbs
#3d68b7,#d07980,2017,7,,6,2653,South Alabama,Troy,5.15,pbp,Sun Belt,Sun Belt,fbs,fbs
#838383,#6b8bce,2017,8,,2751,68,Wyoming,Boise State,5.15,pbp,Mountain West,Mountain West,fbs,fbs
#adb8c1,#47c27c,2022,8,,26,2483,UCLA(9),Oregon(10),5.15,pbp,Pac-12,Pac-12,fbs,fbs
#8e8e8e,#cf6e75,2022,11,,195,193,Ohio,Miami (OH),5.15,pbp,Mid-American,Mid-American,fbs,fbs
#75807c,#5c81c6,2017,3,,239,150,Baylor,Duke,5.15,pbp,Big 12,ACC,fbs,fbs
#579ec7,#937a7f,2016,9,,2535,344,Samford,Mississippi State,5.15,pbp,Southern,SEC,fcs,fbs
#b9a0a5,#b48686,2015,14,,30,24,USC(24),Stanford(7),5.14,pbp,Pac-12,Pac-12,fbs,fbs
#576f8c,#3aaf80,2017,4,,2649,2390,Toledo,Miami(14),5.14,pbp,Mid-American,ACC,fbs,fbs
#76d198,#917e9c,2023,2,,276,151,Marshall,East Carolina,5.14,pbp,Sun Belt,American Athletic,fbs,fbs
#917e9c,#d98c8c,2025,1,,151,152,East Carolina,NC State,5.14,pbp,American Athletic,ACC,fbs,fbs
#d5a6af,#da8f8f,2017,4,,164,158,Rutgers,Nebraska,5.14,pbp,Big Ten,Big Ten,fbs,fbs
#3d75b8,#76d198,2023,Bowls,scooter's coffee frisco bowl,2636,276,UTSA,Marshall,5.14,pbp,American Athletic,Sun Belt,fbs,fbs
#40be99,#d2adae,2018,Bowls,autonation cure bowl,2655,309,Tulane,Louisiana,5.14,pbp,American Athletic,Sun Belt,fbs,fbs
#e6c7b3,#978da5,2017,4,,183,99,Syracuse,LSU(25),5.14,pbp,ACC,SEC,fbs,fbs
#9785a6,#75807c,2020,9,,2628,239,TCU,Baylor,5.14,pbp,Big 12,Big 12,fbs,fbs
#75807c,#e6cab3,2021,5,,239,197,Baylor(21),Oklahoma State(19),5.14,pbp,Big 12,Big 12,fbs,fbs
#e9e1ce,#937a7f,2020,16,,142,344,Missouri,Mississippi State,5.14,pbp,SEC,SEC,fbs,fbs
#cfa0a8,#357a9e,2024,13,,21,328,San Diego State,Utah State,5.14,pbp,Mountain West,Mountain West,fbs,fbs
#e6ccb3,#345b9d,2023,7,,2638,2229,UTEP,Florida International,5.14,pbp,Conference USA,Conference USA,fbs,fbs
#76d198,#d07980,2022,4,,276,2653,Marshall,Troy,5.14,pbp,Sun Belt,Sun Belt,fbs,fbs
#917e9c,#99a6b8,2020,5,,151,2247,East Carolina,Georgia State,5.14,pbp,American Athletic,Sun Belt,fbs,fbs
#4e6192,#e6c7b3,2020,7,,2335,183,Liberty,Syracuse,5.14,pbp,FBS Independents,ACC,fbs,fbs
#a75a7c,#e7c8b6,2022,7,,135,356,Minnesota,Illinois(24),5.13,pbp,Big Ten,Big Ten,fbs,fbs
#4c4c4c,#d6889a,2022,8,,2509,275,Purdue,Wisconsin,5.13,pbp,Big Ten,Big Ten,fbs,fbs
#76d198,#6b8bce,2019,2,,276,68,Marshall,Boise State(24),5.13,pbp,Conference USA,Mountain West,fbs,fbs
#d5a6af,#e6c7b3,2021,2,,164,183,Rutgers,Syracuse,5.13,pbp,Big Ten,ACC,fbs,fbs
#e6dbb3,#359f7d,2019,Bowls,r+l carriers new orleans bowl,2026,5,App State(19),UAB,5.13,pbp,Sun Belt,Conference USA,fbs,fbs
#c24a54,#978da5,2025,7,,2579,99,South Carolina,LSU(11),5.13,pbp,SEC,SEC,fbs,fbs
#cf6e75,#576f8c,2024,6,,193,2649,Miami (OH),Toledo,5.13,pbp,Mid-American,Mid-American,fbs,fbs
#6095ca,#40be99,2022,8,,235,2655,Memphis,Tulane(25),5.13,pbp,American Athletic,American Athletic,fbs,fbs
#f4f4f4,#848484,2018,9,,153,258,North Carolina,Virginia,5.13,pbp,ACC,ACC,fbs,fbs
#3f647f,#5d7193,2021,10,,25,12,California,Arizona,5.13,pbp,Pac-12,Pac-12,fbs,fbs
#ce919e,#61a0ca,2019,6,,167,23,New Mexico,San José State,5.12,pbp,Mountain West,Mountain West,fbs,fbs
#4abfc2,#99a6b8,2024,14,,324,2247,Coastal Carolina,Georgia State,5.12,pbp,Sun Belt,Sun Belt,fbs,fbs
#345b9d,#b7949a,2015,5,,2229,113,Florida International,Massachusetts,5.12,pbp,Conference USA,Mid-American,fbs,fbs
#e6cab3,#6e6e6e,2019,1,,197,204,Oklahoma State,Oregon State,5.12,pbp,Big 12,Pac-12,fbs,fbs
#e6dbb3,#85797a,2017,3,,2026,326,App State,Texas State,5.12,pbp,Sun Belt,Sun Belt,fbs,fbs
#b7b7b8,#9785a6,2017,3,,2567,2628,SMU,TCU(20),5.12,pbp,American Athletic,Big 12,fbs,fbs
#ffffff,#e6ccb3,2019,14,,242,2638,Rice,UTEP,5.12,pbp,Conference USA,Conference USA,fbs,fbs
#b9a0a5,#47c27c,2025,13,,30,2483,USC(16),Oregon(6),5.12,pbp,Big Ten,Big Ten,fbs,fbs
#d2adae,#a6999b,2020,2,,309,66,Louisiana,Iowa State,5.12,pbp,Sun Belt,Big 12,fbs,fbs
#848484,#d98c8c,2018,5,,258,152,Virginia,NC State,5.12,pbp,ACC,ACC,fbs,fbs
#b57f81,#FFFFFF,2016,7,,166,70,New Mexico State,Idaho,5.12,legacy,Sun Belt,Sun Belt,fbs,fbs
#4fb885,#359f7d,2022,7,,2429,5,Charlotte,UAB,5.12,pbp,Conference USA,Conference USA,fbs,fbs
#3974ac,#db93a2,2023,12,,130,120,Michigan(2),Maryland,5.12,pbp,Big Ten,Big Ten,fbs,fbs
#b48686,#3f647f,2018,14,,24,25,Stanford,California,5.12,pbp,Pac-12,Pac-12,fbs,fbs
#cc6666,#e7c8b6,2017,11,,84,356,Indiana,Illinois,5.11,pbp,Big Ten,Big Ten,fbs,fbs
#a4a4a4,#d3a5b1,2020,16,,77,194,Northwestern(15),Ohio State(3),5.11,pbp,Big Ten,Big Ten,fbs,fbs
#e5c2b2,#e6c6c7,2025,1,,2534,98,Sam Houston,Western Kentucky,5.11,pbp,Conference USA,Conference USA,fbs,fbs
#b7949a,#937a7f,2017,10,,113,344,Massachusetts,Mississippi State(21),5.11,pbp,FBS Independents,SEC,fbs,fbs
#4fb885,#99a6b8,2021,3,,2429,2247,Charlotte,Georgia State,5.11,pbp,Conference USA,Sun Belt,fbs,fbs
#828282,#357a9e,2015,5,,36,328,Colorado State,Utah State,5.11,pbp,Mountain West,Mountain West,fbs,fbs
#6095ca,#e6c6c7,2016,Bowls,boca raton bowl,235,98,Memphis,Western Kentucky,5.11,pbp,American Athletic,Conference USA,fbs,fbs
#6095ca,#cfbdbf,2019,12,,235,248,Memphis(18),Houston,5.11,pbp,American Athletic,American Athletic,fbs,fbs
#d2adae,#85797a,2018,6,,309,326,Louisiana,Texas State,5.11,pbp,Sun Belt,Sun Belt,fbs,fbs
#978da5,#707987,2021,8,,99,145,LSU,Ole Miss(12),5.11,pbp,SEC,SEC,fbs,fbs
#c0437e,#e1bbbf,2018,3,,2117,2459,Central Michigan,Northern Illinois,5.11,pbp,Mid-American,Mid-American,fbs,fbs
#7f46c2,#adb8c1,2018,6,,264,26,Washington(10),UCLA,5.11,pbp,Pac-12,Pac-12,fbs,fbs
#3c73b2,#a6999b,2018,7,,277,66,West Virginia(6),Iowa State,5.11,pbp,Big 12,Big 12,fbs,fbs
#f4ebe0,#519bc5,2016,11,,2572,295,Southern Miss,Old Dominion,5.11,pbp,Conference USA,Conference USA,fbs,fbs
#848484,#3c7eb4,2016,12,,258,59,Virginia,Georgia Tech,5.11,pbp,ACC,ACC,fbs,fbs
#3f78bc,#828282,2023,12,,2440,36,Nevada,Colorado State,5.1,pbp,Mountain West,Mountain West,fbs,fbs
#4fb885,#519bc5,2021,13,,2429,295,Charlotte,Old Dominion,5.1,pbp,Conference USA,Conference USA,fbs,fbs
#5c81c6,#a4a4a4,2018,2,,150,77,Duke,Northwestern,5.1,pbp,ACC,Big Ten,fbs,fbs
#b5b5b5,#4c4c4c,2019,2,,238,2509,Vanderbilt,Purdue,5.1,pbp,SEC,Big Ten,fbs,fbs
#e6ccb3,#359f7d,2021,13,,2638,5,UTEP,UAB,5.1,pbp,Conference USA,Conference USA,fbs,fbs
#8e8e8e,#dc9797,2022,12,,195,2050,Ohio,Ball State,5.1,pbp,Mid-American,Mid-American,fbs,fbs
#bd3f7d,#5c81c6,2018,5,,259,150,Virginia Tech,Duke(22),5.1,pbp,ACC,ACC,fbs,fbs
#dc97a7,#838383,2017,12,,278,2751,Fresno State,Wyoming,5.1,pbp,Mountain West,Mountain West,fbs,fbs
#3d68b7,#57c78b,2025,5,,6,249,South Alabama,North Texas,5.1,pbp,Sun Belt,American Athletic,fbs,fbs
#3c7eb4,#bd3f7d,2018,9,,59,259,Georgia Tech,Virginia Tech,5.09,pbp,ACC,ACC,fbs,fbs
#f4ebe0,#3d68b7,2021,1,,2572,6,Southern Miss,South Alabama,5.09,legacy,Conference USA,Sun Belt,fbs,fbs
#345b9d,#7cb0d3,2025,11,,2229,2393,Florida International,Middle Tennessee,5.09,pbp,Conference USA,Conference USA,fbs,fbs
#d88a96,#848484,2020,11,,97,258,Louisville,Virginia,5.09,pbp,ACC,ACC,fbs,fbs
#bca0a5,#a6999b,2022,9,,201,66,Oklahoma,Iowa State,5.09,pbp,Big 12,Big 12,fbs,fbs
#ad9a9d,#5d7088,2022,9,,103,41,Boston College,UConn,5.09,legacy,ACC,FBS Independents,fbs,fbs
#3f647f,#e7c8b6,2019,Bowls,redbox bowl,25,356,California,Illinois,5.09,pbp,Pac-12,Big Ten,fbs,fbs
#565656,#d9c78e,2023,11,,107,349,Holy Cross,Army,5.09,pbp,Patriot,FBS Independents,fcs,fbs
#e3c2ab,#3f647f,2026,4,,228,25,Clemson,California,5.09,pbp,ACC,ACC,fbs,fbs
#6f92cf,#cfa0a8,2019,14,,252,21,BYU,San Diego State,5.09,pbp,FBS Independents,Mountain West,fbs,fbs
#5d3db6,#3f647f,2017,2,,2692,25,Weber State,California,5.09,pbp,Big Sky,Pac-12,fcs,fbs
#e7c8b6,#7fa4d4,2023,2,,356,2305,Illinois,Kansas,5.09,pbp,Big Ten,Big 12,fbs,fbs
#5d7088,#d98c8c,2016,6,,87,152,Notre Dame,NC State,5.09,pbp,FBS Independents,ACC,fbs,fbs
#d3a5aa,#e1bbbf,2019,1,,2287,2459,Illinois State,Northern Illinois,5.09,pbp,MVFC,Mid-American,fcs,fbs
#dc9797,#868686,2023,5,,2050,2711,Ball State,Western Michigan,5.08,pbp,Mid-American,Mid-American,fbs,fbs
#4c4c4c,#d5a6af,2016,4,,2294,164,Iowa,Rutgers,5.08,pbp,Big Ten,Big Ten,fbs,fbs
#3f78bc,#61a0ca,2018,12,,2440,23,Nevada,San José State,5.08,pbp,Mountain West,Mountain West,fbs,fbs
#d9c78e,#339969,2018,9,,349,2199,Army,Eastern Michigan,5.08,pbp,FBS Independents,Mid-American,fbs,fbs
#3d75b8,#40be99,2023,13,,2636,2655,UTSA,Tulane(18),5.08,pbp,American Athletic,American Athletic,fbs,fbs
#e9e1ce,#bd9fa4,2019,14,,142,8,Missouri,Arkansas,5.08,pbp,SEC,SEC,fbs,fbs
#ceb2b3,#bc778f,2023,1,,253,9,Southern Utah,Arizona State,5.08,pbp,UAC,Pac-12,fcs,fbs
#b6999d,#47c27c,2021,11,,265,2483,Washington State,Oregon(5),5.08,pbp,Pac-12,Pac-12,fbs,fbs
#f6f6f6,#359f7d,2020,1,,2110,5,Central Arkansas,UAB,5.08,pbp,Southland,Conference USA,fcs,fbs
#8e8e8e,#3f78bc,2019,Bowls,famous idaho potato bowl,195,2440,Ohio,Nevada,5.08,pbp,Mid-American,Mountain West,fbs,fbs
#b5b5b5,#937a7f,2020,10,,238,344,Vanderbilt,Mississippi State,5.08,pbp,SEC,SEC,fbs,fbs
#868686,#576f8c,2021,8,,2711,2649,Western Michigan,Toledo,5.08,pbp,Mid-American,Mid-American,fbs,fbs
#b7b7b8,#57c78b,2016,1,,2567,249,SMU,North Texas,5.08,pbp,American Athletic,Conference USA,fbs,fbs
#828282,#5096c4,2024,8,,36,2005,Colorado State,Air Force,5.08,pbp,Mountain West,Mountain West,fbs,fbs
#4c4c4c,#3974ac,2025,10,,2509,130,Purdue,Michigan(21),5.08,pbp,Big Ten,Big Ten,fbs,fbs
#5d7193,#bc778f,2019,14,,12,9,Arizona,Arizona State,5.08,pbp,Pac-12,Pac-12,fbs,fbs
#3d68b7,#85797a,2015,8,,6,326,South Alabama,Texas State,5.08,pbp,Sun Belt,Sun Belt,fbs,fbs
#359f7d,#f4ebe0,2017,9,,5,2572,UAB,Southern Miss,5.08,pbp,Conference USA,Conference USA,fbs,fbs
#f4f4f4,#3c7eb4,2021,4,,153,59,North Carolina(21),Georgia Tech,5.08,pbp,ACC,ACC,fbs,fbs
#b48686,#a4a4a4,2015,1,,24,77,Stanford(21),Northwestern,5.08,pbp,Pac-12,Big Ten,fbs,fbs
#cfbdbf,#b7b7b8,2016,8,,248,2567,Houston(11),SMU,5.08,pbp,American Athletic,American Athletic,fbs,fbs
#339a72,#cfbdbf,2020,Bowls,new mexico bowl,62,248,Hawai'i,Houston,5.08,pbp,Mountain West,American Athletic,fbs,fbs
#3e72b9,#935531,2021,6,,2006,189,Akron,Bowling Green,5.08,legacy,Mid-American,Mid-American,fbs,fbs
#5c81c6,#3aaf80,2022,8,,150,2390,Duke,Miami,5.07,pbp,ACC,ACC,fbs,fbs
#5f95ca,#345b9d,2019,3,,160,2229,New Hampshire,Florida International,5.07,pbp,CAA,Conference USA,fcs,fbs
#99a6b8,#f0e8d6,2026,2,,2247,338,Georgia State,Kennesaw State,5.07,pbp,Sun Belt,Conference USA,fbs,fbs
#6f7cc9,#c0437e,2025,12,,2084,2117,Buffalo,Central Michigan,5.07,pbp,Mid-American,Mid-American,fbs,fbs
#6e6e6e,#3f647f,2017,10,,204,25,Oregon State,California,5.07,pbp,Pac-12,Pac-12,fbs,fbs
#828282,#61a0ca,2022,10,,36,23,Colorado State,San José State,5.07,pbp,Mountain West,Mountain West,fbs,fbs
#ddb4b6,#6095ca,2026,1,,2032,235,Arkansas State,Memphis,5.07,pbp,Sun Belt,American Athletic,fbs,fbs
#40be99,#b7b7b8,2019,14,,2655,2567,Tulane,SMU,5.07,pbp,American Athletic,American Athletic,fbs,fbs
#b7949a,#339969,2015,11,,113,2199,Massachusetts,Eastern Michigan,5.07,pbp,Mid-American,Mid-American,fbs,fbs
#adb8c1,#b9a0a5,2023,12,,26,30,UCLA,USC,5.07,pbp,Pac-12,Pac-12,fbs,fbs
#b9a0a5,#47c27c,2023,11,,30,2483,USC,Oregon(6),5.07,pbp,Pac-12,Pac-12,fbs,fbs
#d2adae,#ddb4b6,2019,8,,309,2032,Louisiana,Arkansas State,5.07,pbp,Sun Belt,Sun Belt,fbs,fbs
#4c4c4c,#a6999b,2023,2,,2294,66,Iowa,Iowa State,5.07,pbp,Big Ten,Big 12,fbs,fbs
#848484,#3f7fbd,2019,1,,258,221,Virginia,Pittsburgh,5.07,pbp,ACC,ACC,fbs,fbs
#ddb4b6,#6095ca,2020,1,,2032,235,Arkansas State,Memphis,5.07,pbp,Sun Belt,American Athletic,fbs,fbs
#b9a0a5,#47c27c,2015,12,,30,2483,USC(22),Oregon(23),5.07,pbp,Pac-12,Pac-12,fbs,fbs
#cfa0a8,#61a0ca,2019,8,,21,23,San Diego State,San José State,5.06,pbp,Mountain West,Mountain West,fbs,fbs
#6f82cf,#937a7f,2024,4,,57,344,Florida,Mississippi State,5.06,pbp,SEC,SEC,fbs,fbs
#47c27c,#3f647f,2018,5,,2483,25,Oregon(19),California(24),5.06,pbp,Pac-12,Pac-12,fbs,fbs
#828282,#838383,2023,10,,36,2751,Colorado State,Wyoming,5.06,pbp,Mountain West,Mountain West,fbs,fbs
#9156c7,#d88a96,2025,2,,256,97,James Madison,Louisville,5.06,pbp,Sun Belt,ACC,fbs,fbs
#af3a3a,#937a7f,2024,8,,245,344,Texas A&M(14),Mississippi State,5.06,pbp,SEC,SEC,fbs,fbs
#937a7f,#3d77b8,2015,4,,344,2,Mississippi State,Auburn,5.06,pbp,SEC,SEC,fbs,fbs
#4b83c3,#6e6e6e,2018,10,,290,2433,Georgia Southern,UL Monroe,5.06,pbp,Sun Belt,Sun Belt,fbs,fbs
#d5a6af,#7f46c2,2025,7,,164,264,Rutgers,Washington,5.06,pbp,Big Ten,Big Ten,fbs,fbs
#345b9d,#e6c6c7,2020,12,,2229,98,Florida International,Western Kentucky,5.06,pbp,Conference USA,Conference USA,fbs,fbs
#519bc5,#b7949a,2017,2,,295,113,Old Dominion,Massachusetts,5.06,pbp,Conference USA,FBS Independents,fbs,fbs
#d6889a,#4c4c4c,2016,8,,275,2294,Wisconsin(10),Iowa,5.06,pbp,Big Ten,Big Ten,fbs,fbs
#8e8e8e,#cf6e75,2024,8,,195,193,Ohio,Miami (OH),5.05,pbp,Mid-American,Mid-American,fbs,fbs
#e0cfa2,#359f7d,2019,1,,2011,5,Alabama State,UAB,5.05,pbp,SWAC,Conference USA,fcs,fbs
#3d6bb7,#ffffff,2024,10,,2426,242,Navy,Rice,5.05,pbp,American Athletic,American Athletic,fbs,fbs
#9156c7,#99a6b8,2025,6,,256,2247,James Madison,Georgia State,5.05,pbp,Sun Belt,Sun Belt,fbs,fbs
#47c27c,#bca0a5,2021,Bowls,valero alamo bowl,2483,201,Oregon(22),Oklahoma(10),5.05,pbp,Pac-12,Big 12,fbs,fbs
#7fa4d4,#9785a6,2015,11,,2305,2628,Kansas,TCU(13),5.05,pbp,Big 12,Big 12,fbs,fbs
#57c78b,#359f7d,2022,11,,249,5,North Texas,UAB,5.05,pbp,Conference USA,Conference USA,fbs,fbs
#6f82cf,#707987,2020,4,,57,145,Florida(5),Ole Miss,5.05,pbp,SEC,SEC,fbs,fbs
#ddb4b6,#4b83c3,2017,6,,2032,290,Arkansas State,Georgia Southern,5.05,pbp,Sun Belt,Sun Belt,fbs,fbs
#576f8c,#6f7cc9,2024,7,,2649,2084,Toledo,Buffalo,5.05,pbp,Mid-American,Mid-American,fbs,fbs
#cc7a91,#b7b7b8,2015,10,,218,2567,Temple(23),SMU,5.05,pbp,American Athletic,American Athletic,fbs,fbs
#357a9e,#6f92cf,2022,5,,328,252,Utah State,BYU(19),5.05,pbp,Mountain West,FBS Independents,fbs,fbs
#4078be,#e5c2b2,2024,10,,2348,2534,Louisiana Tech,Sam Houston,5.05,pbp,Conference USA,Conference USA,fbs,fbs
#9156c7,#76d198,2025,11,,256,276,James Madison,Marshall,5.05,pbp,Sun Belt,Sun Belt,fbs,fbs
#cc6666,#4c4c4c,2015,13,,84,2509,Indiana,Purdue,5.04,pbp,Big Ten,Big Ten,fbs,fbs
#4c4c4c,#a4a4a4,2023,10,,2294,77,Iowa,Northwestern,5.04,pbp,Big Ten,Big Ten,fbs,fbs
#e6ccb3,#f4ebe0,2021,6,,2638,2572,UTEP,Southern Miss,5.04,pbp,Conference USA,Conference USA,fbs,fbs
#519bc5,#76d198,2021,6,,295,276,Old Dominion,Marshall,5.04,legacy,Conference USA,Conference USA,fbs,fbs
#707987,#978da5,2022,8,,145,99,Ole Miss(7),LSU,5.04,pbp,SEC,SEC,fbs,fbs
#c24a54,#e9e1ce,2017,2,,2579,142,South Carolina,Missouri,5.04,pbp,SEC,SEC,fbs,fbs
#c24a54,#ce919e,2023,3,,2579,61,South Carolina,Georgia(1),5.04,pbp,SEC,SEC,fbs,fbs
#3d77b8,#af3a3a,2025,5,,2,245,Auburn,Texas A&M(9),5.04,pbp,SEC,SEC,fbs,fbs
#bc778f,#dd9da6,2024,8,,9,2132,Arizona State,Cincinnati,5.04,pbp,Big 12,Big 12,fbs,fbs
#5d7088,#e6c7b3,2022,9,,87,183,Notre Dame,Syracuse(16),5.04,pbp,FBS Independents,ACC,fbs,fbs
#a4a4a4,#b48686,2019,1,,77,24,Northwestern,Stanford(25),5.04,pbp,Big Ten,Pac-12,fbs,fbs
#d9c78e,#e6c7b3,2023,4,,349,183,Army,Syracuse,5.04,pbp,FBS Independents,ACC,fbs,fbs
#cfbdbf,#5d7088,2019,8,,248,41,Houston,UConn,5.04,pbp,American Athletic,American Athletic,fbs,fbs
#6e6e6e,#ddb4b6,2022,5,,2433,2032,UL Monroe,Arkansas State,5.04,pbp,Sun Belt,Sun Belt,fbs,fbs
#f2f2f2,#7fa4d4,2024,13,,38,2305,Colorado(16),Kansas,5.04,pbp,Big 12,Big 12,fbs,fbs
#f4ebe0,#e6c6c7,2020,11,,2572,98,Southern Miss,Western Kentucky,5.04,pbp,Conference USA,Conference USA,fbs,fbs
#6e6e6e,#f2f2f2,2023,10,,204,38,Oregon State(16),Colorado,5.04,pbp,Pac-12,Pac-12,fbs,fbs
#44699b,#e3c2ab,2025,Bowls,bad boy mowers pinstripe bowl,213,228,Penn State,Clemson,5.03,pbp,Big Ten,ACC,fbs,fbs
#4c4c4c,#d6889a,2021,9,,2294,275,Iowa(9),Wisconsin,5.03,legacy,Big Ten,Big Ten,fbs,fbs
#7fa4d4,#d98c8c,2020,14,,2305,2641,Kansas,Texas Tech,5.03,pbp,Big 12,Big 12,fbs,fbs
#d6889a,#4c4c4c,2021,8,,275,2509,Wisconsin,Purdue(25),5.03,pbp,Big Ten,Big Ten,fbs,fbs
#e6c7b3,#b6999d,2024,Bowls,directv holiday bowl,183,265,Syracuse(20),Washington State,5.03,pbp,ACC,Pac-12,fbs,fbs
#4fb885,#7cb0d3,2018,8,,2429,2393,Charlotte,Middle Tennessee,5.03,pbp,Conference USA,Conference USA,fbs,fbs
#d6889a,#4c4c4c,2022,11,,275,2294,Wisconsin,Iowa,5.03,pbp,Big Ten,Big Ten,fbs,fbs
#44699b,#d6889a,2024,9,,213,275,Penn State(3),Wisconsin,5.03,pbp,Big Ten,Big Ten,fbs,fbs
#cfbdbf,#c8c6c2,2019,10,,248,2116,Houston,UCF,5.03,pbp,American Athletic,American Athletic,fbs,fbs
#f4ebe0,#da8f8f,2015,4,,2572,158,Southern Miss,Nebraska,5.03,pbp,Conference USA,Big Ten,fbs,fbs
#3f7fbd,#bd3f7d,2023,5,,221,259,Pittsburgh,Virginia Tech,5.03,pbp,ACC,ACC,fbs,fbs
#357a9e,#e0a3ae,2015,2,,328,254,Utah State,Utah(24),5.03,pbp,Mountain West,Pac-12,fbs,fbs
#a6999b,#75807c,2023,9,,66,239,Iowa State,Baylor,5.03,pbp,Big 12,Big 12,fbs,fbs
#885caf,#e6cab3,2021,4,,2306,197,Kansas State(25),Oklahoma State,5.03,pbp,Big 12,Big 12,fbs,fbs
#3974ac,#d6889a,2017,12,,130,275,Michigan(19),Wisconsin(5),5.03,pbp,Big Ten,Big Ten,fbs,fbs
#3d75b8,#5d7193,2015,1,,2636,12,UTSA,Arizona(22),5.03,pbp,Conference USA,Pac-12,fbs,fbs
#f2f2f2,#adb8c1,2023,9,,38,26,Colorado,UCLA(23),5.03,pbp,Pac-12,Pac-12,fbs,fbs
#c24a54,#bca0a5,2024,8,,2579,201,South Carolina,Oklahoma,5.03,legacy,SEC,SEC,fbs,fbs
#99a6b8,#d6889a,2016,3,,2247,275,Georgia State,Wisconsin(9),5.03,pbp,Sun Belt,Big Ten,fbs,fbs
#39aa8c,#61a0ca,2017,1,,58,23,South Florida(19),San José State,5.02,pbp,American Athletic,Mountain West,fbs,fbs
#4c4c4c,#4c4c4c,2019,8,,2509,2294,Purdue,Iowa(23),5.02,pbp,Big Ten,Big Ten,fbs,fbs
#707987,#b5b5b5,2016,12,,145,238,Ole Miss,Vanderbilt,5.02,pbp,SEC,SEC,fbs,fbs
#4c4c4c,#a4a4a4,2017,11,,2509,77,Purdue,Northwestern,5.02,pbp,Big Ten,Big Ten,fbs,fbs
#386ca9,#935531,2021,3,,93,189,Murray State,Bowling Green,5.02,pbp,OVC,Mid-American,fcs,fbs
#5d7088,#d3a5b1,2015,Bowls,battlefrog fiesta bowl,87,194,Notre Dame(11),Ohio State(4),5.02,pbp,FBS Independents,Big Ten,fbs,fbs
#339969,#935531,2021,8,,2199,189,Eastern Michigan,Bowling Green,5.02,legacy,Mid-American,Mid-American,fbs,fbs
#bca0a5,#a6999b,2018,3,,201,66,Oklahoma(5),Iowa State,5.02,pbp,Big 12,Big 12,fbs,fbs
#cc7a91,#39aa8c,2015,11,,218,58,Temple(21),South Florida,5.02,pbp,American Athletic,American Athletic,fbs,fbs
#44699b,#db93a2,2021,10,,213,120,Penn State(22),Maryland,5.02,legacy,Big Ten,Big Ten,fbs,fbs
#3c7eb4,#d98c8c,2020,14,,59,152,Georgia Tech,NC State,5.02,pbp,ACC,ACC,fbs,fbs
#b9a0a5,#e0a3ae,2020,12,,30,254,USC(20),Utah,5.01,pbp,Pac-12,Pac-12,fbs,fbs
#e6c7b3,#d98c8c,2019,7,,183,152,Syracuse,NC State,5.01,pbp,ACC,ACC,fbs,fbs
#5c81c6,#3aaf80,2024,10,,150,2390,Duke,Miami(5),5.01,pbp,ACC,ACC,fbs,fbs
#d88a96,#a0a0a0,2023,14,acc championship,97,52,Louisville(15),Florida State(4),5.01,pbp,ACC,ACC,fbs,fbs
#FFFFFF,#cc6666,2022,2,,70,84,Idaho,Indiana,5.01,pbp,Big Sky,Big Ten,fcs,fbs
#dc9797,#cf6e75,2018,13,,2050,193,Ball State,Miami (OH),5.01,pbp,Mid-American,Mid-American,fbs,fbs
#cbbdb5,#885caf,2018,5,,251,2306,Texas(18),Kansas State,5.01,pbp,Big 12,Big 12,fbs,fbs
#e0a3ae,#b48686,2018,6,,254,24,Utah,Stanford(14),5.01,pbp,Pac-12,Pac-12,fbs,fbs
#345b9d,#5090c5,2015,9,,2229,2226,Florida International,Florida Atlantic,5.01,pbp,Conference USA,Conference USA,fbs,fbs
#76d198,#345b9d,2016,12,,276,2229,Marshall,Florida International,5.01,pbp,Conference USA,Conference USA,fbs,fbs
#af3a3a,#978da5,2025,9,,245,99,Texas A&M(3),LSU(20),5.01,pbp,SEC,SEC,fbs,fbs
#d98c8c,#e6cab3,2018,4,,2641,197,Texas Tech,Oklahoma State(15),5.01,pbp,Big 12,Big 12,fbs,fbs
#3e72b9,#cf6e75,2017,11,,2006,193,Akron,Miami (OH),5.01,pbp,Mid-American,Mid-American,fbs,fbs
#6f92cf,#5d7193,2021,1,,252,12,BYU,Arizona,5.01,pbp,FBS Independents,Pac-12,fbs,fbs
#3f7fbd,#b8b8b8,2021,14,,221,154,Pittsburgh(17),Wake Forest(18),5.01,pbp,ACC,ACC,fbs,fbs
#d2adae,#cf6e75,2019,Bowls,lendingtree bowl,309,193,Louisiana,Miami (OH),5.0,pbp,Sun Belt,Mid-American,fbs,fbs
#dd9da6,#a6999b,2024,12,,2132,66,Cincinnati,Iowa State,5.0,pbp,Big 12,Big 12,fbs,fbs
#cc6666,#d5a6af,2018,5,,84,164,Indiana,Rutgers,5.0,pbp,Big Ten,Big Ten,fbs,fbs
#5090c5,#345b9d,2020,11,,2226,2229,Florida Atlantic,Florida International,5.0,legacy,Conference USA,Conference USA,fbs,fbs
#3d77b8,#e3c2ab,2017,2,,2,228,Auburn(13),Clemson(3),5.0,pbp,SEC,ACC,fbs,fbs
#f4ebe0,#3d75b8,2021,11,,2572,2636,Southern Miss,UTSA(15),5.0,pbp,Conference USA,Conference USA,fbs,fbs
#6095ca,#40be99,2016,7,,235,2655,Memphis,Tulane,5.0,pbp,American Athletic,American Athletic,fbs,fbs
#cfa0a8,#339a72,2021,10,,21,62,San Diego State,Hawai'i,5.0,pbp,Mountain West,Mountain West,fbs,fbs
#4fb885,#e6dbb3,2019,2,,2429,2026,Charlotte,App State,5.0,pbp,Conference USA,Sun Belt,fbs,fbs
#cf6e75,#4c85c3,2015,5,,193,2309,Miami (OH),Kent State,5.0,pbp,Mid-American,Mid-American,fbs,fbs
#d6889a,#da8f8f,2024,13,,275,158,Wisconsin,Nebraska,5.0,pbp,Big Ten,Big Ten,fbs,fbs
#689ecd,#85797a,2017,1,,2277,326,Houston Christian,Texas State,5.0,pbp,Southland,Sun Belt,fcs,fbs
#7fa4d4,#ad9a9d,2019,3,,2305,103,Kansas,Boston College,5.0,pbp,Big 12,ACC,fbs,fbs
#5090c5,#7b7b7b,2024,1,,2226,127,Florida Atlantic,Michigan State,5.0,pbp,American Athletic,Big Ten,fbs,fbs
#ce919e,#cbbdb5,2024,8,,61,251,Georgia(5),Texas(1),5.0,pbp,SEC,SEC,fbs,fbs
#bc778f,#7f46c2,2023,8,,9,264,Arizona State,Washington(5),5.0,pbp,Pac-12,Pac-12,fbs,fbs
#6b8bce,#3d77b8,2025,10,,96,2,Kentucky,Auburn,5.0,pbp,SEC,SEC,fbs,fbs
#357a9e,#7f46c2,2026,2,,328,264,Utah State,Washington(19),5.0,pbp,Pac-12,Big Ten,fbs,fbs
#cf6e75,#a4a4a4,2024,1,,193,77,Miami (OH),Northwestern,4.99,pbp,Mid-American,Big Ten,fbs,fbs
#3f78bc,#dc97a7,2015,10,,2440,278,Nevada,Fresno State,4.99,pbp,Mountain West,Mountain West,fbs,fbs
#5d7088,#ad9a9d,2023,9,,41,103,UConn,Boston College,4.99,pbp,FBS Independents,ACC,fbs,fbs
#3d6bb7,#cfbdbf,2015,13,,2426,248,Navy(16),Houston(21),4.99,pbp,American Athletic,American Athletic,fbs,fbs
#b9a0a5,#b48686,2022,2,,30,24,USC(10),Stanford,4.99,pbp,Pac-12,Pac-12,fbs,fbs
#da8f8f,#e6ccb3,2016,Bowls,,158,2633,Nebraska,Tennessee(22),4.99,pbp,Big Ten,SEC,fbs,fbs
#bca0a5,#bd9099,2018,Bowls,capital one orange bowl - cfp semifinal,201,333,Oklahoma(4),Alabama(2),4.99,pbp,Big 12,SEC,fbs,fbs
#cfbdbf,#bca0a5,2024,2,,248,201,Houston,Oklahoma(15),4.99,pbp,Big 12,SEC,fbs,fbs
#3c7eb4,#3aaf80,2015,12,,59,2390,Georgia Tech,Miami,4.99,pbp,ACC,ACC,fbs,fbs
#d98c8c,#3f7fbd,2025,9,,152,221,NC State,Pittsburgh,4.99,pbp,ACC,ACC,fbs,fbs
#935531,#7cb0d3,2017,4,,189,2393,Bowling Green,Middle Tennessee,4.99,pbp,Mid-American,Conference USA,fbs,fbs
#cfa0a8,#d07980,2025,1,,2447,2653,Nicholls,Troy,4.99,pbp,Southland,Sun Belt,fcs,fbs
#6388cb,#39aa8c,2017,12,,202,58,Tulsa,South Florida(23),4.99,pbp,American Athletic,American Athletic,fbs,fbs
#6b8bce,#c24a54,2021,4,,96,2579,Kentucky,South Carolina,4.99,pbp,SEC,SEC,fbs,fbs
#af3a3a,#937a7f,2022,5,,245,344,Texas A&M(17),Mississippi State,4.99,pbp,SEC,SEC,fbs,fbs
#d07980,#85797a,2023,9,,2653,326,Troy,Texas State,4.99,pbp,Sun Belt,Sun Belt,fbs,fbs
#b7949a,#e6ccb3,2017,4,,113,2633,Massachusetts,Tennessee,4.99,pbp,FBS Independents,SEC,fbs,fbs
#cfa0a8,#6b8bce,2022,5,,21,68,San Diego State,Boise State,4.99,legacy,Mountain West,Mountain West,fbs,fbs
#3c7eb4,#5c81c6,2017,12,,59,150,Georgia Tech,Duke,4.99,pbp,ACC,ACC,fbs,fbs
#a75a7c,#e7c8b6,2018,10,,135,356,Minnesota,Illinois,4.99,pbp,Big Ten,Big Ten,fbs,fbs
#5d7088,#39aa8c,2016,7,,41,58,UConn,South Florida,4.99,legacy,American Athletic,American Athletic,fbs,fbs
#e6cab3,#bca0a5,2016,14,,197,201,Oklahoma State(11),Oklahoma(7),4.99,pbp,Big 12,Big 12,fbs,fbs
#bd9fa4,#bd9099,2015,6,,8,333,Arkansas,Alabama(8),4.98,pbp,SEC,SEC,fbs,fbs
#FFFFFF,#e6ccb3,2023,1,,2916,2638,Incarnate Word,UTEP,4.98,pbp,Southland,Conference USA,fcs,fbs
#b7b7b8,#5090c5,2019,Bowls,cheribundi boca raton bowl,2567,2226,SMU,Florida Atlantic,4.98,pbp,American Athletic,Conference USA,fbs,fbs
#85797a,#d2adae,2015,6,,326,309,Texas State,Louisiana,4.98,pbp,Sun Belt,Sun Belt,fbs,fbs
#af5868,#6b8bce,2017,2,,2198,96,Eastern Kentucky,Kentucky,4.98,pbp,OVC,SEC,fcs,fbs
#345b9d,#b57f81,2022,5,,2229,166,Florida International,New Mexico State,4.98,pbp,Conference USA,FBS Independents,fbs,fbs
#8e8e8e,#7fa4d4,2016,2,,195,2305,Ohio,Kansas,4.98,pbp,Mid-American,Big 12,fbs,fbs
#3f647f,#b48686,2023,12,,25,24,California,Stanford,4.98,pbp,Pac-12,Pac-12,fbs,fbs
#5d7193,#cfa0a8,2022,1,,12,21,Arizona,San Diego State,4.98,pbp,Pac-12,Mountain West,fbs,fbs
#e6ccb3,#f0e8d6,2025,10,,2638,338,UTEP,Kennesaw State,4.98,pbp,Conference USA,Conference USA,fbs,fbs
#e1bbbf,#6b8bce,2022,4,,2459,96,Northern Illinois,Kentucky(8),4.98,pbp,Mid-American,SEC,fbs,fbs
#4c4c4c,#a75a7c,2024,4,,2294,135,Iowa,Minnesota,4.98,pbp,Big Ten,Big Ten,fbs,fbs
#b6999d,#5d7193,2022,12,,265,12,Washington State,Arizona,4.98,pbp,Pac-12,Pac-12,fbs,fbs
#e6c7b3,#3f7fbd,2016,13,,183,221,Syracuse,Pittsburgh,4.98,pbp,ACC,ACC,fbs,fbs
#868686,#e1bbbf,2025,13,,2711,2459,Western Michigan,Northern Illinois,4.98,pbp,Mid-American,Mid-American,fbs,fbs
#ce919e,#3c7eb4,2023,13,,61,59,Georgia(1),Georgia Tech,4.98,pbp,SEC,ACC,fbs,fbs
#61a0ca,#5096c4,2024,2,,23,2005,San José State,Air Force,4.98,pbp,Mountain West,Mountain West,fbs,fbs
#4b83c3,#85797a,2018,7,,290,326,Georgia Southern,Texas State,4.98,pbp,Sun Belt,Sun Belt,fbs,fbs
#e7c8b6,#7f46c2,2025,9,,356,264,Illinois(23),Washington,4.97,pbp,Big Ten,Big Ten,fbs,fbs
#bc778f,#b48686,2017,5,,9,24,Arizona State,Stanford,4.97,pbp,Pac-12,Pac-12,fbs,fbs
#339969,#4c85c3,2024,5,,2199,2309,Eastern Michigan,Kent State,4.97,pbp,Mid-American,Mid-American,fbs,fbs
#57c78b,#b7b7b8,2015,2,,249,2567,North Texas,SMU,4.97,pbp,Conference USA,American Athletic,fbs,fbs
#b48686,#b9a0a5,2017,2,,24,30,Stanford(14),USC(6),4.97,pbp,Pac-12,Pac-12,fbs,fbs
#d17b7b,#3d75b8,2021,5,,2439,2636,UNLV,UTSA,4.97,pbp,Mountain West,Conference USA,fbs,fbs
#bc778f,#7f46c2,2018,4,,9,264,Arizona State,Washington(10),4.97,pbp,Pac-12,Pac-12,fbs,fbs
#FFFFFF,#85797a,2024,1,,2320,326,Lamar,Texas State,4.97,pbp,Southland,Sun Belt,fcs,fbs
#dd9da6,#cfbdbf,2019,7,,2132,248,Cincinnati(25),Houston,4.97,pbp,American Athletic,American Athletic,fbs,fbs
#519bc5,#bd3f7d,2025,3,,295,259,Old Dominion,Virginia Tech,4.96,pbp,Sun Belt,ACC,fbs,fbs
#7b7b7b,#a4a4a4,2021,1,,127,77,Michigan State,Northwestern,4.96,pbp,Big Ten,Big Ten,fbs,fbs
#bd9fa4,#707987,2019,2,,8,145,Arkansas,Ole Miss,4.96,pbp,SEC,SEC,fbs,fbs
#e6c6c7,#99a6b8,2020,Bowls,lendingtree bowl,98,2247,Western Kentucky,Georgia State,4.96,pbp,Conference USA,Sun Belt,fbs,fbs
#3f78bc,#e6ccb3,2019,4,,2440,2638,Nevada,UTEP,4.96,pbp,Mountain West,Conference USA,fbs,fbs
#cbb4b7,#3d68b7,2015,1,,2241,6,Gardner-Webb,South Alabama,4.96,pbp,Big South,Sun Belt,fcs,fbs
#359f7d,#d2adae,2026,3,,5,309,UAB,Louisiana,4.96,pbp,American Athletic,Sun Belt,fbs,fbs
#ce919e,#e3c2ab,2021,1,,61,228,Georgia(5),Clemson(3),4.96,pbp,SEC,ACC,fbs,fbs
#9156c7,#cfa0a8,2026,3,,256,21,James Madison,San Diego State,4.96,pbp,Sun Belt,Pac-12,fbs,fbs
#5c81c6,#a0a0a0,2023,8,,150,52,Duke(16),Florida State(4),4.96,pbp,ACC,ACC,fbs,fbs
#af3a3a,#6f82cf,2024,3,,245,57,Texas A&M,Florida,4.96,pbp,SEC,SEC,fbs,fbs
#e9e1ce,#d3a5b1,2023,Bowls,goodyear cotton bowl classic,142,194,Missouri(8),Ohio State(10),4.96,pbp,SEC,Big Ten,fbs,fbs
#61a0ca,#ce919e,2020,9,,23,167,San José State,New Mexico,4.96,legacy,Mountain West,Mountain West,fbs,fbs
#339969,#6f7cc9,2023,13,,2199,2084,Eastern Michigan,Buffalo,4.96,pbp,Mid-American,Mid-American,fbs,fbs
#e9e1ce,#b5b5b5,2015,8,,142,238,Missouri,Vanderbilt,4.96,pbp,SEC,SEC,fbs,fbs
#b7949a,#b57f81,2021,13,,113,166,Massachusetts,New Mexico State,4.96,pbp,FBS Independents,FBS Independents,fbs,fbs
#c0437e,#3e72b9,2015,9,,2117,2006,Central Michigan,Akron,4.96,pbp,Mid-American,Mid-American,fbs,fbs
#e6cab3,#885caf,2018,7,,197,2306,Oklahoma State,Kansas State,4.96,pbp,Big 12,Big 12,fbs,fbs
#6b8bce,#e9e1ce,2020,8,,96,142,Kentucky,Missouri,4.96,pbp,SEC,SEC,fbs,fbs
#e6ccb3,#357a9e,2025,1,,2638,328,UTEP,Utah State,4.95,pbp,Conference USA,Mountain West,fbs,fbs
#FFFFFF,#b57f81,2017,13,,70,166,Idaho,New Mexico State,4.95,pbp,Sun Belt,Sun Belt,fbs,fbs
#707987,#bd9099,2023,4,,145,333,Ole Miss(15),Alabama(13),4.95,pbp,SEC,SEC,fbs,fbs
#4c4c4c,#5d7088,2021,3,,2509,87,Purdue,Notre Dame(12),4.95,pbp,Big Ten,FBS Independents,fbs,fbs
#9785a6,#a75a7c,2015,1,,2628,135,TCU(2),Minnesota,4.95,pbp,Big 12,Big Ten,fbs,fbs
#f4f4f4,#3f7fbd,2023,4,,153,221,North Carolina(17),Pittsburgh,4.95,pbp,ACC,ACC,fbs,fbs
#7cb0d3,#345b9d,2024,14,,2393,2229,Middle Tennessee,Florida International,4.95,pbp,Conference USA,Conference USA,fbs,fbs
#848484,#5c81c6,2025,12,,258,150,Virginia(20),Duke,4.95,pbp,ACC,ACC,fbs,fbs
#7b7b7b,#cc6666,2018,4,,127,84,Michigan State(24),Indiana,4.95,pbp,Big Ten,Big Ten,fbs,fbs
#b9a0a5,#bc778f,2021,10,,30,9,USC,Arizona State,4.95,pbp,Pac-12,Pac-12,fbs,fbs
#FFFFFF,#f4ebe0,2020,10,,2453,2572,North Alabama,Southern Miss,4.95,pbp,Big South,Conference USA,fcs,fbs
#d2adae,#d07980,2018,10,,309,2653,Louisiana,Troy,4.95,pbp,Sun Belt,Sun Belt,fbs,fbs
#3d77b8,#707987,2018,8,,2,145,Auburn,Ole Miss,4.95,pbp,SEC,SEC,fbs,fbs
#a33cb5,#345b9d,2017,2,,2016,2229,Alcorn State,Florida International,4.95,pbp,SWAC,Conference USA,fcs,fbs
#b57f81,#c0437e,2019,7,,166,2117,New Mexico State,Central Michigan,4.95,pbp,FBS Independents,Mid-American,fbs,fbs
#4b83c3,#85797a,2023,10,,290,326,Georgia Southern,Texas State,4.94,pbp,Sun Belt,Sun Belt,fbs,fbs
#8693bc,#6e6e6e,2024,1,,2296,2433,Jackson State,UL Monroe,4.94,legacy,SWAC,Sun Belt,fcs,fbs
#3974ac,#bca0a5,2025,2,,130,201,Michigan(15),Oklahoma(18),4.94,pbp,Big Ten,SEC,fbs,fbs
#339969,#b7949a,2024,1,,2199,113,Eastern Michigan,Massachusetts,4.94,pbp,Mid-American,FBS Independents,fbs,fbs
#75807c,#85797a,2021,1,,239,326,Baylor,Texas State,4.94,pbp,Big 12,Sun Belt,fbs,fbs
#4c4c4c,#a4a4a4,2021,10,,2294,77,Iowa(19),Northwestern,4.94,pbp,Big Ten,Big Ten,fbs,fbs
#b7b7b8,#c8c6c2,2022,6,,2567,2116,SMU,UCF,4.94,pbp,American Athletic,American Athletic,fbs,fbs
#ce919e,#4e6192,2019,5,,167,2335,New Mexico,Liberty,4.94,pbp,Mountain West,FBS Independents,fbs,fbs
#4c4c4c,#7b7b7b,2024,13,,2509,127,Purdue,Michigan State,4.94,pbp,Big Ten,Big Ten,fbs,fbs
#917e9c,#5d7088,2015,9,,151,41,East Carolina,UConn,4.94,pbp,American Athletic,American Athletic,fbs,fbs
#a0a0a0,#39aa8c,2016,4,,52,58,Florida State(13),South Florida,4.94,pbp,ACC,American Athletic,fbs,fbs
#ad9a9d,#d88a96,2021,8,,103,97,Boston College,Louisville,4.94,pbp,ACC,ACC,fbs,fbs
#4fb885,#e6dbb3,2020,2,,2429,2026,Charlotte,App State,4.94,pbp,Conference USA,Sun Belt,fbs,fbs
#e6c7b3,#39aa8c,2015,6,,183,58,Syracuse,South Florida,4.94,pbp,ACC,American Athletic,fbs,fbs
#f4f4f4,#917e9c,2018,2,,153,151,North Carolina,East Carolina,4.94,pbp,ACC,American Athletic,fbs,fbs
#ad9a9d,#d5a6af,2019,4,,103,164,Boston College,Rutgers,4.94,pbp,ACC,Big Ten,fbs,fbs
#4f4f4f,#b5b5b5,2022,1,,2210,238,Elon,Vanderbilt,4.93,pbp,CAA,SEC,fcs,fbs
#359f7d,#3d6bb7,2025,2,,5,2426,UAB,Navy,4.93,pbp,American Athletic,American Athletic,fbs,fbs
#e6c7b3,#3f7fbd,2022,10,,183,221,Syracuse(22),Pittsburgh,4.93,pbp,ACC,ACC,fbs,fbs
#5d7088,#39aa8c,2018,8,,41,58,UConn,South Florida(21),4.93,legacy,American Athletic,American Athletic,fbs,fbs
#838383,#5096c4,2017,11,,2751,2005,Wyoming,Air Force,4.93,pbp,Mountain West,Mountain West,fbs,fbs
#c0437e,#e6cab3,2022,1,,2117,197,Central Michigan,Oklahoma State(12),4.93,pbp,Mid-American,Big 12,fbs,fbs
#707987,#3d77b8,2019,10,,145,2,Ole Miss,Auburn(11),4.93,pbp,SEC,SEC,fbs,fbs
#ddb4b6,#d07980,2025,10,,2032,2653,Arkansas State,Troy,4.93,pbp,Sun Belt,Sun Belt,fbs,fbs
#cfa0a8,#61a0ca,2023,12,,21,23,San Diego State,San José State,4.93,pbp,Mountain West,Mountain West,fbs,fbs
#828282,#576f8c,2021,3,,36,2649,Colorado State,Toledo,4.93,pbp,Mountain West,Mid-American,fbs,fbs
#576f8c,#6b8bce,2025,1,,2649,96,Toledo,Kentucky,4.93,pbp,Mid-American,SEC,fbs,fbs
#40be99,#917e9c,2020,10,,2655,151,Tulane,East Carolina,4.93,pbp,American Athletic,American Athletic,fbs,fbs
#f2f2f2,#885caf,2025,14,,38,2306,Colorado,Kansas State,4.93,pbp,Big 12,Big 12,fbs,fbs
#f4ebe0,#6e6e6e,2024,7,,2572,2433,Southern Miss,UL Monroe,4.93,pbp,Sun Belt,Sun Belt,fbs,fbs
#76d198,#dd9da6,2017,5,,276,2132,Marshall,Cincinnati,4.93,pbp,Conference USA,American Athletic,fbs,fbs
#d98c8c,#bd3f7d,2015,6,,152,259,NC State,Virginia Tech,4.93,pbp,ACC,ACC,fbs,fbs
#576f8c,#dc9797,2026,5,,2649,2050,Toledo,Ball State,4.93,pbp,Mid-American,Mid-American,fbs,fbs
#cc6666,#a4a4a4,2016,8,,84,77,Indiana,Northwestern,4.92,pbp,Big Ten,Big Ten,fbs,fbs
#40be99,#3d75b8,2025,10,,2655,2636,Tulane,UTSA,4.92,pbp,American Athletic,American Athletic,fbs,fbs
#FFFFFF,#ddb4b6,2015,5,,70,2032,Idaho,Arkansas State,4.92,pbp,Sun Belt,Sun Belt,fbs,fbs
#b8b8b8,#e3c2ab,2023,6,,154,228,Wake Forest,Clemson,4.92,pbp,ACC,ACC,fbs,fbs
#576f8c,#3f78bc,2017,2,,2649,2440,Toledo,Nevada,4.92,pbp,Mid-American,Mountain West,fbs,fbs
#3f89bd,#a4a4a4,2023,6,,47,77,Howard,Northwestern,4.92,pbp,MEAC,Big Ten,fcs,fbs
#ce919e,#75807c,2019,Bowls,allstate sugar bowl,61,239,Georgia(4),Baylor(13),4.92,pbp,SEC,Big 12,fbs,fbs
#4c4c4c,#a75a7c,2018,6,,2294,135,Iowa,Minnesota,4.92,pbp,Big Ten,Big Ten,fbs,fbs
#8e8e8e,#cf6e75,2016,5,,195,193,Ohio,Miami (OH),4.92,pbp,Mid-American,Mid-American,fbs,fbs
#f0e8d6,#345b9d,2025,9,,338,2229,Kennesaw State,Florida International,4.92,pbp,Conference USA,Conference USA,fbs,fbs
#6f92cf,#7b7b7b,2016,6,,252,127,BYU,Michigan State,4.92,pbp,FBS Independents,Big Ten,fbs,fbs
#4e6192,#9156c7,2026,1,,2335,256,Liberty,James Madison,4.92,pbp,Conference USA,Sun Belt,fbs,fbs
#af3a3a,#c24a54,2024,10,,245,2579,Texas A&M(10),South Carolina,4.92,pbp,SEC,SEC,fbs,fbs
#7cb0d3,#b5b5b5,2016,2,,2393,238,Middle Tennessee,Vanderbilt,4.92,pbp,Conference USA,SEC,fbs,fbs
#b6999d,#838383,2018,1,,265,2751,Washington State,Wyoming,4.91,pbp,Pac-12,Mountain West,fbs,fbs
#888888,#707987,2019,3,,2545,145,SE Louisiana,Ole Miss,4.91,pbp,Southland,SEC,fcs,fbs
#99a6b8,#4fb885,2023,3,,2247,2429,Georgia State,Charlotte,4.91,pbp,Sun Belt,American Athletic,fbs,fbs
#935531,#576f8c,2018,6,,189,2649,Bowling Green,Toledo,4.91,pbp,Mid-American,Mid-American,fbs,fbs
#e0a3ae,#e1bbbf,2018,2,,254,2459,Utah,Northern Illinois,4.91,pbp,Pac-12,Mid-American,fbs,fbs
#519bc5,#6388cb,2021,Bowls,myrtle beach bowl pres. by taxact,295,202,Old Dominion,Tulsa,4.91,pbp,Conference USA,American Athletic,fbs,fbs
#ce919e,#3c7eb4,2015,13,,61,59,Georgia,Georgia Tech,4.91,pbp,SEC,ACC,fbs,fbs
#57c78b,#3d75b8,2024,12,,249,2636,North Texas,UTSA,4.91,pbp,American Athletic,American Athletic,fbs,fbs
#935531,#3e72b9,2018,12,,189,2006,Bowling Green,Akron,4.91,pbp,Mid-American,Mid-American,fbs,fbs
#cfbdbf,#cc7a91,2017,5,,248,218,Houston,Temple,4.91,pbp,American Athletic,American Athletic,fbs,fbs
#d3a5b1,#bd3f7d,2015,1,,194,259,Ohio State(1),Virginia Tech,4.91,pbp,Big Ten,ACC,fbs,fbs
#a6999b,#d98c8c,2017,8,,66,2641,Iowa State,Texas Tech,4.91,pbp,Big 12,Big 12,fbs,fbs
#9785a6,#3c73b2,2025,9,,2628,277,TCU,West Virginia,4.91,pbp,Big 12,Big 12,fbs,fbs
#e6ccb3,#bca0a5,2024,4,,2633,201,Tennessee(6),Oklahoma(15),4.91,pbp,SEC,SEC,fbs,fbs
#d3a5b1,#6b8bce,2026,3,,233,68,South Dakota,Boise State,4.9,pbp,MVFC,Pac-12,fcs,fbs
#c0437e,#339969,2022,13,,2117,2199,Central Michigan,Eastern Michigan,4.9,pbp,Mid-American,Mid-American,fbs,fbs
#345b9d,#b57f81,2023,6,,2229,166,Florida International,New Mexico State,4.9,pbp,Conference USA,Conference USA,fbs,fbs
#d88a96,#a0a0a0,2015,7,,97,52,Louisville,Florida State(11),4.9,pbp,ACC,ACC,fbs,fbs
#ce919e,#838383,2021,8,,167,2751,New Mexico,Wyoming,4.9,pbp,Mountain West,Mountain West,fbs,fbs
#d9c78e,#e6c6c7,2019,7,,349,98,Army,Western Kentucky,4.9,pbp,FBS Independents,Conference USA,fbs,fbs
#bd7575,#e6c6c7,2022,1,,2046,98,Austin Peay,Western Kentucky,4.9,pbp,Atlantic Sun,Conference USA,fcs,fbs
#cf6e75,#868686,2023,7,,193,2711,Miami (OH),Western Michigan,4.9,pbp,Mid-American,Mid-American,fbs,fbs
#e3c2ab,#cbbdb5,2024,Bowls,,228,251,Clemson(14),Texas(4),4.9,pbp,ACC,SEC,fbs,fbs
#3d6bb7,#5d7088,2015,4,,2426,41,Navy,UConn,4.9,pbp,American Athletic,American Athletic,fbs,fbs
#61a0ca,#3d77b8,2022,2,,23,2,San José State,Auburn,4.9,pbp,Mountain West,SEC,fbs,fbs
#8e8e8e,#3e72b9,2023,13,,195,2006,Ohio,Akron,4.9,legacy,Mid-American,Mid-American,fbs,fbs
#868686,#d6889a,2016,Bowls,goodyear cotton bowl classic,2711,275,Western Michigan(15),Wisconsin(9),4.9,pbp,Mid-American,Big Ten,fbs,fbs
#5090c5,#40be99,2025,12,,2226,2655,Florida Atlantic,Tulane,4.9,pbp,American Athletic,American Athletic,fbs,fbs
#dbbcc0,#3c73b2,2016,2,,2754,277,Youngstown State,West Virginia,4.9,pbp,MVFC,Big 12,fcs,fbs
#345b9d,#5090c5,2024,3,,2229,2226,Florida International,Florida Atlantic,4.9,pbp,Conference USA,American Athletic,fbs,fbs
#4c4c4c,#7b7b7b,2017,5,,2294,127,Iowa,Michigan State,4.89,pbp,Big Ten,Big Ten,fbs,fbs
#b6999d,#6e6e6e,2018,6,,265,204,Washington State,Oregon State,4.89,pbp,Pac-12,Pac-12,fbs,fbs
#339969,#cf6e75,2025,8,,2199,193,Eastern Michigan,Miami (OH),4.89,pbp,Mid-American,Mid-American,fbs,fbs
#339a72,#ce919e,2019,9,,62,167,Hawai'i,New Mexico,4.89,pbp,Mountain West,Mountain West,fbs,fbs
#b5b5b5,#af3a3a,2020,4,,238,245,Vanderbilt,Texas A&M(10),4.89,pbp,SEC,SEC,fbs,fbs
#978da5,#707987,2017,8,,99,145,LSU(24),Ole Miss,4.89,pbp,SEC,SEC,fbs,fbs
#6388cb,#e6cab3,2020,3,,202,197,Tulsa,Oklahoma State(11),4.89,pbp,American Athletic,Big 12,fbs,fbs
#e6c6c7,#978da5,2025,13,,98,99,Western Kentucky,LSU,4.89,pbp,Conference USA,SEC,fbs,fbs
#ddb4b6,#f4ebe0,2024,8,,2032,2572,Arkansas State,Southern Miss,4.89,pbp,Sun Belt,Sun Belt,fbs,fbs
#519bc5,#76d198,2025,7,,295,276,Old Dominion,Marshall,4.89,pbp,Sun Belt,Sun Belt,fbs,fbs
#af5868,#6b8bce,2023,2,,2198,96,Eastern Kentucky,Kentucky,4.89,pbp,UAC,SEC,fcs,fbs
#3d77b8,#937a7f,2018,6,,2,344,Auburn(8),Mississippi State,4.89,pbp,SEC,SEC,fbs,fbs
#ce919e,#e9e1ce,2018,4,,61,142,Georgia(2),Missouri,4.89,pbp,SEC,SEC,fbs,fbs
#57c78b,#e6ccb3,2022,1,,249,2638,North Texas,UTEP,4.89,pbp,Conference USA,Conference USA,fbs,fbs
#339a72,#d17b7b,2019,12,,62,2439,Hawai'i,UNLV,4.89,pbp,Mountain West,Mountain West,fbs,fbs
#bd9fa4,#978da5,2015,11,,8,99,Arkansas,LSU(9),4.89,pbp,SEC,SEC,fbs,fbs
#4c4c4c,#6e6e6e,2024,4,,2509,204,Purdue,Oregon State,4.89,pbp,Big Ten,Pac-12,fbs,fbs
#d98c8c,#6f92cf,2023,8,,2641,252,Texas Tech,BYU,4.89,pbp,Big 12,Big 12,fbs,fbs
#cbbdb5,#bd9fa4,2021,2,,251,8,Texas(15),Arkansas,4.88,pbp,Big 12,SEC,fbs,fbs
#b8b8b8,#d88a96,2020,15,,154,97,Wake Forest,Louisville,4.88,pbp,ACC,ACC,fbs,fbs
#ce919e,#b57f81,2022,7,,167,166,New Mexico,New Mexico State,4.88,pbp,Mountain West,FBS Independents,fbs,fbs
#3d77b8,#a4a4a4,2020,Bowls,vrbo citrus bowl,2,77,Auburn,Northwestern(10),4.88,pbp,SEC,Big Ten,fbs,fbs
#7f46c2,#cc6666,2024,9,,264,84,Washington,Indiana(13),4.88,pbp,Big Ten,Big Ten,fbs,fbs
#e6ccb3,#828282,2024,4,,2638,36,UTEP,Colorado State,4.88,pbp,Conference USA,Mountain West,fbs,fbs
#da8f8f,#44699b,2017,12,,158,213,Nebraska,Penn State(13),4.88,pbp,Big Ten,Big Ten,fbs,fbs
#6e6e6e,#d2adae,2021,13,,2433,309,UL Monroe,Louisiana(23),4.88,pbp,Sun Belt,Sun Belt,fbs,fbs
#af3a3a,#978da5,2015,13,,245,99,Texas A&M,LSU,4.88,pbp,SEC,SEC,fbs,fbs
#8e8e8e,#6f7cc9,2023,11,,195,2084,Ohio,Buffalo,4.88,pbp,Mid-American,Mid-American,fbs,fbs
#5d7193,#bc778f,2025,14,,12,9,Arizona,Arizona State,4.88,pbp,Big 12,Big 12,fbs,fbs
#d6889a,#bc778f,2021,Bowls,srs distribution las vegas bowl,275,9,Wisconsin,Arizona State,4.88,pbp,Big Ten,Pac-12,fbs,fbs
#3f647f,#47c27c,2019,6,,25,2483,California,Oregon(13),4.88,pbp,Pac-12,Pac-12,fbs,fbs
#935531,#8e8e8e,2025,5,,189,195,Bowling Green,Ohio,4.88,pbp,Mid-American,Mid-American,fbs,fbs
#9156c7,#76d198,2023,8,,256,276,James Madison,Marshall,4.88,pbp,Sun Belt,Sun Belt,fbs,fbs
#917e9c,#40be99,2022,6,,151,2655,East Carolina,Tulane,4.88,pbp,American Athletic,American Athletic,fbs,fbs
#b5b5b5,#bd9099,2025,6,,238,333,Vanderbilt(16),Alabama(10),4.88,pbp,SEC,SEC,fbs,fbs
#a4a4a4,#d6889a,2023,11,,77,275,Northwestern,Wisconsin,4.88,pbp,Big Ten,Big Ten,fbs,fbs
#f4ebe0,#40be99,2019,Bowls,lockheed martin armed forces bowl,2572,2655,Southern Miss,Tulane,4.87,pbp,Conference USA,American Athletic,fbs,fbs
#d98c8c,#ad9a9d,2019,8,,152,103,NC State,Boston College,4.87,pbp,ACC,ACC,fbs,fbs
#7f46c2,#5d7193,2019,7,,264,12,Washington,Arizona,4.87,pbp,Pac-12,Pac-12,fbs,fbs
#5d7088,#f4f4f4,2026,5,,87,153,Notre Dame(3),North Carolina,4.87,pbp,FBS Independents,ACC,fbs,fbs
#ce919e,#3f78bc,2015,6,,167,2440,New Mexico,Nevada,4.87,pbp,Mountain West,Mountain West,fbs,fbs
#5096c4,#61a0ca,2020,8,,2005,23,Air Force,San José State,4.87,pbp,Mountain West,Mountain West,fbs,fbs
#828282,#4c4c4c,2021,4,,36,2294,Colorado State,Iowa(5),4.87,pbp,Mountain West,Big Ten,fbs,fbs
#cbbdb5,#d3a5b1,2025,1,,251,194,Texas(1),Ohio State(3),4.87,pbp,SEC,Big Ten,fbs,fbs
#359f7d,#5d7088,2025,10,,5,41,UAB,UConn,4.87,pbp,American Athletic,FBS Independents,fbs,fbs
#9f93ae,#dc9797,2021,1,,2710,2050,Western Illinois,Ball State,4.87,pbp,MVFC,Mid-American,fcs,fbs
#f2f2f2,#e0a3ae,2015,13,,38,254,Colorado,Utah,4.87,pbp,Pac-12,Pac-12,fbs,fbs
#7f46c2,#5d7193,2023,5,,264,12,Washington(7),Arizona,4.87,pbp,Pac-12,Pac-12,fbs,fbs
#3f647f,#adb8c1,2015,8,,25,26,California(20),UCLA,4.87,pbp,Pac-12,Pac-12,fbs,fbs
#cf6e75,#868686,2025,15,mac championship,193,2711,Miami (OH),Western Michigan,4.87,pbp,Mid-American,Mid-American,fbs,fbs
#5d7088,#e6c7b3,2016,5,,87,183,Notre Dame,Syracuse,4.86,pbp,FBS Independents,ACC,fbs,fbs
#75807c,#cfbdbf,2024,13,,239,248,Baylor,Houston,4.86,pbp,Big 12,Big 12,fbs,fbs
#885caf,#3c73b2,2022,12,,2306,277,Kansas State(19),West Virginia,4.86,pbp,Big 12,Big 12,fbs,fbs
#e2c9a6,#cfa0a8,2023,1,,304,21,Idaho State,San Diego State,4.86,pbp,Big Sky,Mountain West,fcs,fbs
#61a0ca,#838383,2022,5,,23,2751,San José State,Wyoming,4.86,pbp,Mountain West,Mountain West,fbs,fbs
#e5c2b2,#d37d7b,2024,13,,2534,55,Sam Houston,Jacksonville State,4.86,pbp,Conference USA,Conference USA,fbs,fbs
#707987,#d98c8c,2018,1,,145,2641,Ole Miss,Texas Tech,4.86,pbp,SEC,Big 12,fbs,fbs
#d07980,#57c78b,2017,Bowls,r+l carriers new orleans bowl,2653,249,Troy,North Texas,4.86,pbp,Sun Belt,Conference USA,fbs,fbs
#b9a0a5,#f2f2f2,2017,11,,30,38,USC(15),Colorado,4.86,pbp,Pac-12,Pac-12,fbs,fbs
#576f8c,#8e8e8e,2022,14,mac championship,2649,195,Toledo,Ohio,4.86,pbp,Mid-American,Mid-American,fbs,fbs
#6388cb,#cc7a91,2018,4,,202,218,Tulsa,Temple,4.86,pbp,American Athletic,American Athletic,fbs,fbs
#85797a,#99a6b8,2016,6,,326,2247,Texas State,Georgia State,4.86,pbp,Sun Belt,Sun Belt,fbs,fbs
#dc9797,#868686,2021,6,,2050,2711,Ball State,Western Michigan,4.86,pbp,Mid-American,Mid-American,fbs,fbs
#4fb885,#db93a2,2023,2,,2429,120,Charlotte,Maryland,4.86,pbp,American Athletic,Big Ten,fbs,fbs
#3d6bb7,#6388cb,2025,3,,2426,202,Navy,Tulsa,4.86,pbp,American Athletic,American Athletic,fbs,fbs
#a75a7c,#4c4c4c,2017,9,,135,2294,Minnesota,Iowa,4.86,pbp,Big Ten,Big Ten,fbs,fbs
#3974ac,#7b7b7b,2016,9,,130,127,Michigan(2),Michigan State,4.86,pbp,Big Ten,Big Ten,fbs,fbs
#af3a3a,#ce919e,2019,13,,245,61,Texas A&M(24),Georgia(4),4.86,pbp,SEC,SEC,fbs,fbs
#d2adae,#359f7d,2023,3,,309,5,Louisiana,UAB,4.85,pbp,Sun Belt,American Athletic,fbs,fbs
#dc9797,#d98c8c,2019,4,,2050,152,Ball State,NC State,4.85,pbp,Mid-American,ACC,fbs,fbs
#d07980,#d2adae,2024,13,,2653,309,Troy,Louisiana,4.85,pbp,Sun Belt,Sun Belt,fbs,fbs
#c8c6c2,#3f7fbd,2026,2,,2116,221,UCF,Pittsburgh,4.85,pbp,Big 12,ACC,fbs,fbs
#4c4c4c,#44699b,2020,12,,2294,213,Iowa,Penn State,4.85,pbp,Big Ten,Big Ten,fbs,fbs
#7b7b7b,#a75a7c,2023,9,,127,135,Michigan State,Minnesota,4.85,pbp,Big Ten,Big Ten,fbs,fbs
#576f8c,#b7949a,2023,6,,2649,113,Toledo,Massachusetts,4.85,pbp,Mid-American,FBS Independents,fbs,fbs
#da8f8f,#bca0a5,2021,3,,158,201,Nebraska,Oklahoma(3),4.85,pbp,Big Ten,Big 12,fbs,fbs
#937a7f,#af3a3a,2015,5,,344,245,Mississippi State(21),Texas A&M(14),4.85,pbp,SEC,SEC,fbs,fbs
#917e9c,#b7b7b8,2015,5,,151,2567,East Carolina,SMU,4.85,pbp,American Athletic,American Athletic,fbs,fbs
#ce919e,#978da5,2018,7,,61,99,Georgia(2),LSU(13),4.85,pbp,SEC,SEC,fbs,fbs
#cfbdbf,#d98c8c,2023,5,,248,2641,Houston,Texas Tech,4.85,pbp,Big 12,Big 12,fbs,fbs
#d2adae,#ddb4b6,2023,10,,309,2032,Louisiana,Arkansas State,4.85,pbp,Sun Belt,Sun Belt,fbs,fbs
#da8f8f,#a75a7c,2015,7,,158,135,Nebraska,Minnesota,4.84,pbp,Big Ten,Big Ten,fbs,fbs
#e1bbbf,#d3a5b1,2015,3,,2459,194,Northern Illinois,Ohio State(1),4.84,pbp,Mid-American,Big Ten,fbs,fbs
#da8f8f,#e7c8b6,2023,6,,158,356,Nebraska,Illinois,4.84,pbp,Big Ten,Big Ten,fbs,fbs
#dc97a7,#61a0ca,2026,3,,278,23,Fresno State,San José State,4.84,pbp,Pac-12,Mountain West,fbs,fbs
#a0a0a0,#6f82cf,2017,13,,52,57,Florida State,Florida,4.84,pbp,ACC,SEC,fbs,fbs
#4c85c3,#e1bbbf,2021,14,,2309,2459,Kent State,Northern Illinois,4.84,pbp,Mid-American,Mid-American,fbs,fbs
#576f8c,#6f7cc9,2019,13,,2649,2084,Toledo,Buffalo,4.84,pbp,Mid-American,Mid-American,fbs,fbs
#3f7fbd,#3aaf80,2016,10,,221,2390,Pittsburgh,Miami,4.84,pbp,ACC,ACC,fbs,fbs
#838383,#ce919e,2016,13,,2751,167,Wyoming,New Mexico,4.84,pbp,Mountain West,Mountain West,fbs,fbs
#a6a0a1,#b7949a,2019,2,,79,113,Southern Illinois,Massachusetts,4.84,pbp,MVFC,FBS Independents,fcs,fbs
#cc6666,#848484,2017,2,,84,258,Indiana,Virginia,4.84,pbp,Big Ten,ACC,fbs,fbs
#cc6666,#3974ac,2018,12,,84,130,Indiana,Michigan(4),4.84,pbp,Big Ten,Big Ten,fbs,fbs
#cc7a91,#5c81c6,2018,Bowls,walk-on's independence bowl,218,150,Temple,Duke,4.84,pbp,American Athletic,ACC,fbs,fbs
#828282,#f2f2f2,2019,1,,36,38,Colorado State,Colorado,4.84,pbp,Mountain West,Pac-12,fbs,fbs
#6f7cc9,#cf6e75,2017,8,,2084,193,Buffalo,Miami (OH),4.84,pbp,Mid-American,Mid-American,fbs,fbs
#bca0a5,#a6999b,2016,10,,201,66,Oklahoma(12),Iowa State,4.84,pbp,Big 12,Big 12,fbs,fbs
#357a9e,#838383,2022,8,,328,2751,Utah State,Wyoming,4.84,pbp,Mountain West,Mountain West,fbs,fbs
#6e6e6e,#6095ca,2017,1,,2433,235,UL Monroe,Memphis,4.84,legacy,Sun Belt,American Athletic,fbs,fbs
#4e6192,#d37d7b,2023,7,,2335,55,Liberty,Jacksonville State,4.84,pbp,Conference USA,Conference USA,fbs,fbs
#b8b8b8,#d88a96,2022,9,,154,97,Wake Forest(10),Louisville,4.84,pbp,ACC,ACC,fbs,fbs
#6095ca,#cc7a91,2015,12,,235,218,Memphis,Temple,4.83,pbp,American Athletic,American Athletic,fbs,fbs
#cc6666,#5d7088,2024,Bowls,,84,87,Indiana(10),Notre Dame(2),4.83,pbp,Big Ten,FBS Independents,fbs,fbs
#d9c78e,#3d75b8,2020,7,,349,2636,Army,UTSA,4.83,pbp,FBS Independents,Conference USA,fbs,fbs
#339a72,#357a9e,2021,9,,62,328,Hawai'i,Utah State,4.83,pbp,Mountain West,Mountain West,fbs,fbs
#576f8c,#339969,2020,12,,2649,2199,Toledo,Eastern Michigan,4.83,pbp,Mid-American,Mid-American,fbs,fbs
#ffffff,#339a72,2018,2,,242,62,Rice,Hawai'i,4.83,pbp,Conference USA,Mountain West,fbs,fbs
#4abfc2,#99a6b8,2022,4,,324,2247,Coastal Carolina,Georgia State,4.83,pbp,Sun Belt,Sun Belt,fbs,fbs
#adb8c1,#b48686,2019,8,,26,24,UCLA,Stanford,4.83,pbp,Pac-12,Pac-12,fbs,fbs
#3974ac,#bd9099,2019,Bowls,vrbo citrus bowl,130,333,Michigan(18),Alabama(8),4.83,pbp,Big Ten,SEC,fbs,fbs
#828282,#838383,2019,13,,36,2751,Colorado State,Wyoming,4.83,pbp,Mountain West,Mountain West,fbs,fbs
#5d7088,#ce919e,2024,Bowls,college football playoff quarterfinal at the allstate sugar bowl - rescheduled from jan 1,87,61,Notre Dame(2),Georgia(6),4.83,pbp,FBS Independents,SEC,fbs,fbs
#acacad,#d98c8c,2024,1,,2717,152,Western Carolina,NC State(24),4.83,pbp,Southern,ACC,fcs,fbs
#339969,#bc778f,2022,3,,2199,9,Eastern Michigan,Arizona State,4.83,legacy,Mid-American,Pac-12,fbs,fbs
#cc6666,#d5a6af,2020,9,,84,164,Indiana(17),Rutgers,4.83,pbp,Big Ten,Big Ten,fbs,fbs
#6388cb,#dd9da6,2021,10,,202,2132,Tulsa,Cincinnati(2),4.83,pbp,American Athletic,American Athletic,fbs,fbs
#8e8e8e,#868686,2022,7,,195,2711,Ohio,Western Michigan,4.83,pbp,Mid-American,Mid-American,fbs,fbs
#6b8bce,#e6cab3,2018,3,,68,197,Boise State(17),Oklahoma State(24),4.83,pbp,Mountain West,Big 12,fbs,fbs
#75807c,#cbbdb5,2020,8,,239,251,Baylor,Texas,4.83,pbp,Big 12,Big 12,fbs,fbs
#f0e7d1,#917e9c,2015,1,,119,151,Towson,East Carolina,4.83,pbp,CAA,American Athletic,fcs,fbs
#d5a6af,#a4a4a4,2021,7,,164,77,Rutgers,Northwestern,4.82,pbp,Big Ten,Big Ten,fbs,fbs
#e6c6c7,#7cb0d3,2022,7,,98,2393,Western Kentucky,Middle Tennessee,4.82,pbp,Conference USA,Conference USA,fbs,fbs
#e9e1ce,#c24a54,2020,12,,142,2579,Missouri,South Carolina,4.82,pbp,SEC,SEC,fbs,fbs
#339969,#868686,2022,6,,2199,2711,Eastern Michigan,Western Michigan,4.82,pbp,Mid-American,Mid-American,fbs,fbs
#e1bbbf,#868686,2016,6,,2459,2711,Northern Illinois,Western Michigan,4.82,pbp,Mid-American,Mid-American,fbs,fbs
#57c78b,#3d75b8,2016,9,,249,2636,North Texas,UTSA,4.82,pbp,Conference USA,Conference USA,fbs,fbs
#345b9d,#4fb885,2022,8,,2229,2429,Florida International,Charlotte,4.82,pbp,Conference USA,Conference USA,fbs,fbs
#a8848d,#e6ccb3,2021,1,,2065,2638,Bethune-Cookman,UTEP,4.82,pbp,SWAC,Conference USA,fcs,fbs
#76d198,#d98c8c,2017,2,,276,152,Marshall,NC State,4.82,pbp,Conference USA,ACC,fbs,fbs
#6e6e6e,#d9c78e,2022,8,,2433,349,UL Monroe,Army,4.82,pbp,Sun Belt,FBS Independents,fbs,fbs
#cf6e75,#935531,2024,14,,193,189,Miami (OH),Bowling Green,4.82,pbp,Mid-American,Mid-American,fbs,fbs
#40be99,#885caf,2026,3,,2655,2306,Tulane,Kansas State,4.81,pbp,American Athletic,Big 12,fbs,fbs
#937a7f,#ce919e,2024,7,,344,61,Mississippi State,Georgia(5),4.81,pbp,SEC,SEC,fbs,fbs
#576f8c,#dc9797,2023,7,,2649,2050,Toledo,Ball State,4.81,pbp,Mid-American,Mid-American,fbs,fbs
#6f82cf,#c24a54,2015,11,,57,2579,Florida(11),South Carolina,4.81,pbp,SEC,SEC,fbs,fbs
#3f7fbd,#3aaf80,2020,7,,221,2390,Pittsburgh,Miami(13),4.81,pbp,ACC,ACC,fbs,fbs
#357a9e,#ce919e,2017,10,,328,167,Utah State,New Mexico,4.81,pbp,Mountain West,Mountain West,fbs,fbs
#357a9e,#ce919e,2019,14,,328,167,Utah State,New Mexico,4.81,pbp,Mountain West,Mountain West,fbs,fbs
#f4f4f4,#3c7eb4,2019,6,,153,59,North Carolina,Georgia Tech,4.81,pbp,ACC,ACC,fbs,fbs
#57c78b,#4078be,2021,4,,249,2348,North Texas,Louisiana Tech,4.81,pbp,Conference USA,Conference USA,fbs,fbs
#d98c8c,#5d7088,2023,1,,152,41,NC State,UConn,4.81,pbp,ACC,FBS Independents,fbs,fbs
#b57f81,#ce919e,2025,5,,166,167,New Mexico State,New Mexico,4.81,pbp,Conference USA,Mountain West,fbs,fbs
#d98c8c,#885caf,2018,12,,2641,2306,Texas Tech,Kansas State,4.81,pbp,Big 12,Big 12,fbs,fbs
#cbbdb5,#e9e1ce,2017,Bowls,academy sports + outdoors texas bowl,251,142,Texas,Missouri,4.81,pbp,Big 12,SEC,fbs,fbs
#d6889a,#a75a7c,2025,14,,275,135,Wisconsin,Minnesota,4.81,pbp,Big Ten,Big Ten,fbs,fbs
#6c6f6d,#848484,2023,6,,2729,258,William & Mary,Virginia,4.81,pbp,CAA,ACC,fcs,fbs
#d9c78e,#d6889a,2021,7,,349,275,Army,Wisconsin,4.81,pbp,FBS Independents,Big Ten,fbs,fbs
#6388cb,#6095ca,2016,9,,202,235,Tulsa,Memphis,4.81,pbp,American Athletic,American Athletic,fbs,fbs
#c0437e,#6b8bce,2018,1,,2117,96,Central Michigan,Kentucky,4.81,pbp,Mid-American,SEC,fbs,fbs
#3c73b2,#bca0a5,2015,5,,277,201,West Virginia(23),Oklahoma(15),4.81,pbp,Big 12,Big 12,fbs,fbs
#bd7575,#7cb0d3,2025,1,,2046,2393,Austin Peay,Middle Tennessee,4.81,pbp,UAC,Conference USA,fcs,fbs
#6b8bce,#3d77b8,2020,4,,96,2,Kentucky(23),Auburn(8),4.8,pbp,SEC,SEC,fbs,fbs
#6388cb,#cc7a91,2024,8,,202,218,Tulsa,Temple,4.8,pbp,American Athletic,American Athletic,fbs,fbs
#d98c8c,#cbbdb5,2019,14,,2641,251,Texas Tech,Texas,4.8,pbp,Big 12,Big 12,fbs,fbs
#3f647f,#b48686,2015,12,,25,24,California,Stanford(15),4.8,pbp,Pac-12,Pac-12,fbs,fbs
#7b7b7b,#d5a6af,2021,6,,127,164,Michigan State(11),Rutgers,4.8,pbp,Big Ten,Big Ten,fbs,fbs
#cbb4b7,#8e8e8e,2025,4,,2241,195,Gardner-Webb,Ohio,4.8,pbp,Big South-OVC,Mid-American,fcs,fbs
#a0a0a0,#6f82cf,2025,14,,52,57,Florida State,Florida,4.8,pbp,ACC,SEC,fbs,fbs
#dd9da6,#3d6bb7,2021,8,,2132,2426,Cincinnati(2),Navy,4.8,pbp,American Athletic,American Athletic,fbs,fbs
#57c78b,#3f647f,2019,3,,249,25,North Texas,California,4.8,pbp,Conference USA,Pac-12,fbs,fbs
#40be99,#39aa8c,2018,10,,2655,58,Tulane,South Florida,4.8,legacy,American Athletic,American Athletic,fbs,fbs
#47c27c,#b6999d,2018,8,,2483,265,Oregon(12),Washington State(25),4.8,pbp,Pac-12,Pac-12,fbs,fbs
#e9e1ce,#c24a54,2022,9,,142,2579,Missouri,South Carolina(25),4.8,pbp,SEC,SEC,fbs,fbs
#cfa0a8,#339a72,2015,6,,21,62,San Diego State,Hawai'i,4.8,pbp,Mountain West,Mountain West,fbs,fbs
#3aaf80,#af3a3a,2022,3,,2390,245,Miami(13),Texas A&M(24),4.8,pbp,ACC,SEC,fbs,fbs
#b5b5b5,#707987,2015,4,,238,145,Vanderbilt,Ole Miss(3),4.8,pbp,SEC,SEC,fbs,fbs
#3c73b2,#3f647f,2019,1,,302,25,UC Davis,California,4.8,pbp,Big Sky,Pac-12,fcs,fbs
#47c27c,#7f46c2,2025,14,,2483,264,Oregon(5),Washington,4.8,pbp,Big Ten,Big Ten,fbs,fbs
#b6999d,#47c27c,2023,8,,265,2483,Washington State,Oregon(9),4.8,pbp,Pac-12,Pac-12,fbs,fbs
#c0437e,#339969,2018,10,,2117,2199,Central Michigan,Eastern Michigan,4.8,pbp,Mid-American,Mid-American,fbs,fbs
#e0a3ae,#7f46c2,2018,14,,254,264,Utah(17),Washington(10),4.8,pbp,Pac-12,Pac-12,fbs,fbs
#99a6b8,#357a9e,2023,Bowls,famous idaho potato bowl,2247,328,Georgia State,Utah State,4.79,pbp,Sun Belt,Mountain West,fbs,fbs
#b48686,#b9a0a5,2019,2,,24,30,Stanford(23),USC,4.79,pbp,Pac-12,Pac-12,fbs,fbs
#f2f2f2,#cfbdbf,2025,3,,38,248,Colorado,Houston,4.79,pbp,Big 12,Big 12,fbs,fbs
#3c73b2,#3aaf80,2016,Bowls,russell athletic bowl,277,2390,West Virginia(18),Miami(20),4.79,pbp,Big 12,ACC,fbs,fbs
#3cb48f,#cfa0a8,2018,2,,16,21,Sacramento State,San Diego State,4.79,pbp,Big Sky,Mountain West,fcs,fbs
#ddb4b6,#76d198,2023,13,,2032,276,Arkansas State,Marshall,4.79,pbp,Sun Belt,Sun Belt,fbs,fbs
#cfa0a8,#e1bbbf,2016,3,,21,2459,San Diego State,Northern Illinois,4.79,pbp,Mountain West,Mid-American,fbs,fbs
#a6a0a1,#ddb4b6,2019,4,,79,2032,Southern Illinois,Arkansas State,4.79,pbp,MVFC,Sun Belt,fcs,fbs
#917e9c,#3d75b8,2023,9,,151,2636,East Carolina,UTSA,4.79,pbp,American Athletic,American Athletic,fbs,fbs
#5c81c6,#3f647f,2025,6,,150,25,Duke,California,4.79,pbp,ACC,ACC,fbs,fbs
#FFFFFF,#b7949a,2023,10,,2771,113,Merrimack,Massachusetts,4.79,pbp,NEC,FBS Independents,fcs,fbs
#dd9da6,#4c4c4c,2016,2,,2132,2509,Cincinnati,Purdue,4.79,pbp,American Athletic,Big Ten,fbs,fbs
#3f78bc,#885caf,2021,3,,2440,2306,Nevada,Kansas State,4.79,pbp,Mountain West,Big 12,fbs,fbs
#9cbacd,#4e6192,2019,8,,311,2335,Maine,Liberty,4.79,pbp,CAA,FBS Independents,fcs,fbs
#d07980,#6b8bce,2017,1,,2653,68,Troy,Boise State,4.79,pbp,Sun Belt,Mountain West,fbs,fbs
#39aa8c,#935531,2026,4,,58,189,South Florida,Bowling Green,4.78,pbp,American Athletic,Mid-American,fbs,fbs
#3cb48f,#339969,2026,1,,16,2199,Sacramento State,Eastern Michigan,4.78,pbp,Mid-American,Mid-American,fbs,fbs
#d98c8c,#a0a0a0,2021,10,,152,52,NC State,Florida State,4.78,pbp,ACC,ACC,fbs,fbs
#a6999b,#e6cab3,2025,14,,66,197,Iowa State,Oklahoma State,4.78,pbp,Big 12,Big 12,fbs,fbs
#a4a4a4,#da8f8f,2023,8,,77,158,Northwestern,Nebraska,4.78,pbp,Big Ten,Big Ten,fbs,fbs
#e6c6c7,#b57f81,2024,11,,98,166,Western Kentucky,New Mexico State,4.78,pbp,Conference USA,Conference USA,fbs,fbs
#e6c6c7,#345b9d,2021,8,,98,2229,Western Kentucky,Florida International,4.78,legacy,Conference USA,Conference USA,fbs,fbs
#ddb4b6,#4b83c3,2021,5,,2032,290,Arkansas State,Georgia Southern,4.78,pbp,Sun Belt,Sun Belt,fbs,fbs
#4abfc2,#cc7a91,2024,3,,324,218,Coastal Carolina,Temple,4.78,pbp,Sun Belt,American Athletic,fbs,fbs
#b8b8b8,#bd3f7d,2023,7,,154,259,Wake Forest,Virginia Tech,4.78,pbp,ACC,ACC,fbs,fbs
#4abfc2,#e6dbb3,2019,5,,324,2026,Coastal Carolina,App State,4.77,pbp,Sun Belt,Sun Belt,fbs,fbs
#3d6bb7,#6095ca,2015,10,,2426,235,Navy,Memphis(15),4.77,pbp,American Athletic,American Athletic,fbs,fbs
#7fa4d4,#bca0a5,2018,12,,2305,201,Kansas,Oklahoma(6),4.77,pbp,Big 12,Big 12,fbs,fbs
#57c78b,#3d75b8,2022,14,conference usa championship,249,2636,North Texas,UTSA(23),4.77,pbp,Conference USA,Conference USA,fbs,fbs
#cfbdbf,#3d6bb7,2020,8,,248,2426,Houston,Navy,4.77,pbp,American Athletic,American Athletic,fbs,fbs
#3d68b7,#6095ca,2018,4,,6,235,South Alabama,Memphis,4.77,pbp,Sun Belt,American Athletic,fbs,fbs
#d3a5b1,#44699b,2020,9,,194,213,Ohio State(3),Penn State(18),4.77,pbp,Big Ten,Big Ten,fbs,fbs
#3f7fbd,#b48686,2025,10,,221,24,Pittsburgh,Stanford,4.77,pbp,ACC,ACC,fbs,fbs
#b5b5b5,#bd3f7d,2025,2,,238,259,Vanderbilt,Virginia Tech,4.77,pbp,SEC,ACC,fbs,fbs
#4c4c4c,#4c4c4c,2016,7,,2294,2509,Iowa,Purdue,4.77,pbp,Big Ten,Big Ten,fbs,fbs
#4078be,#57c78b,2022,7,,2348,249,Louisiana Tech,North Texas,4.77,pbp,Conference USA,Conference USA,fbs,fbs
#4c4c4c,#3974ac,2019,6,,2294,130,Iowa(14),Michigan(19),4.77,pbp,Big Ten,Big Ten,fbs,fbs
#5090c5,#c8c6c2,2018,4,,2226,2116,Florida Atlantic,UCF(16),4.77,pbp,Conference USA,American Athletic,fbs,fbs
#bd3f7d,#e6ccb3,2016,2,,259,2633,Virginia Tech,Tennessee(17),4.76,pbp,ACC,SEC,fbs,fbs
#5c81c6,#a0a0a0,2020,15,,150,52,Duke,Florida State,4.76,pbp,ACC,ACC,fbs,fbs
#d2adae,#e6dbb3,2018,14,,309,2026,Louisiana,App State,4.76,pbp,Sun Belt,Sun Belt,fbs,fbs
#ad9a9d,#d88a96,2025,9,,103,97,Boston College,Louisville(19),4.76,pbp,ACC,ACC,fbs,fbs
#868686,#4c85c3,2016,11,,2711,2309,Western Michigan(14),Kent State,4.76,pbp,Mid-American,Mid-American,fbs,fbs
#3d6bb7,#d9c78e,2018,15,,2426,349,Navy,Army(22),4.76,pbp,American Athletic,FBS Independents,fbs,fbs
#cc7a91,#db93a2,2018,3,,218,120,Temple,Maryland,4.76,pbp,American Athletic,Big Ten,fbs,fbs
#7cb0d3,#5090c5,2019,7,,2393,2226,Middle Tennessee,Florida Atlantic,4.76,pbp,Conference USA,Conference USA,fbs,fbs
#40be99,#c8c6c2,2020,8,,2655,2116,Tulane,UCF,4.76,pbp,American Athletic,American Athletic,fbs,fbs
#3aaf80,#d98c8c,2023,10,,2390,152,Miami,NC State,4.76,pbp,ACC,ACC,fbs,fbs
#cf6e75,#6f7cc9,2016,11,,193,2084,Miami (OH),Buffalo,4.76,pbp,Mid-American,Mid-American,fbs,fbs
#828282,#bc778f,2015,2,,13,9,Cal Poly,Arizona State,4.76,pbp,Big Sky,Pac-12,fcs,fbs
#ddb4b6,#b7b7b8,2017,4,,2032,2567,Arkansas State,SMU,4.76,pbp,Sun Belt,American Athletic,fbs,fbs
#dc9797,#b5b5b5,2024,8,,2050,238,Ball State,Vanderbilt,4.76,pbp,Mid-American,SEC,fbs,fbs
#cbbdb5,#3c73b2,2015,11,,251,277,Texas,West Virginia,4.76,pbp,Big 12,Big 12,fbs,fbs
#6f7cc9,#4e6192,2019,3,,2084,2335,Buffalo,Liberty,4.76,pbp,Mid-American,FBS Independents,fbs,fbs
#99a6b8,#d2adae,2018,11,,2247,309,Georgia State,Louisiana,4.76,pbp,Sun Belt,Sun Belt,fbs,fbs
#40be99,#917e9c,2021,5,,2655,151,Tulane,East Carolina,4.75,pbp,American Athletic,American Athletic,fbs,fbs
#5d7088,#b7b7b8,2017,5,,41,2567,UConn,SMU,4.75,pbp,American Athletic,American Athletic,fbs,fbs
#cbbdb5,#7fa4d4,2018,13,,251,2305,Texas(11),Kansas,4.75,pbp,Big 12,Big 12,fbs,fbs
#6095ca,#6388cb,2015,8,,235,202,Memphis(18),Tulsa,4.75,pbp,American Athletic,American Athletic,fbs,fbs
#e9e1ce,#bca0a5,2025,13,,142,201,Missouri(23),Oklahoma(8),4.75,pbp,SEC,SEC,fbs,fbs
#e1cacb,#dc9797,2015,1,,2678,2050,VMI,Ball State,4.75,pbp,Southern,Mid-American,fcs,fbs
#c24a54,#6f82cf,2020,5,,2579,57,South Carolina,Florida(3),4.75,pbp,SEC,SEC,fbs,fbs
#4c4c4c,#4c4c4c,2021,7,,2509,2294,Purdue,Iowa(2),4.75,pbp,Big Ten,Big Ten,fbs,fbs
#d07980,#e9e1ce,2026,3,,2653,142,Troy,Missouri(20),4.75,pbp,Sun Belt,SEC,fbs,fbs
#d9c78e,#4e6192,2021,13,,349,2335,Army,Liberty,4.75,pbp,FBS Independents,FBS Independents,fbs,fbs
#339969,#c0437e,2025,5,,2199,2117,Eastern Michigan,Central Michigan,4.75,pbp,Mid-American,Mid-American,fbs,fbs
#6b8bce,#e6ccb3,2022,4,,68,2638,Boise State,UTEP,4.75,pbp,Mountain West,Conference USA,fbs,fbs
#3d75b8,#6f92cf,2020,6,,2636,252,UTSA,BYU(15),4.75,pbp,Conference USA,FBS Independents,fbs,fbs
#3974ac,#7b7b7b,2025,9,,130,127,Michigan(25),Michigan State,4.75,pbp,Big Ten,Big Ten,fbs,fbs
#a6999b,#885caf,2021,7,,66,2306,Iowa State,Kansas State,4.75,pbp,Big 12,Big 12,fbs,fbs
#4b83c3,#3c7eb4,2016,7,,290,59,Georgia Southern,Georgia Tech,4.75,pbp,Sun Belt,ACC,fbs,fbs
#8e8e8e,#3f7fbd,2019,2,,195,221,Ohio,Pittsburgh,4.75,pbp,Mid-American,ACC,fbs,fbs
#bd3f7d,#c24a54,2025,1,aflac kickoff,259,2579,Virginia Tech,South Carolina(13),4.74,pbp,ACC,SEC,fbs,fbs
#d6889a,#a75a7c,2019,14,,275,135,Wisconsin(13),Minnesota(9),4.74,pbp,Big Ten,Big Ten,fbs,fbs
#b57f81,#4e6192,2023,2,,166,2335,New Mexico State,Liberty,4.74,pbp,Conference USA,Conference USA,fbs,fbs
#4e6192,#b7b7b8,2016,3,,2335,2567,Liberty,SMU,4.74,pbp,Big South,American Athletic,fcs,fbs
#ad9a9d,#b7b7b8,2026,5,,103,2567,Boston College,SMU(21),4.74,pbp,ACC,ACC,fbs,fbs
#3f7fbd,#5c81c6,2015,11,,221,150,Pittsburgh,Duke,4.74,pbp,ACC,ACC,fbs,fbs
#8e8e8e,#576f8c,2024,13,,195,2649,Ohio,Toledo,4.74,pbp,Mid-American,Mid-American,fbs,fbs
#adb8c1,#e0a3ae,2023,4,,26,254,UCLA(22),Utah(11),4.74,pbp,Pac-12,Pac-12,fbs,fbs
#3cb48f,#dc97a7,2019,4,,16,278,Sacramento State,Fresno State,4.74,pbp,Big Sky,Mountain West,fcs,fbs
#707987,#937a7f,2023,13,,145,344,Ole Miss(12),Mississippi State,4.74,pbp,SEC,SEC,fbs,fbs
#cbbdb5,#af3a3a,2024,14,,251,245,Texas(3),Texas A&M(20),4.74,pbp,SEC,SEC,fbs,fbs
#d98c8c,#3f7fbd,2017,7,,152,221,NC State(20),Pittsburgh,4.74,pbp,ACC,ACC,fbs,fbs
#c8c6c2,#6388cb,2015,10,,2116,202,UCF,Tulsa,4.74,pbp,American Athletic,American Athletic,fbs,fbs
#75807c,#5096c4,2022,Bowls,lockheed martin armed forces bowl,239,2005,Baylor,Air Force,4.74,pbp,Big 12,Mountain West,fbs,fbs
#44699b,#cc7a91,2015,1,,213,218,Penn State,Temple,4.74,pbp,Big Ten,American Athletic,fbs,fbs
#3aaf80,#3c7eb4,2016,5,,2390,59,Miami(14),Georgia Tech,4.74,pbp,ACC,ACC,fbs,fbs
#3d77b8,#af3a3a,2015,10,,2,245,Auburn,Texas A&M(25),4.74,pbp,SEC,SEC,fbs,fbs
#357a9e,#61a0ca,2023,8,,328,23,Utah State,San José State,4.73,pbp,Mountain West,Mountain West,fbs,fbs
#3d75b8,#57c78b,2021,13,,2636,249,UTSA(15),North Texas,4.73,pbp,Conference USA,Conference USA,fbs,fbs
#357a9e,#838383,2018,8,,328,2751,Utah State,Wyoming,4.73,pbp,Mountain West,Mountain West,fbs,fbs
#3aaf80,#a0a0a0,2019,10,,2390,52,Miami,Florida State,4.73,pbp,ACC,ACC,fbs,fbs
#d07980,#f4ebe0,2021,3,,2653,2572,Troy,Southern Miss,4.73,pbp,Sun Belt,Conference USA,fbs,fbs
#4abfc2,#3c73b2,2026,1,,324,277,Coastal Carolina,West Virginia,4.73,pbp,Sun Belt,Big 12,fbs,fbs
#519bc5,#f4ebe0,2015,12,,295,2572,Old Dominion,Southern Miss,4.73,pbp,Conference USA,Conference USA,fbs,fbs
#bd9099,#af3a3a,2015,7,,333,245,Alabama(10),Texas A&M(9),4.73,pbp,SEC,SEC,fbs,fbs
#a4a4a4,#57c78b,2023,5,,2000,249,Abilene Christian,North Texas,4.73,pbp,UAC,American Athletic,fcs,fbs
#6388cb,#917e9c,2025,8,,202,151,Tulsa,East Carolina,4.73,pbp,American Athletic,American Athletic,fbs,fbs
#7b7b7b,#b9a0a5,2025,4,,127,30,Michigan State,USC(25),4.73,pbp,Big Ten,Big Ten,fbs,fbs
#b9a0a5,#bc778f,2023,4,,30,9,USC(5),Arizona State,4.73,pbp,Pac-12,Pac-12,fbs,fbs
#f4f4f4,#e6c7b3,2025,10,,153,183,North Carolina,Syracuse,4.73,pbp,ACC,ACC,fbs,fbs
#c8c6c2,#6f82cf,2024,6,,2116,57,UCF,Florida,4.73,pbp,Big 12,SEC,fbs,fbs
#6388cb,#cbbdb5,2018,2,,202,251,Tulsa,Texas,4.73,pbp,American Athletic,Big 12,fbs,fbs
#40be99,#b8b8b8,2016,1,,2655,154,Tulane,Wake Forest,4.73,pbp,American Athletic,ACC,fbs,fbs
#885caf,#e6cab3,2025,12,,2306,197,Kansas State,Oklahoma State,4.73,pbp,Big 12,Big 12,fbs,fbs
#3d68b7,#6e6e6e,2019,5,,6,2433,South Alabama,UL Monroe,4.73,pbp,Sun Belt,Sun Belt,fbs,fbs
#c8c6c2,#cfbdbf,2020,9,,2116,248,UCF,Houston,4.73,pbp,American Athletic,American Athletic,fbs,fbs
#6b8bce,#75807c,2016,Bowls,motel 6 cactus bowl,68,239,Boise State,Baylor,4.73,pbp,Mountain West,Big 12,fbs,fbs
#978da5,#bd9fa4,2018,11,,99,8,LSU(9),Arkansas,4.73,pbp,SEC,SEC,fbs,fbs
#5d7088,#d3a5b1,2022,1,,87,194,Notre Dame(5),Ohio State(2),4.73,pbp,FBS Independents,Big Ten,fbs,fbs
#bd9fa4,#af3a3a,2018,5,,8,245,Arkansas,Texas A&M,4.72,pbp,SEC,SEC,fbs,fbs
#c0437e,#e1bbbf,2024,14,,2117,2459,Central Michigan,Northern Illinois,4.72,pbp,Mid-American,Mid-American,fbs,fbs
#978da5,#e6c7b3,2015,4,,99,183,LSU(8),Syracuse,4.72,pbp,SEC,ACC,fbs,fbs
#76d198,#f4ebe0,2016,9,,276,2572,Marshall,Southern Miss,4.72,pbp,Conference USA,Conference USA,fbs,fbs
#ddb4b6,#3d68b7,2023,11,,2032,6,Arkansas State,South Alabama,4.72,pbp,Sun Belt,Sun Belt,fbs,fbs
#ce919e,#828282,2024,9,,167,36,New Mexico,Colorado State,4.72,pbp,Mountain West,Mountain West,fbs,fbs
#e7c8b6,#d6889a,2025,13,,356,275,Illinois,Wisconsin,4.72,pbp,Big Ten,Big Ten,fbs,fbs
#5d7088,#d98c8c,2023,2,,87,152,Notre Dame(10),NC State,4.72,pbp,FBS Independents,ACC,fbs,fbs
#d98c8c,#bc778f,2017,Bowls,,152,9,NC State(23),Arizona State,4.72,pbp,ACC,Pac-12,fbs,fbs
#db93a2,#d6889a,2025,4,,120,275,Maryland,Wisconsin,4.72,pbp,Big Ten,Big Ten,fbs,fbs
#6f7cc9,#8e8e8e,2022,10,,2084,195,Buffalo,Ohio,4.72,pbp,Mid-American,Mid-American,fbs,fbs
#d98c8c,#75807c,2017,11,,2641,239,Texas Tech,Baylor,4.72,pbp,Big 12,Big 12,fbs,fbs
#3d75b8,#cbbdb5,2022,3,,2636,251,UTSA,Texas(21),4.72,legacy,Conference USA,Big 12,fbs,fbs
#76d198,#5090c5,2015,7,,276,2226,Marshall,Florida Atlantic,4.72,pbp,Conference USA,Conference USA,fbs,fbs
#576f8c,#868686,2016,13,,2649,2711,Toledo,Western Michigan(14),4.72,pbp,Mid-American,Mid-American,fbs,fbs
#b4b4b4,#57c78b,2024,2,,2617,249,Stephen F. Austin,North Texas,4.72,pbp,Southland,American Athletic,fcs,fbs
#6f7cc9,#345b9d,2026,2,,2084,2229,Buffalo,Florida International,4.71,pbp,Mid-American,Conference USA,fbs,fbs
#cf6e75,#935531,2018,4,,193,189,Miami (OH),Bowling Green,4.71,pbp,Mid-American,Mid-American,fbs,fbs
#d37d7b,#f4ebe0,2025,5,,55,2572,Jacksonville State,Southern Miss,4.71,pbp,Conference USA,Sun Belt,fbs,fbs
#3c73b2,#3f647f,2024,1,,302,25,UC Davis,California,4.71,legacy,Big Sky,ACC,fcs,fbs
#6e6e6e,#4abfc2,2018,7,,2433,324,UL Monroe,Coastal Carolina,4.71,pbp,Sun Belt,Sun Belt,fbs,fbs
#a6999b,#4c4c4c,2018,2,,66,2294,Iowa State,Iowa,4.71,pbp,Big 12,Big Ten,fbs,fbs
#c8c6c2,#cc7a91,2015,7,,2116,218,UCF,Temple,4.71,pbp,American Athletic,American Athletic,fbs,fbs
#339969,#868686,2016,8,,2199,2711,Eastern Michigan,Western Michigan(20),4.71,pbp,Mid-American,Mid-American,fbs,fbs
#8e8e8e,#e6ccb3,2016,3,,195,2633,Ohio,Tennessee(15),4.71,pbp,Mid-American,SEC,fbs,fbs
#af3a3a,#c24a54,2016,5,,245,2579,Texas A&M(9),South Carolina,4.71,pbp,SEC,SEC,fbs,fbs
#3d68b7,#5096c4,2016,Bowls,,6,2005,South Alabama,Air Force,4.71,pbp,Sun Belt,Mountain West,fbs,fbs
#339969,#d2adae,2022,2,,2199,309,Eastern Michigan,Louisiana,4.71,pbp,Mid-American,Sun Belt,fbs,fbs
#339a72,#3f78bc,2021,7,,62,2440,Hawai'i,Nevada,4.71,pbp,Mountain West,Mountain West,fbs,fbs
#d98c8c,#76d198,2018,4,,152,276,NC State,Marshall,4.71,pbp,ACC,Conference USA,fbs,fbs
#bc778f,#e6cab3,2022,2,,9,197,Arizona State,Oklahoma State(11),4.7,pbp,Pac-12,Big 12,fbs,fbs
#d3a5b1,#bca0a5,2016,3,,194,201,Ohio State(3),Oklahoma(14),4.7,pbp,Big Ten,Big 12,fbs,fbs
#e6c6c7,#b5b5b5,2017,10,,98,238,Western Kentucky,Vanderbilt,4.7,pbp,Conference USA,SEC,fbs,fbs
#f6f6f6,#ddb4b6,2021,1,,2110,2032,Central Arkansas,Arkansas State,4.7,pbp,AWC,Sun Belt,fcs,fbs
#5d7088,#40be99,2015,10,,41,2655,UConn,Tulane,4.7,pbp,American Athletic,American Athletic,fbs,fbs
#47c27c,#adb8c1,2017,8,,2483,26,Oregon,UCLA,4.7,pbp,Pac-12,Pac-12,fbs,fbs
#8e8e8e,#e6c7b3,2024,1,,195,183,Ohio,Syracuse,4.7,pbp,Mid-American,ACC,fbs,fbs
#5090c5,#4fb885,2015,4,,2226,2429,Florida Atlantic,Charlotte,4.7,pbp,Conference USA,Conference USA,fbs,fbs
#b8b8b8,#848484,2021,4,,154,258,Wake Forest,Virginia,4.7,pbp,ACC,ACC,fbs,fbs
#6989c7,#345b9d,2025,4,,48,2229,Delaware,Florida International,4.69,pbp,Conference USA,Conference USA,fbs,fbs
#5d7088,#f4f4f4,2024,Bowls,wasabi fenway bowl,41,153,UConn,North Carolina,4.69,pbp,FBS Independents,ACC,fbs,fbs
#ddb4b6,#c8c6c2,2016,Bowls,autonation cure bowl,2032,2116,Arkansas State,UCF,4.69,pbp,Sun Belt,American Athletic,fbs,fbs
#ad9a9d,#4c4c4c,2018,4,,103,2509,Boston College(23),Purdue,4.69,pbp,ACC,Big Ten,fbs,fbs
#e3c2ab,#5c81c6,2023,1,,228,150,Clemson(9),Duke,4.69,pbp,ACC,ACC,fbs,fbs
#cfa0a8,#6f92cf,2020,15,,21,252,San Diego State,BYU(14),4.69,pbp,Mountain West,FBS Independents,fbs,fbs
#db93a2,#d5a6af,2023,13,,120,164,Maryland,Rutgers,4.69,pbp,Big Ten,Big Ten,fbs,fbs
#cfbdbf,#dd9da6,2016,3,,248,2132,Houston(6),Cincinnati,4.69,pbp,American Athletic,American Athletic,fbs,fbs
#e3c2ab,#e6c7b3,2015,11,,228,183,Clemson(1),Syracuse,4.69,pbp,ACC,ACC,fbs,fbs
#3d75b8,#4078be,2019,14,,2636,2348,UTSA,Louisiana Tech,4.69,pbp,Conference USA,Conference USA,fbs,fbs
#6b8bce,#b5b5b5,2017,11,,96,238,Kentucky,Vanderbilt,4.69,pbp,SEC,SEC,fbs,fbs
#3c73b2,#e6cab3,2020,4,,277,197,West Virginia,Oklahoma State(15),4.69,pbp,Big 12,Big 12,fbs,fbs
#f2f2f2,#c8c6c2,2024,5,,38,2116,Colorado,UCF,4.69,pbp,Big 12,Big 12,fbs,fbs
#c0437e,#cf6e75,2016,10,,2117,193,Central Michigan,Miami (OH),4.69,pbp,Mid-American,Mid-American,fbs,fbs
#3f78bc,#b57f81,2022,1,,2440,166,Nevada,New Mexico State,4.69,pbp,Mountain West,FBS Independents,fbs,fbs
#cfbdbf,#dd9da6,2021,14,,248,2132,Houston(16),Cincinnati(3),4.69,pbp,American Athletic,American Athletic,fbs,fbs
#ce919e,#6b8bce,2025,7,,167,68,New Mexico,Boise State,4.69,pbp,Mountain West,Mountain West,fbs,fbs
#917e9c,#39aa8c,2016,6,,151,58,East Carolina,South Florida,4.69,pbp,American Athletic,American Athletic,fbs,fbs
#6388cb,#bca0a5,2015,3,,202,201,Tulsa,Oklahoma(16),4.68,pbp,American Athletic,Big 12,fbs,fbs
#b6999d,#6b8bce,2024,5,,265,68,Washington State,Boise State(25),4.68,pbp,Pac-12,Mountain West,fbs,fbs
#5d7193,#6f92cf,2024,7,,12,252,Arizona,BYU(14),4.68,pbp,Big 12,Big 12,fbs,fbs
#3d6bb7,#5096c4,2016,5,,2426,2005,Navy,Air Force,4.68,pbp,American Athletic,Mountain West,fbs,fbs
#d6889a,#44699b,2018,11,,275,213,Wisconsin,Penn State(21),4.68,pbp,Big Ten,Big Ten,fbs,fbs
#888888,#4c85c3,2026,2,,2747,2309,Wofford,Kent State,4.68,pbp,Southern,Mid-American,fcs,fbs
#7cb0d3,#5090c5,2017,5,,2393,2226,Middle Tennessee,Florida Atlantic,4.68,pbp,Conference USA,Conference USA,fbs,fbs
#e7c8b6,#da8f8f,2016,5,,356,158,Illinois,Nebraska(15),4.68,pbp,Big Ten,Big Ten,fbs,fbs
#e6ccb3,#bd9099,2025,8,,2633,333,Tennessee(11),Alabama(6),4.67,pbp,SEC,SEC,fbs,fbs
#6f7cc9,#4c85c3,2017,5,,2084,2309,Buffalo,Kent State,4.67,pbp,Mid-American,Mid-American,fbs,fbs
#6b8bce,#5096c4,2020,9,,68,2005,Boise State(25),Air Force,4.67,pbp,Mountain West,Mountain West,fbs,fbs
#e6cab3,#6388cb,2019,3,,197,202,Oklahoma State,Tulsa,4.67,pbp,Big 12,American Athletic,fbs,fbs
#3aaf80,#978da5,2018,1,,2390,99,Miami(8),LSU(25),4.67,pbp,ACC,SEC,fbs,fbs
#838383,#61a0ca,2024,8,,2751,23,Wyoming,San José State,4.67,pbp,Mountain West,Mountain West,fbs,fbs
#3d77b8,#937a7f,2020,15,,2,344,Auburn,Mississippi State,4.67,pbp,SEC,SEC,fbs,fbs
#828282,#dc97a7,2020,9,,36,278,Colorado State,Fresno State,4.67,pbp,Mountain West,Mountain West,fbs,fbs
#7fa4d4,#75807c,2022,8,,2305,239,Kansas,Baylor,4.67,pbp,Big 12,Big 12,fbs,fbs
#917e9c,#e6dbb3,2021,1,,151,2026,East Carolina,App State,4.66,pbp,American Athletic,Sun Belt,fbs,fbs
#885caf,#7fa4d4,2017,9,,2306,2305,Kansas State,Kansas,4.66,pbp,Big 12,Big 12,fbs,fbs
#39aa8c,#cfbdbf,2022,9,,58,248,South Florida,Houston,4.66,pbp,American Athletic,American Athletic,fbs,fbs
#359f7d,#dc9797,2017,2,,5,2050,UAB,Ball State,4.66,pbp,Conference USA,Mid-American,fbs,fbs
#6f92cf,#357a9e,2021,5,,252,328,BYU(13),Utah State,4.66,pbp,FBS Independents,Mountain West,fbs,fbs
#99a6b8,#ddb4b6,2018,8,,2247,2032,Georgia State,Arkansas State,4.66,pbp,Sun Belt,Sun Belt,fbs,fbs
#b8b8b8,#e3c2ab,2021,12,,154,228,Wake Forest(13),Clemson,4.66,pbp,ACC,ACC,fbs,fbs
#6095ca,#359f7d,2023,8,,235,5,Memphis,UAB,4.66,pbp,American Athletic,American Athletic,fbs,fbs
#3d6bb7,#57c78b,2025,10,,2426,249,Navy,North Texas,4.66,pbp,American Athletic,American Athletic,fbs,fbs
#e7c8b6,#a4a4a4,2018,13,,356,77,Illinois,Northwestern(20),4.66,pbp,Big Ten,Big Ten,fbs,fbs
#329870,#339a72,2021,1,,2502,62,Portland State,Hawai'i,4.66,legacy,Big Sky,Mountain West,fcs,fbs
#61a0ca,#5096c4,2015,2,,23,2005,San José State,Air Force,4.66,pbp,Mountain West,Mountain West,fbs,fbs
#e6c7b3,#b8b8b8,2016,6,,183,154,Syracuse,Wake Forest,4.66,pbp,ACC,ACC,fbs,fbs
#cc6666,#345b9d,2016,1,,84,2229,Indiana,Florida International,4.65,pbp,Big Ten,Conference USA,fbs,fbs
#e0a3ae,#47c27c,2019,15,,254,2483,Utah(5),Oregon(13),4.65,pbp,Pac-12,Pac-12,fbs,fbs
#4b83c3,#868686,2016,4,,290,2711,Georgia Southern,Western Michigan,4.65,pbp,Sun Belt,Mid-American,fbs,fbs
#a4a4a4,#a75a7c,2016,12,,77,135,Northwestern,Minnesota,4.65,pbp,Big Ten,Big Ten,fbs,fbs
#6f82cf,#af3a3a,2025,7,,57,245,Florida,Texas A&M(5),4.65,pbp,SEC,SEC,fbs,fbs
#b6999d,#3f647f,2021,5,,265,25,Washington State,California,4.65,pbp,Pac-12,Pac-12,fbs,fbs
#e0a3ae,#47c27c,2017,9,,254,2483,Utah,Oregon,4.65,pbp,Pac-12,Pac-12,fbs,fbs
#FFFFFF,#e1bbbf,2022,1,,2197,2459,Eastern Illinois,Northern Illinois,4.65,pbp,OVC,Mid-American,fcs,fbs
#6e6e6e,#ddb4b6,2018,12,,2433,2032,UL Monroe,Arkansas State,4.65,pbp,Sun Belt,Sun Belt,fbs,fbs
#978da5,#bd9099,2015,10,,99,333,LSU(4),Alabama(7),4.65,pbp,SEC,SEC,fbs,fbs
#7cb0d3,#76d198,2016,11,,2393,276,Middle Tennessee,Marshall,4.65,pbp,Conference USA,Conference USA,fbs,fbs
#ecdecd,#39aa8c,2023,2,,50,58,Florida A&M,South Florida,4.65,pbp,SWAC,American Athletic,fcs,fbs
#b57f81,#e6ccb3,2022,2,,166,2638,New Mexico State,UTEP,4.65,pbp,FBS Independents,Conference USA,fbs,fbs
#e1bbbf,#cf6e75,2024,13,,2459,193,Northern Illinois,Miami (OH),4.65,pbp,Mid-American,Mid-American,fbs,fbs
#c0437e,#4c85c3,2025,13,,2117,2309,Central Michigan,Kent State,4.65,pbp,Mid-American,Mid-American,fbs,fbs
#d6889a,#da8f8f,2019,12,,275,158,Wisconsin(15),Nebraska,4.65,pbp,Big Ten,Big Ten,fbs,fbs
#3d6bb7,#d9c78e,2024,16,,2426,349,Navy,Army(19),4.65,pbp,American Athletic,American Athletic,fbs,fbs
#5d7088,#b7949a,2019,9,,41,113,UConn,Massachusetts,4.64,pbp,American Athletic,FBS Independents,fbs,fbs
#6388cb,#dd9da6,2019,8,,202,2132,Tulsa,Cincinnati(21),4.64,pbp,American Athletic,American Athletic,fbs,fbs
#ddb4b6,#357a9e,2016,3,,2032,328,Arkansas State,Utah State,4.64,pbp,Sun Belt,Mountain West,fbs,fbs
#838383,#6b8bce,2021,11,,2751,68,Wyoming,Boise State,4.64,pbp,Mountain West,Mountain West,fbs,fbs
#5090c5,#5d7088,2024,4,,2226,41,Florida Atlantic,UConn,4.64,legacy,American Athletic,FBS Independents,fbs,fbs
#d88a96,#ad9a9d,2018,7,,97,103,Louisville,Boston College,4.64,pbp,ACC,ACC,fbs,fbs
#d17b7b,#6b8bce,2025,15,mountain west championship,2439,68,UNLV,Boise State,4.64,pbp,Mountain West,Mountain West,fbs,fbs
#FFFFFF,#3f78bc,2023,2,,70,2440,Idaho,Nevada,4.64,legacy,Big Sky,Mountain West,fcs,fbs
#76d198,#39aa8c,2018,Bowls,bad boy mowers gasparilla bowl,276,58,Marshall,South Florida,4.64,pbp,Conference USA,American Athletic,fbs,fbs
#519bc5,#5090c5,2018,6,,295,2226,Old Dominion,Florida Atlantic,4.64,pbp,Conference USA,Conference USA,fbs,fbs
#339969,#4fb885,2016,3,,2199,2429,Eastern Michigan,Charlotte,4.64,pbp,Mid-American,Conference USA,fbs,fbs
#cc6666,#a4a4a4,2024,6,,84,77,Indiana(23),Northwestern,4.64,pbp,Big Ten,Big Ten,fbs,fbs
#ffffff,#40be99,2024,8,,242,2655,Rice,Tulane,4.63,pbp,American Athletic,American Athletic,fbs,fbs
#3d68b7,#99a6b8,2019,13,,6,2247,South Alabama,Georgia State,4.63,pbp,Sun Belt,Sun Belt,fbs,fbs
#345b9d,#4078be,2015,4,,2229,2348,Florida International,Louisiana Tech,4.63,pbp,Conference USA,Conference USA,fbs,fbs
#e6c6c7,#e7c8b6,2017,2,,98,356,Western Kentucky,Illinois,4.63,pbp,Conference USA,Big Ten,fbs,fbs
#3cb48f,#3f647f,2021,3,,16,25,Sacramento State,California,4.63,pbp,Big Sky,Pac-12,fcs,fbs
#47c27c,#3f647f,2022,9,,2483,25,Oregon(8),California,4.63,pbp,Pac-12,Pac-12,fbs,fbs
#c24a54,#af3a3a,2023,9,,2579,245,South Carolina,Texas A&M,4.63,pbp,SEC,SEC,fbs,fbs
#bc778f,#af3a3a,2015,1,,9,245,Arizona State(15),Texas A&M,4.63,pbp,Pac-12,SEC,fbs,fbs
#57c78b,#b7b7b8,2017,2,,249,2567,North Texas,SMU,4.63,pbp,Conference USA,American Athletic,fbs,fbs
#4b83c3,#935531,2015,Bowls,godaddy bowl,290,189,Georgia Southern,Bowling Green,4.63,pbp,Sun Belt,Mid-American,fbs,fbs
#6498cc,#6e6e6e,2016,1,,2582,2433,Southern,UL Monroe,4.63,pbp,SWAC,Sun Belt,fcs,fbs
#5090c5,#359f7d,2021,6,,2226,5,Florida Atlantic,UAB,4.62,pbp,Conference USA,Conference USA,fbs,fbs
#3f7fbd,#3c73b2,2023,3,,221,277,Pittsburgh,West Virginia,4.62,pbp,ACC,Big 12,fbs,fbs
#357a9e,#7f46c2,2015,3,,328,264,Utah State,Washington,4.62,pbp,Mountain West,Pac-12,fbs,fbs
#dc9797,#e1bbbf,2025,9,,2050,2459,Ball State,Northern Illinois,4.62,pbp,Mid-American,Mid-American,fbs,fbs
#519bc5,#4abfc2,2022,7,,295,324,Old Dominion,Coastal Carolina,4.62,pbp,Sun Belt,Sun Belt,fbs,fbs
#75807c,#885caf,2019,6,,239,2306,Baylor,Kansas State,4.62,pbp,Big 12,Big 12,fbs,fbs
#cfbdbf,#4b83c3,2026,4,,248,290,Houston(25),Georgia Southern,4.62,pbp,Big 12,Sun Belt,fbs,fbs
#adb8c1,#5d7193,2023,10,,26,12,UCLA(20),Arizona,4.62,pbp,Pac-12,Pac-12,fbs,fbs
#a6a6a6,#a6999b,2021,1,,2460,66,Northern Iowa,Iowa State(7),4.62,pbp,MVFC,Big 12,fcs,fbs
#e5c2b2,#ffffff,2024,1,,2534,242,Sam Houston,Rice,4.62,pbp,Conference USA,American Athletic,fbs,fbs
#848484,#e3c2ab,2024,8,,258,228,Virginia,Clemson(10),4.62,pbp,ACC,ACC,fbs,fbs
#3f647f,#d98c8c,2023,Bowls,radiance technologies independence bowl,25,2641,California,Texas Tech,4.62,pbp,Pac-12,Big 12,fbs,fbs
#d98c8c,#885caf,2025,10,,2641,2306,Texas Tech(13),Kansas State,4.62,pbp,Big 12,Big 12,fbs,fbs
#e7c8b6,#4c4c4c,2019,13,,356,2294,Illinois,Iowa(19),4.61,pbp,Big Ten,Big Ten,fbs,fbs
#3e72b9,#d2adae,2015,4,,2006,309,Akron,Louisiana,4.61,pbp,Mid-American,Sun Belt,fbs,fbs
#e0a3ae,#357a9e,2024,3,,254,328,Utah(12),Utah State,4.61,pbp,Big 12,Mountain West,fbs,fbs
#b7949a,#576f8c,2024,2,,113,2649,Massachusetts,Toledo,4.61,pbp,FBS Independents,Mid-American,fbs,fbs
#d88a96,#e3c2ab,2022,11,,97,228,Louisville,Clemson(12),4.61,pbp,ACC,ACC,fbs,fbs
#99a6b8,#85797a,2015,11,,2247,326,Georgia State,Texas State,4.61,pbp,Sun Belt,Sun Belt,fbs,fbs
#e6c7b3,#d98c8c,2015,12,,183,152,Syracuse,NC State,4.61,pbp,ACC,ACC,fbs,fbs
#dc9797,#8e8e8e,2015,12,,2050,195,Ball State,Ohio,4.61,pbp,Mid-American,Mid-American,fbs,fbs
#6b8bce,#6e6e6e,2022,1,,68,204,Boise State,Oregon State,4.61,pbp,Mountain West,Pac-12,fbs,fbs
#ffffff,#f4ebe0,2016,5,,242,2572,Rice,Southern Miss,4.61,pbp,Conference USA,Conference USA,fbs,fbs
#3f89bd,#339969,2023,1,,47,2199,Howard,Eastern Michigan,4.61,pbp,MEAC,Mid-American,fcs,fbs
#6095ca,#6e6e6e,2019,6,,235,2433,Memphis,UL Monroe,4.61,pbp,American Athletic,Sun Belt,fbs,fbs
#937a7f,#e9e1ce,2025,12,,344,142,Mississippi State,Missouri,4.61,pbp,SEC,SEC,fbs,fbs
#e6c6c7,#3d68b7,2022,Bowls,r+l carriers new orleans bowl,98,6,Western Kentucky,South Alabama,4.61,pbp,Conference USA,Sun Belt,fbs,fbs
#cbbdb5,#a6999b,2017,5,,251,66,Texas,Iowa State,4.61,pbp,Big 12,Big 12,fbs,fbs
#d37d7b,#4abfc2,2023,2,,55,324,Jacksonville State,Coastal Carolina,4.61,pbp,Conference USA,Sun Belt,fbs,fbs
#e6dbb3,#4b83c3,2018,9,,2026,290,App State(25),Georgia Southern,4.61,pbp,Sun Belt,Sun Belt,fbs,fbs
#3d75b8,#5090c5,2020,9,,2636,2226,UTSA,Florida Atlantic,4.61,legacy,Conference USA,Conference USA,fbs,fbs
#85797a,#4abfc2,2021,12,,326,324,Texas State,Coastal Carolina,4.61,pbp,Sun Belt,Sun Belt,fbs,fbs
#a6a6a6,#a6999b,2017,1,,2460,66,Northern Iowa,Iowa State,4.6,pbp,MVFC,Big 12,fcs,fbs
#ce919e,#707987,2024,11,,61,145,Georgia(2),Ole Miss(16),4.6,pbp,SEC,SEC,fbs,fbs
#99a6b8,#76d198,2024,8,,2247,276,Georgia State,Marshall,4.6,pbp,Sun Belt,Sun Belt,fbs,fbs
#5090c5,#7cb0d3,2016,13,,2226,2393,Florida Atlantic,Middle Tennessee,4.6,pbp,Conference USA,Conference USA,fbs,fbs
#bca0a5,#707987,2024,9,,201,145,Oklahoma,Ole Miss(18),4.6,pbp,SEC,SEC,fbs,fbs
#d98c8c,#937a7f,2021,2,,152,344,NC State,Mississippi State,4.6,pbp,ACC,SEC,fbs,fbs
#3974ac,#e7c8b6,2024,8,,130,356,Michigan(24),Illinois(22),4.6,pbp,Big Ten,Big Ten,fbs,fbs
#c8c6c2,#c24a54,2015,4,,2116,2579,UCF,South Carolina,4.6,pbp,American Athletic,SEC,fbs,fbs
#f0e8d6,#7cb0d3,2024,8,,338,2393,Kennesaw State,Middle Tennessee,4.6,pbp,Conference USA,Conference USA,fbs,fbs
#cc7a91,#cfbdbf,2015,14,,218,248,Temple(20),Houston(17),4.6,pbp,American Athletic,American Athletic,fbs,fbs
#e6cab3,#885caf,2024,5,,197,2306,Oklahoma State(20),Kansas State(23),4.6,pbp,Big 12,Big 12,fbs,fbs
#3d68b7,#d07980,2023,10,,6,2653,South Alabama,Troy,4.6,pbp,Sun Belt,Sun Belt,fbs,fbs
#4b83c3,#359f7d,2022,3,,290,5,Georgia Southern,UAB,4.59,pbp,Sun Belt,Conference USA,fbs,fbs
#39aa8c,#db93a2,2015,3,,58,120,South Florida,Maryland,4.59,pbp,American Athletic,Big Ten,fbs,fbs
#c24a54,#e9e1ce,2015,5,,2579,142,South Carolina,Missouri,4.59,pbp,SEC,SEC,fbs,fbs
#359f7d,#4078be,2018,6,,5,2348,UAB,Louisiana Tech,4.59,pbp,Conference USA,Conference USA,fbs,fbs
#868686,#937a7f,2023,6,,2711,344,Western Michigan,Mississippi State,4.59,pbp,Mid-American,SEC,fbs,fbs
#d88a96,#5d7088,2020,7,,97,87,Louisville,Notre Dame(4),4.59,pbp,ACC,FBS Independents,fbs,fbs
#e9e1ce,#6f82cf,2018,10,,142,57,Missouri,Florida(13),4.59,pbp,SEC,SEC,fbs,fbs
#f2f2f2,#3f647f,2018,13,,38,25,Colorado,California,4.59,pbp,Pac-12,Pac-12,fbs,fbs
#bc778f,#f2f2f2,2025,13,,9,38,Arizona State,Colorado,4.59,pbp,Big 12,Big 12,fbs,fbs
#cfa0a8,#f2f2f2,2020,13,,21,38,San Diego State,Colorado,4.59,pbp,Mountain West,Pac-12,fbs,fbs
#6b8bce,#cfa0a8,2025,12,,68,21,Boise State,San Diego State,4.59,pbp,Mountain West,Mountain West,fbs,fbs
#76d198,#4b83c3,2022,12,,276,290,Marshall,Georgia Southern,4.59,pbp,Sun Belt,Sun Belt,fbs,fbs
#e6c6c7,#4fb885,2020,14,,98,2429,Western Kentucky,Charlotte,4.59,pbp,Conference USA,Conference USA,fbs,fbs
#b9a0a5,#cbbdb5,2018,3,,30,251,USC(22),Texas,4.58,pbp,Pac-12,Big 12,fbs,fbs
#75807c,#a6999b,2024,6,,239,66,Baylor,Iowa State(16),4.58,pbp,Big 12,Big 12,fbs,fbs
#cf6e75,#c0437e,2017,4,,193,2117,Miami (OH),Central Michigan,4.58,pbp,Mid-American,Mid-American,fbs,fbs
#ddb4b6,#4abfc2,2020,5,,2032,324,Arkansas State,Coastal Carolina,4.58,pbp,Sun Belt,Sun Belt,fbs,fbs
#b7949a,#d07980,2016,10,,113,2653,Massachusetts,Troy,4.58,pbp,FBS Independents,Sun Belt,fbs,fbs
#3c7eb4,#6b8bce,2016,Bowls,,59,96,Georgia Tech,Kentucky,4.58,pbp,ACC,SEC,fbs,fbs
#3f7fbd,#3c7eb4,2017,4,,221,59,Pittsburgh,Georgia Tech,4.58,pbp,ACC,ACC,fbs,fbs
#cfa0a8,#44699b,2015,4,,21,213,San Diego State,Penn State,4.58,pbp,Mountain West,Big Ten,fbs,fbs
#4abfc2,#adb8c1,2023,1,,324,26,Coastal Carolina,UCLA,4.58,pbp,Sun Belt,Pac-12,fbs,fbs
#dc97a7,#357a9e,2020,11,,278,328,Fresno State,Utah State,4.58,pbp,Mountain West,Mountain West,fbs,fbs
#b48686,#5d7088,2018,5,,24,87,Stanford(7),Notre Dame(8),4.58,pbp,Pac-12,FBS Independents,fbs,fbs
#b7b7b8,#39aa8c,2022,11,,2567,58,SMU,South Florida,4.58,pbp,American Athletic,American Athletic,fbs,fbs
#3f7fbd,#a0a0a0,2020,10,,221,52,Pittsburgh,Florida State,4.58,pbp,ACC,ACC,fbs,fbs
#576f8c,#c0437e,2023,13,,2649,2117,Toledo(23),Central Michigan,4.58,pbp,Mid-American,Mid-American,fbs,fbs
#57c78b,#f4ebe0,2021,10,,249,2572,North Texas,Southern Miss,4.58,pbp,Conference USA,Conference USA,fbs,fbs
#5d7088,#bd3f7d,2018,6,,87,259,Notre Dame(6),Virginia Tech(24),4.58,pbp,FBS Independents,ACC,fbs,fbs
#d9c78e,#dd9da6,2020,4,,349,2132,Army(22),Cincinnati(14),4.58,pbp,FBS Independents,American Athletic,fbs,fbs
#cfbdbf,#3d6bb7,2022,8,,248,2426,Houston,Navy,4.58,pbp,American Athletic,American Athletic,fbs,fbs
#8d8db9,#7cb0d3,2019,2,,2634,2393,Tennessee State,Middle Tennessee,4.58,pbp,OVC,Conference USA,fcs,fbs
#76d198,#519bc5,2018,7,,276,295,Marshall,Old Dominion,4.58,pbp,Conference USA,Conference USA,fbs,fbs
#adb8c1,#b48686,2015,7,,26,24,UCLA(18),Stanford(15),4.58,pbp,Pac-12,Pac-12,fbs,fbs
#b7b7b8,#9785a6,2023,4,,2567,2628,SMU,TCU,4.58,pbp,American Athletic,Big 12,fbs,fbs
#cc7a91,#6388cb,2017,13,,218,202,Temple,Tulsa,4.57,pbp,American Athletic,American Athletic,fbs,fbs
#b5b5b5,#b8b8b8,2023,2,,238,154,Vanderbilt,Wake Forest,4.57,pbp,SEC,ACC,fbs,fbs
#e0a3ae,#a6999b,2026,4,,254,66,Utah(15),Iowa State,4.57,pbp,Big 12,Big 12,fbs,fbs
#4c4c4c,#da8f8f,2016,8,,2509,158,Purdue,Nebraska(8),4.57,pbp,Big Ten,Big Ten,fbs,fbs
#5d7088,#6f92cf,2015,5,,41,252,UConn,BYU,4.57,pbp,American Athletic,FBS Independents,fbs,fbs
#5d7088,#d9c78e,2022,12,,41,349,UConn,Army,4.57,pbp,FBS Independents,FBS Independents,fbs,fbs
#ce919e,#828282,2016,12,,167,36,New Mexico,Colorado State,4.57,pbp,Mountain West,Mountain West,fbs,fbs
#7f46c2,#3974ac,2025,8,,264,130,Washington,Michigan,4.57,pbp,Big Ten,Big Ten,fbs,fbs
#3e72b9,#e1bbbf,2024,12,,2006,2459,Akron,Northern Illinois,4.57,pbp,Mid-American,Mid-American,fbs,fbs
#cf6e75,#3e72b9,2018,6,,193,2006,Miami (OH),Akron,4.57,pbp,Mid-American,Mid-American,fbs,fbs
#3d6bb7,#5d7088,2015,6,,2426,87,Navy,Notre Dame(15),4.57,pbp,American Athletic,FBS Independents,fbs,fbs
#4b83c3,#6e6e6e,2015,5,,290,2433,Georgia Southern,UL Monroe,4.57,pbp,Sun Belt,Sun Belt,fbs,fbs
#4c85c3,#a75a7c,2015,3,,2309,135,Kent State,Minnesota,4.57,pbp,Mid-American,Big Ten,fbs,fbs
#4e6192,#707987,2021,10,,2335,145,Liberty,Ole Miss(15),4.56,pbp,FBS Independents,SEC,fbs,fbs
#adb8c1,#7b7b7b,2025,7,,26,127,UCLA,Michigan State,4.56,legacy,Big Ten,Big Ten,fbs,fbs
#9156c7,#917e9c,2017,1,,256,151,James Madison,East Carolina,4.56,pbp,CAA,American Athletic,fcs,fbs
#7cb0d3,#6b8bce,2018,12,,2393,96,Middle Tennessee,Kentucky(20),4.56,pbp,Conference USA,SEC,fbs,fbs
#848484,#f4f4f4,2015,8,,258,153,Virginia,North Carolina,4.56,pbp,ACC,ACC,fbs,fbs
#db93a2,#d3a5b1,2023,6,,120,194,Maryland,Ohio State(4),4.56,pbp,Big Ten,Big Ten,fbs,fbs
#e6c6c7,#f4ebe0,2019,13,,98,2572,Western Kentucky,Southern Miss,4.56,pbp,Conference USA,Conference USA,fbs,fbs
#6e6e6e,#3d68b7,2026,5,,2433,6,UL Monroe,South Alabama,4.56,pbp,Sun Belt,Sun Belt,fbs,fbs
#d98c8c,#7fa4d4,2015,7,,2641,2305,Texas Tech,Kansas,4.56,pbp,Big 12,Big 12,fbs,fbs
#d07980,#99a6b8,2017,8,,2653,2247,Troy,Georgia State,4.56,legacy,Sun Belt,Sun Belt,fbs,fbs
#3d68b7,#4078be,2017,5,,6,2348,South Alabama,Louisiana Tech,4.56,pbp,Sun Belt,Conference USA,fbs,fbs
#cc6666,#3974ac,2016,12,,84,130,Indiana,Michigan(4),4.56,pbp,Big Ten,Big Ten,fbs,fbs
#c0437e,#576f8c,2016,8,,2117,2649,Central Michigan,Toledo,4.56,pbp,Mid-American,Mid-American,fbs,fbs
#4078be,#e6ccb3,2023,5,,2348,2638,Louisiana Tech,UTEP,4.56,pbp,Conference USA,Conference USA,fbs,fbs
#e5c2b2,#339a72,2025,2,,2534,62,Sam Houston,Hawai'i,4.56,pbp,Conference USA,Mountain West,fbs,fbs
#db93a2,#da8f8f,2026,5,,120,158,Maryland,Nebraska,4.56,pbp,Big Ten,Big Ten,fbs,fbs
#d17b7b,#838383,2025,6,,2439,2751,UNLV,Wyoming,4.56,pbp,Mountain West,Mountain West,fbs,fbs
#339a72,#838383,2026,4,,62,2751,Hawai'i,Wyoming,4.55,pbp,Mountain West,Mountain West,fbs,fbs
#329870,#61a0ca,2016,2,,2502,23,Portland State,San José State,4.55,legacy,Big Sky,Mountain West,fcs,fbs
#f2f2f2,#e0a3ae,2023,13,,38,254,Colorado,Utah,4.55,pbp,Pac-12,Pac-12,fbs,fbs
#4e6192,#359f7d,2021,5,,2335,5,Liberty,UAB,4.55,pbp,FBS Independents,Conference USA,fbs,fbs
#838383,#3e72b9,2025,1,,2751,2006,Wyoming,Akron,4.55,pbp,Mountain West,Mid-American,fbs,fbs
#a75a7c,#d6889a,2018,13,,135,275,Minnesota,Wisconsin,4.55,pbp,Big Ten,Big Ten,fbs,fbs
#bc778f,#b6999d,2022,11,,9,265,Arizona State,Washington State,4.55,pbp,Pac-12,Pac-12,fbs,fbs
#e6c6c7,#345b9d,2017,13,,98,2229,Western Kentucky,Florida International,4.55,pbp,Conference USA,Conference USA,fbs,fbs
#848484,#d88a96,2017,11,,258,97,Virginia,Louisville,4.55,pbp,ACC,ACC,fbs,fbs
#b57f81,#e6c6c7,2025,10,,166,98,New Mexico State,Western Kentucky,4.55,pbp,Conference USA,Conference USA,fbs,fbs
#d98c8c,#d88a96,2022,12,,152,97,NC State,Louisville,4.55,pbp,ACC,ACC,fbs,fbs
#5d7088,#b48686,2019,14,,87,24,Notre Dame(15),Stanford,4.55,pbp,FBS Independents,Pac-12,fbs,fbs
#ce919e,#3d77b8,2017,11,,61,2,Georgia(2),Auburn(10),4.55,pbp,SEC,SEC,fbs,fbs
#bd9099,#af3a3a,2017,6,,333,245,Alabama(1),Texas A&M,4.55,pbp,SEC,SEC,fbs,fbs
#f4f4f4,#ad9a9d,2024,13,,153,103,North Carolina,Boston College,4.55,pbp,ACC,ACC,fbs,fbs
#3f7fbd,#b8b8b8,2018,12,,221,154,Pittsburgh,Wake Forest,4.55,pbp,ACC,ACC,fbs,fbs
#4fb885,#e6c6c7,2019,8,,2429,98,Charlotte,Western Kentucky,4.55,pbp,Conference USA,Conference USA,fbs,fbs
#e6c6c7,#7b7b7b,2021,5,,98,127,Western Kentucky,Michigan State(17),4.54,pbp,Conference USA,Big Ten,fbs,fbs
#359f7d,#5090c5,2025,7,,5,2226,UAB,Florida Atlantic,4.54,pbp,American Athletic,American Athletic,fbs,fbs
#bc778f,#6e6e6e,2021,12,,9,204,Arizona State,Oregon State,4.54,pbp,Pac-12,Pac-12,fbs,fbs
#7b7b7b,#db93a2,2022,5,,127,120,Michigan State,Maryland,4.54,pbp,Big Ten,Big Ten,fbs,fbs
#917e9c,#5090c5,2023,11,,151,2226,East Carolina,Florida Atlantic,4.54,pbp,American Athletic,American Athletic,fbs,fbs
#9785a6,#d98c8c,2021,6,,2628,2641,TCU,Texas Tech,4.54,pbp,Big 12,Big 12,fbs,fbs
#b6999d,#6e6e6e,2022,7,,265,204,Washington State,Oregon State,4.54,pbp,Pac-12,Pac-12,fbs,fbs
#4b83c3,#8e8e8e,2023,Bowls,myrtle beach bowl,290,195,Georgia Southern,Ohio,4.54,pbp,Sun Belt,Mid-American,fbs,fbs
#d6889a,#a4a4a4,2016,10,,275,77,Wisconsin(8),Northwestern,4.54,pbp,Big Ten,Big Ten,fbs,fbs
#5096c4,#d9c78e,2016,10,,2005,349,Air Force,Army,4.54,pbp,Mountain West,FBS Independents,fbs,fbs
#6b8bce,#a4a4a4,2026,1,,2571,77,South Dakota State,Northwestern,4.53,pbp,MVFC,Big Ten,fcs,fbs
#7cb0d3,#4fb885,2017,11,,2393,2429,Middle Tennessee,Charlotte,4.53,pbp,Conference USA,Conference USA,fbs,fbs
#a0a0a0,#b8b8b8,2015,5,,52,154,Florida State(11),Wake Forest,4.53,pbp,ACC,ACC,fbs,fbs
#3d68b7,#ddb4b6,2016,7,,6,2032,South Alabama,Arkansas State,4.53,pbp,Sun Belt,Sun Belt,fbs,fbs
#a4a4a4,#e7c8b6,2019,14,,77,356,Northwestern,Illinois,4.53,pbp,Big Ten,Big Ten,fbs,fbs
#57c78b,#d17b7b,2022,3,,249,2439,North Texas,UNLV,4.53,pbp,Conference USA,Mountain West,fbs,fbs
#d5a6af,#3974ac,2021,4,,164,130,Rutgers,Michigan(19),4.53,pbp,Big Ten,Big Ten,fbs,fbs
#3f78bc,#cfa0a8,2017,12,,2440,21,Nevada,San Diego State,4.53,pbp,Mountain West,Mountain West,fbs,fbs
#adb8c1,#b9a0a5,2021,12,,26,30,UCLA,USC,4.53,pbp,Pac-12,Pac-12,fbs,fbs
#c7777d,#848484,2024,1,,257,258,Richmond,Virginia,4.53,legacy,CAA,ACC,fcs,fbs
#885caf,#3c73b2,2020,9,,2306,277,Kansas State(16),West Virginia,4.53,legacy,Big 12,Big 12,fbs,fbs
#3f78bc,#339a72,2016,5,,2440,62,Nevada,Hawai'i,4.53,pbp,Mountain West,Mountain West,fbs,fbs
#39aa8c,#6f92cf,2021,4,,58,252,South Florida,BYU(15),4.53,pbp,American Athletic,FBS Independents,fbs,fbs
#d2adae,#6388cb,2017,2,,309,202,Louisiana,Tulsa,4.53,pbp,Sun Belt,American Athletic,fbs,fbs
#e6c6c7,#d88a96,2020,2,,98,97,Western Kentucky,Louisville,4.53,pbp,Conference USA,ACC,fbs,fbs
#357a9e,#6b8bce,2022,13,,328,68,Utah State,Boise State,4.52,pbp,Mountain West,Mountain West,fbs,fbs
#5d7088,#d6889a,2021,4,,87,275,Notre Dame(12),Wisconsin(18),4.52,pbp,FBS Independents,Big Ten,fbs,fbs
#519bc5,#345b9d,2021,10,,295,2229,Old Dominion,Florida International,4.52,pbp,Conference USA,Conference USA,fbs,fbs
#f2f2f2,#7f46c2,2018,8,,38,264,Colorado,Washington(15),4.52,pbp,Pac-12,Pac-12,fbs,fbs
#e6c6c7,#345b9d,2023,13,,98,2229,Western Kentucky,Florida International,4.52,pbp,Conference USA,Conference USA,fbs,fbs
#6b8bce,#cfa0a8,2017,7,,68,21,Boise State,San Diego State(19),4.52,pbp,Mountain West,Mountain West,fbs,fbs
#e7c8b6,#da8f8f,2018,11,,356,158,Illinois,Nebraska,4.52,pbp,Big Ten,Big Ten,fbs,fbs
#bca0a5,#cbbdb5,2025,7,,201,251,Oklahoma(6),Texas,4.52,pbp,SEC,SEC,fbs,fbs
#3d75b8,#f4ebe0,2018,8,,2636,2572,UTSA,Southern Miss,4.52,pbp,Conference USA,Conference USA,fbs,fbs
#bd3f7d,#3aaf80,2017,10,,259,2390,Virginia Tech(13),Miami(9),4.52,pbp,ACC,ACC,fbs,fbs
#ffffff,#e6ccb3,2017,2,,242,2638,Rice,UTEP,4.52,pbp,Conference USA,Conference USA,fbs,fbs
#b4b4b4,#d98c8c,2021,2,,2617,2641,Stephen F. Austin,Texas Tech,4.52,legacy,AWC,Big 12,fcs,fbs
#cc6666,#39aa8c,2017,1,,2619,58,Stony Brook,South Florida(19),4.52,pbp,CAA,American Athletic,fcs,fbs
#6b8bce,#838383,2020,15,,68,2751,Boise State,Wyoming,4.52,pbp,Mountain West,Mountain West,fbs,fbs
#d98c8c,#b6999d,2024,2,,2641,265,Texas Tech,Washington State,4.51,pbp,Big 12,Pac-12,fbs,fbs
#838383,#6f92cf,2022,4,,2751,252,Wyoming,BYU(19),4.51,pbp,Mountain West,FBS Independents,fbs,fbs
#e6ccb3,#d9c78e,2017,5,,2638,349,UTEP,Army,4.51,pbp,Conference USA,FBS Independents,fbs,fbs
#9156c7,#4e6192,2025,4,,256,2335,James Madison,Liberty,4.51,pbp,Sun Belt,Conference USA,fbs,fbs
#f2f2f2,#adb8c1,2021,11,,38,26,Colorado,UCLA,4.51,pbp,Pac-12,Pac-12,fbs,fbs
#3e72b9,#8e8e8e,2022,6,,2006,195,Akron,Ohio,4.51,pbp,Mid-American,Mid-American,fbs,fbs
#ce919e,#5d7193,2024,1,,167,12,New Mexico,Arizona(21),4.51,pbp,Mountain West,Big 12,fbs,fbs
#47c27c,#a6999b,2020,Bowls,playstation fiesta bowl,2483,66,Oregon,Iowa State(9),4.51,pbp,Pac-12,Big 12,fbs,fbs
#3f7fbd,#3c7eb4,2019,10,,221,59,Pittsburgh,Georgia Tech,4.51,pbp,ACC,ACC,fbs,fbs
#f4ebe0,#d07980,2022,6,,2572,2653,Southern Miss,Troy,4.51,pbp,Sun Belt,Sun Belt,fbs,fbs
#e6cab3,#c0437e,2015,1,,197,2117,Oklahoma State,Central Michigan,4.51,pbp,Big 12,Mid-American,fbs,fbs
#b9a0a5,#4c4c4c,2019,Bowls,san diego county credit union holiday bowl,30,2294,USC,Iowa(15),4.51,pbp,Pac-12,Big Ten,fbs,fbs
#937a7f,#707987,2024,14,,344,145,Mississippi State,Ole Miss(15),4.51,pbp,SEC,SEC,fbs,fbs
#9785a6,#bca0a5,2017,11,,2628,201,TCU(8),Oklahoma(5),4.51,pbp,Big 12,Big 12,fbs,fbs
#d3a5b1,#4c4c4c,2018,8,,194,2509,Ohio State(2),Purdue,4.51,pbp,Big Ten,Big Ten,fbs,fbs
#7cb0d3,#e6ccb3,2018,11,,2393,2638,Middle Tennessee,UTEP,4.51,pbp,Conference USA,Conference USA,fbs,fbs
#339a72,#d17b7b,2015,10,,62,2439,Hawai'i,UNLV,4.51,pbp,Mountain West,Mountain West,fbs,fbs
#3d75b8,#359f7d,2020,5,,2636,5,UTSA,UAB,4.5,pbp,Conference USA,Conference USA,fbs,fbs
#e6ccb3,#6b8bce,2025,9,,2633,96,Tennessee(17),Kentucky,4.5,pbp,SEC,SEC,fbs,fbs
#4078be,#3aaf80,2019,Bowls,walk-on's independence bowl,2348,2390,Louisiana Tech,Miami,4.5,pbp,Conference USA,ACC,fbs,fbs
#75807c,#5d7193,2025,13,,239,12,Baylor,Arizona,4.5,pbp,Big 12,Big 12,fbs,fbs
#f4f4f4,#d98c8c,2023,13,,153,152,North Carolina,NC State,4.5,pbp,ACC,ACC,fbs,fbs
#6b8bce,#937a7f,2019,4,,96,344,Kentucky,Mississippi State,4.5,pbp,SEC,SEC,fbs,fbs
#d07980,#4c4c4c,2024,3,,2653,2294,Troy,Iowa,4.5,pbp,Sun Belt,Big Ten,fbs,fbs
#7b7b7b,#868686,2015,1,,127,2711,Michigan State(5),Western Michigan,4.5,pbp,Big Ten,Mid-American,fbs,fbs
#b7b7b8,#cfbdbf,2015,6,,2567,248,SMU,Houston,4.5,pbp,American Athletic,American Athletic,fbs,fbs
#3aaf80,#848484,2022,9,,2390,258,Miami,Virginia,4.5,pbp,ACC,ACC,fbs,fbs
#cfbdbf,#6388cb,2017,7,,248,202,Houston,Tulsa,4.5,pbp,American Athletic,American Athletic,fbs,fbs
#3d77b8,#bd9099,2024,14,,2,333,Auburn,Alabama(13),4.5,pbp,SEC,SEC,fbs,fbs
#a0a0a0,#5d7088,2020,6,,52,87,Florida State,Notre Dame(5),4.5,pbp,ACC,FBS Independents,fbs,fbs
#885caf,#e6cab3,2019,5,,2306,197,Kansas State(24),Oklahoma State,4.49,pbp,Big 12,Big 12,fbs,fbs
#9785a6,#cbbdb5,2016,13,,2628,251,TCU,Texas,4.49,pbp,Big 12,Big 12,fbs,fbs
#519bc5,#917e9c,2022,2,,295,151,Old Dominion,East Carolina,4.49,pbp,Sun Belt,American Athletic,fbs,fbs
#3e72b9,#4e6192,2022,4,,2006,2335,Akron,Liberty,4.49,pbp,Mid-American,FBS Independents,fbs,fbs
#e9e1ce,#b5b5b5,2023,5,,142,238,Missouri(23),Vanderbilt,4.49,pbp,SEC,SEC,fbs,fbs
#ce919e,#3c7eb4,2025,14,,61,59,Georgia(4),Georgia Tech(23),4.49,pbp,SEC,ACC,fbs,fbs
#a6999b,#cbbdb5,2018,12,,66,251,Iowa State(18),Texas(13),4.49,pbp,Big 12,Big 12,fbs,fbs
#40be99,#6388cb,2022,10,,2655,202,Tulane(19),Tulsa,4.49,pbp,American Athletic,American Athletic,fbs,fbs
#6f82cf,#e6ccb3,2020,14,,57,2633,Florida(6),Tennessee,4.49,pbp,SEC,SEC,fbs,fbs
#6e6e6e,#4abfc2,2025,7,,2433,324,UL Monroe,Coastal Carolina,4.49,pbp,Sun Belt,Sun Belt,fbs,fbs
#848484,#4abfc2,2024,4,,258,324,Virginia,Coastal Carolina,4.48,pbp,ACC,Sun Belt,fbs,fbs
#4078be,#e6ccb3,2021,7,,2348,2638,Louisiana Tech,UTEP,4.48,pbp,Conference USA,Conference USA,fbs,fbs
#ffffff,#cbbdb5,2015,2,,242,251,Rice,Texas,4.48,pbp,Conference USA,Big 12,fbs,fbs
#6e6e6e,#4b83c3,2019,12,,2433,290,UL Monroe,Georgia Southern,4.48,pbp,Sun Belt,Sun Belt,fbs,fbs
#8e8e8e,#6f7cc9,2015,8,,195,2084,Ohio,Buffalo,4.48,pbp,Mid-American,Mid-American,fbs,fbs
#6388cb,#5090c5,2025,11,,202,2226,Tulsa,Florida Atlantic,4.48,pbp,American Athletic,American Athletic,fbs,fbs
#c0437e,#8e8e8e,2023,12,,2117,195,Central Michigan,Ohio,4.48,pbp,Mid-American,Mid-American,fbs,fbs
#6e6e6e,#cfbdbf,2026,1,,204,248,Oregon State,Houston(23),4.48,pbp,Pac-12,Big 12,fbs,fbs
#c24a54,#6b8bce,2018,5,,2579,96,South Carolina,Kentucky(17),4.48,pbp,SEC,SEC,fbs,fbs
#576f8c,#4c85c3,2018,12,,2649,2309,Toledo,Kent State,4.48,pbp,Mid-American,Mid-American,fbs,fbs
#3d77b8,#6095ca,2015,Bowls,,2,235,Auburn,Memphis,4.48,pbp,SEC,American Athletic,fbs,fbs
#b8b8b8,#a0a0a0,2018,8,,154,52,Wake Forest,Florida State,4.47,pbp,ACC,ACC,fbs,fbs
#d07980,#99a6b8,2023,5,,2653,2247,Troy,Georgia State,4.47,pbp,Sun Belt,Sun Belt,fbs,fbs
#99a6b8,#e6dbb3,2022,8,,2247,2026,Georgia State,App State,4.47,pbp,Sun Belt,Sun Belt,fbs,fbs
#848484,#bd3f7d,2020,15,,258,259,Virginia,Virginia Tech,4.47,pbp,ACC,ACC,fbs,fbs
#b48686,#6e6e6e,2015,4,,24,204,Stanford(21),Oregon State,4.47,pbp,Pac-12,Pac-12,fbs,fbs
#b57f81,#e6ccb3,2016,1,,166,2638,New Mexico State,UTEP,4.47,pbp,Sun Belt,Conference USA,fbs,fbs
#e6c7b3,#d88a96,2019,13,,183,97,Syracuse,Louisville,4.47,pbp,ACC,ACC,fbs,fbs
#ce919e,#5096c4,2018,11,,167,2005,New Mexico,Air Force,4.47,pbp,Mountain West,Mountain West,fbs,fbs
#9f93ae,#e7c8b6,2018,2,,2710,356,Western Illinois,Illinois,4.47,pbp,MVFC,Big Ten,fcs,fbs
#f4ebe0,#4078be,2021,12,,2572,2348,Southern Miss,Louisiana Tech,4.47,legacy,Conference USA,Conference USA,fbs,fbs
#6b8bce,#6e6e6e,2016,4,,68,204,Boise State,Oregon State,4.47,pbp,Mountain West,Pac-12,fbs,fbs
#a4a4a4,#d3a5b1,2018,14,,77,194,Northwestern(21),Ohio State(6),4.46,pbp,Big Ten,Big Ten,fbs,fbs
#bc778f,#e6cab3,2024,10,,9,197,Arizona State,Oklahoma State,4.46,pbp,Big 12,Big 12,fbs,fbs
#3974ac,#d6889a,2021,5,,130,275,Michigan(14),Wisconsin,4.46,pbp,Big Ten,Big Ten,fbs,fbs
#3e72b9,#c0437e,2019,3,,2006,2117,Akron,Central Michigan,4.46,pbp,Mid-American,Mid-American,fbs,fbs
#adb8c1,#5d7193,2015,4,,26,12,UCLA(9),Arizona(16),4.46,pbp,Pac-12,Pac-12,fbs,fbs
#3974ac,#7b7b7b,2018,8,,130,127,Michigan(6),Michigan State(24),4.46,pbp,Big Ten,Big Ten,fbs,fbs
#d9c78e,#44699b,2015,5,,349,213,Army,Penn State,4.46,pbp,FBS Independents,Big Ten,fbs,fbs
#cfbdbf,#c8c6c2,2023,13,,248,2116,Houston,UCF,4.46,pbp,Big 12,Big 12,fbs,fbs
#af3a3a,#937a7f,2020,7,,245,344,Texas A&M(11),Mississippi State,4.45,pbp,SEC,SEC,fbs,fbs
#5d7088,#b9a0a5,2016,13,,87,30,Notre Dame,USC(12),4.45,pbp,FBS Independents,Pac-12,fbs,fbs
#e3c2ab,#bd3f7d,2017,5,,228,259,Clemson(2),Virginia Tech(12),4.45,pbp,ACC,ACC,fbs,fbs
#6f7cc9,#e1bbbf,2020,10,,2084,2459,Buffalo,Northern Illinois,4.45,pbp,Mid-American,Mid-American,fbs,fbs
#f4f4f4,#b8b8b8,2025,12,,153,154,North Carolina,Wake Forest,4.45,pbp,ACC,ACC,fbs,fbs
#6e6e6e,#828282,2017,1,,204,36,Oregon State,Colorado State,4.45,pbp,Pac-12,Mountain West,fbs,fbs
#a75a7c,#bd3f7d,2024,Bowls,duke's mayo bowl,135,259,Minnesota,Virginia Tech,4.45,pbp,Big Ten,ACC,fbs,fbs
#f4ebe0,#4e6192,2020,8,,2572,2335,Southern Miss,Liberty,4.45,pbp,Conference USA,FBS Independents,fbs,fbs
#707987,#b5b5b5,2022,6,,145,238,Ole Miss(9),Vanderbilt,4.45,pbp,SEC,SEC,fbs,fbs
#57c78b,#4c4c4c,2017,3,,249,2294,North Texas,Iowa,4.45,pbp,Conference USA,Big Ten,fbs,fbs
#e1c8a7,#4078be,2019,2,,2755,2348,Grambling,Louisiana Tech,4.44,pbp,SWAC,Conference USA,fcs,fbs
#b9a0a5,#5d7088,2021,8,,30,87,USC,Notre Dame(13),4.44,pbp,Pac-12,FBS Independents,fbs,fbs
#935531,#c0437e,2024,11,,189,2117,Bowling Green,Central Michigan,4.44,pbp,Mid-American,Mid-American,fbs,fbs
#4fb885,#519bc5,2019,14,,2429,295,Charlotte,Old Dominion,4.44,pbp,Conference USA,Conference USA,fbs,fbs
#6f7cc9,#cf6e75,2023,12,,2084,193,Buffalo,Miami (OH),4.44,pbp,Mid-American,Mid-American,fbs,fbs
#329870,#bd9fa4,2019,1,,2502,8,Portland State,Arkansas,4.44,pbp,Big Sky,SEC,fcs,fbs
#57c78b,#e6ccb3,2016,13,,249,2638,North Texas,UTEP,4.44,legacy,Conference USA,Conference USA,fbs,fbs
#75807c,#885caf,2017,5,,239,2306,Baylor,Kansas State,4.44,pbp,Big 12,Big 12,fbs,fbs
#dc9797,#4c85c3,2026,4,,2050,2309,Ball State,Kent State,4.44,pbp,Mid-American,Mid-American,fbs,fbs
#c8c6c2,#dd9da6,2017,6,,2116,2132,UCF(25),Cincinnati,4.44,legacy,American Athletic,American Athletic,fbs,fbs
#c8c6c2,#917e9c,2022,8,,2116,151,UCF,East Carolina,4.44,pbp,American Athletic,American Athletic,fbs,fbs
#868686,#d6889a,2024,1,,2711,275,Western Michigan,Wisconsin,4.44,pbp,Mid-American,Big Ten,fbs,fbs
#ce919e,#937a7f,2025,11,,61,344,Georgia(5),Mississippi State,4.44,pbp,SEC,SEC,fbs,fbs
#d5a6af,#cc6666,2023,8,,164,84,Rutgers,Indiana,4.44,pbp,Big Ten,Big Ten,fbs,fbs
#44699b,#d3a5b1,2019,13,,213,194,Penn State(9),Ohio State(2),4.44,pbp,Big Ten,Big Ten,fbs,fbs
#828282,#d17b7b,2016,8,,36,2439,Colorado State,UNLV,4.44,pbp,Mountain West,Mountain West,fbs,fbs
#d98c8c,#9785a6,2020,10,,2641,2628,Texas Tech,TCU,4.43,pbp,Big 12,Big 12,fbs,fbs
#707987,#937a7f,2025,14,,145,344,Ole Miss(6),Mississippi State,4.43,pbp,SEC,SEC,fbs,fbs
#61a0ca,#6b8bce,2016,10,,23,68,San José State,Boise State(24),4.43,pbp,Mountain West,Mountain West,fbs,fbs
#dc9797,#61a0ca,2020,Bowls,offerpad arizona bowl,2050,23,Ball State(23),San José State(24),4.43,pbp,Mid-American,Mountain West,fbs,fbs
#885caf,#75807c,2022,11,,2306,239,Kansas State(23),Baylor,4.43,legacy,Big 12,Big 12,fbs,fbs
#3f647f,#b48686,2025,13,,25,24,California,Stanford,4.43,pbp,ACC,ACC,fbs,fbs
#3d6bb7,#c8c6c2,2018,11,,2426,2116,Navy,UCF(11),4.43,pbp,American Athletic,American Athletic,fbs,fbs
#4e6192,#e6ccb3,2025,7,,2335,2638,Liberty,UTEP,4.43,pbp,Conference USA,Conference USA,fbs,fbs
#e9e1ce,#e6ccb3,2016,12,,142,2633,Missouri,Tennessee,4.42,pbp,SEC,SEC,fbs,fbs
#e3c2ab,#c24a54,2023,13,,228,2579,Clemson,South Carolina,4.42,pbp,ACC,SEC,fbs,fbs
#6f82cf,#b5b5b5,2016,5,,57,238,Florida(23),Vanderbilt,4.42,pbp,SEC,SEC,fbs,fbs
#57c78b,#b7b7b8,2019,2,,249,2567,North Texas,SMU,4.42,pbp,Conference USA,American Athletic,fbs,fbs
#b7949a,#4b83c3,2018,2,,113,290,Massachusetts,Georgia Southern,4.42,pbp,FBS Independents,Sun Belt,fbs,fbs
#3f78bc,#357a9e,2023,11,,2440,328,Nevada,Utah State,4.42,pbp,Mountain West,Mountain West,fbs,fbs
#3c73b2,#a6999b,2022,10,,277,66,West Virginia,Iowa State,4.42,pbp,Big 12,Big 12,fbs,fbs
#e6c6c7,#3d77b8,2022,12,,98,2,Western Kentucky,Auburn,4.41,pbp,Conference USA,SEC,fbs,fbs
#c0437e,#4c85c3,2017,12,,2117,2309,Central Michigan,Kent State,4.41,pbp,Mid-American,Mid-American,fbs,fbs
#3aaf80,#bd3f7d,2016,8,,2390,259,Miami,Virginia Tech,4.41,pbp,ACC,ACC,fbs,fbs
#d98c8c,#a0a0a0,2019,5,,152,52,NC State,Florida State,4.41,pbp,ACC,ACC,fbs,fbs
#cbbdb5,#75807c,2019,13,,251,239,Texas,Baylor(13),4.41,pbp,Big 12,Big 12,fbs,fbs
#39aa8c,#e6c7b3,2016,3,,58,183,South Florida,Syracuse,4.41,pbp,American Athletic,ACC,fbs,fbs
#4c85c3,#3e72b9,2017,13,,2309,2006,Kent State,Akron,4.41,pbp,Mid-American,Mid-American,fbs,fbs
#c24a54,#707987,2025,10,,2579,145,South Carolina,Ole Miss(7),4.4,pbp,SEC,SEC,fbs,fbs
#a6999b,#dd9da6,2023,7,,66,2132,Iowa State,Cincinnati,4.4,pbp,Big 12,Big 12,fbs,fbs
#5090c5,#e6c6c7,2015,10,,2226,98,Florida Atlantic,Western Kentucky,4.4,pbp,Conference USA,Conference USA,fbs,fbs
#a4a4a4,#d6889a,2019,5,,77,275,Northwestern,Wisconsin(8),4.4,pbp,Big Ten,Big Ten,fbs,fbs
#4abfc2,#917e9c,2022,Bowls,ticketsmarter birmingham bowl,324,151,Coastal Carolina,East Carolina,4.4,pbp,Sun Belt,American Athletic,fbs,fbs
#868686,#7b7b7b,2017,2,,2711,127,Western Michigan,Michigan State,4.4,pbp,Mid-American,Big Ten,fbs,fbs
#576f8c,#dc97a7,2018,5,,2649,278,Toledo,Fresno State,4.4,pbp,Mid-American,Mountain West,fbs,fbs
#cc7a91,#39aa8c,2021,8,,218,58,Temple,South Florida,4.4,pbp,American Athletic,American Athletic,fbs,fbs
#cc7a91,#6388cb,2023,5,,218,202,Temple,Tulsa,4.4,pbp,American Athletic,American Athletic,fbs,fbs
#978da5,#bd9099,2025,11,,99,333,LSU,Alabama(4),4.4,pbp,SEC,SEC,fbs,fbs
#c0437e,#6f7cc9,2019,9,,2117,2084,Central Michigan,Buffalo,4.4,pbp,Mid-American,Mid-American,fbs,fbs
#b57f81,#3d77b8,2023,12,,166,2,New Mexico State,Auburn,4.4,pbp,Conference USA,SEC,fbs,fbs
#357a9e,#b5b5b5,2025,5,,328,238,Utah State,Vanderbilt(18),4.4,pbp,Mountain West,SEC,fbs,fbs
#e6c6c7,#76d198,2021,13,,98,276,Western Kentucky,Marshall,4.4,pbp,Conference USA,Conference USA,fbs,fbs
#da8f8f,#a75a7c,2025,8,,158,135,Nebraska(25),Minnesota,4.4,pbp,Big Ten,Big Ten,fbs,fbs
#828282,#3f78bc,2024,10,,36,2440,Colorado State,Nevada,4.4,pbp,Mountain West,Mountain West,fbs,fbs
#dc9797,#339969,2023,6,,2050,2199,Ball State,Eastern Michigan,4.4,pbp,Mid-American,Mid-American,fbs,fbs
#345b9d,#e6c6c7,2025,8,,2229,98,Florida International,Western Kentucky,4.39,pbp,Conference USA,Conference USA,fbs,fbs
#b6999d,#b9a0a5,2022,6,,265,30,Washington State,USC(6),4.39,pbp,Pac-12,Pac-12,fbs,fbs
#339a72,#6e6e6e,2021,2,,62,204,Hawai'i,Oregon State,4.39,pbp,Mountain West,Pac-12,fbs,fbs
#e6ccb3,#ce919e,2022,3,,2638,167,UTEP,New Mexico,4.39,pbp,Conference USA,Mountain West,fbs,fbs
#6388cb,#61a0ca,2019,2,,202,23,Tulsa,San José State,4.39,pbp,American Athletic,Mountain West,fbs,fbs
#3cb48f,#dc97a7,2024,2,,16,278,Sacramento State,Fresno State,4.39,pbp,Big Sky,Mountain West,fcs,fbs
#ad9a9d,#e6c7b3,2019,10,,103,183,Boston College,Syracuse,4.39,pbp,ACC,ACC,fbs,fbs
#bd9099,#bd9fa4,2016,6,,333,8,Alabama(1),Arkansas(16),4.39,pbp,SEC,SEC,fbs,fbs
#b6999d,#b48686,2016,6,,265,24,Washington State,Stanford(15),4.39,pbp,Pac-12,Pac-12,fbs,fbs
#d17b7b,#339a72,2026,1,,2439,62,UNLV,Hawai'i,4.39,pbp,Mountain West,Mountain West,fbs,fbs
#6f82cf,#c24a54,2021,10,,57,2579,Florida,South Carolina,4.38,pbp,SEC,SEC,fbs,fbs
#c44e4e,#6f7cc9,2024,1,,322,2084,Lafayette,Buffalo,4.38,pbp,Patriot,Mid-American,fcs,fbs
#85797a,#6e6e6e,2020,3,,326,2433,Texas State,UL Monroe,4.38,pbp,Sun Belt,Sun Belt,fbs,fbs
#848484,#3f7fbd,2017,9,,258,221,Virginia,Pittsburgh,4.38,pbp,ACC,ACC,fbs,fbs
#5d7193,#adb8c1,2016,5,,12,26,Arizona,UCLA,4.38,pbp,Pac-12,Pac-12,fbs,fbs
#c0437e,#e6c7b3,2017,3,,2117,183,Central Michigan,Syracuse,4.38,pbp,Mid-American,ACC,fbs,fbs
#e7c8b6,#d5a6af,2018,6,,356,164,Illinois,Rutgers,4.38,pbp,Big Ten,Big Ten,fbs,fbs
#d9c78e,#57c78b,2024,11,,349,249,Army(18),North Texas,4.38,pbp,American Athletic,American Athletic,fbs,fbs
#FFFFFF,#e6dbb3,2025,2,,2815,2026,Lindenwood,App State,4.38,pbp,Big South-OVC,Sun Belt,fcs,fbs
#707987,#6f82cf,2026,4,,145,57,Ole Miss(4),Florida(21),4.38,pbp,SEC,SEC,fbs,fbs
#76d198,#3f7fbd,2016,5,,276,221,Marshall,Pittsburgh,4.38,pbp,Conference USA,ACC,fbs,fbs
#76d198,#4fb885,2021,12,,276,2429,Marshall,Charlotte,4.38,pbp,Conference USA,Conference USA,fbs,fbs
#b7949a,#935531,2015,6,,113,189,Massachusetts,Bowling Green,4.38,pbp,Mid-American,Mid-American,fbs,fbs
#c0437e,#3aaf80,2019,4,,2117,2390,Central Michigan,Miami,4.38,pbp,Mid-American,ACC,fbs,fbs
#f4ebe0,#d07980,2026,6,,2572,2653,Southern Miss,Troy,4.38,pbp,Sun Belt,Sun Belt,fbs,fbs
#6b8bce,#357a9e,2015,7,,68,328,Boise State(21),Utah State,4.38,pbp,Mountain West,Mountain West,fbs,fbs
#d2adae,#f4ebe0,2024,6,,309,2572,Louisiana,Southern Miss,4.38,pbp,Sun Belt,Sun Belt,fbs,fbs
#6f82cf,#ce919e,2018,9,,57,61,Florida(9),Georgia(7),4.38,pbp,SEC,SEC,fbs,fbs
#c75886,#ffffff,2021,4,,2640,242,Texas Southern,Rice,4.38,pbp,SWAC,Conference USA,fcs,fbs
#3974ac,#a75a7c,2020,8,,130,135,Michigan(18),Minnesota(21),4.38,pbp,Big Ten,Big Ten,fbs,fbs
#a0a0a0,#e3c2ab,2025,11,,52,228,Florida State,Clemson,4.38,pbp,ACC,ACC,fbs,fbs
#c8c6c2,#dd9da6,2025,7,,2116,2132,UCF,Cincinnati,4.37,pbp,Big 12,Big 12,fbs,fbs
#838383,#c0437e,2026,3,,2751,2117,Wyoming,Central Michigan,4.37,pbp,Mountain West,Mid-American,fbs,fbs
#e5c2b2,#b57f81,2023,7,,2534,166,Sam Houston,New Mexico State,4.37,pbp,Conference USA,Conference USA,fbs,fbs
#4c4c4c,#d6889a,2017,7,,2509,275,Purdue,Wisconsin(7),4.37,pbp,Big Ten,Big Ten,fbs,fbs
#6f82cf,#ce919e,2016,9,,57,61,Florida(14),Georgia,4.37,pbp,SEC,SEC,fbs,fbs
#40be99,#bca0a5,2024,3,,2655,201,Tulane,Oklahoma(15),4.37,pbp,American Athletic,SEC,fbs,fbs
#ce919e,#3d77b8,2017,14,,61,2,Georgia(6),Auburn(4),4.37,pbp,SEC,SEC,fbs,fbs
#ffffff,#d9c78e,2019,1,,242,349,Rice,Army,4.37,pbp,Conference USA,FBS Independents,fbs,fbs
#acacad,#c24a54,2016,12,,2717,2579,Western Carolina,South Carolina,4.37,pbp,Southern,SEC,fcs,fbs
#c8c6c2,#5c81c6,2022,Bowls,military bowl presented by peraton,2116,150,UCF,Duke,4.37,pbp,American Athletic,ACC,fbs,fbs
#e6ccb3,#ffffff,2016,12,,2638,242,UTEP,Rice,4.36,pbp,Conference USA,Conference USA,fbs,fbs
#a0a0a0,#d98c8c,2018,10,,52,152,Florida State,NC State,4.36,pbp,ACC,ACC,fbs,fbs
#cbbdb5,#bd9fa4,2024,12,,251,8,Texas(3),Arkansas,4.36,pbp,SEC,SEC,fbs,fbs
#dd9da6,#39aa8c,2021,11,,2132,58,Cincinnati(2),South Florida,4.36,pbp,American Athletic,American Athletic,fbs,fbs
#cfbdbf,#cfa0a8,2016,Bowls,las vegas bowl presented by geico,248,21,Houston,San Diego State(25),4.36,pbp,American Athletic,Mountain West,fbs,fbs
#39aa8c,#f4ebe0,2024,3,,58,2572,South Florida,Southern Miss,4.36,pbp,American Athletic,Sun Belt,fbs,fbs
#6f82cf,#3974ac,2018,Bowls,chick-fil-a peach bowl,57,130,Florida(7),Michigan(14),4.36,pbp,SEC,Big Ten,fbs,fbs
#db93a2,#a75a7c,2021,8,,120,135,Maryland,Minnesota,4.36,pbp,Big Ten,Big Ten,fbs,fbs
#d17b7b,#357a9e,2024,7,,2439,328,UNLV,Utah State,4.36,pbp,Mountain West,Mountain West,fbs,fbs
#f6f6f6,#ddb4b6,2020,6,,2110,2032,Central Arkansas,Arkansas State,4.35,pbp,Southland,Sun Belt,fcs,fbs
#bd9099,#af3a3a,2019,7,,333,245,Alabama(1),Texas A&M(24),4.35,pbp,SEC,SEC,fbs,fbs
#c0437e,#935531,2019,8,,2117,189,Central Michigan,Bowling Green,4.35,pbp,Mid-American,Mid-American,fbs,fbs
#ffffff,#359f7d,2024,13,,242,5,Rice,UAB,4.35,pbp,American Athletic,American Athletic,fbs,fbs
#b9a0a5,#6e6e6e,2018,10,,30,204,USC,Oregon State,4.35,pbp,Pac-12,Pac-12,fbs,fbs
#576f8c,#e1bbbf,2022,6,,2649,2459,Toledo,Northern Illinois,4.35,pbp,Mid-American,Mid-American,fbs,fbs
#e6ccb3,#ce919e,2020,6,,2633,61,Tennessee(14),Georgia(3),4.35,pbp,SEC,SEC,fbs,fbs
#c0437e,#7b7b7b,2018,5,,2117,127,Central Michigan,Michigan State(21),4.35,pbp,Mid-American,Big Ten,fbs,fbs
#5090c5,#7cb0d3,2022,12,,2226,2393,Florida Atlantic,Middle Tennessee,4.35,pbp,Conference USA,Conference USA,fbs,fbs
#e0a3ae,#61a0ca,2016,3,,254,23,Utah,San José State,4.35,pbp,Pac-12,Mountain West,fbs,fbs
#ffffff,#3d6bb7,2025,5,,242,2426,Rice,Navy,4.34,pbp,American Athletic,American Athletic,fbs,fbs
#e7c8b6,#5c81c6,2025,2,,356,150,Illinois(11),Duke,4.34,pbp,Big Ten,ACC,fbs,fbs
#339a72,#ce919e,2023,8,,62,167,Hawai'i,New Mexico,4.34,pbp,Mountain West,Mountain West,fbs,fbs
#339a72,#838383,2021,13,,62,2751,Hawai'i,Wyoming,4.34,pbp,Mountain West,Mountain West,fbs,fbs
#da8f8f,#e0a3ae,2025,Bowls,srs distribution las vegas bowl,158,254,Nebraska,Utah(14),4.34,pbp,Big Ten,Big 12,fbs,fbs
#9785a6,#bca0a5,2021,7,,2628,201,TCU,Oklahoma(4),4.34,pbp,Big 12,Big 12,fbs,fbs
#b7b7b8,#9785a6,2015,3,,2567,2628,SMU,TCU(3),4.34,pbp,American Athletic,Big 12,fbs,fbs
#e6ccb3,#3c7eb4,2026,2,,2633,59,Tennessee(18),Georgia Tech,4.34,pbp,SEC,ACC,fbs,fbs
#dc97a7,#b6999d,2026,5,,278,265,Fresno State,Washington State,4.34,pbp,Pac-12,Pac-12,fbs,fbs
#adb8c1,#e0a3ae,2021,9,,26,254,UCLA,Utah,4.34,pbp,Pac-12,Pac-12,fbs,fbs
#5c81c6,#3aaf80,2016,13,,150,2390,Duke,Miami,4.34,pbp,ACC,ACC,fbs,fbs
#b6999d,#47c27c,2017,6,,265,2483,Washington State(11),Oregon,4.34,pbp,Pac-12,Pac-12,fbs,fbs
#6b8bce,#e6ccb3,2018,11,,96,2633,Kentucky(12),Tennessee,4.34,pbp,SEC,SEC,fbs,fbs
#f4f4f4,#e7c8b6,2016,2,,153,356,North Carolina,Illinois,4.34,pbp,ACC,Big Ten,fbs,fbs
#dc9797,#5d7088,2018,2,,2050,87,Ball State,Notre Dame(8),4.34,pbp,Mid-American,FBS Independents,fbs,fbs
#e6dbb3,#d07980,2023,14,sun belt championship,2026,2653,App State,Troy,4.34,pbp,Sun Belt,Sun Belt,fbs,fbs
#dc9797,#cc6666,2016,2,,2050,84,Ball State,Indiana,4.34,pbp,Mid-American,Big Ten,fbs,fbs
#339969,#b7949a,2021,3,,2199,113,Eastern Michigan,Massachusetts,4.34,pbp,Mid-American,FBS Independents,fbs,fbs
#9785a6,#bca0a5,2023,13,,2628,201,TCU,Oklahoma(13),4.33,pbp,Big 12,Big 12,fbs,fbs
#e6dbb3,#99a6b8,2025,7,,2026,2247,App State,Georgia State,4.33,pbp,Sun Belt,Sun Belt,fbs,fbs
#e9e1ce,#937a7f,2024,13,,142,344,Missouri,Mississippi State,4.33,pbp,SEC,SEC,fbs,fbs
#828282,#cfa0a8,2025,6,,36,21,Colorado State,San Diego State,4.33,pbp,Mountain West,Mountain West,fbs,fbs
#5d7193,#adb8c1,2020,13,,12,26,Arizona,UCLA,4.33,pbp,Pac-12,Pac-12,fbs,fbs
#3d77b8,#d9c78e,2020,6,,2643,349,The Citadel,Army,4.33,pbp,Southern,FBS Independents,fcs,fbs
#3d75b8,#4078be,2017,13,,2636,2348,UTSA,Louisiana Tech,4.33,pbp,Conference USA,Conference USA,fbs,fbs
#d2adae,#e6dbb3,2018,8,,309,2026,Louisiana,App State,4.33,pbp,Sun Belt,Sun Belt,fbs,fbs
#bc778f,#6e6e6e,2017,12,,9,204,Arizona State,Oregon State,4.33,pbp,Pac-12,Pac-12,fbs,fbs
#bd9fa4,#c24a54,2017,6,,8,2579,Arkansas,South Carolina,4.33,pbp,SEC,SEC,fbs,fbs
#3e72b9,#8e8e8e,2024,5,,2006,195,Akron,Ohio,4.33,pbp,Mid-American,Mid-American,fbs,fbs
#cfa0a8,#828282,2015,9,,21,36,San Diego State,Colorado State,4.33,pbp,Mountain West,Mountain West,fbs,fbs
#db93a2,#44699b,2016,6,,120,213,Maryland,Penn State,4.32,pbp,Big Ten,Big Ten,fbs,fbs
#4c4c4c,#da8f8f,2023,9,,2509,158,Purdue,Nebraska,4.32,pbp,Big Ten,Big Ten,fbs,fbs
#937a7f,#e9e1ce,2015,10,,344,142,Mississippi State(24),Missouri,4.32,pbp,SEC,SEC,fbs,fbs
#6f7cc9,#3e72b9,2015,12,,2084,2006,Buffalo,Akron,4.32,pbp,Mid-American,Mid-American,fbs,fbs
#c8c6c2,#6f92cf,2025,14,,2116,252,UCF,BYU(11),4.32,pbp,Big 12,Big 12,fbs,fbs
#e7c8b6,#4c4c4c,2019,9,,356,2509,Illinois,Purdue,4.32,pbp,Big Ten,Big Ten,fbs,fbs
#6095ca,#707987,2016,5,,235,145,Memphis,Ole Miss(16),4.32,pbp,American Athletic,SEC,fbs,fbs
#d17b7b,#c0437e,2016,3,,2439,2117,UNLV,Central Michigan,4.32,pbp,Mountain West,Mid-American,fbs,fbs
#828282,#7f46c2,2025,1,,36,264,Colorado State,Washington,4.32,pbp,Mountain West,Big Ten,fbs,fbs
#bca0a5,#978da5,2024,14,,201,99,Oklahoma,LSU,4.32,pbp,SEC,SEC,fbs,fbs
#e7c8b6,#d5a6af,2016,7,,356,164,Illinois,Rutgers,4.32,pbp,Big Ten,Big Ten,fbs,fbs
#576f8c,#dc9797,2015,5,,2649,2050,Toledo,Ball State,4.32,pbp,Mid-American,Mid-American,fbs,fbs
#6e6e6e,#b48686,2016,10,,204,24,Oregon State,Stanford,4.32,pbp,Pac-12,Pac-12,fbs,fbs
#3f647f,#e0a3ae,2023,7,,25,254,California,Utah(16),4.32,pbp,Pac-12,Pac-12,fbs,fbs
#dd9da6,#9785a6,2025,14,,2132,2628,Cincinnati,TCU,4.32,pbp,Big 12,Big 12,fbs,fbs
#5c81c6,#5d7088,2020,2,,150,87,Duke,Notre Dame,4.31,pbp,ACC,FBS Independents,fbs,fbs
#cf6e75,#868686,2019,7,,193,2711,Miami (OH),Western Michigan,4.31,pbp,Mid-American,Mid-American,fbs,fbs
#576f8c,#339969,2016,6,,2649,2199,Toledo,Eastern Michigan,4.31,pbp,Mid-American,Mid-American,fbs,fbs
#3974ac,#b9a0a5,2025,7,,130,30,Michigan(15),USC,4.31,pbp,Big Ten,Big Ten,fbs,fbs
#4b83c3,#e6dbb3,2015,8,,290,2026,Georgia Southern,App State,4.31,pbp,Sun Belt,Sun Belt,fbs,fbs
#6f7cc9,#44699b,2015,2,,2084,213,Buffalo,Penn State,4.31,pbp,Mid-American,Big Ten,fbs,fbs
#f4ebe0,#76d198,2015,6,,2572,276,Southern Miss,Marshall,4.31,pbp,Conference USA,Conference USA,fbs,fbs
#519bc5,#76d198,2019,7,,295,276,Old Dominion,Marshall,4.31,pbp,Conference USA,Conference USA,fbs,fbs
#dc97a7,#cfa0a8,2015,5,,278,21,Fresno State,San Diego State,4.31,pbp,Mountain West,Mountain West,fbs,fbs
#39aa8c,#dd9da6,2016,5,,58,2132,South Florida,Cincinnati,4.31,pbp,American Athletic,American Athletic,fbs,fbs
#da8f8f,#f2f2f2,2023,2,,158,38,Nebraska,Colorado(22),4.31,pbp,Big Ten,Pac-12,fbs,fbs
#61a0ca,#ce919e,2023,7,,23,167,San José State,New Mexico,4.31,pbp,Mountain West,Mountain West,fbs,fbs
#ce919e,#c24a54,2016,6,,61,2579,Georgia,South Carolina,4.31,pbp,SEC,SEC,fbs,fbs
#5d7193,#9785a6,2024,13,,12,2628,Arizona,TCU,4.31,pbp,Big 12,Big 12,fbs,fbs
#5096c4,#61a0ca,2023,4,,2005,23,Air Force,San José State,4.31,pbp,Mountain West,Mountain West,fbs,fbs
#576f8c,#868686,2018,9,,2649,2711,Toledo,Western Michigan,4.31,pbp,Mid-American,Mid-American,fbs,fbs
#3aaf80,#3c7eb4,2022,11,,2390,59,Miami,Georgia Tech,4.31,pbp,ACC,ACC,fbs,fbs
#7fa4d4,#d5a6af,2015,4,,2305,164,Kansas,Rutgers,4.31,pbp,Big 12,Big Ten,fbs,fbs
#4c4c4c,#db93a2,2024,13,,2294,120,Iowa,Maryland,4.3,pbp,Big Ten,Big Ten,fbs,fbs
#db93a2,#7b7b7b,2021,11,,120,127,Maryland,Michigan State(8),4.3,pbp,Big Ten,Big Ten,fbs,fbs
#4078be,#76d198,2019,12,,2348,276,Louisiana Tech,Marshall,4.3,pbp,Conference USA,Conference USA,fbs,fbs
#d98c8c,#d98c8c,2022,3,,2641,152,Texas Tech,NC State(16),4.3,pbp,Big 12,ACC,fbs,fbs
#9cbacd,#ad9a9d,2026,3,,311,103,Maine,Boston College,4.3,pbp,Coastal Athletic,ACC,fcs,fbs
#cfa0a8,#af3a3a,2017,2,,2447,245,Nicholls,Texas A&M,4.3,pbp,Southland,SEC,fcs,fbs
#885caf,#7fa4d4,2025,9,,2306,2305,Kansas State,Kansas,4.3,pbp,Big 12,Big 12,fbs,fbs
#6388cb,#917e9c,2015,7,,202,151,Tulsa,East Carolina,4.3,pbp,American Athletic,American Athletic,fbs,fbs
#978da5,#ce919e,2022,14,sec championship game,99,61,LSU(11),Georgia(1),4.3,pbp,SEC,SEC,fbs,fbs
#adb8c1,#978da5,2024,4,,26,99,UCLA,LSU(16),4.3,pbp,Big Ten,SEC,fbs,fbs
#dc97a7,#6b8bce,2022,6,,278,68,Fresno State,Boise State,4.3,pbp,Mountain West,Mountain West,fbs,fbs
#ce919e,#357a9e,2022,10,,167,328,New Mexico,Utah State,4.3,pbp,Mountain West,Mountain West,fbs,fbs
#44699b,#6b8bce,2024,Bowls,college football playoff quarterfinal at the vrbo fiesta bowl,213,68,Penn State(5),Boise State(8),4.3,pbp,Big Ten,Mountain West,fbs,fbs
#a4a4a4,#5c81c6,2017,2,,77,150,Northwestern,Duke,4.3,pbp,Big Ten,ACC,fbs,fbs
#7f46c2,#e0a3ae,2018,3,,264,254,Washington(10),Utah,4.29,pbp,Pac-12,Pac-12,fbs,fbs
#4e6192,#e6ccb3,2023,13,,2335,2638,Liberty(22),UTEP,4.29,pbp,Conference USA,Conference USA,fbs,fbs
#e7c8b6,#4c4c4c,2023,5,,356,2509,Illinois,Purdue,4.29,pbp,Big Ten,Big Ten,fbs,fbs
#838383,#357a9e,2021,12,,2751,328,Wyoming,Utah State,4.29,pbp,Mountain West,Mountain West,fbs,fbs
#ddb4b6,#b7949a,2023,5,,2032,113,Arkansas State,Massachusetts,4.29,pbp,Sun Belt,FBS Independents,fbs,fbs
#ddb4b6,#3974ac,2024,3,,2032,130,Arkansas State,Michigan(17),4.29,pbp,Sun Belt,Big Ten,fbs,fbs
#75807c,#e6cab3,2025,5,,239,197,Baylor,Oklahoma State,4.29,pbp,Big 12,Big 12,fbs,fbs
#3c73b2,#6f92cf,2025,6,,277,252,West Virginia,BYU(23),4.29,pbp,Big 12,Big 12,fbs,fbs
#adb8c1,#f2f2f2,2018,5,,26,38,UCLA,Colorado,4.29,pbp,Pac-12,Pac-12,fbs,fbs
#b48686,#b5b5b5,2021,3,,24,238,Stanford,Vanderbilt,4.29,pbp,Pac-12,SEC,fbs,fbs
#bd9099,#3d77b8,2015,13,,333,2,Alabama(2),Auburn,4.29,pbp,SEC,SEC,fbs,fbs
#3974ac,#4c4c4c,2017,4,,130,2509,Michigan(8),Purdue,4.29,pbp,Big Ten,Big Ten,fbs,fbs
#d3a5b1,#d5a6af,2023,10,,194,164,Ohio State(3),Rutgers,4.29,pbp,Big Ten,Big Ten,fbs,fbs
#6095ca,#cfbdbf,2021,12,,235,248,Memphis,Houston(17),4.29,pbp,American Athletic,American Athletic,fbs,fbs
#bc778f,#e0a3ae,2017,8,,9,254,Arizona State,Utah,4.29,pbp,Pac-12,Pac-12,fbs,fbs
#7cb0d3,#3d75b8,2021,3,,2393,2636,Middle Tennessee,UTSA,4.28,pbp,Conference USA,Conference USA,fbs,fbs
#576f8c,#937a7f,2024,3,,2649,344,Toledo,Mississippi State,4.28,pbp,Mid-American,SEC,fbs,fbs
#4078be,#e6ccb3,2025,5,,2348,2638,Louisiana Tech,UTEP,4.28,pbp,Conference USA,Conference USA,fbs,fbs
#3c73b2,#a75a7c,2021,Bowls,guaranteed rate bowl,277,135,West Virginia,Minnesota,4.28,pbp,Big 12,Big Ten,fbs,fbs
#576f8c,#ddb4b6,2016,1,,2649,2032,Toledo,Arkansas State,4.28,pbp,Mid-American,Sun Belt,fbs,fbs
#ba3e3e,#e6cab3,2021,1,,2623,197,Missouri State,Oklahoma State,4.28,pbp,MVFC,Big 12,fcs,fbs
#9cbacd,#c0437e,2018,4,,311,2117,Maine,Central Michigan,4.28,pbp,CAA,Mid-American,fcs,fbs
#85797a,#4abfc2,2017,9,,326,324,Texas State,Coastal Carolina,4.28,pbp,Sun Belt,Sun Belt,fbs,fbs
#da8f8f,#7b7b7b,2026,4,,158,127,Nebraska,Michigan State,4.28,pbp,Big Ten,Big Ten,fbs,fbs
#d98c8c,#5d7088,2017,9,,152,87,NC State(14),Notre Dame(9),4.28,pbp,ACC,FBS Independents,fbs,fbs
#e0a3ae,#6f92cf,2019,1,,254,252,Utah(14),BYU,4.28,pbp,Pac-12,FBS Independents,fbs,fbs
#4078be,#937a7f,2015,7,,2348,344,Louisiana Tech,Mississippi State,4.28,pbp,Conference USA,SEC,fbs,fbs
#5090c5,#3d75b8,2019,13,,2226,2636,Florida Atlantic,UTSA,4.28,pbp,Conference USA,Conference USA,fbs,fbs
#cc6666,#7b7b7b,2015,8,,84,127,Indiana,Michigan State(7),4.28,pbp,Big Ten,Big Ten,fbs,fbs
#e6c7b3,#7cb0d3,2018,2,,2630,2393,UT Martin,Middle Tennessee,4.27,pbp,OVC,Conference USA,fcs,fbs
#4b83c3,#e6dbb3,2023,13,,290,2026,Georgia Southern,App State,4.27,pbp,Sun Belt,Sun Belt,fbs,fbs
#d98c8c,#a6999b,2020,6,,2641,66,Texas Tech,Iowa State(24),4.27,pbp,Big 12,Big 12,fbs,fbs
#dc9797,#c0437e,2020,14,,2050,2117,Ball State,Central Michigan,4.27,pbp,Mid-American,Mid-American,fbs,fbs
#d98c8c,#e6c7b3,2022,7,,152,183,NC State(15),Syracuse(18),4.27,pbp,ACC,ACC,fbs,fbs
#d9c78e,#359f7d,2025,6,,349,5,Army,UAB,4.27,pbp,American Athletic,American Athletic,fbs,fbs
#57c78b,#ffffff,2017,13,,249,242,North Texas,Rice,4.27,pbp,Conference USA,Conference USA,fbs,fbs
#937a7f,#6b8bce,2018,4,,344,96,Mississippi State(14),Kentucky,4.27,pbp,SEC,SEC,fbs,fbs
#6f82cf,#e0a3ae,2023,1,,57,254,Florida,Utah(14),4.27,pbp,SEC,Pac-12,fbs,fbs
#978da5,#6b8bce,2021,6,,99,96,LSU,Kentucky(16),4.27,pbp,SEC,SEC,fbs,fbs
#ffffff,#d9c78e,2016,2,,242,349,Rice,Army,4.27,pbp,Conference USA,FBS Independents,fbs,fbs
#339969,#dc9797,2018,8,,2199,2050,Eastern Michigan,Ball State,4.27,pbp,Mid-American,Mid-American,fbs,fbs
#f4ebe0,#3d75b8,2019,12,,2572,2636,Southern Miss,UTSA,4.26,pbp,Conference USA,Conference USA,fbs,fbs
#937a7f,#af3a3a,2019,9,,344,245,Mississippi State,Texas A&M,4.26,pbp,SEC,SEC,fbs,fbs
#e3c2ab,#e6c7b3,2023,5,,228,183,Clemson,Syracuse,4.26,pbp,ACC,ACC,fbs,fbs
#e1bbbf,#db93a2,2025,2,,2459,120,Northern Illinois,Maryland,4.26,pbp,Mid-American,Big Ten,fbs,fbs
#3d77b8,#db93a2,2023,Bowls,transperfect music city bowl,2,120,Auburn,Maryland,4.26,pbp,SEC,Big Ten,fbs,fbs
#838383,#99a6b8,2019,Bowls,,2751,2247,Wyoming,Georgia State,4.26,pbp,Mountain West,Sun Belt,fbs,fbs
#e6c7b3,#3f7fbd,2020,3,,183,221,Syracuse,Pittsburgh(25),4.26,pbp,ACC,ACC,fbs,fbs
#bd9099,#978da5,2016,10,,333,99,Alabama(1),LSU(15),4.26,pbp,SEC,SEC,fbs,fbs
#d98c8c,#bca0a5,2017,9,,2641,201,Texas Tech,Oklahoma(10),4.26,pbp,Big 12,Big 12,fbs,fbs
#357a9e,#838383,2016,10,,328,2751,Utah State,Wyoming,4.26,pbp,Mountain West,Mountain West,fbs,fbs
#3f7fbd,#e6c7b3,2021,13,,221,183,Pittsburgh(20),Syracuse,4.26,pbp,ACC,ACC,fbs,fbs
#828282,#cfa0a8,2016,13,,36,21,Colorado State,San Diego State,4.26,pbp,Mountain West,Mountain West,fbs,fbs
#e6c7b3,#3f7fbd,2026,3,,183,221,Syracuse,Pittsburgh,4.26,pbp,ACC,ACC,fbs,fbs
#5096c4,#cfa0a8,2022,13,,2005,21,Air Force,San Diego State,4.25,pbp,Mountain West,Mountain West,fbs,fbs
#4b83c3,#d2adae,2022,11,,290,309,Georgia Southern,Louisiana,4.25,pbp,Sun Belt,Sun Belt,fbs,fbs
#7fa4d4,#885caf,2022,13,,2305,2306,Kansas,Kansas State(15),4.25,pbp,Big 12,Big 12,fbs,fbs
#c24a54,#e3c2ab,2018,13,,2579,228,South Carolina,Clemson(2),4.25,pbp,SEC,ACC,fbs,fbs
#bd9099,#885caf,2022,Bowls,allstate sugar bowl,333,2306,Alabama(5),Kansas State(14),4.25,pbp,SEC,Big 12,fbs,fbs
#b9a0a5,#7f46c2,2019,5,,30,264,USC(21),Washington(17),4.25,pbp,Pac-12,Pac-12,fbs,fbs
#85797a,#d07980,2018,12,,326,2653,Texas State,Troy,4.25,pbp,Sun Belt,Sun Belt,fbs,fbs
#3c73b2,#885caf,2021,11,,277,2306,West Virginia,Kansas State,4.25,pbp,Big 12,Big 12,fbs,fbs
#339969,#dc9797,2025,12,,2199,2050,Eastern Michigan,Ball State,4.25,pbp,Mid-American,Mid-American,fbs,fbs
#d98c8c,#937a7f,2015,Bowls,,152,344,NC State,Mississippi State,4.25,pbp,ACC,SEC,fbs,fbs
#39aa8c,#917e9c,2019,9,,58,151,South Florida,East Carolina,4.25,pbp,American Athletic,American Athletic,fbs,fbs
#adb8c1,#5d7193,2021,6,,26,12,UCLA,Arizona,4.25,pbp,Pac-12,Pac-12,fbs,fbs
#7cb0d3,#57c78b,2016,5,,2393,249,Middle Tennessee,North Texas,4.24,pbp,Conference USA,Conference USA,fbs,fbs
#345b9d,#39aa8c,2026,1,,2229,58,Florida International,South Florida,4.24,pbp,Conference USA,American Athletic,fbs,fbs
#6b8bce,#b5b5b5,2023,4,,96,238,Kentucky,Vanderbilt,4.24,pbp,SEC,SEC,fbs,fbs
#d17b7b,#a4a4a4,2019,3,,2439,77,UNLV,Northwestern,4.24,pbp,Mountain West,Big Ten,fbs,fbs
#db93a2,#d6889a,2022,10,,120,275,Maryland,Wisconsin,4.24,pbp,Big Ten,Big Ten,fbs,fbs
#3c7eb4,#ad9a9d,2020,8,,59,103,Georgia Tech,Boston College,4.24,pbp,ACC,ACC,fbs,fbs
#e6c7b3,#b7b7b8,2025,6,,183,2567,Syracuse,SMU,4.24,pbp,ACC,ACC,fbs,fbs
#3c7eb4,#e3c2ab,2021,3,,59,228,Georgia Tech,Clemson(6),4.24,pbp,ACC,ACC,fbs,fbs
#359f7d,#3aaf80,2020,2,,5,2390,UAB,Miami,4.24,pbp,Conference USA,ACC,fbs,fbs
#e6dbb3,#4b83c3,2016,9,,2026,290,App State,Georgia Southern,4.24,pbp,Sun Belt,Sun Belt,fbs,fbs
#6b8bce,#d17b7b,2023,14,mountain west championship,68,2439,Boise State,UNLV,4.24,pbp,Mountain West,Mountain West,fbs,fbs
#85797a,#ffffff,2023,Bowls,servpro first responder bowl,326,242,Texas State,Rice,4.24,pbp,Sun Belt,American Athletic,fbs,fbs
#576f8c,#c0437e,2025,14,,2649,2117,Toledo,Central Michigan,4.24,pbp,Mid-American,Mid-American,fbs,fbs
#cfa0a8,#828282,2019,6,,21,36,San Diego State,Colorado State,4.24,pbp,Mountain West,Mountain West,fbs,fbs
#ffffff,#f4ebe0,2018,4,,242,2572,Rice,Southern Miss,4.23,pbp,Conference USA,Conference USA,fbs,fbs
#d2adae,#af3a3a,2017,3,,309,245,Louisiana,Texas A&M,4.23,pbp,Sun Belt,SEC,fbs,fbs
#d5a6af,#d6889a,2023,6,,164,275,Rutgers,Wisconsin,4.23,pbp,Big Ten,Big Ten,fbs,fbs
#339a72,#b57f81,2021,4,,62,166,Hawai'i,New Mexico State,4.23,pbp,Mountain West,FBS Independents,fbs,fbs
#6c6f6d,#917e9c,2019,4,,2729,151,William & Mary,East Carolina,4.23,pbp,CAA,American Athletic,fcs,fbs
#d3a5b1,#4c4c4c,2017,10,,194,2294,Ohio State(3),Iowa,4.23,pbp,Big Ten,Big Ten,fbs,fbs
#bc778f,#b9a0a5,2022,5,,9,30,Arizona State,USC(6),4.23,pbp,Pac-12,Pac-12,fbs,fbs
#e6ccb3,#6989c7,2025,14,,2638,48,UTEP,Delaware,4.23,pbp,Conference USA,Conference USA,fbs,fbs
#3aaf80,#848484,2016,11,,2390,258,Miami,Virginia,4.23,pbp,ACC,ACC,fbs,fbs
#3aaf80,#bd3f7d,2018,12,,2390,259,Miami,Virginia Tech,4.23,pbp,ACC,ACC,fbs,fbs
#917e9c,#6388cb,2016,10,,151,202,East Carolina,Tulsa,4.23,pbp,American Athletic,American Athletic,fbs,fbs
#5d7088,#d88a96,2019,1,,87,97,Notre Dame(9),Louisville,4.23,pbp,FBS Independents,ACC,fbs,fbs
#4e6192,#d2adae,2019,2,,2335,309,Liberty,Louisiana,4.23,pbp,FBS Independents,Sun Belt,fbs,fbs
#db93a2,#d5a6af,2021,13,,120,164,Maryland,Rutgers,4.23,pbp,Big Ten,Big Ten,fbs,fbs
#4c85c3,#339969,2023,7,,2309,2199,Kent State,Eastern Michigan,4.23,pbp,Mid-American,Mid-American,fbs,fbs
#d88a96,#e6c6c7,2019,3,,97,98,Louisville,Western Kentucky,4.22,pbp,ACC,Conference USA,fbs,fbs
#4abfc2,#d07980,2022,14,sun belt championship,324,2653,Coastal Carolina,Troy,4.22,pbp,Sun Belt,Sun Belt,fbs,fbs
#3f647f,#b6999d,2022,5,,25,265,California,Washington State,4.22,pbp,Pac-12,Pac-12,fbs,fbs
#e6cab3,#7fa4d4,2022,10,,197,2305,Oklahoma State(18),Kansas,4.22,pbp,Big 12,Big 12,fbs,fbs
#7b7b7b,#e7c8b6,2024,12,,127,356,Michigan State,Illinois,4.22,pbp,Big Ten,Big Ten,fbs,fbs
#f4ebe0,#ffffff,2019,9,,2572,242,Southern Miss,Rice,4.22,pbp,Conference USA,Conference USA,fbs,fbs
#4fb885,#b7949a,2018,4,,2429,113,Charlotte,Massachusetts,4.22,pbp,Conference USA,FBS Independents,fbs,fbs
#6e6e6e,#b6999d,2015,7,,204,265,Oregon State,Washington State,4.22,pbp,Pac-12,Pac-12,fbs,fbs
#75807c,#d98c8c,2022,9,,239,2641,Baylor,Texas Tech,4.22,pbp,Big 12,Big 12,fbs,fbs
#44699b,#7b7b7b,2025,12,,213,127,Penn State,Michigan State,4.22,pbp,Big Ten,Big Ten,fbs,fbs
#937a7f,#f4ebe0,2025,1,,344,2572,Mississippi State,Southern Miss,4.22,pbp,SEC,Sun Belt,fbs,fbs
#937a7f,#3d77b8,2023,9,,344,2,Mississippi State,Auburn,4.22,pbp,SEC,SEC,fbs,fbs
#d17b7b,#6b8bce,2024,15,mountain west championship,2439,68,UNLV(19),Boise State(10),4.21,pbp,Mountain West,Mountain West,fbs,fbs
#44699b,#a4a4a4,2026,5,,213,77,Penn State,Northwestern,4.21,pbp,Big Ten,Big Ten,fbs,fbs
#b57f81,#345b9d,2024,10,,166,2229,New Mexico State,Florida International,4.21,pbp,Conference USA,Conference USA,fbs,fbs
#b57f81,#e6ccb3,2023,8,,166,2638,New Mexico State,UTEP,4.21,pbp,Conference USA,Conference USA,fbs,fbs
#576f8c,#e1bbbf,2018,11,,2649,2459,Toledo,Northern Illinois,4.21,pbp,Mid-American,Mid-American,fbs,fbs
#4fb885,#345b9d,2015,10,,2429,2229,Charlotte,Florida International,4.21,pbp,Conference USA,Conference USA,fbs,fbs
#828282,#61a0ca,2017,1,,13,23,Cal Poly,San José State,4.21,pbp,Big Sky,Mountain West,fcs,fbs
#e6ccb3,#e9e1ce,2015,12,,2633,142,Tennessee,Missouri,4.21,pbp,SEC,SEC,fbs,fbs
#b6999d,#7f46c2,2019,14,,265,264,Washington State,Washington,4.21,pbp,Pac-12,Pac-12,fbs,fbs
#339969,#cf6e75,2015,10,,2199,193,Eastern Michigan,Miami (OH),4.21,pbp,Mid-American,Mid-American,fbs,fbs
#339a72,#e5c2b2,2024,3,,62,2534,Hawai'i,Sam Houston,4.21,pbp,Mountain West,Conference USA,fbs,fbs
#bd3f7d,#5c81c6,2022,11,,259,150,Virginia Tech,Duke,4.21,pbp,ACC,ACC,fbs,fbs
#885caf,#cbbdb5,2015,8,,2306,251,Kansas State,Texas,4.21,pbp,Big 12,Big 12,fbs,fbs
#bd3f7d,#40be99,2023,Bowls,military bowl presented by gobowling.com,259,2655,Virginia Tech,Tulane,4.2,pbp,ACC,American Athletic,fbs,fbs
#9b9b9c,#c0437e,2019,1,,399,2117,UAlbany,Central Michigan,4.2,pbp,CAA,Mid-American,fcs,fbs
#40be99,#6388cb,2025,5,,2655,202,Tulane,Tulsa,4.2,pbp,American Athletic,American Athletic,fbs,fbs
#76d198,#bd3f7d,2018,14,,276,259,Marshall,Virginia Tech,4.2,pbp,Conference USA,ACC,fbs,fbs
#ce919e,#adb8c1,2025,3,,167,26,New Mexico,UCLA,4.2,pbp,Mountain West,Big Ten,fbs,fbs
#6f92cf,#4e6192,2022,8,,252,2335,BYU,Liberty,4.2,pbp,FBS Independents,FBS Independents,fbs,fbs
#f4ebe0,#5090c5,2019,14,,2572,2226,Southern Miss,Florida Atlantic,4.2,pbp,Conference USA,Conference USA,fbs,fbs
#d9c78e,#5090c5,2024,2,,349,2226,Army,Florida Atlantic,4.2,pbp,American Athletic,American Athletic,fbs,fbs
#d1a0a8,#ddb4b6,2025,1,,2546,2032,Southeast Missouri State,Arkansas State,4.2,pbp,Big South-OVC,Sun Belt,fcs,fbs
#f2f2f2,#828282,2024,3,,38,36,Colorado,Colorado State,4.2,pbp,Big 12,Mountain West,fbs,fbs
#838383,#f2f2f2,2025,4,,2751,38,Wyoming,Colorado,4.2,pbp,Mountain West,Big 12,fbs,fbs
#d07980,#FFFFFF,2016,5,,2653,70,Troy,Idaho,4.2,legacy,Sun Belt,Sun Belt,fbs,fbs
#5096c4,#828282,2025,14,,2005,36,Air Force,Colorado State,4.2,pbp,Mountain West,Mountain West,fbs,fbs
#6f82cf,#bd9099,2015,14,,57,333,Florida(18),Alabama(2),4.2,pbp,SEC,SEC,fbs,fbs
#40be99,#d9c78e,2024,15,american athletic championship,2655,349,Tulane,Army(24),4.19,pbp,American Athletic,American Athletic,fbs,fbs
#a0a0a0,#d98c8c,2020,11,,52,152,Florida State,NC State,4.19,pbp,ACC,ACC,fbs,fbs
#c24a54,#937a7f,2016,2,,2579,344,South Carolina,Mississippi State,4.19,pbp,SEC,SEC,fbs,fbs
#3d6bb7,#4fb885,2023,7,,2426,2429,Navy,Charlotte,4.19,pbp,American Athletic,American Athletic,fbs,fbs
#c8c6c2,#b7b7b8,2021,11,,2116,2567,UCF,SMU,4.19,pbp,American Athletic,American Athletic,fbs,fbs
#a75a7c,#da8f8f,2018,8,,135,158,Minnesota,Nebraska,4.19,pbp,Big Ten,Big Ten,fbs,fbs
#9156c7,#47c27c,2025,Bowls,,256,2483,James Madison(19),Oregon(4),4.19,pbp,Sun Belt,Big Ten,fbs,fbs
#917e9c,#c8c6c2,2019,8,,151,2116,East Carolina,UCF,4.19,pbp,American Athletic,American Athletic,fbs,fbs
#838383,#828282,2026,1,,2751,36,Wyoming,Colorado State,4.19,pbp,Mountain West,Pac-12,fbs,fbs
#b7b7b8,#cc7a91,2020,10,,2567,218,SMU(18),Temple,4.19,pbp,American Athletic,American Athletic,fbs,fbs
#5d7088,#3f7fbd,2025,12,,87,221,Notre Dame(9),Pittsburgh(23),4.19,legacy,FBS Independents,ACC,fbs,fbs
#cbb4b7,#e6dbb3,2023,1,,2241,2026,Gardner-Webb,App State,4.19,pbp,Big South-OVC,Sun Belt,fcs,fbs
#868686,#e1bbbf,2021,13,,2711,2459,Western Michigan,Northern Illinois,4.19,pbp,Mid-American,Mid-American,fbs,fbs
#4c85c3,#5d7193,2024,2,,2464,12,Northern Arizona,Arizona(20),4.19,pbp,Big Sky,Big 12,fcs,fbs
#57c78b,#bd9fa4,2018,3,,249,8,North Texas,Arkansas,4.19,pbp,Conference USA,SEC,fbs,fbs
#75807c,#ffffff,2019,4,,239,242,Baylor,Rice,4.19,pbp,Big 12,Conference USA,fbs,fbs
#6f7cc9,#dc9797,2017,12,,2084,2050,Buffalo,Ball State,4.19,pbp,Mid-American,Mid-American,fbs,fbs
#4c4c4c,#a4a4a4,2021,12,,2509,77,Purdue,Northwestern,4.19,pbp,Big Ten,Big Ten,fbs,fbs
#a75a7c,#f4f4f4,2023,3,,135,153,Minnesota,North Carolina(20),4.19,pbp,Big Ten,ACC,fbs,fbs
#6e6e6e,#f4ebe0,2023,10,,2433,2572,UL Monroe,Southern Miss,4.18,pbp,Sun Belt,Sun Belt,fbs,fbs
#61a0ca,#3d77b8,2015,5,,23,2,San José State,Auburn,4.18,pbp,Mountain West,SEC,fbs,fbs
#9156c7,#ddb4b6,2022,6,,256,2032,James Madison,Arkansas State,4.18,pbp,Sun Belt,Sun Belt,fbs,fbs
#5090c5,#76d198,2018,8,,2226,276,Florida Atlantic,Marshall,4.18,pbp,Conference USA,Conference USA,fbs,fbs
#61a0ca,#5096c4,2019,5,,23,2005,San José State,Air Force,4.18,pbp,Mountain West,Mountain West,fbs,fbs
#d07980,#e6dbb3,2018,13,,2653,2026,Troy,App State,4.18,pbp,Sun Belt,Sun Belt,fbs,fbs
#e1bbbf,#a0a0a0,2018,4,,2459,52,Northern Illinois,Florida State,4.18,pbp,Mid-American,ACC,fbs,fbs
#5d3db6,#357a9e,2022,2,,2692,328,Weber State,Utah State,4.18,legacy,Big Sky,Mountain West,fcs,fbs
#519bc5,#cc6666,2025,1,,295,84,Old Dominion,Indiana(20),4.18,pbp,Sun Belt,Big Ten,fbs,fbs
#e6cab3,#7fa4d4,2025,10,,197,2305,Oklahoma State,Kansas,4.18,pbp,Big 12,Big 12,fbs,fbs
#6388cb,#917e9c,2019,14,,202,151,Tulsa,East Carolina,4.18,pbp,American Athletic,American Athletic,fbs,fbs
#e3c2ab,#d88a96,2017,3,,228,97,Clemson(3),Louisville(14),4.18,pbp,ACC,ACC,fbs,fbs
#5090c5,#4078be,2017,11,,2226,2348,Florida Atlantic,Louisiana Tech,4.18,pbp,Conference USA,Conference USA,fbs,fbs
#339a72,#6b8bce,2019,7,,62,68,Hawai'i,Boise State(14),4.18,pbp,Mountain West,Mountain West,fbs,fbs
#f4f4f4,#3c73b2,2023,Bowls,duke's mayo bowl,153,277,North Carolina,West Virginia,4.18,pbp,ACC,Big 12,fbs,fbs
#6f92cf,#b7949a,2018,11,,252,113,BYU,Massachusetts,4.17,pbp,FBS Independents,FBS Independents,fbs,fbs
#b6999d,#828282,2025,5,,265,36,Washington State,Colorado State,4.17,pbp,Pac-12,Mountain West,fbs,fbs
#e6c6c7,#4fb885,2018,7,,98,2429,Western Kentucky,Charlotte,4.17,pbp,Conference USA,Conference USA,fbs,fbs
#b48686,#47c27c,2016,11,,24,2483,Stanford,Oregon,4.17,pbp,Pac-12,Pac-12,fbs,fbs
#d17b7b,#b5b5b5,2019,7,,2439,238,UNLV,Vanderbilt,4.17,pbp,Mountain West,SEC,fbs,fbs
#339a72,#357a9e,2024,12,,62,328,Hawai'i,Utah State,4.17,legacy,Mountain West,Mountain West,fbs,fbs
#5090c5,#76d198,2020,8,,2226,276,Florida Atlantic,Marshall(22),4.17,pbp,Conference USA,Conference USA,fbs,fbs
#e6cab3,#9785a6,2016,12,,197,2628,Oklahoma State(13),TCU,4.17,pbp,Big 12,Big 12,fbs,fbs
#d9c78e,#5096c4,2023,10,,349,2005,Army,Air Force(17),4.17,pbp,FBS Independents,Mountain West,fbs,fbs
#e6c6c7,#b57f81,2026,5,,98,166,Western Kentucky,New Mexico State,4.17,pbp,Conference USA,Conference USA,fbs,fbs
#5090c5,#4b83c3,2020,14,,2226,290,Florida Atlantic,Georgia Southern,4.17,pbp,Conference USA,Sun Belt,fbs,fbs
#d07980,#ddb4b6,2022,13,,2653,2032,Troy,Arkansas State,4.17,pbp,Sun Belt,Sun Belt,fbs,fbs
#4fb885,#345b9d,2019,7,,2429,2229,Charlotte,Florida International,4.17,pbp,Conference USA,Conference USA,fbs,fbs
#6b8bce,#dc97a7,2021,10,,68,278,Boise State,Fresno State(25),4.16,pbp,Mountain West,Mountain West,fbs,fbs
#5d7193,#7f46c2,2020,12,,12,264,Arizona,Washington,4.16,pbp,Pac-12,Pac-12,fbs,fbs
#cf6e75,#3e72b9,2025,7,,193,2006,Miami (OH),Akron,4.16,pbp,Mid-American,Mid-American,fbs,fbs
#828282,#f2f2f2,2017,1,,36,38,Colorado State,Colorado,4.16,pbp,Mountain West,Pac-12,fbs,fbs
#4b83c3,#d6889a,2023,3,,290,275,Georgia Southern,Wisconsin,4.16,pbp,Sun Belt,Big Ten,fbs,fbs
#868686,#99a6b8,2018,4,,2711,2247,Western Michigan,Georgia State,4.16,pbp,Mid-American,Sun Belt,fbs,fbs
#da8f8f,#4c4c4c,2024,5,,158,2509,Nebraska,Purdue,4.16,pbp,Big Ten,Big Ten,fbs,fbs
#dc97a7,#828282,2025,7,,278,36,Fresno State,Colorado State,4.16,pbp,Mountain West,Mountain West,fbs,fbs
#3d77b8,#ce919e,2018,11,,2,61,Auburn,Georgia(5),4.16,pbp,SEC,SEC,fbs,fbs
#d6889a,#da8f8f,2017,6,,275,158,Wisconsin(9),Nebraska,4.16,pbp,Big Ten,Big Ten,fbs,fbs
#6f82cf,#bd9fa4,2016,10,,57,8,Florida(10),Arkansas,4.16,pbp,SEC,SEC,fbs,fbs
#4078be,#da8f8f,2023,4,,2348,158,Louisiana Tech,Nebraska,4.16,pbp,Conference USA,Big Ten,fbs,fbs
#e3c2ab,#5d7088,2022,10,,228,87,Clemson(5),Notre Dame,4.16,pbp,ACC,FBS Independents,fbs,fbs
#6e6e6e,#6388cb,2025,12,,204,202,Oregon State,Tulsa,4.16,pbp,Pac-12,American Athletic,fbs,fbs
#7f46c2,#6e6e6e,2019,11,,264,204,Washington,Oregon State,4.15,pbp,Pac-12,Pac-12,fbs,fbs
#cbb4b7,#9156c7,2024,2,,2241,256,Gardner-Webb,James Madison,4.15,pbp,Big South-OVC,Sun Belt,fcs,fbs
#e0a3ae,#3c73b2,2017,Bowls,zaxby's heart of dallas bowl,254,277,Utah,West Virginia,4.15,pbp,Pac-12,Big 12,fbs,fbs
#5096c4,#828282,2023,9,,2005,36,Air Force(19),Colorado State,4.15,pbp,Mountain West,Mountain West,fbs,fbs
#d2adae,#cbbdb5,2021,1,,309,251,Louisiana(23),Texas(21),4.15,pbp,Sun Belt,Big 12,fbs,fbs
#6f92cf,#357a9e,2019,10,,252,328,BYU,Utah State,4.15,pbp,FBS Independents,Mountain West,fbs,fbs
#ffffff,#4078be,2018,11,,242,2348,Rice,Louisiana Tech,4.15,pbp,Conference USA,Conference USA,fbs,fbs
#ddb4b6,#d2adae,2022,8,,2032,309,Arkansas State,Louisiana,4.15,pbp,Sun Belt,Sun Belt,fbs,fbs
#e0a3ae,#6e6e6e,2023,5,,254,204,Utah(10),Oregon State(19),4.15,pbp,Pac-12,Pac-12,fbs,fbs
#339a72,#61a0ca,2022,13,,62,23,Hawai'i,San José State,4.15,pbp,Mountain West,Mountain West,fbs,fbs
#d88a96,#707987,2021,1,,97,145,Louisville,Ole Miss,4.15,pbp,ACC,SEC,fbs,fbs
#d3a5b1,#d6889a,2023,9,,194,275,Ohio State(3),Wisconsin,4.15,pbp,Big Ten,Big Ten,fbs,fbs
#3c73b2,#cbbdb5,2022,5,,277,251,West Virginia,Texas,4.15,pbp,Big 12,Big 12,fbs,fbs
#848484,#5c81c6,2022,5,,258,150,Virginia,Duke,4.15,pbp,ACC,ACC,fbs,fbs
#6e6e6e,#85797a,2015,12,,2433,326,UL Monroe,Texas State,4.15,pbp,Sun Belt,Sun Belt,fbs,fbs
#838383,#cfa0a8,2025,10,,2751,21,Wyoming,San Diego State,4.14,pbp,Mountain West,Mountain West,fbs,fbs
#3c73b2,#339a72,2015,3,,302,62,UC Davis,Hawai'i,4.14,pbp,Big Sky,Mountain West,fcs,fbs
#6095ca,#c8c6c2,2021,8,,235,2116,Memphis,UCF,4.14,pbp,American Athletic,American Athletic,fbs,fbs
#e6cab3,#bca0a5,2022,12,,197,201,Oklahoma State(24),Oklahoma,4.14,pbp,Big 12,Big 12,fbs,fbs
#5c81c6,#d88a96,2016,7,,150,97,Duke,Louisville(7),4.14,pbp,ACC,ACC,fbs,fbs
#e6c7b3,#e6ccb3,2025,1,aflac kickoff,183,2633,Syracuse,Tennessee(24),4.14,pbp,ACC,SEC,fbs,fbs
#57c78b,#e6c6c7,2022,9,,249,98,North Texas,Western Kentucky,4.14,legacy,Conference USA,Conference USA,fbs,fbs
#cf6e75,#d9c78e,2021,4,,193,349,Miami (OH),Army,4.14,pbp,Mid-American,FBS Independents,fbs,fbs
#dd9da6,#3c73b2,2023,12,,2132,277,Cincinnati,West Virginia,4.14,pbp,Big 12,Big 12,fbs,fbs
#6b8bce,#6f82cf,2024,8,,96,57,Kentucky,Florida,4.14,pbp,SEC,SEC,fbs,fbs
#ce919e,#b5b5b5,2023,7,,61,238,Georgia(1),Vanderbilt,4.14,pbp,SEC,SEC,fbs,fbs
#bd3f7d,#4c4c4c,2015,3,,259,2509,Virginia Tech,Purdue,4.14,pbp,ACC,Big Ten,fbs,fbs
#6388cb,#3d6bb7,2020,14,,202,2426,Tulsa(22),Navy,4.14,pbp,American Athletic,American Athletic,fbs,fbs
#ad9a9d,#e6c7b3,2025,14,,103,183,Boston College,Syracuse,4.14,pbp,ACC,ACC,fbs,fbs
#3c73b2,#bd3f7d,2022,4,,277,259,West Virginia,Virginia Tech,4.14,pbp,Big 12,ACC,fbs,fbs
#e5c2b2,#e6ccb3,2024,6,,2534,2638,Sam Houston,UTEP,4.13,pbp,Conference USA,Conference USA,fbs,fbs
#e6ccb3,#ce919e,2022,10,,2633,61,Tennessee(2),Georgia(1),4.13,pbp,SEC,SEC,fbs,fbs
#e7c8b6,#da8f8f,2022,9,,356,158,Illinois(17),Nebraska,4.13,pbp,Big Ten,Big Ten,fbs,fbs
#5d7088,#7b7b7b,2017,4,,87,127,Notre Dame,Michigan State,4.13,pbp,FBS Independents,Big Ten,fbs,fbs
#9785a6,#4c4c4c,2019,3,,2628,2509,TCU,Purdue,4.13,pbp,Big 12,Big Ten,fbs,fbs
#3e72b9,#a6999b,2018,4,,2006,66,Akron,Iowa State,4.13,pbp,Mid-American,Big 12,fbs,fbs
#885caf,#b48686,2016,1,,2306,24,Kansas State,Stanford(8),4.13,pbp,Big 12,Pac-12,fbs,fbs
#a0a0a0,#e3c2ab,2017,11,,52,228,Florida State,Clemson(4),4.13,pbp,ACC,ACC,fbs,fbs
#6095ca,#5090c5,2020,Bowls,montgomery bowl,235,2226,Memphis,Florida Atlantic,4.13,pbp,American Athletic,Conference USA,fbs,fbs
#85797a,#d07980,2020,6,,326,2653,Texas State,Troy,4.13,pbp,Sun Belt,Sun Belt,fbs,fbs
#3c7eb4,#848484,2023,10,,59,258,Georgia Tech,Virginia,4.12,pbp,ACC,ACC,fbs,fbs
#917e9c,#4fb885,2024,6,,151,2429,East Carolina,Charlotte,4.12,pbp,American Athletic,American Athletic,fbs,fbs
#47c27c,#b9a0a5,2019,10,,2483,30,Oregon(7),USC,4.12,pbp,Pac-12,Pac-12,fbs,fbs
#db93a2,#4c4c4c,2019,7,,120,2509,Maryland,Purdue,4.12,pbp,Big Ten,Big Ten,fbs,fbs
#917e9c,#3d6bb7,2023,12,,151,2426,East Carolina,Navy,4.12,pbp,American Athletic,American Athletic,fbs,fbs
#9785a6,#bd9fa4,2017,2,,2628,8,TCU(23),Arkansas,4.12,pbp,Big 12,SEC,fbs,fbs
#bca0a5,#9785a6,2018,8,,201,2628,Oklahoma(9),TCU,4.12,pbp,Big 12,Big 12,fbs,fbs
#345b9d,#e6c6c7,2018,9,,2229,98,Florida International,Western Kentucky,4.12,pbp,Conference USA,Conference USA,fbs,fbs
#cf6e75,#dc97a7,2025,Bowls,snoop dogg arizona bowl,193,278,Miami (OH),Fresno State,4.12,pbp,Mid-American,Mountain West,fbs,fbs
#dc97a7,#339a72,2015,11,,278,62,Fresno State,Hawai'i,4.12,pbp,Mountain West,Mountain West,fbs,fbs
#a4a4a4,#4c4c4c,2022,12,,77,2509,Northwestern,Purdue,4.12,pbp,Big Ten,Big Ten,fbs,fbs
#339969,#c0437e,2019,6,,2199,2117,Eastern Michigan,Central Michigan,4.12,pbp,Mid-American,Mid-American,fbs,fbs
#868686,#935531,2024,12,,2711,189,Western Michigan,Bowling Green,4.12,pbp,Mid-American,Mid-American,fbs,fbs
#d3a5b1,#47c27c,2024,Bowls,college football playoff quarterfinal at the rose bowl presented by prudential,194,2483,Ohio State(1),Oregon(3),4.12,pbp,Big Ten,Big Ten,fbs,fbs
#e9e1ce,#3c73b2,2016,1,,142,277,Missouri,West Virginia,4.12,pbp,SEC,Big 12,fbs,fbs
#d07980,#9156c7,2025,15,sun belt championship,2653,256,Troy,James Madison(19),4.12,pbp,Sun Belt,Sun Belt,fbs,fbs
#3d75b8,#e6ccb3,2015,5,,2636,2638,UTSA,UTEP,4.12,pbp,Conference USA,Conference USA,fbs,fbs
#5d7193,#6e6e6e,2018,4,,12,204,Arizona,Oregon State,4.12,pbp,Pac-12,Pac-12,fbs,fbs
#9785a6,#885caf,2021,9,,2628,2306,TCU,Kansas State,4.12,pbp,Big 12,Big 12,fbs,fbs
#868686,#339969,2023,9,,2711,2199,Western Michigan,Eastern Michigan,4.12,pbp,Mid-American,Mid-American,fbs,fbs
#339969,#b7949a,2026,5,,2199,113,Eastern Michigan,Massachusetts,4.12,pbp,Mid-American,Mid-American,fbs,fbs
#4e6192,#6989c7,2026,5,,2335,48,Liberty,Delaware,4.12,pbp,Conference USA,Conference USA,fbs,fbs
#d98c8c,#bd3f7d,2020,4,,152,259,NC State,Virginia Tech(20),4.11,pbp,ACC,ACC,fbs,fbs
#8d8db9,#b5b5b5,2016,8,,2634,238,Tennessee State,Vanderbilt,4.11,pbp,OVC,SEC,fcs,fbs
#f0e8d6,#3d75b8,2024,1,,338,2636,Kennesaw State,UTSA,4.11,pbp,Conference USA,American Athletic,fbs,fbs
#ad9a9d,#bd3f7d,2024,8,,103,259,Boston College,Virginia Tech,4.11,pbp,ACC,ACC,fbs,fbs
#ce919e,#bca0a5,2026,3,,167,201,New Mexico,Oklahoma(24),4.11,pbp,Mountain West,SEC,fbs,fbs
#4c4c4c,#3974ac,2022,14,big ten championship game,2509,130,Purdue,Michigan(2),4.11,pbp,Big Ten,Big Ten,fbs,fbs
#3974ac,#4c4c4c,2022,5,,130,2294,Michigan(4),Iowa,4.11,pbp,Big Ten,Big Ten,fbs,fbs
#4078be,#978da5,2018,4,,2348,99,Louisiana Tech,LSU(6),4.11,pbp,Conference USA,SEC,fbs,fbs
#6e6e6e,#3d68b7,2024,9,,2433,6,UL Monroe,South Alabama,4.11,pbp,Sun Belt,Sun Belt,fbs,fbs
#3d68b7,#85797a,2025,14,,6,326,South Alabama,Texas State,4.11,pbp,Sun Belt,Sun Belt,fbs,fbs
#3974ac,#e7c8b6,2019,7,,130,356,Michigan(16),Illinois,4.11,pbp,Big Ten,Big Ten,fbs,fbs
#3f7fbd,#e6c7b3,2025,8,,221,183,Pittsburgh,Syracuse,4.11,pbp,ACC,ACC,fbs,fbs
#f2f2f2,#adb8c1,2019,10,,38,26,Colorado,UCLA,4.11,pbp,Pac-12,Pac-12,fbs,fbs
#a75a7c,#db93a2,2016,7,,135,120,Minnesota,Maryland,4.11,pbp,Big Ten,Big Ten,fbs,fbs
#3f78bc,#d17b7b,2020,9,,2440,2439,Nevada,UNLV,4.11,pbp,Mountain West,Mountain West,fbs,fbs
#3d68b8,#3f78bc,2026,2,,147,2440,Montana State,Nevada,4.11,pbp,Big Sky,Mountain West,fcs,fbs
#bd3f7d,#3c7eb4,2025,7,,259,59,Virginia Tech,Georgia Tech(13),4.1,pbp,ACC,ACC,fbs,fbs
#339a72,#3f647f,2016,1,,62,25,Hawai'i,California,4.1,pbp,Mountain West,Pac-12,fbs,fbs
#b48686,#c8c6c2,2019,3,,24,2116,Stanford,UCF(17),4.1,pbp,Pac-12,American Athletic,fbs,fbs
#dd9da6,#d88a96,2022,Bowls,wasabi fenway bowl,2132,97,Cincinnati,Louisville,4.1,pbp,American Athletic,ACC,fbs,fbs
#75807c,#3d75b8,2018,2,,239,2636,Baylor,UTSA,4.1,pbp,Big 12,Conference USA,fbs,fbs
#6f92cf,#f2f2f2,2024,Bowls,valero alamo bowl,252,38,BYU(13),Colorado(25),4.1,pbp,Big 12,Big 12,fbs,fbs
#b9a0a5,#3f647f,2019,12,,30,25,USC,California,4.1,pbp,Pac-12,Pac-12,fbs,fbs
#FFFFFF,#3e72b9,2021,3,,2803,2006,Bryant,Akron,4.1,pbp,NEC,Mid-American,fcs,fbs
#6f92cf,#917e9c,2025,4,,252,151,BYU,East Carolina,4.1,pbp,Big 12,American Athletic,fbs,fbs
#838383,#b6999d,2015,3,,2751,265,Wyoming,Washington State,4.09,pbp,Mountain West,Pac-12,fbs,fbs
#3e72b9,#cf6e75,2021,7,,2006,193,Akron,Miami (OH),4.09,pbp,Mid-American,Mid-American,fbs,fbs
#FFFFFF,#6e6e6e,2023,2,,2320,2433,Lamar,UL Monroe,4.09,pbp,Southland,Sun Belt,fcs,fbs
#4b83c3,#dc97a7,2025,1,,290,278,Georgia Southern,Fresno State,4.09,pbp,Sun Belt,Mountain West,fbs,fbs
#5d7088,#3c7eb4,2024,8,,87,59,Notre Dame(12),Georgia Tech,4.09,pbp,FBS Independents,ACC,fbs,fbs
#3d6bb7,#5090c5,2017,1,,2426,2226,Navy,Florida Atlantic,4.09,pbp,American Athletic,Conference USA,fbs,fbs
#4fb885,#57c78b,2020,6,,2429,249,Charlotte,North Texas,4.09,pbp,Conference USA,Conference USA,fbs,fbs
#ce919e,#6b8bce,2018,10,,61,96,Georgia(6),Kentucky(11),4.09,pbp,SEC,SEC,fbs,fbs
#f0ded1,#3c7eb4,2016,2,,2382,59,Mercer,Georgia Tech,4.09,legacy,Southern,ACC,fcs,fbs
#cfa0a8,#b6999d,2025,2,,21,265,San Diego State,Washington State,4.09,pbp,Mountain West,Pac-12,fbs,fbs
#937a7f,#f4ebe0,2015,1,,344,2572,Mississippi State,Southern Miss,4.09,pbp,SEC,Conference USA,fbs,fbs
#7fa4d4,#75807c,2024,14,,2305,239,Kansas,Baylor,4.09,pbp,Big 12,Big 12,fbs,fbs
#ad9a9d,#e3c2ab,2015,7,,103,228,Boston College,Clemson(5),4.09,pbp,ACC,ACC,fbs,fbs
#a0a0a0,#bd9099,2017,1,,52,333,Florida State(3),Alabama(1),4.09,pbp,ACC,SEC,fbs,fbs
#3c73b2,#7fa4d4,2017,4,,277,2305,West Virginia,Kansas,4.09,pbp,Big 12,Big 12,fbs,fbs
#978da5,#d88a96,2016,Bowls,,99,97,LSU(13),Louisville(21),4.08,pbp,SEC,ACC,fbs,fbs
#d6889a,#4c4c4c,2020,15,,275,2294,Wisconsin(25),Iowa(19),4.08,pbp,Big Ten,Big Ten,fbs,fbs
#e9e1ce,#6b8bce,2019,9,,142,96,Missouri,Kentucky,4.08,pbp,SEC,SEC,fbs,fbs
#3e72b9,#576f8c,2017,14,,2006,2649,Akron,Toledo,4.08,pbp,Mid-American,Mid-American,fbs,fbs
#6f92cf,#47c27c,2022,3,,252,2483,BYU(12),Oregon(25),4.08,pbp,FBS Independents,Pac-12,fbs,fbs
#bc778f,#b9a0a5,2016,5,,9,30,Arizona State,USC,4.08,pbp,Pac-12,Pac-12,fbs,fbs
#bd3f7d,#848484,2017,13,,259,258,Virginia Tech(24),Virginia,4.08,pbp,ACC,ACC,fbs,fbs
#ce919e,#6b8bce,2017,3,,167,68,New Mexico,Boise State,4.08,pbp,Mountain West,Mountain West,fbs,fbs
#dc97a7,#ce919e,2024,4,,278,167,Fresno State,New Mexico,4.08,pbp,Mountain West,Mountain West,fbs,fbs
#357a9e,#61a0ca,2021,11,,328,23,Utah State,San José State,4.08,pbp,Mountain West,Mountain West,fbs,fbs
#4b83c3,#4abfc2,2024,13,,290,324,Georgia Southern,Coastal Carolina,4.08,pbp,Sun Belt,Sun Belt,fbs,fbs
#6f82cf,#a0a0a0,2016,13,,57,52,Florida(13),Florida State(15),4.08,pbp,SEC,ACC,fbs,fbs
#b57f81,#4e6192,2019,14,,166,2335,New Mexico State,Liberty,4.08,pbp,FBS Independents,FBS Independents,fbs,fbs
#7f46c2,#4c4c4c,2024,7,,264,2294,Washington,Iowa,4.08,pbp,Big Ten,Big Ten,fbs,fbs
#4e6192,#b7949a,2022,6,,2335,113,Liberty,Massachusetts,4.08,pbp,FBS Independents,FBS Independents,fbs,fbs
#e0cfa2,#3d75b8,2016,1,,2011,2636,Alabama State,UTSA,4.08,pbp,SWAC,Conference USA,fcs,fbs
#838383,#5096c4,2015,6,,2751,2005,Wyoming,Air Force,4.08,pbp,Mountain West,Mountain West,fbs,fbs
#6b8bce,#6f92cf,2017,6,,68,252,Boise State,BYU,4.08,pbp,Mountain West,FBS Independents,fbs,fbs
#519bc5,#9156c7,2025,8,,295,256,Old Dominion,James Madison,4.08,pbp,Sun Belt,Sun Belt,fbs,fbs
#4fb885,#3d75b8,2016,13,,2429,2636,Charlotte,UTSA,4.08,pbp,Conference USA,Conference USA,fbs,fbs
#7fa4d4,#3c73b2,2020,7,,2305,277,Kansas,West Virginia,4.08,pbp,Big 12,Big 12,fbs,fbs
#bca0a5,#dd9da6,2023,4,,201,2132,Oklahoma(16),Cincinnati,4.08,pbp,Big 12,Big 12,fbs,fbs
#bd3f7d,#d5a6af,2023,3,,259,164,Virginia Tech,Rutgers,4.08,pbp,ACC,Big Ten,fbs,fbs
#d98c8c,#b5b5b5,2016,Bowls,camping world independence bowl,152,238,NC State,Vanderbilt,4.07,pbp,ACC,SEC,fbs,fbs
#e6dbb3,#99a6b8,2019,12,,2026,2247,App State,Georgia State,4.07,pbp,Sun Belt,Sun Belt,fbs,fbs
#e0a3ae,#75807c,2025,12,,254,239,Utah(15),Baylor,4.07,pbp,Big 12,Big 12,fbs,fbs
#3e72b9,#c0437e,2026,5,,2006,2117,Akron,Central Michigan,4.07,pbp,Mid-American,Mid-American,fbs,fbs
#e9e1ce,#bd9fa4,2021,13,,142,8,Missouri,Arkansas(25),4.07,pbp,SEC,SEC,fbs,fbs
#4abfc2,#d37d7b,2024,1,,324,55,Coastal Carolina,Jacksonville State,4.07,pbp,Sun Belt,Conference USA,fbs,fbs
#937a7f,#707987,2016,13,,344,145,Mississippi State,Ole Miss,4.07,pbp,SEC,SEC,fbs,fbs
#d3a5b1,#7b7b7b,2018,11,,194,127,Ohio State(8),Michigan State(24),4.07,pbp,Big Ten,Big Ten,fbs,fbs
#6e6e6e,#99a6b8,2020,10,,2433,2247,UL Monroe,Georgia State,4.07,pbp,Sun Belt,Sun Belt,fbs,fbs
#d98c8c,#ad9a9d,2015,10,,152,103,NC State,Boston College,4.07,pbp,ACC,ACC,fbs,fbs
#978da5,#707987,2015,12,,99,145,LSU(17),Ole Miss(25),4.07,pbp,SEC,SEC,fbs,fbs
#da8f8f,#d6889a,2018,6,,158,275,Nebraska,Wisconsin(16),4.07,pbp,Big Ten,Big Ten,fbs,fbs
#d98c8c,#b8b8b8,2015,8,,152,154,NC State,Wake Forest,4.07,pbp,ACC,ACC,fbs,fbs
#e3c2ab,#bd9099,2018,Bowls,cfp national championship presented by at&t,228,333,Clemson(1),Alabama(2),4.07,pbp,ACC,SEC,fbs,fbs
#848484,#47c27c,2016,2,,258,2483,Virginia,Oregon(24),4.07,pbp,ACC,Pac-12,fbs,fbs
#bca0a5,#9785a6,2022,5,,201,2628,Oklahoma(18),TCU,4.06,pbp,Big 12,Big 12,fbs,fbs
#d07980,#d2adae,2015,14,,2653,309,Troy,Louisiana,4.06,pbp,Sun Belt,Sun Belt,fbs,fbs
#c24a54,#e9e1ce,2019,4,,2579,142,South Carolina,Missouri,4.06,pbp,SEC,SEC,fbs,fbs
#a0a0a0,#b8b8b8,2021,3,,52,154,Florida State,Wake Forest,4.06,pbp,ACC,ACC,fbs,fbs
#3aaf80,#b8b8b8,2026,3,,2390,154,Miami(5),Wake Forest,4.06,pbp,ACC,ACC,fbs,fbs
#d2adae,#4e6192,2021,12,,309,2335,Louisiana(22),Liberty,4.06,pbp,Sun Belt,FBS Independents,fbs,fbs
#a75a7c,#cc6666,2021,12,,135,84,Minnesota,Indiana,4.06,pbp,Big Ten,Big Ten,fbs,fbs
#61a0ca,#828282,2021,6,,23,36,San José State,Colorado State,4.06,pbp,Mountain West,Mountain West,fbs,fbs
#7fa4d4,#3c73b2,2018,6,,2305,277,Kansas,West Virginia(9),4.06,pbp,Big 12,Big 12,fbs,fbs
#a6999b,#3c73b2,2019,7,,66,277,Iowa State,West Virginia,4.06,pbp,Big 12,Big 12,fbs,fbs
#828282,#357a9e,2017,6,,36,328,Colorado State,Utah State,4.06,pbp,Mountain West,Mountain West,fbs,fbs
#c24a54,#b5b5b5,2018,4,,2579,238,South Carolina,Vanderbilt,4.06,pbp,SEC,SEC,fbs,fbs
#cbbdb5,#a6999b,2021,10,,251,66,Texas,Iowa State,4.06,pbp,Big 12,Big 12,fbs,fbs
#c44e4e,#cc7a91,2022,2,,322,218,Lafayette,Temple,4.06,pbp,Patriot,American Athletic,fcs,fbs
#978da5,#707987,2019,12,,99,145,LSU(1),Ole Miss,4.05,pbp,SEC,SEC,fbs,fbs
#357a9e,#6b8bce,2016,5,,328,68,Utah State,Boise State(24),4.05,pbp,Mountain West,Mountain West,fbs,fbs
#6f7cc9,#a75a7c,2025,1,,2084,135,Buffalo,Minnesota,4.05,pbp,Mid-American,Big Ten,fbs,fbs
#cf6e75,#828282,2024,Bowls,snoop dogg arizona bowl,193,36,Miami (OH),Colorado State,4.05,pbp,Mid-American,Mountain West,fbs,fbs
#917e9c,#3d6bb7,2015,3,,151,2426,East Carolina,Navy,4.05,pbp,American Athletic,American Athletic,fbs,fbs
#d07980,#f4ebe0,2023,13,,2653,2572,Troy,Southern Miss,4.05,pbp,Sun Belt,Sun Belt,fbs,fbs
#3c73b2,#3f647f,2022,1,,302,25,UC Davis,California,4.05,pbp,Big Sky,Pac-12,fcs,fbs
#5a93c6,#3d68b7,2025,1,,2415,6,Morgan State,South Alabama,4.05,pbp,MEAC,Sun Belt,fcs,fbs
#f4ebe0,#e6ccb3,2017,10,,2572,2633,Southern Miss,Tennessee,4.05,pbp,Conference USA,SEC,fbs,fbs
#d6889a,#bd9099,2015,1,,275,333,Wisconsin(20),Alabama(3),4.05,pbp,Big Ten,SEC,fbs,fbs
#3f647f,#adb8c1,2023,13,,25,26,California,UCLA,4.05,pbp,Pac-12,Pac-12,fbs,fbs
#75807c,#dd9da6,2025,9,,239,2132,Baylor,Cincinnati(21),4.05,pbp,Big 12,Big 12,fbs,fbs
#FFFFFF,#e6ccb3,2015,4,,2916,2638,Incarnate Word,UTEP,4.05,legacy,Southland,Conference USA,fcs,fbs
#e7c8b6,#d6889a,2022,5,,356,275,Illinois,Wisconsin,4.05,pbp,Big Ten,Big Ten,fbs,fbs
#d17b7b,#6b8bce,2025,8,,2439,68,UNLV,Boise State,4.05,pbp,Mountain West,Mountain West,fbs,fbs
#db93a2,#d3a5b1,2015,6,,120,194,Maryland,Ohio State(1),4.05,pbp,Big Ten,Big Ten,fbs,fbs
#6f82cf,#e9e1ce,2026,5,,57,142,Florida(8),Missouri(25),4.05,pbp,SEC,SEC,fbs,fbs
#d6889a,#3974ac,2025,6,,275,130,Wisconsin,Michigan(20),4.05,pbp,Big Ten,Big Ten,fbs,fbs
#a6999b,#bc778f,2024,15,dr pepper big 12 championship,66,9,Iowa State(16),Arizona State(12),4.05,pbp,Big 12,Big 12,fbs,fbs
#76d198,#ffffff,2019,10,,276,242,Marshall,Rice,4.05,pbp,Conference USA,Conference USA,fbs,fbs
#6e6e6e,#828282,2026,5,,204,36,Oregon State,Colorado State,4.05,pbp,Pac-12,Pac-12,fbs,fbs
#a75a7c,#d3a5b1,2018,7,,135,194,Minnesota,Ohio State(3),4.04,pbp,Big Ten,Big Ten,fbs,fbs
#4fb885,#ffffff,2022,9,,2429,242,Charlotte,Rice,4.04,pbp,Conference USA,Conference USA,fbs,fbs
#ffffff,#bd9fa4,2021,1,,242,8,Rice,Arkansas,4.04,legacy,Conference USA,SEC,fbs,fbs
#4b83c3,#4abfc2,2018,12,,290,324,Georgia Southern,Coastal Carolina,4.04,pbp,Sun Belt,Sun Belt,fbs,fbs
#6095ca,#3d6bb7,2022,2,,235,2426,Memphis,Navy,4.04,pbp,American Athletic,American Athletic,fbs,fbs
#3c7eb4,#bd3f7d,2024,9,,59,259,Georgia Tech,Virginia Tech,4.04,pbp,ACC,ACC,fbs,fbs
#885caf,#bd9fa4,2015,Bowls,autozone liberty bowl,2306,8,Kansas State,Arkansas,4.04,pbp,Big 12,SEC,fbs,fbs
#FFFFFF,#f0e8d6,2025,3,,2771,338,Merrimack,Kennesaw State,4.04,pbp,FCS Independents,Conference USA,fcs,fbs
#888888,#3d68b7,2023,2,,2545,6,SE Louisiana,South Alabama,4.04,pbp,Southland,Sun Belt,fcs,fbs
#db93a2,#cc6666,2020,13,,120,84,Maryland,Indiana(12),4.04,pbp,Big Ten,Big Ten,fbs,fbs
#689ecd,#ce919e,2021,1,,2277,167,Houston Christian,New Mexico,4.03,legacy,Southland,Mountain West,fcs,fbs
#3f78bc,#339a72,2024,9,,2440,62,Nevada,Hawai'i,4.03,pbp,Mountain West,Mountain West,fbs,fbs
#d98c8c,#3c73b2,2019,11,,2641,277,Texas Tech,West Virginia,4.03,pbp,Big 12,Big 12,fbs,fbs
#3f7fbd,#5c81c6,2021,10,,221,150,Pittsburgh,Duke,4.03,pbp,ACC,ACC,fbs,fbs
#6f82cf,#6b8bce,2023,5,,57,96,Florida(22),Kentucky,4.03,pbp,SEC,SEC,fbs,fbs
#d88a96,#3aaf80,2019,11,,97,2390,Louisville,Miami,4.03,pbp,ACC,ACC,fbs,fbs
#345b9d,#7cb0d3,2019,9,,2229,2393,Florida International,Middle Tennessee,4.03,pbp,Conference USA,Conference USA,fbs,fbs
#3f647f,#6e6e6e,2025,1,,25,204,California,Oregon State,4.03,pbp,ACC,Pac-12,fbs,fbs
#d3a5b1,#cc6666,2017,1,,194,84,Ohio State(2),Indiana,4.03,pbp,Big Ten,Big Ten,fbs,fbs
#a4a4a4,#db93a2,2024,7,,77,120,Northwestern,Maryland,4.03,pbp,Big Ten,Big Ten,fbs,fbs
#7fa4d4,#cbbdb5,2017,11,,2305,251,Kansas,Texas,4.03,pbp,Big 12,Big 12,fbs,fbs
#dbbcc0,#7b7b7b,2025,3,,2754,127,Youngstown State,Michigan State,4.03,pbp,MVFC,Big Ten,fcs,fbs
#cfbdbf,#bca0a5,2019,1,,248,201,Houston,Oklahoma(4),4.03,pbp,American Athletic,Big 12,fbs,fbs
#3f78bc,#dc97a7,2017,5,,2440,278,Nevada,Fresno State,4.03,pbp,Mountain West,Mountain West,fbs,fbs
#c8c6c2,#5090c5,2022,3,,2116,2226,UCF,Florida Atlantic,4.02,pbp,American Athletic,Conference USA,fbs,fbs
#3c7eb4,#e3c2ab,2023,11,,59,228,Georgia Tech,Clemson,4.02,pbp,ACC,ACC,fbs,fbs
#4fb885,#76d198,2018,11,,2429,276,Charlotte,Marshall,4.02,pbp,Conference USA,Conference USA,fbs,fbs
#4e6192,#7cb0d3,2024,11,,2335,2393,Liberty,Middle Tennessee,4.02,pbp,Conference USA,Conference USA,fbs,fbs
#5c81c6,#e1bbbf,2017,Bowls,quick lane bowl,150,2459,Duke,Northern Illinois,4.02,pbp,ACC,Mid-American,fbs,fbs
#d2adae,#ce919e,2016,12,,309,61,Louisiana,Georgia,4.02,pbp,Sun Belt,SEC,fbs,fbs
#4c85c3,#707987,2018,4,,2309,145,Kent State,Ole Miss,4.02,pbp,Mid-American,SEC,fbs,fbs
#c44e4e,#d9c78e,2018,11,,322,349,Lafayette,Army,4.02,pbp,Patriot,FBS Independents,fcs,fbs
#357a9e,#ce919e,2025,9,,328,167,Utah State,New Mexico,4.02,pbp,Mountain West,Mountain West,fbs,fbs
#8693bc,#f4ebe0,2025,2,,2296,2572,Jackson State,Southern Miss,4.02,pbp,SWAC,Sun Belt,fcs,fbs
#6095ca,#99a6b8,2025,2,,235,2247,Memphis,Georgia State,4.02,pbp,American Athletic,Sun Belt,fbs,fbs
#5096c4,#3d6bb7,2023,8,,2005,2426,Air Force(22),Navy,4.02,pbp,Mountain West,American Athletic,fbs,fbs
#838383,#d17b7b,2023,11,,2751,2439,Wyoming,UNLV,4.02,pbp,Mountain West,Mountain West,fbs,fbs
#4c85c3,#6f7cc9,2020,13,,2309,2084,Kent State,Buffalo,4.02,pbp,Mid-American,Mid-American,fbs,fbs
#adb8c1,#47c27c,2018,10,,26,2483,UCLA,Oregon,4.02,pbp,Pac-12,Pac-12,fbs,fbs
#6b8bce,#c24a54,2025,5,,96,2579,Kentucky,South Carolina,4.02,pbp,SEC,SEC,fbs,fbs
#c0437e,#576f8c,2022,5,,2117,2649,Central Michigan,Toledo,4.02,pbp,Mid-American,Mid-American,fbs,fbs
#cc7a91,#b7b7b8,2019,8,,218,2567,Temple,SMU(19),4.01,pbp,American Athletic,American Athletic,fbs,fbs
#5d7088,#b8b8b8,2018,4,,87,154,Notre Dame(8),Wake Forest,4.01,pbp,FBS Independents,ACC,fbs,fbs
#ce6c81,#47c27c,2015,1,,331,2483,Eastern Washington,Oregon(7),4.01,pbp,Big Sky,Pac-12,fcs,fbs
#3c7eb4,#5c81c6,2019,7,,59,150,Georgia Tech,Duke,4.01,pbp,ACC,ACC,fbs,fbs
#f4ebe0,#3d77b8,2018,5,,2572,2,Southern Miss,Auburn(10),4.01,pbp,Conference USA,SEC,fbs,fbs
#359f7d,#3d75b8,2019,7,,5,2636,UAB,UTSA,4.01,pbp,Conference USA,Conference USA,fbs,fbs
#cf6e75,#339969,2024,7,,193,2199,Miami (OH),Eastern Michigan,4.01,pbp,Mid-American,Mid-American,fbs,fbs
#c24a54,#e6ccb3,2023,5,,2579,2633,South Carolina,Tennessee(21),4.01,pbp,SEC,SEC,fbs,fbs
#3d68b7,#da8f8f,2019,1,,6,158,South Alabama,Nebraska(24),4.01,pbp,Sun Belt,Big Ten,fbs,fbs
#b7949a,#519bc5,2016,6,,113,295,Massachusetts,Old Dominion,4.01,pbp,FBS Independents,Conference USA,fbs,fbs
#3d68b7,#40be99,2023,1,,6,2655,South Alabama,Tulane(24),4.01,pbp,Sun Belt,American Athletic,fbs,fbs
#4e6192,#519bc5,2025,5,,2335,295,Liberty,Old Dominion,4.01,pbp,Conference USA,Sun Belt,fbs,fbs
#b7b7b8,#57c78b,2018,1,,2567,249,SMU,North Texas,4.01,pbp,American Athletic,Conference USA,fbs,fbs
#b48686,#47c27c,2020,10,,24,2483,Stanford,Oregon(12),4.01,pbp,Pac-12,Pac-12,fbs,fbs
#6b8bce,#39aa8c,2025,1,,68,58,Boise State(25),South Florida,4.01,pbp,Mountain West,American Athletic,fbs,fbs
#978da5,#d98c8c,2015,Bowls,advocare v100 texas bowl,99,2641,LSU(16),Texas Tech,4.01,pbp,SEC,Big 12,fbs,fbs
#f2f2f2,#5d7193,2016,11,,38,12,Colorado(16),Arizona,4.01,legacy,Pac-12,Pac-12,fbs,fbs
#cc7a91,#917e9c,2017,6,,218,151,Temple,East Carolina,4.01,pbp,American Athletic,American Athletic,fbs,fbs
#76d198,#5d7088,2022,Bowls,myrtle beach bowl,276,41,Marshall,UConn,4.0,pbp,Sun Belt,FBS Independents,fbs,fbs
#da8f8f,#d5a6af,2015,11,,158,164,Nebraska,Rutgers,4.0,pbp,Big Ten,Big Ten,fbs,fbs
#f4ebe0,#9156c7,2024,9,,2572,256,Southern Miss,James Madison,4.0,pbp,Sun Belt,Sun Belt,fbs,fbs
#937a7f,#af3a3a,2017,9,,344,245,Mississippi State,Texas A&M,4.0,pbp,SEC,SEC,fbs,fbs
#359f7d,#3d75b8,2023,7,,5,2636,UAB,UTSA,4.0,pbp,American Athletic,American Athletic,fbs,fbs
#d98c8c,#e0a3ae,2025,4,,2641,254,Texas Tech(17),Utah(16),4.0,pbp,Big 12,Big 12,fbs,fbs
#bd3f7d,#a0a0a0,2018,1,,259,52,Virginia Tech(20),Florida State(19),4.0,pbp,ACC,ACC,fbs,fbs
#e6c7b3,#707987,2017,2,,2630,145,UT Martin,Ole Miss,4.0,pbp,OVC,SEC,fcs,fbs
#af3a3a,#e9e1ce,2025,11,,245,142,Texas A&M(3),Missouri(19),4.0,pbp,SEC,SEC,fbs,fbs
#d07980,#6e6e6e,2025,8,,2653,2433,Troy,UL Monroe,4.0,pbp,Sun Belt,Sun Belt,fbs,fbs
#b8b8b8,#b5b5b5,2022,2,,154,238,Wake Forest(23),Vanderbilt,4.0,pbp,ACC,SEC,fbs,fbs
#e1bbbf,#99a6b8,2026,4,,2459,2247,Northern Illinois,Georgia State,4.0,pbp,Mountain West,Sun Belt,fbs,fbs
#db93a2,#3974ac,2018,6,,120,130,Maryland,Michigan(15),4.0,pbp,Big Ten,Big Ten,fbs,fbs
#3c7eb4,#e3c2ab,2015,6,,59,228,Georgia Tech,Clemson(6),4.0,pbp,ACC,ACC,fbs,fbs
#d17b7b,#b9a0a5,2018,1,,2439,30,UNLV,USC(15),4.0,pbp,Mountain West,Pac-12,fbs,fbs
#3f78bc,#339a72,2018,4,,2184,62,Duquesne,Hawai'i,4.0,pbp,NEC,Mountain West,fcs,fbs
#76d198,#4078be,2020,7,,276,2348,Marshall,Louisiana Tech,4.0,pbp,Conference USA,Conference USA,fbs,fbs
#6095ca,#5090c5,2025,5,,235,2226,Memphis,Florida Atlantic,4.0,pbp,American Athletic,American Athletic,fbs,fbs
#357a9e,#5096c4,2023,3,,328,2005,Utah State,Air Force,4.0,pbp,Mountain West,Mountain West,fbs,fbs
#b5b5b5,#c24a54,2019,10,,238,2579,Vanderbilt,South Carolina,4.0,pbp,SEC,SEC,fbs,fbs
#d88a96,#cfbdbf,2016,12,,97,248,Louisville(3),Houston,4.0,pbp,ACC,American Athletic,fbs,fbs
#b48686,#47c27c,2022,5,,24,2483,Stanford,Oregon(13),3.99,pbp,Pac-12,Pac-12,fbs,fbs
#9cbacd,#b7949a,2021,11,,311,113,Maine,Massachusetts,3.99,pbp,CAA,FBS Independents,fcs,fbs
#61a0ca,#339a72,2015,12,,23,62,San José State,Hawai'i,3.99,pbp,Mountain West,Mountain West,fbs,fbs
#bca0a5,#e6cab3,2019,14,,201,197,Oklahoma(7),Oklahoma State(21),3.99,pbp,Big 12,Big 12,fbs,fbs
#4e6192,#6f7cc9,2023,3,,2335,2084,Liberty,Buffalo,3.99,pbp,Conference USA,Mid-American,fbs,fbs
#a8848d,#57c78b,2016,2,,2065,249,Bethune-Cookman,North Texas,3.99,pbp,MEAC,Conference USA,fcs,fbs
#d17b7b,#339a72,2020,15,,2439,62,UNLV,Hawai'i,3.99,pbp,Mountain West,Mountain West,fbs,fbs
#e7c8b6,#a4a4a4,2016,13,,356,77,Illinois,Northwestern,3.99,pbp,Big Ten,Big Ten,fbs,fbs
#bd3f7d,#ad9a9d,2017,6,,259,103,Virginia Tech(16),Boston College,3.99,pbp,ACC,ACC,fbs,fbs
#3c73b2,#75807c,2021,6,,277,239,West Virginia,Baylor,3.99,pbp,Big 12,Big 12,fbs,fbs
#bd3f7d,#ad9a9d,2021,10,,259,103,Virginia Tech,Boston College,3.99,pbp,ACC,ACC,fbs,fbs
#44699b,#3974ac,2022,7,,213,130,Penn State(10),Michigan(5),3.99,pbp,Big Ten,Big Ten,fbs,fbs
#4fb885,#f4f4f4,2024,2,,2429,153,Charlotte,North Carolina,3.99,legacy,American Athletic,ACC,fbs,fbs
#99a6b8,#c24a54,2022,1,,2247,2579,Georgia State,South Carolina,3.99,pbp,Sun Belt,SEC,fbs,fbs
#5d7088,#99a6b8,2023,2,,41,2247,UConn,Georgia State,3.99,pbp,FBS Independents,Sun Belt,fbs,fbs
#4c4c4c,#d5a6af,2022,4,,2294,164,Iowa,Rutgers,3.98,pbp,Big Ten,Big Ten,fbs,fbs
#9785a6,#a6999b,2019,6,,2628,66,TCU,Iowa State,3.98,pbp,Big 12,Big 12,fbs,fbs
#bca0a5,#9785a6,2020,8,,201,2628,Oklahoma,TCU,3.98,pbp,Big 12,Big 12,fbs,fbs
#848484,#bd3f7d,2024,14,,258,259,Virginia,Virginia Tech,3.98,pbp,ACC,ACC,fbs,fbs
#3f647f,#adb8c1,2020,11,,25,26,California,UCLA,3.98,pbp,Pac-12,Pac-12,fbs,fbs
#b48686,#7f46c2,2022,4,,24,264,Stanford,Washington(18),3.98,pbp,Pac-12,Pac-12,fbs,fbs
#dd9da6,#917e9c,2017,12,,2132,151,Cincinnati,East Carolina,3.98,pbp,American Athletic,American Athletic,fbs,fbs
#7cb0d3,#4078be,2024,7,,2393,2348,Middle Tennessee,Louisiana Tech,3.98,pbp,Conference USA,Conference USA,fbs,fbs
#b7b7b8,#ba3e3e,2025,3,,2567,2623,SMU,Missouri State,3.98,pbp,ACC,Conference USA,fbs,fbs
#b9a0a5,#4c4c4c,2025,3,,30,2509,USC,Purdue,3.98,pbp,Big Ten,Big Ten,fbs,fbs
#c0437e,#935531,2025,8,,2117,189,Central Michigan,Bowling Green,3.98,pbp,Mid-American,Mid-American,fbs,fbs
#b9a0a5,#b48686,2018,2,,30,24,USC(17),Stanford(10),3.98,pbp,Pac-12,Pac-12,fbs,fbs
#3f7fbd,#b7b7b8,2024,10,,221,2567,Pittsburgh(18),SMU(20),3.98,pbp,ACC,ACC,fbs,fbs
#f4ebe0,#4078be,2015,13,,2572,2348,Southern Miss,Louisiana Tech,3.98,pbp,Conference USA,Conference USA,fbs,fbs
#cc6666,#b7949a,2022,3,,2619,113,Stony Brook,Massachusetts,3.98,pbp,CAA,FBS Independents,fcs,fbs
#4e6192,#848484,2018,11,,2335,258,Liberty,Virginia,3.98,pbp,FBS Independents,ACC,fbs,fbs
#3d77b8,#b5b5b5,2023,10,,2,238,Auburn,Vanderbilt,3.98,pbp,SEC,SEC,fbs,fbs
#937a7f,#5d7193,2022,2,,344,12,Mississippi State,Arizona,3.98,pbp,SEC,Pac-12,fbs,fbs
#bd9099,#bca0a5,2024,13,,333,201,Alabama(7),Oklahoma,3.97,pbp,SEC,SEC,fbs,fbs
#b4b4b4,#3d75b8,2020,3,,2617,2636,Stephen F. Austin,UTSA,3.97,pbp,Southland,Conference USA,fcs,fbs
#f4f4f4,#848484,2016,8,,153,258,North Carolina(22),Virginia,3.97,pbp,ACC,ACC,fbs,fbs
#b9a0a5,#b48686,2016,3,,30,24,USC,Stanford(7),3.97,pbp,Pac-12,Pac-12,fbs,fbs
#b7949a,#d5a6af,2019,1,,113,164,Massachusetts,Rutgers,3.97,pbp,FBS Independents,Big Ten,fbs,fbs
#3d75b8,#ffffff,2018,6,,2636,242,UTSA,Rice,3.97,pbp,Conference USA,Conference USA,fbs,fbs
#e6c6c7,#519bc5,2019,6,,98,295,Western Kentucky,Old Dominion,3.97,pbp,Conference USA,Conference USA,fbs,fbs
#357a9e,#6f92cf,2018,6,,328,252,Utah State,BYU,3.97,pbp,Mountain West,FBS Independents,fbs,fbs
#3d68b7,#6b8bce,2026,4,,6,96,South Alabama,Kentucky,3.97,pbp,Sun Belt,SEC,fbs,fbs
#6989c7,#4e6192,2025,10,,48,2335,Delaware,Liberty,3.97,pbp,Conference USA,Conference USA,fbs,fbs
#3d75b8,#af3a3a,2025,1,,2636,245,UTSA,Texas A&M(19),3.97,pbp,American Athletic,SEC,fbs,fbs
#9858aa,#ffffff,2016,8,,2504,242,Prairie View A&M,Rice,3.97,pbp,SWAC,Conference USA,fcs,fbs
#e0a3ae,#f2f2f2,2018,12,,254,38,Utah(21),Colorado,3.97,pbp,Pac-12,Pac-12,fbs,fbs
#39aa8c,#4fb885,2024,12,,58,2429,South Florida,Charlotte,3.96,pbp,American Athletic,American Athletic,fbs,fbs
#7f46c2,#d5a6af,2017,1,,264,164,Washington(8),Rutgers,3.96,pbp,Pac-12,Big Ten,fbs,fbs
#76d198,#e6c6c7,2015,13,,276,98,Marshall,Western Kentucky,3.96,pbp,Conference USA,Conference USA,fbs,fbs
#d3a5b1,#d6889a,2024,2,,233,275,South Dakota,Wisconsin,3.96,pbp,MVFC,Big Ten,fcs,fbs
#3f78bc,#cfa0a8,2015,13,,2440,21,Nevada,San Diego State,3.96,pbp,Mountain West,Mountain West,fbs,fbs
#e6c6c7,#ffffff,2021,11,,98,242,Western Kentucky,Rice,3.96,pbp,Conference USA,Conference USA,fbs,fbs
#9785a6,#a6999b,2015,7,,2628,66,TCU(3),Iowa State,3.96,pbp,Big 12,Big 12,fbs,fbs
#5090c5,#4fb885,2023,9,,2226,2429,Florida Atlantic,Charlotte,3.96,pbp,American Athletic,American Athletic,fbs,fbs
#d3a5b1,#a4a4a4,2022,10,,194,77,Ohio State(2),Northwestern,3.96,pbp,Big Ten,Big Ten,fbs,fbs
#e1bbbf,#e0a3ae,2019,2,,2459,254,Northern Illinois,Utah(13),3.96,pbp,Mid-American,Pac-12,fbs,fbs
#dc97a7,#6b8bce,2025,10,,278,68,Fresno State,Boise State,3.96,pbp,Mountain West,Mountain West,fbs,fbs
#6f7cc9,#a75a7c,2017,1,,2084,135,Buffalo,Minnesota,3.95,pbp,Mid-American,Big Ten,fbs,fbs
#f4ebe0,#57c78b,2018,7,,2572,249,Southern Miss,North Texas,3.95,pbp,Conference USA,Conference USA,fbs,fbs
#6f82cf,#e9e1ce,2019,12,,57,142,Florida(11),Missouri,3.95,pbp,SEC,SEC,fbs,fbs
#e7c8b6,#44699b,2024,5,,356,213,Illinois(19),Penn State(9),3.95,pbp,Big Ten,Big Ten,fbs,fbs
#935531,#8e8e8e,2022,13,,189,195,Bowling Green,Ohio,3.95,pbp,Mid-American,Mid-American,fbs,fbs
#3d68b7,#707987,2017,1,,6,145,South Alabama,Ole Miss,3.95,pbp,Sun Belt,SEC,fbs,fbs
#75807c,#9785a6,2023,12,,239,2628,Baylor,TCU,3.95,pbp,Big 12,Big 12,fbs,fbs
#dc97a7,#adb8c1,2018,3,,278,26,Fresno State,UCLA,3.95,pbp,Mountain West,Pac-12,fbs,fbs
#f6f6f6,#e6cab3,2023,1,,2110,197,Central Arkansas,Oklahoma State,3.95,pbp,UAC,Big 12,fcs,fbs
#85797a,#3d68b7,2022,11,,326,6,Texas State,South Alabama,3.95,pbp,Sun Belt,Sun Belt,fbs,fbs
#9785a6,#3c73b2,2020,11,,2628,277,TCU,West Virginia,3.95,pbp,Big 12,Big 12,fbs,fbs
#868686,#4b83c3,2015,2,,2711,290,Western Michigan,Georgia Southern,3.95,pbp,Mid-American,Sun Belt,fbs,fbs
#3c7eb4,#707987,2023,3,,59,145,Georgia Tech,Ole Miss(17),3.95,legacy,ACC,SEC,fbs,fbs
#838383,#828282,2024,12,,2751,36,Wyoming,Colorado State,3.95,pbp,Mountain West,Mountain West,fbs,fbs
#a0a0a0,#e6c7b3,2018,3,,52,183,Florida State,Syracuse,3.95,pbp,ACC,ACC,fbs,fbs
#357a9e,#b57f81,2021,10,,328,166,Utah State,New Mexico State,3.94,pbp,Mountain West,FBS Independents,fbs,fbs
#9785a6,#cfbdbf,2023,3,,2628,248,TCU,Houston,3.94,pbp,Big 12,Big 12,fbs,fbs
#d17b7b,#61a0ca,2020,11,,2439,23,UNLV,San José State,3.94,pbp,Mountain West,Mountain West,fbs,fbs
#3e72b9,#6f7cc9,2022,14,,2006,2084,Akron,Buffalo,3.94,legacy,Mid-American,Mid-American,fbs,fbs
#44699b,#e7c8b6,2023,3,,213,356,Penn State(7),Illinois,3.94,pbp,Big Ten,Big Ten,fbs,fbs
#3d6bb7,#6095ca,2021,7,,2426,235,Navy,Memphis,3.94,pbp,American Athletic,American Athletic,fbs,fbs
#4078be,#e6ccb3,2017,12,,2348,2638,Louisiana Tech,UTEP,3.94,pbp,Conference USA,Conference USA,fbs,fbs
#dc97a7,#357a9e,2016,8,,278,328,Fresno State,Utah State,3.94,pbp,Mountain West,Mountain West,fbs,fbs
#5090c5,#519bc5,2017,6,,2226,295,Florida Atlantic,Old Dominion,3.94,pbp,Conference USA,Conference USA,fbs,fbs
#f4f4f4,#a0a0a0,2024,10,,153,52,North Carolina,Florida State,3.94,pbp,ACC,ACC,fbs,fbs
#adb8c1,#b9a0a5,2025,14,,26,30,UCLA,USC(19),3.94,pbp,Big Ten,Big Ten,fbs,fbs
#519bc5,#bd3f7d,2023,1,,295,259,Old Dominion,Virginia Tech,3.94,pbp,Sun Belt,ACC,fbs,fbs
#af3a3a,#bd9099,2016,8,,245,333,Texas A&M(6),Alabama(1),3.94,pbp,SEC,SEC,fbs,fbs
#576f8c,#b6999d,2025,9,,2649,265,Toledo,Washington State,3.94,pbp,Mid-American,Pac-12,fbs,fbs
#e6cab3,#7fa4d4,2018,5,,197,2305,Oklahoma State,Kansas,3.94,pbp,Big 12,Big 12,fbs,fbs
#6e6e6e,#6b8bce,2024,14,,204,68,Oregon State,Boise State(11),3.93,pbp,Pac-12,Mountain West,fbs,fbs
#b7949a,#5d7088,2022,10,,113,41,Massachusetts,UConn,3.93,pbp,FBS Independents,FBS Independents,fbs,fbs
#57c78b,#b7b7b8,2021,2,,249,2567,North Texas,SMU,3.93,pbp,Conference USA,American Athletic,fbs,fbs
#3c73b2,#75807c,2015,7,,277,239,West Virginia,Baylor(2),3.93,pbp,Big 12,Big 12,fbs,fbs
#b57f81,#d2adae,2018,7,,166,309,New Mexico State,Louisiana,3.93,pbp,FBS Independents,Sun Belt,fbs,fbs
#6f92cf,#4b83c3,2021,12,,252,290,BYU(14),Georgia Southern,3.93,pbp,FBS Independents,Sun Belt,fbs,fbs
#a0a0a0,#b7b7b8,2024,5,,52,2567,Florida State,SMU,3.93,pbp,ACC,ACC,fbs,fbs
#e6ccb3,#3d75b8,2020,11,,2638,2636,UTEP,UTSA,3.93,pbp,Conference USA,Conference USA,fbs,fbs
#7f46c2,#3974ac,2023,Bowls,cfp national championship pres. by at&t,264,130,Washington(2),Michigan(1),3.93,pbp,Pac-12,Big Ten,fbs,fbs
#c8c6c2,#3c7eb4,2020,3,,2116,59,UCF(14),Georgia Tech,3.93,pbp,American Athletic,ACC,fbs,fbs
#ce919e,#838383,2019,8,,167,2751,New Mexico,Wyoming,3.93,pbp,Mountain West,Mountain West,fbs,fbs
#6095ca,#c8c6c2,2017,5,,235,2116,Memphis,UCF,3.93,pbp,American Athletic,American Athletic,fbs,fbs
#5d7088,#848484,2017,3,,41,258,UConn,Virginia,3.93,pbp,American Athletic,ACC,fbs,fbs
#c8c6c2,#db93a2,2017,4,,2116,120,UCF,Maryland,3.93,pbp,American Athletic,Big Ten,fbs,fbs
#6388cb,#6095ca,2022,11,,202,235,Tulsa,Memphis,3.93,pbp,American Athletic,American Athletic,fbs,fbs
#b8b8b8,#a0a0a0,2016,7,,154,52,Wake Forest,Florida State(14),3.93,pbp,ACC,ACC,fbs,fbs
#d3a5b1,#3974ac,2025,14,,194,130,Ohio State(1),Michigan(15),3.93,pbp,Big Ten,Big Ten,fbs,fbs
#40be99,#6388cb,2016,8,,2655,202,Tulane,Tulsa,3.92,pbp,American Athletic,American Athletic,fbs,fbs
#5d7088,#345b9d,2022,6,,41,2229,UConn,Florida International,3.92,pbp,FBS Independents,Conference USA,fbs,fbs
#af3a3a,#e3c2ab,2019,2,,245,228,Texas A&M(12),Clemson(1),3.92,pbp,SEC,ACC,fbs,fbs
#d9c78e,#6f7cc9,2018,5,,349,2084,Army,Buffalo,3.92,pbp,FBS Independents,Mid-American,fbs,fbs
#f4ebe0,#937a7f,2023,12,,2572,344,Southern Miss,Mississippi State,3.92,pbp,Sun Belt,SEC,fbs,fbs
#cc6666,#dd9da6,2022,4,,84,2132,Indiana,Cincinnati,3.92,pbp,Big Ten,American Athletic,fbs,fbs
#dc97a7,#61a0ca,2015,4,,278,23,Fresno State,San José State,3.92,pbp,Mountain West,Mountain West,fbs,fbs
#3d75b8,#4078be,2021,8,,2636,2348,UTSA(24),Louisiana Tech,3.92,pbp,Conference USA,Conference USA,fbs,fbs
#FFFFFF,#cfa0a8,2024,1,,2837,21,East Texas A&M,San Diego State,3.92,legacy,Southland,Mountain West,fcs,fbs
#3d75b8,#85797a,2024,2,,2636,326,UTSA,Texas State,3.92,legacy,American Athletic,Sun Belt,fbs,fbs
#3f78bc,#af3a3a,2015,3,,2440,245,Nevada,Texas A&M(17),3.92,pbp,Mountain West,SEC,fbs,fbs
#f4f4f4,#848484,2024,9,,153,258,North Carolina,Virginia,3.91,pbp,ACC,ACC,fbs,fbs
#bd9099,#6b8bce,2026,2,,333,96,Alabama(12),Kentucky,3.91,pbp,SEC,SEC,fbs,fbs
#6dcead,#da8f8f,2022,1,,155,158,North Dakota,Nebraska,3.91,pbp,MVFC,Big Ten,fcs,fbs
#e6dbb3,#99a6b8,2017,13,,2026,2247,App State,Georgia State,3.91,pbp,Sun Belt,Sun Belt,fbs,fbs
#3d77b8,#af3a3a,2023,4,,2,245,Auburn,Texas A&M,3.91,pbp,SEC,SEC,fbs,fbs
#b6999d,#f2f2f2,2018,11,,265,38,Washington State(10),Colorado,3.91,pbp,Pac-12,Pac-12,fbs,fbs
#dc97a7,#b57f81,2019,5,,278,166,Fresno State,New Mexico State,3.91,pbp,Mountain West,FBS Independents,fbs,fbs
#ffffff,#76d198,2020,14,,242,276,Rice,Marshall(15),3.9,pbp,Conference USA,Conference USA,fbs,fbs
#61a0ca,#47c27c,2018,3,,23,2483,San José State,Oregon(20),3.9,pbp,Mountain West,Pac-12,fbs,fbs
#75807c,#bca0a5,2020,14,,239,201,Baylor,Oklahoma(13),3.9,pbp,Big 12,Big 12,fbs,fbs
#ce919e,#b5b5b5,2015,2,,61,238,Georgia(10),Vanderbilt,3.9,pbp,SEC,SEC,fbs,fbs
#5096c4,#339a72,2019,8,,2005,62,Air Force,Hawai'i,3.9,pbp,Mountain West,Mountain West,fbs,fbs
#3d6bb7,#359f7d,2024,5,,2426,5,Navy,UAB,3.9,pbp,American Athletic,American Athletic,fbs,fbs
#4c85c3,#6f7cc9,2016,6,,2309,2084,Kent State,Buffalo,3.9,pbp,Mid-American,Mid-American,fbs,fbs
#3e72b9,#4c85c3,2024,13,,2006,2309,Akron,Kent State,3.9,pbp,Mid-American,Mid-American,fbs,fbs
#885caf,#9785a6,2016,14,,2306,2628,Kansas State,TCU,3.9,pbp,Big 12,Big 12,fbs,fbs
#519bc5,#4fb885,2016,5,,295,2429,Old Dominion,Charlotte,3.9,legacy,Conference USA,Conference USA,fbs,fbs
#345b9d,#7cb0d3,2017,6,,2229,2393,Florida International,Middle Tennessee,3.9,pbp,Conference USA,Conference USA,fbs,fbs
#3aaf80,#5090c5,2015,2,,2390,2226,Miami,Florida Atlantic,3.9,legacy,ACC,Conference USA,fbs,fbs
#b48686,#885caf,2021,1,,24,2306,Stanford,Kansas State,3.9,pbp,Pac-12,Big 12,fbs,fbs
#9156c7,#4fb885,2024,1,,256,2429,James Madison,Charlotte,3.9,pbp,Sun Belt,American Athletic,fbs,fbs
#b9a0a5,#adb8c1,2016,12,,30,26,USC(15),UCLA,3.9,pbp,Pac-12,Pac-12,fbs,fbs
#d88a96,#e6c7b3,2022,1,,97,183,Louisville,Syracuse,3.9,pbp,ACC,ACC,fbs,fbs
#40be99,#cfbdbf,2016,11,,2655,248,Tulane,Houston,3.9,pbp,American Athletic,American Athletic,fbs,fbs
#75807c,#9785a6,2017,13,,239,2628,Baylor,TCU(10),3.9,pbp,Big 12,Big 12,fbs,fbs
#e0a3ae,#dc97a7,2015,3,,254,278,Utah(21),Fresno State,3.9,pbp,Pac-12,Mountain West,fbs,fbs
#d98c8c,#f2f2f2,2026,5,,2641,38,Texas Tech(12),Colorado,3.9,pbp,Big 12,Big 12,fbs,fbs
#b3787d,#d9c78e,2018,12,,2142,349,Colgate,Army,3.9,pbp,Patriot,FBS Independents,fcs,fbs
#c0437e,#6f7cc9,2023,6,,2117,2084,Central Michigan,Buffalo,3.9,pbp,Mid-American,Mid-American,fbs,fbs
#75807c,#a6999b,2018,11,,239,66,Baylor,Iowa State(23),3.9,pbp,Big 12,Big 12,fbs,fbs
#bd3f7d,#ad9a9d,2023,11,,259,103,Virginia Tech,Boston College,3.89,pbp,ACC,ACC,fbs,fbs
#b9a0a5,#b6999d,2021,3,,30,265,USC,Washington State,3.89,pbp,Pac-12,Pac-12,fbs,fbs
#ce6d78,#868686,2023,1,,2598,2711,St. Francis (PA),Western Michigan,3.89,pbp,NEC,Mid-American,fcs,fbs
#dc97a7,#d17b7b,2016,5,,278,2439,Fresno State,UNLV,3.89,pbp,Mountain West,Mountain West,fbs,fbs
#a75a7c,#d3a5b1,2015,10,,135,194,Minnesota,Ohio State(1),3.89,pbp,Big Ten,Big Ten,fbs,fbs
#d17b7b,#FFFFFF,2017,2,,2439,70,UNLV,Idaho,3.89,pbp,Mountain West,Sun Belt,fbs,fbs
#acacad,#3c7eb4,2022,2,,2717,59,Western Carolina,Georgia Tech,3.89,pbp,Southern,ACC,fcs,fbs
#a6a0a1,#4c4c4c,2025,2,,79,2509,Southern Illinois,Purdue,3.89,pbp,MVFC,Big Ten,fcs,fbs
#61a0ca,#dc97a7,2024,9,,23,278,San José State,Fresno State,3.89,pbp,Mountain West,Mountain West,fbs,fbs
#3d75b8,#e6ccb3,2017,9,,2636,2638,UTSA,UTEP,3.89,pbp,Conference USA,Conference USA,fbs,fbs
#d6889a,#4c4c4c,2023,4,,275,2509,Wisconsin,Purdue,3.89,pbp,Big Ten,Big Ten,fbs,fbs
#4c4c4c,#da8f8f,2025,14,,2294,158,Iowa,Nebraska,3.89,pbp,Big Ten,Big Ten,fbs,fbs
#5d7088,#ad9a9d,2025,10,,87,103,Notre Dame(12),Boston College,3.89,pbp,FBS Independents,ACC,fbs,fbs
#b5b5b5,#c24a54,2025,3,,238,2579,Vanderbilt,South Carolina(11),3.89,pbp,SEC,SEC,fbs,fbs
#cfa0a8,#b48686,2018,1,,21,24,San Diego State,Stanford(13),3.89,pbp,Mountain West,Pac-12,fbs,fbs
#ad9a9d,#b7949a,2021,2,,103,113,Boston College,Massachusetts,3.89,pbp,ACC,FBS Independents,fbs,fbs
#339969,#e1bbbf,2019,13,,2199,2459,Eastern Michigan,Northern Illinois,3.89,pbp,Mid-American,Mid-American,fbs,fbs
#39aa8c,#5d7088,2017,10,,58,41,South Florida,UConn,3.88,pbp,American Athletic,American Athletic,fbs,fbs
#bd3f7d,#a0a0a0,2025,12,,259,52,Virginia Tech,Florida State,3.88,pbp,ACC,ACC,fbs,fbs
#839fb6,#61a0ca,2019,1,,2458,23,Northern Colorado,San José State,3.88,pbp,Big Sky,Mountain West,fcs,fbs
#d3a5b1,#3974ac,2019,14,,194,130,Ohio State(2),Michigan(10),3.88,pbp,Big Ten,Big Ten,fbs,fbs
#d98c8c,#75807c,2023,6,,2641,239,Texas Tech,Baylor,3.88,pbp,Big 12,Big 12,fbs,fbs
#e6c7b3,#a0a0a0,2019,9,,183,52,Syracuse,Florida State,3.88,pbp,ACC,ACC,fbs,fbs
#a0a0a0,#3f7fbd,2023,10,,52,221,Florida State(4),Pittsburgh,3.88,pbp,ACC,ACC,fbs,fbs
#6b8bce,#c24a54,2019,5,,96,2579,Kentucky,South Carolina,3.88,pbp,SEC,SEC,fbs,fbs
#e1cacb,#3e72b9,2016,1,,2678,2006,VMI,Akron,3.88,pbp,Southern,Mid-American,fcs,fbs
#47c27c,#5d7193,2018,9,,2483,12,Oregon(19),Arizona,3.88,pbp,Pac-12,Pac-12,fbs,fbs
#4b83c3,#3d68b7,2016,2,,290,6,Georgia Southern,South Alabama,3.87,pbp,Sun Belt,Sun Belt,fbs,fbs
#6388cb,#d3a5b1,2021,3,,202,194,Tulsa,Ohio State(9),3.87,pbp,American Athletic,Big Ten,fbs,fbs
#d5a6af,#7b7b7b,2024,14,,164,127,Rutgers,Michigan State,3.87,pbp,Big Ten,Big Ten,fbs,fbs
#5096c4,#e5c2b2,2023,2,,2005,2534,Air Force,Sam Houston,3.87,pbp,Mountain West,Conference USA,fbs,fbs
#e1bbbf,#4c4c4c,2018,1,,2459,2294,Northern Illinois,Iowa,3.87,legacy,Mid-American,Big Ten,fbs,fbs
#c7777d,#848484,2022,1,,257,258,Richmond,Virginia,3.87,pbp,CAA,ACC,fcs,fbs
#f2f2f2,#e0a3ae,2021,13,,38,254,Colorado,Utah(16),3.87,pbp,Pac-12,Pac-12,fbs,fbs
#c8c6c2,#917e9c,2020,4,,2116,151,UCF(13),East Carolina,3.87,pbp,American Athletic,American Athletic,fbs,fbs
#935531,#dd9da6,2025,2,,189,2132,Bowling Green,Cincinnati,3.87,pbp,Mid-American,Big 12,fbs,fbs
#b6999d,#7b7b7b,2017,Bowls,san diego county credit union holiday bowl,265,127,Washington State,Michigan State(15),3.87,pbp,Pac-12,Big Ten,fbs,fbs
#a75a7c,#a4a4a4,2019,13,,135,77,Minnesota(11),Northwestern,3.87,pbp,Big Ten,Big Ten,fbs,fbs
#937a7f,#d98c8c,2021,Bowls,autozone liberty bowl,344,2641,Mississippi State,Texas Tech,3.87,pbp,SEC,Big 12,fbs,fbs
#7b7b7b,#da8f8f,2018,12,,127,158,Michigan State,Nebraska,3.87,pbp,Big Ten,Big Ten,fbs,fbs
#b4b4b4,#d07980,2023,1,,2617,2653,Stephen F. Austin,Troy,3.87,pbp,UAC,Sun Belt,fcs,fbs
#3d6bb7,#dd9da6,2022,10,,2426,2132,Navy,Cincinnati,3.87,pbp,American Athletic,American Athletic,fbs,fbs
#3d75b8,#e6ccb3,2021,10,,2636,2638,UTSA(16),UTEP,3.87,pbp,Conference USA,Conference USA,fbs,fbs
#b6999d,#e0a3ae,2019,5,,265,254,Washington State,Utah(19),3.87,pbp,Pac-12,Pac-12,fbs,fbs
#a75a7c,#d6889a,2024,14,,135,275,Minnesota,Wisconsin,3.86,pbp,Big Ten,Big Ten,fbs,fbs
#b6999d,#7f46c2,2026,1,,265,264,Washington State,Washington(17),3.86,pbp,Pac-12,Big Ten,fbs,fbs
#d17b7b,#cfbdbf,2024,1,,2439,248,UNLV,Houston,3.86,pbp,Mountain West,Big 12,fbs,fbs
#3aaf80,#6f82cf,2024,1,,2390,57,Miami(19),Florida,3.86,pbp,ACC,SEC,fbs,fbs
#e6c6c7,#bd9fa4,2019,11,,98,8,Western Kentucky,Arkansas,3.86,pbp,Conference USA,SEC,fbs,fbs
#519bc5,#e6dbb3,2022,12,,295,2026,Old Dominion,App State,3.86,pbp,Sun Belt,Sun Belt,fbs,fbs
#dd9da6,#cc7a91,2016,9,,2132,218,Cincinnati,Temple,3.86,pbp,American Athletic,American Athletic,fbs,fbs
#917e9c,#d9c78e,2024,8,,151,349,East Carolina,Army(23),3.86,pbp,American Athletic,American Athletic,fbs,fbs
#cfa0a8,#adb8c1,2026,2,,21,26,San Diego State,UCLA,3.86,pbp,Pac-12,Big Ten,fbs,fbs
#cc7a91,#3d75b8,2024,13,,218,2636,Temple,UTSA,3.85,pbp,American Athletic,American Athletic,fbs,fbs
#b8b8b8,#ad9a9d,2017,2,,154,103,Wake Forest,Boston College,3.85,pbp,ACC,ACC,fbs,fbs
#b8b8b8,#d98c8c,2016,5,,154,152,Wake Forest,NC State,3.85,pbp,ACC,ACC,fbs,fbs
#7cb0d3,#e6c6c7,2023,5,,2393,98,Middle Tennessee,Western Kentucky,3.85,pbp,Conference USA,Conference USA,fbs,fbs
#bd9099,#bd9fa4,2022,5,,333,8,Alabama(2),Arkansas(20),3.85,pbp,SEC,SEC,fbs,fbs
#ffffff,#345b9d,2018,8,,242,2229,Rice,Florida International,3.85,pbp,Conference USA,Conference USA,fbs,fbs
#cc6666,#d3a5b1,2018,6,,84,194,Indiana,Ohio State(3),3.85,pbp,Big Ten,Big Ten,fbs,fbs
#c24a54,#978da5,2020,8,,2579,99,South Carolina,LSU,3.85,pbp,SEC,SEC,fbs,fbs
#357a9e,#4c4c4c,2023,1,,328,2294,Utah State,Iowa(25),3.85,pbp,Mountain West,Big Ten,fbs,fbs
#6f7cc9,#4c85c3,2023,8,,2084,2309,Buffalo,Kent State,3.84,pbp,Mid-American,Mid-American,fbs,fbs
#e7c8b6,#4c4c4c,2017,10,,356,2509,Illinois,Purdue,3.84,pbp,Big Ten,Big Ten,fbs,fbs
#4078be,#75807c,2026,3,,2348,239,Louisiana Tech,Baylor,3.84,pbp,Sun Belt,Big 12,fbs,fbs
#af3a3a,#978da5,2017,13,,245,99,Texas A&M,LSU(19),3.84,pbp,SEC,SEC,fbs,fbs
#74baa8,#519bc5,2015,2,,2450,295,Norfolk State,Old Dominion,3.84,pbp,MEAC,Conference USA,fcs,fbs
#5096c4,#7b7b7b,2015,3,,2005,127,Air Force,Michigan State(4),3.84,pbp,Mountain West,Big Ten,fbs,fbs
#cbbdb5,#9785a6,2017,10,,251,2628,Texas,TCU(10),3.84,pbp,Big 12,Big 12,fbs,fbs
#e6c6c7,#5090c5,2018,11,,98,2226,Western Kentucky,Florida Atlantic,3.84,pbp,Conference USA,Conference USA,fbs,fbs
#3d75b8,#5090c5,2023,8,,2636,2226,UTSA,Florida Atlantic,3.84,pbp,American Athletic,American Athletic,fbs,fbs
#9b9b9c,#519bc5,2017,1,,399,295,UAlbany,Old Dominion,3.84,pbp,CAA,Conference USA,fcs,fbs
#3d77b8,#bd9099,2022,13,,2,333,Auburn,Alabama(8),3.83,pbp,SEC,SEC,fbs,fbs
#75807c,#e0a3ae,2024,2,,239,254,Baylor,Utah(11),3.83,pbp,Big 12,Big 12,fbs,fbs
#bd9099,#e3c2ab,2017,Bowls,allstate sugar bowl - cfp semifinal,333,228,Alabama(1),Clemson(4),3.83,pbp,SEC,ACC,fbs,fbs
#359f7d,#3d6bb7,2023,11,,5,2426,UAB,Navy,3.83,pbp,American Athletic,American Athletic,fbs,fbs
#b57f81,#e5c2b2,2024,4,,166,2534,New Mexico State,Sam Houston,3.83,legacy,Conference USA,Conference USA,fbs,fbs
#9156c7,#d88a96,2022,10,,256,97,James Madison,Louisville,3.83,pbp,Sun Belt,ACC,fbs,fbs
#4078be,#345b9d,2016,8,,2348,2229,Louisiana Tech,Florida International,3.83,pbp,Conference USA,Conference USA,fbs,fbs
#4078be,#57c78b,2016,10,,2348,249,Louisiana Tech,North Texas,3.83,pbp,Conference USA,Conference USA,fbs,fbs
#d3a5b1,#7f46c2,2025,5,,194,264,Ohio State(1),Washington,3.83,pbp,Big Ten,Big Ten,fbs,fbs
#e6dbb3,#4abfc2,2018,10,,2026,324,App State,Coastal Carolina,3.83,pbp,Sun Belt,Sun Belt,fbs,fbs
#4c4c4c,#cc6666,2018,7,,2294,84,Iowa,Indiana,3.82,pbp,Big Ten,Big Ten,fbs,fbs
#3974ac,#cc6666,2019,13,,130,84,Michigan(12),Indiana,3.82,pbp,Big Ten,Big Ten,fbs,fbs
#576f8c,#8e8e8e,2017,11,,2649,195,Toledo,Ohio,3.82,pbp,Mid-American,Mid-American,fbs,fbs
#cf6e75,#dd9da6,2019,3,,193,2132,Miami (OH),Cincinnati,3.82,pbp,Mid-American,American Athletic,fbs,fbs
#4c4c4c,#d6889a,2019,13,,2509,275,Purdue,Wisconsin(14),3.82,pbp,Big Ten,Big Ten,fbs,fbs
#d9c78e,#3d75b8,2019,3,,349,2636,Army,UTSA,3.82,pbp,FBS Independents,Conference USA,fbs,fbs
#d2adae,#b9a0a5,2026,2,,309,30,Louisiana,USC(14),3.82,pbp,Sun Belt,Big Ten,fbs,fbs
#4078be,#f0e8d6,2025,7,,2348,338,Louisiana Tech,Kennesaw State,3.82,pbp,Conference USA,Conference USA,fbs,fbs
#dd9da6,#c8c6c2,2018,12,,2132,2116,Cincinnati(19),UCF(11),3.82,pbp,American Athletic,American Athletic,fbs,fbs
#396bac,#357a9e,2024,1,,2523,328,Robert Morris,Utah State,3.82,pbp,NEC,Mountain West,fcs,fbs
#848484,#db93a2,2023,3,,258,120,Virginia,Maryland,3.82,pbp,ACC,Big Ten,fbs,fbs
#bca0a5,#c24a54,2025,8,,201,2579,Oklahoma(14),South Carolina,3.82,pbp,SEC,SEC,fbs,fbs
#d3a5b1,#4c4c4c,2026,5,,194,2294,Ohio State(5),Iowa(14),3.82,pbp,Big Ten,Big Ten,fbs,fbs
#5096c4,#3974ac,2017,3,,2005,130,Air Force,Michigan(7),3.82,pbp,Mountain West,Big Ten,fbs,fbs
#e7c8b6,#a75a7c,2019,6,,356,135,Illinois,Minnesota,3.82,pbp,Big Ten,Big Ten,fbs,fbs
#3c7eb4,#c8c6c2,2022,4,,59,2116,Georgia Tech,UCF,3.82,pbp,ACC,American Athletic,fbs,fbs
#FFFFFF,#4e6192,2024,1,,2097,2335,Campbell,Liberty,3.81,pbp,CAA,Conference USA,fcs,fbs
#7fa4d4,#885caf,2016,13,,2305,2306,Kansas,Kansas State,3.81,pbp,Big 12,Big 12,fbs,fbs
#ddb4b6,#b57f81,2015,13,,2032,166,Arkansas State,New Mexico State,3.81,pbp,Sun Belt,Sun Belt,fbs,fbs
#bd3f7d,#ad9a9d,2015,9,,259,103,Virginia Tech,Boston College,3.81,pbp,ACC,ACC,fbs,fbs
#a75a7c,#3c7eb4,2018,Bowls,quick lane bowl,135,59,Minnesota,Georgia Tech,3.81,pbp,Big Ten,ACC,fbs,fbs
#4c4c4c,#4c4c4c,2022,10,,2294,2509,Iowa,Purdue,3.81,pbp,Big Ten,Big Ten,fbs,fbs
#345b9d,#f4ebe0,2021,13,,2229,2572,Florida International,Southern Miss,3.81,pbp,Conference USA,Conference USA,fbs,fbs
#339a72,#838383,2020,9,,62,2751,Hawai'i,Wyoming,3.81,pbp,Mountain West,Mountain West,fbs,fbs
#848484,#adb8c1,2015,1,,258,26,Virginia,UCLA(13),3.81,pbp,ACC,Pac-12,fbs,fbs
#b57f81,#bd9fa4,2017,5,,166,8,New Mexico State,Arkansas,3.8,pbp,Sun Belt,SEC,fbs,fbs
#3e72b9,#8e8e8e,2020,11,,2006,195,Akron,Ohio,3.8,pbp,Mid-American,Mid-American,fbs,fbs
#e0a3ae,#f2f2f2,2024,12,,254,38,Utah,Colorado(18),3.8,pbp,Big 12,Big 12,fbs,fbs
#6b8bce,#b5b5b5,2019,12,,96,238,Kentucky,Vanderbilt,3.79,pbp,SEC,SEC,fbs,fbs
#bd7575,#dd9da6,2017,1,,2046,2132,Austin Peay,Cincinnati,3.79,pbp,OVC,American Athletic,fcs,fbs
#3d6bb7,#dd9da6,2025,Bowls,autozone liberty bowl,2426,2132,Navy(23),Cincinnati,3.79,pbp,American Athletic,Big 12,fbs,fbs
#76d198,#bd3f7d,2024,2,,276,259,Marshall,Virginia Tech,3.79,pbp,Sun Belt,ACC,fbs,fbs
#3f647f,#47c27c,2017,5,,25,2483,California,Oregon,3.79,pbp,Pac-12,Pac-12,fbs,fbs
#357a9e,#b6999d,2024,11,,328,265,Utah State,Washington State(20),3.79,pbp,Mountain West,Pac-12,fbs,fbs
#cfa0a8,#85797a,2019,5,,2447,326,Nicholls,Texas State,3.79,pbp,Southland,Sun Belt,fcs,fbs
#cc6666,#44699b,2015,6,,84,213,Indiana,Penn State,3.79,pbp,Big Ten,Big Ten,fbs,fbs
#937a7f,#885caf,2018,2,,344,2306,Mississippi State(18),Kansas State,3.79,pbp,SEC,Big 12,fbs,fbs
#cc6666,#d3a5b1,2024,13,,84,194,Indiana(5),Ohio State(2),3.79,pbp,Big Ten,Big Ten,fbs,fbs
#adb8c1,#3f647f,2016,13,,26,25,UCLA,California,3.79,pbp,Pac-12,Pac-12,fbs,fbs
#4c85c3,#dc9797,2018,5,,2309,2050,Kent State,Ball State,3.78,pbp,Mid-American,Mid-American,fbs,fbs
#357a9e,#6f92cf,2016,13,,328,252,Utah State,BYU,3.78,pbp,Mountain West,FBS Independents,fbs,fbs
#7f46c2,#bd9099,2016,Bowls,,264,333,Washington(4),Alabama(2),3.78,pbp,Pac-12,SEC,fbs,fbs
#ad9a9d,#bd3f7d,2022,2,,103,259,Boston College,Virginia Tech,3.78,pbp,ACC,ACC,fbs,fbs
#519bc5,#bd3f7d,2019,2,,295,259,Old Dominion,Virginia Tech,3.78,pbp,Conference USA,ACC,fbs,fbs
#b7b7b8,#bca0a5,2023,2,,2567,201,SMU,Oklahoma(18),3.78,pbp,American Athletic,Big 12,fbs,fbs
#885caf,#3c73b2,2024,8,,2306,277,Kansas State(17),West Virginia,3.78,pbp,Big 12,Big 12,fbs,fbs
#579ec7,#359f7d,2026,5,,2535,5,Samford,UAB,3.78,pbp,Southern,American Athletic,fcs,fbs
#d6889a,#7b7b7b,2016,4,,275,127,Wisconsin(11),Michigan State(8),3.78,pbp,Big Ten,Big Ten,fbs,fbs
#c0437e,#868686,2019,5,,2117,2711,Central Michigan,Western Michigan,3.78,pbp,Mid-American,Mid-American,fbs,fbs
#a4a4a4,#44699b,2022,5,,77,213,Northwestern,Penn State(11),3.78,pbp,Big Ten,Big Ten,fbs,fbs
#b48686,#b6999d,2019,12,,24,265,Stanford,Washington State,3.78,pbp,Pac-12,Pac-12,fbs,fbs
#b7949a,#d9c78e,2021,12,,113,349,Massachusetts,Army,3.78,pbp,FBS Independents,FBS Independents,fbs,fbs
#85797a,#ddb4b6,2023,12,,326,2032,Texas State,Arkansas State,3.78,pbp,Sun Belt,Sun Belt,fbs,fbs
#3aaf80,#ad9a9d,2023,13,,2390,103,Miami,Boston College,3.78,pbp,ACC,ACC,fbs,fbs
#6b8bce,#937a7f,2015,8,,96,344,Kentucky,Mississippi State,3.78,pbp,SEC,SEC,fbs,fbs
#6e6e6e,#85797a,2025,13,,2433,326,UL Monroe,Texas State,3.78,pbp,Sun Belt,Sun Belt,fbs,fbs
#ad9a9d,#b7949a,2016,2,,103,113,Boston College,Massachusetts,3.77,pbp,ACC,FBS Independents,fbs,fbs
#5d7088,#d9c78e,2025,Bowls,wasabi fenway bowl,41,349,UConn,Army,3.77,pbp,FBS Independents,American Athletic,fbs,fbs
#a75a7c,#44699b,2022,8,,135,213,Minnesota,Penn State(16),3.77,pbp,Big Ten,Big Ten,fbs,fbs
#cfa0a8,#576f8c,2026,4,,21,2649,San Diego State,Toledo,3.77,pbp,Pac-12,Mid-American,fbs,fbs
#4fb885,#ffffff,2015,13,,2429,242,Charlotte,Rice,3.77,pbp,Conference USA,Conference USA,fbs,fbs
#3c73b2,#e6cab3,2024,6,,277,197,West Virginia,Oklahoma State,3.77,pbp,Big 12,Big 12,fbs,fbs
#cbbdb5,#3974ac,2024,2,,251,130,Texas(3),Michigan(10),3.77,pbp,SEC,Big Ten,fbs,fbs
#3974ac,#d6889a,2019,4,,130,275,Michigan(11),Wisconsin(13),3.77,pbp,Big Ten,Big Ten,fbs,fbs
#e6ccb3,#345b9d,2019,8,,2638,2229,UTEP,Florida International,3.77,pbp,Conference USA,Conference USA,fbs,fbs
#7fa4d4,#c0437e,2018,2,,2305,2117,Kansas,Central Michigan,3.76,pbp,Big 12,Mid-American,fbs,fbs
#ad9a9d,#dd9da6,2026,1,,103,2132,Boston College,Cincinnati,3.76,pbp,ACC,Big 12,fbs,fbs
#99a6b8,#4b83c3,2015,14,,2247,290,Georgia State,Georgia Southern,3.76,pbp,Sun Belt,Sun Belt,fbs,fbs
#3c73b2,#a6999b,2016,13,,277,66,West Virginia(19),Iowa State,3.76,pbp,Big 12,Big 12,fbs,fbs
#d07980,#3d68b7,2018,9,,2653,6,Troy,South Alabama,3.76,pbp,Sun Belt,Sun Belt,fbs,fbs
#44699b,#3c73b2,2024,1,,213,277,Penn State(8),West Virginia,3.76,pbp,Big Ten,Big 12,fbs,fbs
#838383,#339a72,2025,14,,2751,62,Wyoming,Hawai'i,3.76,pbp,Mountain West,Mountain West,fbs,fbs
#61a0ca,#6f92cf,2017,9,,23,252,San José State,BYU,3.76,pbp,Mountain West,FBS Independents,fbs,fbs
#bd9fa4,#937a7f,2022,6,,8,344,Arkansas,Mississippi State(23),3.76,pbp,SEC,SEC,fbs,fbs
#3974ac,#cc6666,2022,6,,130,84,Michigan(4),Indiana,3.76,pbp,Big Ten,Big Ten,fbs,fbs
#a6999b,#cbbdb5,2016,7,,66,251,Iowa State,Texas,3.76,pbp,Big 12,Big 12,fbs,fbs
#848484,#e3c2ab,2020,5,,258,228,Virginia,Clemson(1),3.76,pbp,ACC,ACC,fbs,fbs
#dc97a7,#61a0ca,2023,11,,278,23,Fresno State,San José State,3.76,pbp,Mountain West,Mountain West,fbs,fbs
#a4a4a4,#b9a0a5,2025,11,,77,30,Northwestern,USC(20),3.76,pbp,Big Ten,Big Ten,fbs,fbs
#a4a4a4,#5096c4,2016,1,,2000,2005,Abilene Christian,Air Force,3.75,pbp,Southland,Mountain West,fcs,fbs
#339a72,#5d7193,2016,3,,62,12,Hawai'i,Arizona,3.75,pbp,Mountain West,Pac-12,fbs,fbs
#576f8c,#935531,2017,12,,2649,189,Toledo,Bowling Green,3.75,pbp,Mid-American,Mid-American,fbs,fbs
#3e72b9,#935531,2023,8,,2006,189,Akron,Bowling Green,3.75,pbp,Mid-American,Mid-American,fbs,fbs
#838383,#5096c4,2019,14,,2751,2005,Wyoming,Air Force,3.75,pbp,Mountain West,Mountain West,fbs,fbs
#7f46c2,#3974ac,2021,2,,264,130,Washington,Michigan,3.75,pbp,Pac-12,Big Ten,fbs,fbs
#e3c2ab,#a0a0a0,2024,6,,228,52,Clemson(15),Florida State,3.75,pbp,ACC,ACC,fbs,fbs
#386ca9,#99a6b8,2025,3,,93,2247,Murray State,Georgia State,3.74,pbp,MVFC,Sun Belt,fcs,fbs
#6f92cf,#dd9da6,2016,10,,252,2132,BYU,Cincinnati,3.74,pbp,FBS Independents,American Athletic,fbs,fbs
#f2f2f2,#5d7193,2022,5,,38,12,Colorado,Arizona,3.74,pbp,Pac-12,Pac-12,fbs,fbs
#76d198,#e6dbb3,2023,10,,276,2026,Marshall,App State,3.74,pbp,Sun Belt,Sun Belt,fbs,fbs
#3aaf80,#576f8c,2018,3,,2390,2649,Miami(21),Toledo,3.74,pbp,ACC,Mid-American,fbs,fbs
#c24a54,#b5b5b5,2024,11,,2579,238,South Carolina,Vanderbilt(24),3.74,pbp,SEC,SEC,fbs,fbs
#e6cab3,#7fa4d4,2016,8,,197,2305,Oklahoma State,Kansas,3.74,pbp,Big 12,Big 12,fbs,fbs
#6f7cc9,#4e6192,2024,Bowls,bahamas bowl presented by atlantis resorts,2084,2335,Buffalo,Liberty,3.74,pbp,Mid-American,Conference USA,fbs,fbs
#c7777d,#bd3f7d,2021,4,,257,259,Richmond,Virginia Tech,3.74,pbp,CAA,ACC,fcs,fbs
#39aa8c,#5d7088,2019,6,,58,41,South Florida,UConn,3.74,pbp,American Athletic,American Athletic,fbs,fbs
#d5a6af,#d6889a,2018,10,,164,275,Rutgers,Wisconsin,3.74,pbp,Big Ten,Big Ten,fbs,fbs
#bd3f7d,#519bc5,2024,3,,259,295,Virginia Tech,Old Dominion,3.74,pbp,ACC,Sun Belt,fbs,fbs
#cf6e75,#3e72b9,2022,9,,193,2006,Miami (OH),Akron,3.74,pbp,Mid-American,Mid-American,fbs,fbs
#a75a7c,#e7c8b6,2016,9,,135,356,Minnesota,Illinois,3.74,pbp,Big Ten,Big Ten,fbs,fbs
#3f89bd,#39aa8c,2022,2,,47,58,Howard,South Florida,3.73,pbp,MEAC,American Athletic,fcs,fbs
#4078be,#4e6192,2023,10,,2348,2335,Louisiana Tech,Liberty,3.73,pbp,Conference USA,Conference USA,fbs,fbs
#d17b7b,#6b8bce,2016,12,,2439,68,UNLV,Boise State(22),3.73,pbp,Mountain West,Mountain West,fbs,fbs
#3aaf80,#bd3f7d,2025,13,,2390,259,Miami(14),Virginia Tech,3.73,pbp,ACC,ACC,fbs,fbs
#3d6bb7,#6388cb,2019,7,,2426,202,Navy,Tulsa,3.73,pbp,American Athletic,American Athletic,fbs,fbs
#6f92cf,#838383,2024,3,,252,2751,BYU,Wyoming,3.73,pbp,Big 12,Mountain West,fbs,fbs
#5d7193,#6e6e6e,2016,12,,12,204,Arizona,Oregon State,3.73,pbp,Pac-12,Pac-12,fbs,fbs
#6f92cf,#828282,2026,3,,252,36,BYU(11),Colorado State,3.73,pbp,Big 12,Pac-12,fbs,fbs
#5096c4,#ce919e,2019,13,,2005,167,Air Force,New Mexico,3.73,pbp,Mountain West,Mountain West,fbs,fbs
#3e72b9,#6f7cc9,2018,7,,2006,2084,Akron,Buffalo,3.73,pbp,Mid-American,Mid-American,fbs,fbs
#40be99,#3d6bb7,2015,8,,2655,2426,Tulane,Navy,3.73,pbp,American Athletic,American Athletic,fbs,fbs
#7b7b7b,#a4a4a4,2019,4,,127,77,Michigan State,Northwestern,3.73,pbp,Big Ten,Big Ten,fbs,fbs
#bd9099,#39aa8c,2023,3,,333,58,Alabama(10),South Florida,3.73,pbp,SEC,American Athletic,fbs,fbs
#4c85c3,#db93a2,2021,4,,2309,120,Kent State,Maryland,3.73,pbp,Mid-American,Big Ten,fbs,fbs
#6f82cf,#b5b5b5,2020,12,,57,238,Florida(6),Vanderbilt,3.73,pbp,SEC,SEC,fbs,fbs
#4b83c3,#519bc5,2024,9,,290,295,Georgia Southern,Old Dominion,3.73,pbp,Sun Belt,Sun Belt,fbs,fbs
#ffffff,#3d75b8,2017,8,,242,2636,Rice,UTSA,3.72,pbp,Conference USA,Conference USA,fbs,fbs
#4b83c3,#e6dbb3,2025,Bowls,jlab birmingham bowl,290,2026,Georgia Southern,App State,3.72,pbp,Sun Belt,Sun Belt,fbs,fbs
#b7b7b8,#917e9c,2023,7,,2567,151,SMU,East Carolina,3.72,pbp,American Athletic,American Athletic,fbs,fbs
#40be99,#5c81c6,2026,1,,2655,150,Tulane,Duke,3.72,pbp,American Athletic,ACC,fbs,fbs
#3f7fbd,#868686,2022,3,,221,2711,Pittsburgh(23),Western Michigan,3.72,pbp,ACC,Mid-American,fbs,fbs
#329870,#838383,2023,2,,2502,2751,Portland State,Wyoming,3.72,pbp,Big Sky,Mountain West,fcs,fbs
#e5c2b2,#b57f81,2025,6,,2534,166,Sam Houston,New Mexico State,3.72,pbp,Conference USA,Conference USA,fbs,fbs
#339969,#c0437e,2021,13,,2199,2117,Eastern Michigan,Central Michigan,3.72,pbp,Mid-American,Mid-American,fbs,fbs
#db93a2,#7b7b7b,2017,12,,120,127,Maryland,Michigan State(22),3.71,pbp,Big Ten,Big Ten,fbs,fbs
#b48686,#5d7193,2016,9,,24,12,Stanford,Arizona,3.71,pbp,Pac-12,Pac-12,fbs,fbs
#dc9797,#cf6e75,2025,14,,2050,193,Ball State,Miami (OH),3.71,pbp,Mid-American,Mid-American,fbs,fbs
#ce919e,#6f82cf,2023,9,,61,57,Georgia(1),Florida,3.71,pbp,SEC,SEC,fbs,fbs
#99a6b8,#519bc5,2025,14,,2247,295,Georgia State,Old Dominion,3.71,pbp,Sun Belt,Sun Belt,fbs,fbs
#6e6e6e,#47c27c,2019,14,,204,2483,Oregon State,Oregon(14),3.71,pbp,Pac-12,Pac-12,fbs,fbs
#4c85c3,#e6ccb3,2018,1,,2464,2638,Northern Arizona,UTEP,3.71,pbp,Big Sky,Conference USA,fcs,fbs
#4abfc2,#3d75b8,2024,Bowls,myrtle beach bowl,324,2636,Coastal Carolina,UTSA,3.71,legacy,Sun Belt,American Athletic,fbs,fbs
#61a0ca,#b9a0a5,2026,1,,23,30,San José State,USC(14),3.71,pbp,Mountain West,Big Ten,fbs,fbs
#3d68b7,#f4ebe0,2024,13,,6,2572,South Alabama,Southern Miss,3.71,pbp,Sun Belt,Sun Belt,fbs,fbs
#5c81c6,#7cb0d3,2019,3,,150,2393,Duke,Middle Tennessee,3.71,pbp,ACC,Conference USA,fbs,fbs
#359f7d,#e7c8b6,2026,1,,5,356,UAB,Illinois,3.71,pbp,American Athletic,Big Ten,fbs,fbs
#b48686,#bc778f,2021,6,,24,9,Stanford,Arizona State(22),3.71,pbp,Pac-12,Pac-12,fbs,fbs
#339969,#85797a,2025,1,,2199,326,Eastern Michigan,Texas State,3.7,pbp,Mid-American,Sun Belt,fbs,fbs
#40be99,#f4ebe0,2020,4,,2655,2572,Tulane,Southern Miss,3.7,pbp,American Athletic,Conference USA,fbs,fbs
#cbb4b7,#8e8e8e,2016,4,,2241,195,Gardner-Webb,Ohio,3.7,pbp,Big South,Mid-American,fcs,fbs
#9cbacd,#4e6192,2025,1,,311,2335,Maine,Liberty,3.7,pbp,CAA,Conference USA,fcs,fbs
#bca0a5,#3c73b2,2016,12,,201,277,Oklahoma(8),West Virginia(10),3.7,pbp,Big 12,Big 12,fbs,fbs
#b57f81,#ddb4b6,2016,11,,166,2032,New Mexico State,Arkansas State,3.7,pbp,Sun Belt,Sun Belt,fbs,fbs
#75807c,#bca0a5,2016,11,,239,201,Baylor(25),Oklahoma(9),3.7,pbp,Big 12,Big 12,fbs,fbs
#a75a7c,#4c4c4c,2015,6,,135,2509,Minnesota,Purdue,3.7,pbp,Big Ten,Big Ten,fbs,fbs
#339a72,#d17b7b,2023,5,,62,2439,Hawai'i,UNLV,3.7,pbp,Mountain West,Mountain West,fbs,fbs
#359f7d,#6e6e6e,2024,2,,5,2433,UAB,UL Monroe,3.7,pbp,American Athletic,Sun Belt,fbs,fbs
#978da5,#af3a3a,2020,13,,99,245,LSU,Texas A&M(5),3.7,pbp,SEC,SEC,fbs,fbs
#76d198,#4fb885,2017,6,,276,2429,Marshall,Charlotte,3.7,pbp,Conference USA,Conference USA,fbs,fbs
#e7c8b6,#a4a4a4,2020,15,,356,77,Illinois,Northwestern(15),3.7,pbp,Big Ten,Big Ten,fbs,fbs
#4c4c4c,#d6889a,2017,11,,2294,275,Iowa(25),Wisconsin(6),3.7,pbp,Big Ten,Big Ten,fbs,fbs
#ddb4b6,#d17b7b,2019,2,,2032,2439,Arkansas State,UNLV,3.7,pbp,Sun Belt,Mountain West,fbs,fbs
#6b8bce,#ce919e,2022,2,,68,167,Boise State,New Mexico,3.7,pbp,Mountain West,Mountain West,fbs,fbs
#b5b5b5,#707987,2021,12,,238,145,Vanderbilt,Ole Miss(10),3.7,pbp,SEC,SEC,fbs,fbs
#99a6b8,#d07980,2018,6,,2247,2653,Georgia State,Troy,3.7,pbp,Sun Belt,Sun Belt,fbs,fbs
#FFFFFF,#e6dbb3,2016,8,,70,2026,Idaho,App State,3.7,pbp,Sun Belt,Sun Belt,fbs,fbs
#f2d7d6,#6989c7,2025,1,,2169,48,Delaware State,Delaware,3.7,pbp,MEAC,Conference USA,fcs,fbs
#d3a5b1,#bd9099,2020,Bowls,cfp national championship pres. by at&t,194,333,Ohio State(2),Alabama(1),3.7,pbp,Big Ten,SEC,fbs,fbs
#bd3f7d,#3f7fbd,2020,12,,259,221,Virginia Tech,Pittsburgh,3.7,pbp,ACC,ACC,fbs,fbs
#e0a3ae,#5d7193,2023,12,,254,12,Utah(16),Arizona(19),3.7,pbp,Pac-12,Pac-12,fbs,fbs
#5d7088,#ad9a9d,2017,3,,87,103,Notre Dame,Boston College,3.69,pbp,FBS Independents,ACC,fbs,fbs
#546b8d,#bd3f7d,2019,7,,227,259,Rhode Island,Virginia Tech,3.69,pbp,CAA,ACC,fcs,fbs
#3f7fbd,#3e72b9,2015,2,,221,2006,Pittsburgh,Akron,3.69,pbp,ACC,Mid-American,fbs,fbs
#b9b9b9,#dc9797,2017,3,,2635,2050,Tennessee Tech,Ball State,3.69,pbp,OVC,Mid-American,fcs,fbs
#e6dbb3,#99a6b8,2023,11,,2026,2247,App State,Georgia State,3.69,pbp,Sun Belt,Sun Belt,fbs,fbs
#d6889a,#cc6666,2017,10,,275,84,Wisconsin(4),Indiana,3.69,pbp,Big Ten,Big Ten,fbs,fbs
#e7c8b6,#39aa8c,2017,3,,356,58,Illinois,South Florida(22),3.69,pbp,Big Ten,American Athletic,fbs,fbs
#39aa8c,#3d75b8,2023,12,,58,2636,South Florida,UTSA,3.69,pbp,American Athletic,American Athletic,fbs,fbs
#cfa0a8,#3f78bc,2022,8,,21,2440,San Diego State,Nevada,3.69,pbp,Mountain West,Mountain West,fbs,fbs
#b6999d,#828282,2023,1,,265,36,Washington State,Colorado State,3.69,pbp,Pac-12,Mountain West,fbs,fbs
#b8b8b8,#e3c2ab,2017,6,,154,228,Wake Forest,Clemson(2),3.69,pbp,ACC,ACC,fbs,fbs
#ce919e,#6b8bce,2022,12,,61,96,Georgia(1),Kentucky,3.68,pbp,SEC,SEC,fbs,fbs
#d3a5aa,#4c4c4c,2015,1,,2287,2294,Illinois State,Iowa,3.68,pbp,MVFC,Big Ten,fcs,fbs
#c8c6c2,#7fa4d4,2023,6,,2116,2305,UCF,Kansas,3.68,pbp,Big 12,Big 12,fbs,fbs
#5d7193,#3f78bc,2015,2,,12,2440,Arizona(22),Nevada,3.68,pbp,Pac-12,Mountain West,fbs,fbs
#3c73b2,#d98c8c,2016,7,,277,2641,West Virginia(20),Texas Tech,3.68,pbp,Big 12,Big 12,fbs,fbs
#FFFFFF,#828282,2023,5,,3101,36,Utah Tech,Colorado State,3.68,pbp,UAC,Mountain West,fcs,fbs
#6b8bce,#cbbdb5,2024,13,,96,251,Kentucky,Texas(3),3.68,pbp,SEC,SEC,fbs,fbs
#7cb0d3,#3974ac,2019,1,,2393,130,Middle Tennessee,Michigan(7),3.68,pbp,Conference USA,Big Ten,fbs,fbs
#e6dbb3,#4fb885,2025,1,duke’s mayo classic,2026,2429,App State,Charlotte,3.68,pbp,Sun Belt,American Athletic,fbs,fbs
#d5a6af,#db93a2,2016,13,,164,120,Rutgers,Maryland,3.68,pbp,Big Ten,Big Ten,fbs,fbs
#FFFFFF,#6f92cf,2022,12,,3101,252,Utah Tech,BYU,3.67,pbp,Western Athletic,FBS Independents,fcs,fbs
#e6c7b3,#d88a96,2015,10,,183,97,Syracuse,Louisville,3.67,pbp,ACC,ACC,fbs,fbs
#576f8c,#3e72b9,2016,10,,2649,2006,Toledo,Akron,3.67,pbp,Mid-American,Mid-American,fbs,fbs
#9785a6,#b7b7b8,2024,4,,2628,2567,TCU,SMU,3.67,pbp,Big 12,ACC,fbs,fbs
#339969,#8e8e8e,2024,12,,2199,195,Eastern Michigan,Ohio,3.67,pbp,Mid-American,Mid-American,fbs,fbs
#d07980,#3d68b7,2024,8,,2653,6,Troy,South Alabama,3.67,pbp,Sun Belt,Sun Belt,fbs,fbs
#cfbdbf,#e6cab3,2025,7,,248,197,Houston,Oklahoma State,3.67,pbp,Big 12,Big 12,fbs,fbs
#a4a4a4,#4c4c4c,2016,11,,77,2509,Northwestern,Purdue,3.67,pbp,Big Ten,Big Ten,fbs,fbs
#39aa8c,#a0a0a0,2015,2,,58,52,South Florida,Florida State(11),3.67,pbp,American Athletic,ACC,fbs,fbs
#839fb6,#f2f2f2,2017,3,,2458,38,Northern Colorado,Colorado,3.66,pbp,Big Sky,Pac-12,fcs,fbs
#b7949a,#937a7f,2024,10,,113,344,Massachusetts,Mississippi State,3.66,pbp,FBS Independents,SEC,fbs,fbs
#5d7088,#c8c6c2,2015,6,,41,2116,UConn,UCF,3.66,pbp,American Athletic,American Athletic,fbs,fbs
#e6dbb3,#85797a,2020,10,,2026,326,App State,Texas State,3.66,pbp,Sun Belt,Sun Belt,fbs,fbs
#47c27c,#b48686,2019,4,,2483,24,Oregon(16),Stanford,3.66,pbp,Pac-12,Pac-12,fbs,fbs
#61a0ca,#b9a0a5,2021,1,,23,30,San José State,USC(15),3.66,legacy,Mountain West,Pac-12,fbs,fbs
#dc9797,#576f8c,2016,12,,2050,2649,Ball State,Toledo,3.66,pbp,Mid-American,Mid-American,fbs,fbs
#e6ccb3,#6e6e6e,2020,4,,2638,2433,UTEP,UL Monroe,3.66,pbp,Conference USA,Sun Belt,fbs,fbs
#4e6192,#d9c78e,2018,2,,2335,349,Liberty,Army,3.66,pbp,FBS Independents,FBS Independents,fbs,fbs
#c0437e,#838383,2017,Bowls,famous idaho potato bowl,2117,2751,Central Michigan,Wyoming,3.66,pbp,Mid-American,Mountain West,fbs,fbs
#c24a54,#6b8bce,2024,2,,2579,96,South Carolina,Kentucky,3.66,pbp,SEC,SEC,fbs,fbs
#e6c7b3,#a0a0a0,2015,9,,183,52,Syracuse,Florida State(17),3.65,pbp,ACC,ACC,fbs,fbs
#868686,#b7949a,2025,6,,2711,113,Western Michigan,Massachusetts,3.65,pbp,Mid-American,Mid-American,fbs,fbs
#6e6e6e,#978da5,2021,12,,2433,99,UL Monroe,LSU,3.65,pbp,Sun Belt,SEC,fbs,fbs
#e6c6c7,#359f7d,2020,7,,98,5,Western Kentucky,UAB,3.65,pbp,Conference USA,Conference USA,fbs,fbs
#40be99,#b7b7b8,2015,12,,2655,2567,Tulane,SMU,3.65,pbp,American Athletic,American Athletic,fbs,fbs
#dd9da6,#b7b7b8,2020,8,,2132,2567,Cincinnati(9),SMU(16),3.65,pbp,American Athletic,American Athletic,fbs,fbs
#3c73b2,#3f78bc,2015,1,,302,2440,UC Davis,Nevada,3.65,pbp,Big Sky,Mountain West,fcs,fbs
#978da5,#bd9fa4,2024,8,,99,8,LSU(8),Arkansas,3.65,pbp,SEC,SEC,fbs,fbs
#7cb0d3,#d37d7b,2024,9,,2393,55,Middle Tennessee,Jacksonville State,3.65,pbp,Conference USA,Conference USA,fbs,fbs
#99a6b8,#f4ebe0,2022,10,,2247,2572,Georgia State,Southern Miss,3.65,pbp,Sun Belt,Sun Belt,fbs,fbs
#af3a3a,#e6ccb3,2020,16,,245,2633,Texas A&M(5),Tennessee,3.65,pbp,SEC,SEC,fbs,fbs
#99a6b8,#e6dbb3,2016,5,,2247,2026,Georgia State,App State,3.64,pbp,Sun Belt,Sun Belt,fbs,fbs
#935531,#e1bbbf,2015,14,,189,2459,Bowling Green,Northern Illinois,3.64,pbp,Mid-American,Mid-American,fbs,fbs
#868686,#3f78bc,2021,Bowls,quick lane bowl,2711,2440,Western Michigan,Nevada,3.64,pbp,Mid-American,Mountain West,fbs,fbs
#af5868,#e6c6c7,2017,1,,2198,98,Eastern Kentucky,Western Kentucky,3.64,pbp,OVC,Conference USA,fcs,fbs
#4e6192,#848484,2019,13,,2335,258,Liberty,Virginia,3.64,pbp,FBS Independents,ACC,fbs,fbs
#6f82cf,#e6ccb3,2018,4,,57,2633,Florida,Tennessee,3.64,pbp,SEC,SEC,fbs,fbs
#937a7f,#978da5,2018,8,,344,99,Mississippi State(22),LSU(5),3.64,pbp,SEC,SEC,fbs,fbs
#a4a4a4,#57c78b,2019,1,,2000,249,Abilene Christian,North Texas,3.64,pbp,Southland,Conference USA,fcs,fbs
#868686,#e7c8b6,2016,3,,2711,356,Western Michigan,Illinois,3.64,pbp,Mid-American,Big Ten,fbs,fbs
#978da5,#bd9099,2017,10,,99,333,LSU(19),Alabama(1),3.64,pbp,SEC,SEC,fbs,fbs
#ddb4b6,#3d68b7,2021,9,,2032,6,Arkansas State,South Alabama,3.64,pbp,Sun Belt,Sun Belt,fbs,fbs
#7f46c2,#f2f2f2,2017,4,,264,38,Washington(7),Colorado,3.64,pbp,Pac-12,Pac-12,fbs,fbs
#5090c5,#4fb885,2021,8,,2226,2429,Florida Atlantic,Charlotte,3.64,pbp,Conference USA,Conference USA,fbs,fbs
#b8b8b8,#ffffff,2019,2,,154,242,Wake Forest,Rice,3.64,pbp,ACC,Conference USA,fbs,fbs
#cbbdb5,#ce919e,2025,12,,251,61,Texas(10),Georgia(5),3.63,pbp,SEC,SEC,fbs,fbs
#4c85c3,#868686,2021,7,,2309,2711,Kent State,Western Michigan,3.63,pbp,Mid-American,Mid-American,fbs,fbs
#c24a54,#6f82cf,2016,11,,2579,57,South Carolina,Florida(22),3.63,pbp,SEC,SEC,fbs,fbs
#dc97a7,#838383,2021,7,,278,2751,Fresno State,Wyoming,3.63,pbp,Mountain West,Mountain West,fbs,fbs
#ce919e,#e6ccb3,2021,11,,61,2633,Georgia(1),Tennessee,3.63,pbp,SEC,SEC,fbs,fbs
#44699b,#3d77b8,2022,3,,213,2,Penn State(22),Auburn,3.63,pbp,Big Ten,SEC,fbs,fbs
#978da5,#885caf,2021,Bowls,taxact texas bowl,99,2306,LSU,Kansas State,3.63,pbp,SEC,Big 12,fbs,fbs
#6f7cc9,#339969,2019,10,,2084,2199,Buffalo,Eastern Michigan,3.63,pbp,Mid-American,Mid-American,fbs,fbs
#e6dbb3,#d2adae,2021,7,,2026,309,App State,Louisiana,3.63,pbp,Sun Belt,Sun Belt,fbs,fbs
#db93a2,#5d7088,2026,2,,120,41,Maryland,UConn,3.63,pbp,Big Ten,FBS Independents,fbs,fbs
#a6999b,#75807c,2015,8,,66,239,Iowa State,Baylor(2),3.63,pbp,Big 12,Big 12,fbs,fbs
#3f7fbd,#3aaf80,2022,13,,221,2390,Pittsburgh,Miami,3.63,pbp,ACC,ACC,fbs,fbs
#6b8bce,#e6ccb3,2020,7,,96,2633,Kentucky,Tennessee(18),3.63,pbp,SEC,SEC,fbs,fbs
#c8c6c2,#6f92cf,2020,Bowls,roofclaim.com boca raton bowl,2116,252,UCF,BYU(11),3.63,pbp,American Athletic,FBS Independents,fbs,fbs
#c75886,#85797a,2018,2,,2640,326,Texas Southern,Texas State,3.63,pbp,SWAC,Sun Belt,fcs,fbs
#e6ccb3,#bd9099,2021,8,,2633,333,Tennessee,Alabama(4),3.63,pbp,SEC,SEC,fbs,fbs
#adb8c1,#7f46c2,2017,9,,26,264,UCLA,Washington(12),3.63,pbp,Pac-12,Pac-12,fbs,fbs
#85797a,#f4ebe0,2025,12,,326,2572,Texas State,Southern Miss,3.63,pbp,Sun Belt,Sun Belt,fbs,fbs
#db93a2,#7b7b7b,2015,11,,120,127,Maryland,Michigan State(14),3.63,pbp,Big Ten,Big Ten,fbs,fbs
#4b83c3,#FFFFFF,2015,4,,290,70,Georgia Southern,Idaho,3.63,pbp,Sun Belt,Sun Belt,fbs,fbs
#345b9d,#3aaf80,2018,4,,2229,2390,Florida International,Miami(21),3.63,pbp,Conference USA,ACC,fbs,fbs
#40be99,#3d77b8,2019,2,,2655,2,Tulane,Auburn(10),3.62,pbp,American Athletic,SEC,fbs,fbs
#cbb4b7,#4fb885,2019,1,,2241,2429,Gardner-Webb,Charlotte,3.62,pbp,Big South,Conference USA,fcs,fbs
#3e72b9,#e1bbbf,2022,13,,2006,2459,Akron,Northern Illinois,3.62,pbp,Mid-American,Mid-American,fbs,fbs
#e6c7b3,#e6ccb3,2025,2,,2630,2638,UT Martin,UTEP,3.62,pbp,Big South-OVC,Conference USA,fcs,fbs
#7b7b7b,#44699b,2022,13,,127,213,Michigan State,Penn State(11),3.62,pbp,Big Ten,Big Ten,fbs,fbs
#a4a4a4,#c24a54,2023,2,,231,2579,Furman,South Carolina,3.62,pbp,Southern,SEC,fcs,fbs
#b57f81,#a0a0a0,2026,1,,166,52,New Mexico State,Florida State,3.62,pbp,Conference USA,ACC,fbs,fbs
#e6ccb3,#b5b5b5,2018,13,,2633,238,Tennessee,Vanderbilt,3.62,pbp,SEC,SEC,fbs,fbs
#3d75b8,#af3a3a,2016,12,,2636,245,UTSA,Texas A&M(23),3.62,pbp,Conference USA,SEC,fbs,fbs
#4078be,#e6ccb3,2019,9,,2348,2638,Louisiana Tech,UTEP,3.62,pbp,Conference USA,Conference USA,fbs,fbs
#f4f4f4,#d98c8c,2025,14,,153,152,North Carolina,NC State,3.62,pbp,ACC,ACC,fbs,fbs
#838383,#57c78b,2024,4,,2751,249,Wyoming,North Texas,3.61,pbp,Mountain West,American Athletic,fbs,fbs
#48619a,#7cb0d3,2021,1,,2405,2393,Monmouth,Middle Tennessee,3.61,legacy,Big South,Conference USA,fcs,fbs
#6388cb,#57c78b,2024,5,,202,249,Tulsa,North Texas,3.61,pbp,American Athletic,American Athletic,fbs,fbs
#828282,#5096c4,2022,12,,36,2005,Colorado State,Air Force,3.61,pbp,Mountain West,Mountain West,fbs,fbs
#6989c7,#b8b8b8,2016,3,,48,154,Delaware,Wake Forest,3.61,pbp,CAA,ACC,fcs,fbs
#9785a6,#bca0a5,2017,14,,2628,201,TCU(10),Oklahoma(2),3.61,pbp,Big 12,Big 12,fbs,fbs
#6b8bce,#e6cab3,2024,1,,2571,197,South Dakota State,Oklahoma State(17),3.61,pbp,MVFC,Big 12,fcs,fbs
#6e6e6e,#5d7193,2017,11,,204,12,Oregon State,Arizona,3.61,pbp,Pac-12,Pac-12,fbs,fbs
#e6cab3,#3c73b2,2021,10,,197,277,Oklahoma State(11),West Virginia,3.61,pbp,Big 12,Big 12,fbs,fbs
#FFFFFF,#3d77b8,2015,12,,70,2,Idaho,Auburn,3.61,pbp,Sun Belt,SEC,fbs,fbs
#e6ccb3,#6b8bce,2015,9,,2633,96,Tennessee,Kentucky,3.61,pbp,SEC,SEC,fbs,fbs
#61a0ca,#838383,2018,10,,23,2751,San José State,Wyoming,3.61,pbp,Mountain West,Mountain West,fbs,fbs
#d98c8c,#ad9a9d,2021,7,,152,103,NC State(22),Boston College,3.61,pbp,ACC,ACC,fbs,fbs
#d07980,#ddb4b6,2020,9,,2653,2032,Troy,Arkansas State,3.61,pbp,Sun Belt,Sun Belt,fbs,fbs
#db93a2,#a75a7c,2024,9,,120,135,Maryland,Minnesota,3.61,pbp,Big Ten,Big Ten,fbs,fbs
#40be99,#5d7088,2016,13,,2655,41,Tulane,UConn,3.61,pbp,American Athletic,American Athletic,fbs,fbs
#3f647f,#b9a0a5,2016,9,,25,30,California,USC,3.61,pbp,Pac-12,Pac-12,fbs,fbs
#af5868,#4c4c4c,2016,1,,2198,2509,Eastern Kentucky,Purdue,3.61,pbp,OVC,Big Ten,fcs,fbs
#3c7eb4,#e3c2ab,2017,9,,59,228,Georgia Tech,Clemson(7),3.61,pbp,ACC,ACC,fbs,fbs
#3d6bb7,#6388cb,2015,12,,2426,202,Navy(19),Tulsa,3.61,pbp,American Athletic,American Athletic,fbs,fbs
#9156c7,#99a6b8,2023,10,,256,2247,James Madison(23),Georgia State,3.61,pbp,Sun Belt,Sun Belt,fbs,fbs
#707987,#bd9099,2021,5,,145,333,Ole Miss(12),Alabama(1),3.6,pbp,SEC,SEC,fbs,fbs
#dc97a7,#61a0ca,2025,14,,278,23,Fresno State,San José State,3.6,pbp,Mountain West,Mountain West,fbs,fbs
#3cb48f,#bc778f,2019,2,,16,9,Sacramento State,Arizona State,3.6,pbp,Big Sky,Pac-12,fcs,fbs
#ddb4b6,#85797a,2016,14,,2032,326,Arkansas State,Texas State,3.6,pbp,Sun Belt,Sun Belt,fbs,fbs
#b57f81,#3f78bc,2021,6,,166,2440,New Mexico State,Nevada,3.6,pbp,FBS Independents,Mountain West,fbs,fbs
#ffffff,#4fb885,2023,12,,242,2429,Rice,Charlotte,3.6,pbp,American Athletic,American Athletic,fbs,fbs
#339a72,#6b8bce,2019,15,,62,68,Hawai'i,Boise State(19),3.6,pbp,Mountain West,Mountain West,fbs,fbs
#e6c7b3,#dd9da6,2016,1,,2630,2132,UT Martin,Cincinnati,3.6,pbp,OVC,American Athletic,fcs,fbs
#5090c5,#345b9d,2018,10,,2226,2229,Florida Atlantic,Florida International,3.6,pbp,Conference USA,Conference USA,fbs,fbs
#339969,#6b8bce,2019,2,,2199,96,Eastern Michigan,Kentucky,3.59,pbp,Mid-American,SEC,fbs,fbs
#e6ccb3,#4e6192,2024,3,,2638,2335,UTEP,Liberty,3.59,pbp,Conference USA,Conference USA,fbs,fbs
#838383,#dc97a7,2025,12,,2751,278,Wyoming,Fresno State,3.59,pbp,Mountain West,Mountain West,fbs,fbs
#4fb885,#339969,2017,1,,2429,2199,Charlotte,Eastern Michigan,3.59,pbp,Conference USA,Mid-American,fbs,fbs
#e6c7b3,#d98c8c,2021,12,,183,152,Syracuse,NC State(25),3.59,pbp,ACC,ACC,fbs,fbs
#ffffff,#3d75b8,2023,11,,242,2636,Rice,UTSA,3.59,pbp,American Athletic,American Athletic,fbs,fbs
#c24a54,#ce919e,2017,10,,2579,61,South Carolina,Georgia(2),3.59,pbp,SEC,SEC,fbs,fbs
#359f7d,#7cb0d3,2018,13,,5,2393,UAB,Middle Tennessee,3.59,pbp,Conference USA,Conference USA,fbs,fbs
#ce919e,#c24a54,2018,2,,61,2579,Georgia(3),South Carolina(24),3.59,pbp,SEC,SEC,fbs,fbs
#7fa4d4,#a6999b,2025,13,,2305,66,Kansas,Iowa State,3.59,pbp,Big 12,Big 12,fbs,fbs
#d17b7b,#adb8c1,2016,2,,2439,26,UNLV,UCLA,3.59,pbp,Mountain West,Pac-12,fbs,fbs
#dd9da6,#917e9c,2021,13,,2132,151,Cincinnati(4),East Carolina,3.59,pbp,American Athletic,American Athletic,fbs,fbs
#3e72b9,#8e8e8e,2018,13,,2006,195,Akron,Ohio,3.59,pbp,Mid-American,Mid-American,fbs,fbs
#7cb0d3,#bd3f7d,2021,2,,2393,259,Middle Tennessee,Virginia Tech(19),3.58,legacy,Conference USA,ACC,fbs,fbs
#937a7f,#af3a3a,2025,6,,344,245,Mississippi State,Texas A&M(6),3.58,legacy,SEC,SEC,fbs,fbs
#d17b7b,#828282,2019,10,,2439,36,UNLV,Colorado State,3.58,pbp,Mountain West,Mountain West,fbs,fbs
#6b8bce,#d88a96,2021,13,,96,97,Kentucky,Louisville,3.58,pbp,SEC,ACC,fbs,fbs
#4b83c3,#99a6b8,2018,13,,290,2247,Georgia Southern,Georgia State,3.58,pbp,Sun Belt,Sun Belt,fbs,fbs
#acacad,#f4f4f4,2018,12,,2717,153,Western Carolina,North Carolina,3.58,pbp,Southern,ACC,fcs,fbs
#ce919e,#6b8bce,2020,9,,61,96,Georgia(5),Kentucky,3.58,pbp,SEC,SEC,fbs,fbs
#329870,#b6999d,2021,2,,2502,265,Portland State,Washington State,3.58,pbp,Big Sky,Pac-12,fcs,fbs
#61a0ca,#dc97a7,2018,13,,23,278,San José State,Fresno State,3.58,pbp,Mountain West,Mountain West,fbs,fbs
#d3a5b1,#3974ac,2015,13,,194,130,Ohio State(8),Michigan(12),3.58,pbp,Big Ten,Big Ten,fbs,fbs
#4c4c4c,#4c4c4c,2015,12,,2509,2294,Purdue,Iowa(6),3.58,pbp,Big Ten,Big Ten,fbs,fbs
#bd9fa4,#6f82cf,2020,11,,8,57,Arkansas,Florida(6),3.58,pbp,SEC,SEC,fbs,fbs
#e0a3ae,#cbbdb5,2019,Bowls,,254,251,Utah(16),Texas(25),3.58,pbp,Pac-12,Big 12,fbs,fbs
#909fb7,#cf6e75,2015,1,,2506,193,Presbyterian,Miami (OH),3.58,pbp,Big South,Mid-American,fcs,fbs
#4c85c3,#ce919e,2022,4,,2309,61,Kent State,Georgia(1),3.57,pbp,Mid-American,SEC,fbs,fbs
#b57f81,#dc97a7,2023,Bowls,isleta new mexico bowl,166,278,New Mexico State,Fresno State,3.57,pbp,Conference USA,Mountain West,fbs,fbs
#b57f81,#4e6192,2022,13,,166,2335,New Mexico State,Liberty,3.57,pbp,FBS Independents,FBS Independents,fbs,fbs
#40be99,#5090c5,2023,12,,2655,2226,Tulane(17),Florida Atlantic,3.57,pbp,American Athletic,American Athletic,fbs,fbs
#e6c6c7,#7cb0d3,2024,3,,98,2393,Western Kentucky,Middle Tennessee,3.57,pbp,Conference USA,Conference USA,fbs,fbs
#6f7cc9,#cf6e75,2021,11,,2084,193,Buffalo,Miami (OH),3.57,pbp,Mid-American,Mid-American,fbs,fbs
#6f82cf,#a0a0a0,2018,13,,57,52,Florida(13),Florida State,3.57,pbp,SEC,ACC,fbs,fbs
#9156c7,#f4f4f4,2016,3,,256,153,James Madison,North Carolina,3.57,pbp,CAA,ACC,fcs,fbs
#99a6b8,#FFFFFF,2016,14,,2247,70,Georgia State,Idaho,3.57,pbp,Sun Belt,Sun Belt,fbs,fbs
#ffffff,#57c78b,2018,9,,242,249,Rice,North Texas,3.57,pbp,Conference USA,Conference USA,fbs,fbs
#5d7088,#dd9da6,2015,8,,41,2132,UConn,Cincinnati,3.57,pbp,American Athletic,American Athletic,fbs,fbs
#4078be,#b7949a,2016,7,,2348,113,Louisiana Tech,Massachusetts,3.57,pbp,Conference USA,FBS Independents,fbs,fbs
#47c27c,#3974ac,2024,10,,2483,130,Oregon(1),Michigan,3.57,pbp,Big Ten,Big Ten,fbs,fbs
#85797a,#6e6e6e,2024,11,,326,2433,Texas State,UL Monroe,3.57,pbp,Sun Belt,Sun Belt,fbs,fbs
#828282,#bd9099,2017,3,,36,333,Colorado State,Alabama(1),3.56,pbp,Mountain West,SEC,fbs,fbs
#85797a,#d07980,2024,6,,326,2653,Texas State,Troy,3.56,pbp,Sun Belt,Sun Belt,fbs,fbs
#6dcead,#e0a3ae,2017,1,,155,254,North Dakota,Utah,3.56,pbp,Big Sky,Pac-12,fcs,fbs
#4c4c4c,#e7c8b6,2022,6,,2294,356,Iowa,Illinois,3.56,pbp,Big Ten,Big Ten,fbs,fbs
#d5a6af,#b9a0a5,2024,9,,164,30,Rutgers,USC,3.56,pbp,Big Ten,Big Ten,fbs,fbs
#ad9a9d,#5d7088,2017,12,,103,41,Boston College,UConn,3.56,pbp,ACC,American Athletic,fbs,fbs
#db93a2,#4c4c4c,2015,9,,120,2294,Maryland,Iowa(10),3.56,pbp,Big Ten,Big Ten,fbs,fbs
#8e8e8e,#da8f8f,2026,1,,195,158,Ohio,Nebraska,3.56,pbp,Mid-American,Big Ten,fbs,fbs
#e6c6c7,#519bc5,2021,7,,98,295,Western Kentucky,Old Dominion,3.55,pbp,Conference USA,Conference USA,fbs,fbs
#c44e4e,#d07980,2022,2,,2010,2653,Alabama A&M,Troy,3.55,pbp,SWAC,Sun Belt,fcs,fbs
#838383,#cbbdb5,2023,3,,2751,251,Wyoming,Texas(4),3.55,pbp,Mountain West,Big 12,fbs,fbs
#868686,#6f92cf,2018,Bowls,famous idaho potato bowl,2711,252,Western Michigan,BYU,3.55,pbp,Mid-American,FBS Independents,fbs,fbs
#7f46c2,#6f92cf,2019,4,,264,252,Washington(22),BYU,3.55,pbp,Pac-12,FBS Independents,fbs,fbs
#7f46c2,#b48686,2015,8,,264,24,Washington,Stanford(10),3.55,pbp,Pac-12,Pac-12,fbs,fbs
#6f7cc9,#dc9797,2021,13,,2084,2050,Buffalo,Ball State,3.55,pbp,Mid-American,Mid-American,fbs,fbs
#4abfc2,#d07980,2018,5,,324,2653,Coastal Carolina,Troy,3.55,pbp,Sun Belt,Sun Belt,fbs,fbs
#f2f2f2,#e0a3ae,2017,13,,38,254,Colorado,Utah,3.55,pbp,Pac-12,Pac-12,fbs,fbs
#cfa0a8,#5d7193,2021,2,,21,12,San Diego State,Arizona,3.55,pbp,Mountain West,Pac-12,fbs,fbs
#e6c6c7,#7cb0d3,2018,10,,98,2393,Western Kentucky,Middle Tennessee,3.55,pbp,Conference USA,Conference USA,fbs,fbs
#d6889a,#3974ac,2018,7,,275,130,Wisconsin(15),Michigan(12),3.55,pbp,Big Ten,Big Ten,fbs,fbs
#519bc5,#7cb0d3,2019,13,,295,2393,Old Dominion,Middle Tennessee,3.54,pbp,Conference USA,Conference USA,fbs,fbs
#e6c6c7,#576f8c,2025,2,,98,2649,Western Kentucky,Toledo,3.54,pbp,Conference USA,Mid-American,fbs,fbs
#cc7a91,#3d6bb7,2016,14,,218,2426,Temple,Navy(20),3.54,pbp,American Athletic,American Athletic,fbs,fbs
#6388cb,#3d6bb7,2022,6,,202,2426,Tulsa,Navy,3.54,pbp,American Athletic,American Athletic,fbs,fbs
#ad9a9d,#e6c7b3,2017,13,,103,183,Boston College,Syracuse,3.54,pbp,ACC,ACC,fbs,fbs
#d17b7b,#dc97a7,2019,8,,2439,278,UNLV,Fresno State,3.54,pbp,Mountain West,Mountain West,fbs,fbs
#e6cab3,#707987,2015,Bowls,allstate sugar bowl,197,145,Oklahoma State(20),Ole Miss(10),3.54,pbp,Big 12,SEC,fbs,fbs
#a4a4a4,#d5a6af,2023,1,,77,164,Northwestern,Rutgers,3.54,pbp,Big Ten,Big Ten,fbs,fbs
#c8c6c2,#76d198,2019,Bowls,bad boy mowers gasparilla bowl,2116,276,UCF(24),Marshall,3.54,pbp,American Athletic,Conference USA,fbs,fbs
#d9c78e,#40be99,2020,11,,349,2655,Army,Tulane,3.53,pbp,FBS Independents,American Athletic,fbs,fbs
#acacad,#339a72,2017,1,,2717,62,Western Carolina,Hawai'i,3.53,pbp,Southern,Mountain West,fcs,fbs
#b7b7b8,#39aa8c,2019,5,,2567,58,SMU,South Florida,3.53,pbp,American Athletic,American Athletic,fbs,fbs
#b7b7b8,#39aa8c,2015,8,,2567,58,SMU,South Florida,3.53,pbp,American Athletic,American Athletic,fbs,fbs
#57c78b,#b7b7b8,2023,11,,249,2567,North Texas,SMU,3.53,pbp,American Athletic,American Athletic,fbs,fbs
#6f7cc9,#d6889a,2023,1,,2084,275,Buffalo,Wisconsin(19),3.53,pbp,Mid-American,Big Ten,fbs,fbs
#3d77b8,#978da5,2015,3,,2,99,Auburn(18),LSU(13),3.53,pbp,SEC,SEC,fbs,fbs
#dc97a7,#cfa0a8,2017,8,,278,21,Fresno State,San Diego State,3.53,pbp,Mountain West,Mountain West,fbs,fbs
#bc778f,#f2f2f2,2016,7,,9,38,Arizona State,Colorado,3.52,pbp,Pac-12,Pac-12,fbs,fbs
#3f647f,#adb8c1,2021,13,,25,26,California,UCLA,3.52,pbp,Pac-12,Pac-12,fbs,fbs
#885caf,#6f92cf,2024,4,,2306,252,Kansas State(13),BYU,3.52,pbp,Big 12,Big 12,fbs,fbs
#359f7d,#e1bbbf,2018,Bowls,cheribundi boca raton bowl,5,2459,UAB,Northern Illinois,3.52,pbp,Conference USA,Mid-American,fbs,fbs
#d6889a,#e7c8b6,2017,9,,275,356,Wisconsin(5),Illinois,3.52,pbp,Big Ten,Big Ten,fbs,fbs
#cfa0a8,#61a0ca,2015,7,,21,23,San Diego State,San José State,3.52,pbp,Mountain West,Mountain West,fbs,fbs
#85797a,#d2adae,2017,7,,326,309,Texas State,Louisiana,3.52,pbp,Sun Belt,Sun Belt,fbs,fbs
#707987,#6f82cf,2015,5,,145,57,Ole Miss(3),Florida(25),3.52,pbp,SEC,SEC,fbs,fbs
#689ecd,#4078be,2020,4,,2277,2348,Houston Christian,Louisiana Tech,3.52,pbp,Southland,Conference USA,fcs,fbs
#b5b5b5,#e6ccb3,2015,13,,238,2633,Vanderbilt,Tennessee,3.52,pbp,SEC,SEC,fbs,fbs
#b8b8b8,#6e6e6e,2025,7,,154,204,Wake Forest,Oregon State,3.52,pbp,ACC,Pac-12,fbs,fbs
#3d6bb7,#917e9c,2016,12,,2426,151,Navy,East Carolina,3.52,pbp,American Athletic,American Athletic,fbs,fbs
#3aaf80,#5c81c6,2017,5,,2390,150,Miami(14),Duke,3.51,pbp,ACC,ACC,fbs,fbs
#6e6e6e,#e0a3ae,2022,5,,204,254,Oregon State,Utah(12),3.51,pbp,Pac-12,Pac-12,fbs,fbs
#af5868,#76d198,2018,2,,2198,276,Eastern Kentucky,Marshall,3.51,pbp,OVC,Conference USA,fcs,fbs
#576f8c,#c0437e,2017,7,,2649,2117,Toledo,Central Michigan,3.51,pbp,Mid-American,Mid-American,fbs,fbs
#d2adae,#85797a,2022,13,,309,326,Louisiana,Texas State,3.51,pbp,Sun Belt,Sun Belt,fbs,fbs
#f0e7d1,#dd9da6,2024,1,,119,2132,Towson,Cincinnati,3.51,pbp,CAA,Big 12,fcs,fbs
#9785a6,#75807c,2016,10,,2628,239,TCU,Baylor(13),3.51,pbp,Big 12,Big 12,fbs,fbs
#3d68b7,#e6cab3,2023,3,,6,197,South Alabama,Oklahoma State,3.51,pbp,Sun Belt,Big 12,fbs,fbs
#3d77b8,#ce919e,2024,6,,2,61,Auburn,Georgia(5),3.51,pbp,SEC,SEC,fbs,fbs
#6e6e6e,#d07980,2022,12,,2433,2653,UL Monroe,Troy,3.51,pbp,Sun Belt,Sun Belt,fbs,fbs
#885caf,#bca0a5,2016,7,,2306,201,Kansas State,Oklahoma(19),3.51,pbp,Big 12,Big 12,fbs,fbs
#d3a5b1,#e7c8b6,2025,7,,194,356,Ohio State(1),Illinois(17),3.51,pbp,Big Ten,Big Ten,fbs,fbs
#359f7d,#af3a3a,2018,12,,5,245,UAB,Texas A&M,3.51,pbp,Conference USA,SEC,fbs,fbs
#3cb48f,#dc97a7,2016,2,,16,278,Sacramento State,Fresno State,3.5,legacy,Big Sky,Mountain West,fcs,fbs
#a6a0a1,#707987,2018,2,,79,145,Southern Illinois,Ole Miss,3.5,pbp,MVFC,SEC,fcs,fbs
#ceb2b3,#6e6e6e,2018,2,,253,204,Southern Utah,Oregon State,3.5,pbp,Big Sky,Pac-12,fcs,fbs
#d9c78e,#5c81c6,2018,1,,349,150,Army,Duke,3.5,pbp,FBS Independents,ACC,fbs,fbs
#f0ded1,#3d77b8,2017,3,,2382,2,Mercer,Auburn(15),3.5,pbp,Southern,SEC,fcs,fbs
#e6ccb3,#e9e1ce,2023,11,,2633,142,Tennessee(14),Missouri(16),3.5,pbp,SEC,SEC,fbs,fbs
#47c27c,#d98c8c,2025,Bowls,college football playoff quarterfinal at the capital one orange bowl,2483,2641,Oregon(4),Texas Tech(7),3.5,pbp,Big Ten,Big 12,fbs,fbs
#bd3f7d,#3f7fbd,2018,11,,259,221,Virginia Tech,Pittsburgh,3.5,pbp,ACC,ACC,fbs,fbs
#9156c7,#519bc5,2026,4,,256,295,James Madison,Old Dominion,3.5,pbp,Sun Belt,Sun Belt,fbs,fbs
#d5a6af,#e7c8b6,2025,10,,164,356,Rutgers,Illinois,3.5,pbp,Big Ten,Big Ten,fbs,fbs
#3e72b9,#339969,2015,6,,2006,2199,Akron,Eastern Michigan,3.5,pbp,Mid-American,Mid-American,fbs,fbs
#db93a2,#7b7b7b,2023,4,,120,127,Maryland,Michigan State,3.5,pbp,Big Ten,Big Ten,fbs,fbs
#3c73b2,#47c27c,2016,1,,302,2483,UC Davis,Oregon(24),3.49,pbp,Big Sky,Pac-12,fcs,fbs
#b9a0a5,#d3a5b1,2017,Bowls,,30,194,USC(12),Ohio State(5),3.49,pbp,Pac-12,Big Ten,fbs,fbs
#888888,#8e8e8e,2015,3,,2545,195,SE Louisiana,Ohio,3.49,pbp,Southland,Mid-American,fcs,fbs
#ba3e3e,#e9e1ce,2017,1,,2623,142,Missouri State,Missouri,3.49,pbp,MVFC,SEC,fcs,fbs
#cfa0a8,#6e6e6e,2022,2,,2447,2433,Nicholls,UL Monroe,3.49,pbp,Southland,Sun Belt,fcs,fbs
#e6ccb3,#b5b5b5,2020,15,,2633,238,Tennessee,Vanderbilt,3.49,pbp,SEC,SEC,fbs,fbs
#937a7f,#a75a7c,2026,2,,344,135,Mississippi State,Minnesota,3.49,pbp,SEC,Big Ten,fbs,fbs
#dc9797,#8e8e8e,2024,14,,2050,195,Ball State,Ohio,3.49,pbp,Mid-American,Mid-American,fbs,fbs
#848484,#a0a0a0,2026,5,,258,52,Virginia,Florida State,3.49,pbp,ACC,ACC,fbs,fbs
#9785a6,#f2f2f2,2022,1,,2628,38,TCU,Colorado,3.49,pbp,Big 12,Pac-12,fbs,fbs
#3f7fbd,#3aaf80,2018,13,,221,2390,Pittsburgh(24),Miami,3.49,pbp,ACC,ACC,fbs,fbs
#b9a0a5,#5d7088,2023,7,,30,87,USC(10),Notre Dame(21),3.49,pbp,Pac-12,FBS Independents,fbs,fbs
#cfa0a8,#3f647f,2024,3,,21,25,San Diego State,California,3.49,legacy,Mountain West,ACC,fbs,fbs
#6f7cc9,#8e8e8e,2024,9,,2084,195,Buffalo,Ohio,3.49,pbp,Mid-American,Mid-American,fbs,fbs
#6e6e6e,#e0a3ae,2015,9,,204,254,Oregon State,Utah(13),3.49,pbp,Pac-12,Pac-12,fbs,fbs
#cf6e75,#6b8bce,2022,1,,193,96,Miami (OH),Kentucky(20),3.48,pbp,Mid-American,SEC,fbs,fbs
#5d7193,#885caf,2024,3,,12,2306,Arizona(20),Kansas State(14),3.48,pbp,Big 12,Big 12,fbs,fbs
#3d77b8,#bd9099,2016,13,,2,333,Auburn(16),Alabama(1),3.48,pbp,SEC,SEC,fbs,fbs
#5d7193,#a6999b,2025,5,,12,66,Arizona,Iowa State(14),3.48,pbp,Big 12,Big 12,fbs,fbs
#af3a3a,#707987,2015,8,,245,145,Texas A&M(15),Ole Miss(24),3.48,pbp,SEC,SEC,fbs,fbs
#3f7fbd,#bd3f7d,2021,7,,221,259,Pittsburgh,Virginia Tech,3.48,pbp,ACC,ACC,fbs,fbs
#6e6e6e,#99a6b8,2018,5,,2433,2247,UL Monroe,Georgia State,3.48,pbp,Sun Belt,Sun Belt,fbs,fbs
#6b8bce,#b5b5b5,2021,11,,96,238,Kentucky,Vanderbilt,3.48,pbp,SEC,SEC,fbs,fbs
#6b8bce,#d17b7b,2015,9,,68,2439,Boise State,UNLV,3.48,pbp,Mountain West,Mountain West,fbs,fbs
#b7b7b8,#cc7a91,2016,5,,2567,218,SMU,Temple,3.48,pbp,American Athletic,American Athletic,fbs,fbs
#5d7088,#f4ebe0,2026,3,,41,2572,UConn,Southern Miss,3.48,pbp,FBS Independents,Sun Belt,fbs,fbs
#d9c78e,#5096c4,2017,10,,349,2005,Army,Air Force,3.48,pbp,FBS Independents,Mountain West,fbs,fbs
#cfa0a8,#357a9e,2016,9,,21,328,San Diego State,Utah State,3.47,pbp,Mountain West,Mountain West,fbs,fbs
#ffffff,#f4ebe0,2020,9,,242,2572,Rice,Southern Miss,3.47,pbp,Conference USA,Conference USA,fbs,fbs
#6f7cc9,#576f8c,2023,10,,2084,2649,Buffalo,Toledo,3.47,pbp,Mid-American,Mid-American,fbs,fbs
#3d6bb7,#39aa8c,2024,11,,2426,58,Navy,South Florida,3.47,pbp,American Athletic,American Athletic,fbs,fbs
#6f82cf,#e9e1ce,2015,6,,57,142,Florida(11),Missouri,3.47,pbp,SEC,SEC,fbs,fbs
#3d68b7,#ddb4b6,2018,10,,6,2032,South Alabama,Arkansas State,3.47,pbp,Sun Belt,Sun Belt,fbs,fbs
#937a7f,#6b8bce,2020,6,,344,96,Mississippi State,Kentucky,3.47,pbp,SEC,SEC,fbs,fbs
#dd9da6,#cf6e75,2022,3,,2132,193,Cincinnati,Miami (OH),3.47,legacy,American Athletic,Mid-American,fbs,fbs
#b9a0a5,#bc778f,2015,4,,30,9,USC(19),Arizona State,3.47,pbp,Pac-12,Pac-12,fbs,fbs
#6095ca,#d07980,2025,3,,235,2653,Memphis,Troy,3.47,pbp,American Athletic,Sun Belt,fbs,fbs
#bd7575,#e6ccb3,2023,2,,2046,2633,Austin Peay,Tennessee(9),3.47,pbp,UAC,SEC,fcs,fbs
#3d77b8,#937a7f,2016,6,,2,344,Auburn,Mississippi State,3.46,pbp,SEC,SEC,fbs,fbs
#3974ac,#db93a2,2025,13,,130,120,Michigan(18),Maryland,3.46,pbp,Big Ten,Big Ten,fbs,fbs
#f0e8d6,#61a0ca,2024,3,,338,23,Kennesaw State,San José State,3.46,pbp,Conference USA,Mountain West,fbs,fbs
#6095ca,#cc7a91,2023,13,,235,218,Memphis,Temple,3.46,pbp,American Athletic,American Athletic,fbs,fbs
#99a6b8,#dc9797,2021,Bowls,taxact camellia bowl,2247,2050,Georgia State,Ball State,3.46,pbp,Sun Belt,Mid-American,fbs,fbs
#57c78b,#3d75b8,2020,13,,249,2636,North Texas,UTSA,3.46,pbp,Conference USA,Conference USA,fbs,fbs
#3e72b9,#339969,2018,11,,2006,2199,Akron,Eastern Michigan,3.46,pbp,Mid-American,Mid-American,fbs,fbs
#d3a5b1,#ce919e,2016,1,,233,167,South Dakota,New Mexico,3.46,pbp,MVFC,Mountain West,fcs,fbs
#357a9e,#cfa0a8,2021,14,,328,21,Utah State,San Diego State(19),3.46,pbp,Mountain West,Mountain West,fbs,fbs
#707987,#3d77b8,2017,6,,145,2,Ole Miss,Auburn(12),3.46,pbp,SEC,SEC,fbs,fbs
#f2f2f2,#da8f8f,2024,2,,38,158,Colorado,Nebraska,3.46,pbp,Big 12,Big Ten,fbs,fbs
#e9e1ce,#6f82cf,2020,9,,142,57,Missouri,Florida(10),3.46,pbp,SEC,SEC,fbs,fbs
#85797a,#bc778f,2025,3,,326,9,Texas State,Arizona State,3.46,pbp,Sun Belt,Big 12,fbs,fbs
#ce919e,#bd9099,2025,15,sec championship,61,333,Georgia(3),Alabama(10),3.46,pbp,SEC,SEC,fbs,fbs
#e6dbb3,#ddb4b6,2018,7,,2026,2032,App State,Arkansas State,3.46,pbp,Sun Belt,Sun Belt,fbs,fbs
#dd9da6,#40be99,2021,9,,2132,2655,Cincinnati(2),Tulane,3.46,pbp,American Athletic,American Athletic,fbs,fbs
#d98c8c,#75807c,2015,5,,2641,239,Texas Tech,Baylor(5),3.45,pbp,Big 12,Big 12,fbs,fbs
#4b83c3,#5090c5,2021,2,,290,2226,Georgia Southern,Florida Atlantic,3.45,pbp,Sun Belt,Conference USA,fbs,fbs
#6f82cf,#3aaf80,2025,4,,57,2390,Florida,Miami(4),3.45,pbp,SEC,ACC,fbs,fbs
#5d7088,#3c7eb4,2020,9,,87,59,Notre Dame(4),Georgia Tech,3.45,pbp,FBS Independents,ACC,fbs,fbs
#44699b,#d5a6af,2020,14,,213,164,Penn State,Rutgers,3.45,pbp,Big Ten,Big Ten,fbs,fbs
#db93a2,#935531,2018,2,,120,189,Maryland,Bowling Green,3.45,pbp,Big Ten,Mid-American,fbs,fbs
#e6c7b3,#5d7088,2020,14,,183,87,Syracuse,Notre Dame(2),3.45,pbp,ACC,FBS Independents,fbs,fbs
#ce919e,#828282,2022,13,,167,36,New Mexico,Colorado State,3.45,pbp,Mountain West,Mountain West,fbs,fbs
#e0cfa2,#d07980,2026,2,,2011,2653,Alabama State,Troy,3.45,pbp,SWAC,Sun Belt,fcs,fbs
#c65681,#dc9797,2019,2,,2230,2050,Fordham,Ball State,3.45,pbp,Patriot,Mid-American,fcs,fbs
#e1bbbf,#339969,2022,7,,2459,2199,Northern Illinois,Eastern Michigan,3.45,pbp,Mid-American,Mid-American,fbs,fbs
#cfbdbf,#917e9c,2018,7,,248,151,Houston,East Carolina,3.45,pbp,American Athletic,American Athletic,fbs,fbs
#c0437e,#ad9a9d,2017,5,,2117,103,Central Michigan,Boston College,3.45,pbp,Mid-American,ACC,fbs,fbs
#6b8bce,#ce919e,2021,7,,96,61,Kentucky(11),Georgia(1),3.45,pbp,SEC,SEC,fbs,fbs
#cc7a91,#6095ca,2022,5,,218,235,Temple,Memphis,3.45,pbp,American Athletic,American Athletic,fbs,fbs
#3d6bb7,#5096c4,2018,6,,2426,2005,Navy,Air Force,3.45,pbp,American Athletic,Mountain West,fbs,fbs
#5d7193,#cfbdbf,2018,2,,12,248,Arizona,Houston,3.45,pbp,Pac-12,American Athletic,fbs,fbs
#3d68b7,#db93a2,2024,4,,222,120,Villanova,Maryland,3.45,pbp,CAA,Big Ten,fcs,fbs
#af3a3a,#bd9099,2018,4,,245,333,Texas A&M(22),Alabama(1),3.45,pbp,SEC,SEC,fbs,fbs
#e9e1ce,#ce919e,2017,7,,142,61,Missouri,Georgia(4),3.45,pbp,SEC,SEC,fbs,fbs
#b9a0a5,#f2f2f2,2021,5,,30,38,USC,Colorado,3.45,pbp,Pac-12,Pac-12,fbs,fbs
#888888,#d2adae,2022,1,,2545,309,SE Louisiana,Louisiana,3.45,pbp,Southland,Sun Belt,fcs,fbs
#db93a2,#e7c8b6,2025,12,,120,356,Maryland,Illinois,3.45,pbp,Big Ten,Big Ten,fbs,fbs
#db93a2,#47c27c,2024,11,,120,2483,Maryland,Oregon(1),3.45,pbp,Big Ten,Big Ten,fbs,fbs
#e6ccb3,#6f82cf,2021,4,,2633,57,Tennessee,Florida(11),3.45,pbp,SEC,SEC,fbs,fbs
#ad9a9d,#bd3f7d,2020,7,,103,259,Boston College,Virginia Tech(23),3.45,pbp,ACC,ACC,fbs,fbs
#7fa4d4,#d98c8c,2025,7,,2305,2641,Kansas,Texas Tech(9),3.45,pbp,Big 12,Big 12,fbs,fbs
#3f7fbd,#3c7eb4,2021,5,,221,59,Pittsburgh,Georgia Tech,3.45,pbp,ACC,ACC,fbs,fbs
#c24a54,#6b8bce,2020,14,,2579,96,South Carolina,Kentucky,3.44,pbp,SEC,SEC,fbs,fbs
#6095ca,#7fa4d4,2015,2,,235,2305,Memphis,Kansas,3.44,pbp,American Athletic,Big 12,fbs,fbs
#bd9099,#937a7f,2015,11,,333,344,Alabama(3),Mississippi State(20),3.44,pbp,SEC,SEC,fbs,fbs
#5096c4,#3d6bb7,2015,5,,2005,2426,Air Force,Navy,3.44,pbp,Mountain West,American Athletic,fbs,fbs
#6c6f6d,#4abfc2,2024,2,,2729,324,William & Mary,Coastal Carolina,3.44,pbp,CAA,Sun Belt,fcs,fbs
#3f647f,#b48686,2021,12,,25,24,California,Stanford,3.44,pbp,Pac-12,Pac-12,fbs,fbs
#9785a6,#885caf,2017,7,,2628,2306,TCU(6),Kansas State,3.44,pbp,Big 12,Big 12,fbs,fbs
#cc7a91,#345b9d,2017,Bowls,bad boy mowers gasparilla bowl,218,2229,Temple,Florida International,3.44,pbp,American Athletic,Conference USA,fbs,fbs
#5d7088,#bd9099,2020,Bowls,rose bowl game presented by capital one - cfp semifinal,87,333,Notre Dame(5),Alabama(1),3.44,pbp,FBS Independents,SEC,fbs,fbs
#acacad,#4078be,2017,1,,2466,2348,Northwestern State,Louisiana Tech,3.44,pbp,Southland,Conference USA,fcs,fbs
#dc97a7,#b9a0a5,2022,3,,278,30,Fresno State,USC(7),3.44,pbp,Mountain West,Pac-12,fbs,fbs
#6e6e6e,#f4ebe0,2025,9,,2433,2572,UL Monroe,Southern Miss,3.44,pbp,Sun Belt,Sun Belt,fbs,fbs
#cfbdbf,#5d7193,2024,12,,248,12,Houston,Arizona,3.44,pbp,Big 12,Big 12,fbs,fbs
#ce919e,#b57f81,2026,4,,167,166,New Mexico,New Mexico State,3.44,pbp,Mountain West,Conference USA,fbs,fbs
#d98c8c,#e3c2ab,2024,4,,152,228,NC State,Clemson(21),3.43,pbp,ACC,ACC,fbs,fbs
#339a72,#6f92cf,2018,7,,62,252,Hawai'i,BYU,3.43,pbp,Mountain West,FBS Independents,fbs,fbs
#ce919e,#3974ac,2025,1,,167,130,New Mexico,Michigan(14),3.43,pbp,Mountain West,Big Ten,fbs,fbs
#FFFFFF,#b57f81,2025,1,,2803,166,Bryant,New Mexico State,3.43,pbp,CAA,Conference USA,fcs,fbs
#6095ca,#e9e1ce,2018,8,,235,142,Memphis,Missouri,3.43,pbp,American Athletic,SEC,fbs,fbs
#e6c6c7,#978da5,2015,8,,98,99,Western Kentucky,LSU(5),3.43,pbp,Conference USA,SEC,fbs,fbs
#935531,#4c85c3,2017,10,,189,2309,Bowling Green,Kent State,3.43,pbp,Mid-American,Mid-American,fbs,fbs
#f4ebe0,#7cb0d3,2021,9,,2572,2393,Southern Miss,Middle Tennessee,3.43,pbp,Conference USA,Conference USA,fbs,fbs
#c8c6c2,#cc7a91,2017,12,,2116,218,UCF(14),Temple,3.43,pbp,American Athletic,American Athletic,fbs,fbs
#f0e8d6,#e6c6c7,2024,10,,338,98,Kennesaw State,Western Kentucky,3.43,pbp,Conference USA,Conference USA,fbs,fbs
#357a9e,#6b8bce,2026,5,,328,68,Utah State,Boise State(22),3.43,pbp,Pac-12,Pac-12,fbs,fbs
#6b8bce,#838383,2018,5,,68,2751,Boise State,Wyoming,3.43,pbp,Mountain West,Mountain West,fbs,fbs
#c0437e,#44699b,2022,4,,2117,213,Central Michigan,Penn State(14),3.43,pbp,Mid-American,Big Ten,fbs,fbs
#6f82cf,#a0a0a0,2024,14,,57,52,Florida,Florida State,3.42,pbp,SEC,ACC,fbs,fbs
#bc778f,#af3a3a,2026,2,,9,245,Arizona State,Texas A&M(10),3.42,pbp,Big 12,SEC,fbs,fbs
#85797a,#ddb4b6,2019,9,,326,2032,Texas State,Arkansas State,3.42,pbp,Sun Belt,Sun Belt,fbs,fbs
#3d68b7,#3d77b8,2025,3,,6,2,South Alabama,Auburn(24),3.42,pbp,Sun Belt,SEC,fbs,fbs
#978da5,#b5b5b5,2019,4,,99,238,LSU(4),Vanderbilt,3.42,pbp,SEC,SEC,fbs,fbs
#a4a4a4,#7b7b7b,2016,1,,231,127,Furman,Michigan State(12),3.42,pbp,Southern,Big Ten,fcs,fbs
#b6999d,#7f46c2,2021,13,,265,264,Washington State,Washington,3.42,pbp,Pac-12,Pac-12,fbs,fbs
#f6f6f6,#339a72,2019,4,,2110,62,Central Arkansas,Hawai'i,3.42,pbp,Southland,Mountain West,fcs,fbs
#dc97a7,#5096c4,2015,8,,278,2005,Fresno State,Air Force,3.42,pbp,Mountain West,Mountain West,fbs,fbs
#75807c,#bc778f,2026,5,,239,9,Baylor,Arizona State,3.42,pbp,Big 12,Big 12,fbs,fbs
#4fb885,#b7b7b8,2023,5,,2429,2567,Charlotte,SMU,3.41,pbp,American Athletic,American Athletic,fbs,fbs
#9785a6,#d98c8c,2017,12,,2628,2641,TCU(11),Texas Tech,3.41,pbp,Big 12,Big 12,fbs,fbs
#5090c5,#d6889a,2017,2,,2226,275,Florida Atlantic,Wisconsin(9),3.41,pbp,Conference USA,Big Ten,fbs,fbs
#848484,#e7c8b6,2022,2,,258,356,Virginia,Illinois,3.41,pbp,ACC,Big Ten,fbs,fbs
#5d7088,#3d6bb7,2018,9,,87,2426,Notre Dame(3),Navy,3.41,pbp,FBS Independents,American Athletic,fbs,fbs
#c24a54,#e9e1ce,2023,8,,2579,142,South Carolina,Missouri(20),3.41,pbp,SEC,SEC,fbs,fbs
#57c78b,#5090c5,2017,14,,249,2226,North Texas,Florida Atlantic,3.41,pbp,Conference USA,Conference USA,fbs,fbs
#e6ccb3,#a4a4a4,2023,2,,2638,77,UTEP,Northwestern,3.41,pbp,Conference USA,Big Ten,fbs,fbs
#3d75b8,#f4ebe0,2015,7,,2636,2572,UTSA,Southern Miss,3.41,pbp,Conference USA,Conference USA,fbs,fbs
#cc7a91,#3c7eb4,2025,4,,218,59,Temple,Georgia Tech(18),3.41,pbp,American Athletic,ACC,fbs,fbs
#707987,#bd9fa4,2024,10,,145,8,Ole Miss(19),Arkansas,3.41,pbp,SEC,SEC,fbs,fbs
#f4f4f4,#d98c8c,2019,14,,153,152,North Carolina,NC State,3.41,pbp,ACC,ACC,fbs,fbs
#4c85c3,#44699b,2016,1,,2309,213,Kent State,Penn State,3.41,pbp,Mid-American,Big Ten,fbs,fbs
#5d7088,#f4f4f4,2017,6,,87,153,Notre Dame(21),North Carolina,3.41,pbp,FBS Independents,ACC,fbs,fbs
#af3a3a,#e9e1ce,2021,7,,245,142,Texas A&M(21),Missouri,3.41,pbp,SEC,SEC,fbs,fbs
#d17b7b,#3f78bc,2025,14,,2439,2440,UNLV,Nevada,3.41,pbp,Mountain West,Mountain West,fbs,fbs
#935531,#e6ccb3,2015,1,,189,2633,Bowling Green,Tennessee(25),3.41,pbp,Mid-American,SEC,fbs,fbs
#3c73b2,#44699b,2023,1,,277,213,West Virginia,Penn State(7),3.41,legacy,Big 12,Big Ten,fbs,fbs
#519bc5,#4e6192,2023,11,,295,2335,Old Dominion,Liberty(25),3.4,legacy,Sun Belt,Conference USA,fbs,fbs
#b48686,#6e6e6e,2021,11,,24,204,Stanford,Oregon State,3.4,pbp,Pac-12,Pac-12,fbs,fbs
#7fa4d4,#75807c,2018,4,,2305,239,Kansas,Baylor,3.4,pbp,Big 12,Big 12,fbs,fbs
#576f8c,#cf6e75,2025,12,,2649,193,Toledo,Miami (OH),3.4,pbp,Mid-American,Mid-American,fbs,fbs
#e6c6c7,#519bc5,2015,9,,98,295,Western Kentucky,Old Dominion,3.4,pbp,Conference USA,Conference USA,fbs,fbs
#cc6666,#d3a5b1,2016,6,,84,194,Indiana,Ohio State(2),3.4,pbp,Big Ten,Big Ten,fbs,fbs
#d6889a,#a4a4a4,2024,8,,275,77,Wisconsin,Northwestern,3.4,pbp,Big Ten,Big Ten,fbs,fbs
#bca0a5,#d98c8c,2020,9,,201,2641,Oklahoma(24),Texas Tech,3.4,legacy,Big 12,Big 12,fbs,fbs
#d98c8c,#5c81c6,2023,7,,152,150,NC State,Duke(17),3.4,pbp,ACC,ACC,fbs,fbs
#3c73b2,#e6ccb3,2018,1,,277,2633,West Virginia(17),Tennessee,3.4,pbp,Big 12,SEC,fbs,fbs
#4c85c3,#bc778f,2025,1,,2464,9,Northern Arizona,Arizona State(11),3.39,pbp,Big Sky,Big 12,fcs,fbs
#44699b,#d5a6af,2018,12,,213,164,Penn State(16),Rutgers,3.39,pbp,Big Ten,Big Ten,fbs,fbs
#85797a,#ddb4b6,2017,12,,326,2032,Texas State,Arkansas State,3.39,pbp,Sun Belt,Sun Belt,fbs,fbs
#d5a6af,#4c4c4c,2023,11,,164,2294,Rutgers,Iowa,3.39,pbp,Big Ten,Big Ten,fbs,fbs
#a6999b,#3e72b9,2017,3,,66,2006,Iowa State,Akron,3.39,pbp,Big 12,Mid-American,fbs,fbs
#61a0ca,#868686,2021,4,,23,2711,San José State,Western Michigan,3.39,pbp,Mountain West,Mid-American,fbs,fbs
#FFFFFF,#85797a,2016,5,,2916,326,Incarnate Word,Texas State,3.39,pbp,Southland,Sun Belt,fcs,fbs
#935531,#e1bbbf,2016,10,,189,2459,Bowling Green,Northern Illinois,3.39,pbp,Mid-American,Mid-American,fbs,fbs
#f4f4f4,#3aaf80,2020,15,,153,2390,North Carolina(20),Miami(9),3.39,pbp,ACC,ACC,fbs,fbs
#bd9fa4,#978da5,2017,11,,8,99,Arkansas,LSU,3.39,pbp,SEC,SEC,fbs,fbs
#4c85c3,#5d7193,2019,2,,2464,12,Northern Arizona,Arizona,3.39,pbp,Big Sky,Pac-12,fcs,fbs
#3d77b8,#39aa8c,2020,2,,2643,58,The Citadel,South Florida,3.38,legacy,Southern,American Athletic,fcs,fbs
#da8f8f,#a75a7c,2017,11,,158,135,Nebraska,Minnesota,3.38,pbp,Big Ten,Big Ten,fbs,fbs
#bd9099,#ce919e,2015,5,,333,61,Alabama(13),Georgia(8),3.38,pbp,SEC,SEC,fbs,fbs
#cfa0a8,#339a72,2017,9,,21,62,San Diego State,Hawai'i,3.38,pbp,Mountain West,Mountain West,fbs,fbs
#e6ccb3,#6f82cf,2025,13,,2633,57,Tennessee(20),Florida,3.38,pbp,SEC,SEC,fbs,fbs
#345b9d,#bd9fa4,2023,12,,2229,8,Florida International,Arkansas,3.38,pbp,Conference USA,SEC,fbs,fbs
#44699b,#7b7b7b,2019,9,,213,127,Penn State(6),Michigan State,3.38,pbp,Big Ten,Big Ten,fbs,fbs
#a4a4a4,#4c4c4c,2022,9,,77,2294,Northwestern,Iowa,3.37,pbp,Big Ten,Big Ten,fbs,fbs
#d88a96,#848484,2018,4,,97,258,Louisville,Virginia,3.37,pbp,ACC,ACC,fbs,fbs
#cf6e75,#3e72b9,2016,6,,193,2006,Miami (OH),Akron,3.37,pbp,Mid-American,Mid-American,fbs,fbs
#40be99,#6095ca,2019,8,,2655,235,Tulane,Memphis,3.37,pbp,American Athletic,American Athletic,fbs,fbs
#4b83c3,#e3c2ab,2026,2,,290,228,Georgia Southern,Clemson,3.37,pbp,Sun Belt,ACC,fbs,fbs
#adb8c1,#3f647f,2018,7,,26,25,UCLA,California,3.37,pbp,Pac-12,Pac-12,fbs,fbs
#5096c4,#3d6bb7,2021,2,,2005,2426,Air Force,Navy,3.37,pbp,Mountain West,American Athletic,fbs,fbs
#e3c2ab,#5d7088,2020,16,,228,87,Clemson(4),Notre Dame(2),3.37,pbp,ACC,FBS Independents,fbs,fbs
#978da5,#937a7f,2017,3,,99,344,LSU(12),Mississippi State,3.37,pbp,SEC,SEC,fbs,fbs
#ce919e,#6f82cf,2015,9,,61,57,Georgia,Florida(11),3.37,pbp,SEC,SEC,fbs,fbs
#40be99,#f4ebe0,2023,3,,2655,2572,Tulane,Southern Miss,3.37,pbp,American Athletic,Sun Belt,fbs,fbs
#5d7088,#a6999b,2019,Bowls,camping world bowl,87,66,Notre Dame(12),Iowa State,3.37,pbp,FBS Independents,Big 12,fbs,fbs
#e1bbbf,#5d7193,2026,3,,2459,12,Northern Illinois,Arizona,3.36,pbp,Mountain West,Big 12,fbs,fbs
#cc6666,#dc9797,2026,2,,2619,2050,Stony Brook,Ball State,3.36,pbp,Coastal Athletic,Mid-American,fcs,fbs
#e0a3ae,#47c27c,2015,4,,254,2483,Utah(18),Oregon(13),3.36,pbp,Pac-12,Pac-12,fbs,fbs
#6dcead,#6b8bce,2023,3,,155,68,North Dakota,Boise State,3.36,pbp,MVFC,Mountain West,fcs,fbs
#a6a6a6,#a6999b,2015,1,,2460,66,Northern Iowa,Iowa State,3.36,pbp,MVFC,Big 12,fcs,fbs
#3d68b7,#e6dbb3,2024,4,,6,2026,South Alabama,App State,3.36,pbp,Sun Belt,Sun Belt,fbs,fbs
#ababae,#d07980,2015,2,,2127,2653,Charleston Southern,Troy,3.35,pbp,Big South,Sun Belt,fcs,fbs
#6b8bce,#b5b5b5,2025,13,,96,238,Kentucky,Vanderbilt(12),3.35,pbp,SEC,SEC,fbs,fbs
#44699b,#cc7a91,2026,2,,213,218,Penn State(16),Temple,3.35,pbp,Big Ten,American Athletic,fbs,fbs
#cc7a91,#b7949a,2025,1,,218,113,Temple,Massachusetts,3.35,pbp,American Athletic,Mid-American,fbs,fbs
#b57f81,#345b9d,2026,6,,166,2229,New Mexico State,Florida International,3.35,pbp,Conference USA,Conference USA,fbs,fbs
#6e6e6e,#7f46c2,2018,12,,204,264,Oregon State,Washington(17),3.35,pbp,Pac-12,Pac-12,fbs,fbs
#a75a7c,#e7c8b6,2020,10,,135,356,Minnesota,Illinois,3.35,pbp,Big Ten,Big Ten,fbs,fbs
#357a9e,#5096c4,2019,9,,328,2005,Utah State,Air Force,3.35,pbp,Mountain West,Mountain West,fbs,fbs
#e6ccb3,#978da5,2022,6,,2633,99,Tennessee(8),LSU(25),3.35,pbp,SEC,SEC,fbs,fbs
#e6ccb3,#e6c6c7,2018,12,,2638,98,UTEP,Western Kentucky,3.35,pbp,Conference USA,Conference USA,fbs,fbs
#4078be,#e9e1ce,2022,1,,2348,142,Louisiana Tech,Missouri,3.35,pbp,Conference USA,SEC,fbs,fbs
#dd9da6,#cf6e75,2018,2,,2132,193,Cincinnati,Miami (OH),3.35,pbp,American Athletic,Mid-American,fbs,fbs
#b7b7b8,#75807c,2016,2,,2567,239,SMU,Baylor(23),3.34,pbp,American Athletic,Big 12,fbs,fbs
#5d7193,#47c27c,2021,4,,12,2483,Arizona,Oregon(3),3.34,pbp,Pac-12,Pac-12,fbs,fbs
#bd9099,#937a7f,2026,5,,333,344,Alabama(7),Mississippi State(16),3.34,pbp,SEC,SEC,fbs,fbs
#5d7088,#6388cb,2018,10,,41,202,UConn,Tulsa,3.34,pbp,American Athletic,American Athletic,fbs,fbs
#d88a96,#6b8bce,2024,14,,97,96,Louisville,Kentucky,3.34,pbp,ACC,SEC,fbs,fbs
#b48686,#d98c8c,2024,10,,24,152,Stanford,NC State,3.34,pbp,ACC,ACC,fbs,fbs
#b8b8b8,#d88a96,2016,11,,154,97,Wake Forest,Louisville(5),3.34,pbp,ACC,ACC,fbs,fbs
#6f82cf,#ce919e,2022,9,,57,61,Florida,Georgia(1),3.34,pbp,SEC,SEC,fbs,fbs
#cfa0a8,#6e6e6e,2023,3,,21,204,San Diego State,Oregon State(16),3.33,pbp,Mountain West,Pac-12,fbs,fbs
#4078be,#bd9fa4,2024,13,,2348,8,Louisiana Tech,Arkansas,3.33,pbp,Conference USA,SEC,fbs,fbs
#9cbacd,#ad9a9d,2022,3,,311,103,Maine,Boston College,3.33,pbp,CAA,ACC,fcs,fbs
#67aacc,#4c4c4c,2015,2,,282,2509,Indiana State,Purdue,3.33,pbp,MVFC,Big Ten,fcs,fbs
#935531,#adb8c1,2022,1,,189,26,Bowling Green,UCLA,3.33,pbp,Mid-American,Pac-12,fbs,fbs
#ffffff,#6388cb,2023,8,,242,202,Rice,Tulsa,3.33,pbp,American Athletic,American Athletic,fbs,fbs
#FFFFFF,#935531,2023,2,,2197,189,Eastern Illinois,Bowling Green,3.33,pbp,Big South-OVC,Mid-American,fcs,fbs
#bd9099,#937a7f,2023,5,,333,344,Alabama(12),Mississippi State,3.33,pbp,SEC,SEC,fbs,fbs
#b7949a,#6f82cf,2016,1,,113,57,Massachusetts,Florida(25),3.33,pbp,FBS Independents,SEC,fbs,fbs
#868686,#c0437e,2018,8,,2711,2117,Western Michigan,Central Michigan,3.33,pbp,Mid-American,Mid-American,fbs,fbs
#cfa0a8,#e1bbbf,2025,5,,21,2459,San Diego State,Northern Illinois,3.33,pbp,Mountain West,Mid-American,fbs,fbs
#d5a6af,#3974ac,2017,9,,164,130,Rutgers,Michigan,3.33,pbp,Big Ten,Big Ten,fbs,fbs
#6f82cf,#4c4c4c,2016,Bowls,outback bowl,57,2294,Florida(14),Iowa,3.33,pbp,SEC,Big Ten,fbs,fbs
#bd9099,#978da5,2024,11,,333,99,Alabama(11),LSU(14),3.32,pbp,SEC,SEC,fbs,fbs
#e6ccb3,#d3a5b1,2024,Bowls,,2633,194,Tennessee(9),Ohio State(1),3.32,pbp,SEC,Big Ten,fbs,fbs
#345b9d,#5090c5,2017,12,,2229,2226,Florida International,Florida Atlantic,3.32,pbp,Conference USA,Conference USA,fbs,fbs
#4c4c4c,#a75a7c,2018,11,,2509,135,Purdue,Minnesota,3.32,pbp,Big Ten,Big Ten,fbs,fbs
#a6999b,#9785a6,2016,3,,66,2628,Iowa State,TCU,3.32,pbp,Big 12,Big 12,fbs,fbs
#b9a0a5,#bc778f,2017,9,,30,9,USC(21),Arizona State,3.32,pbp,Pac-12,Pac-12,fbs,fbs
#339a72,#d17b7b,2025,13,,62,2439,Hawai'i,UNLV,3.32,pbp,Mountain West,Mountain West,fbs,fbs
#937a7f,#bd9fa4,2019,10,,344,8,Mississippi State,Arkansas,3.32,pbp,SEC,SEC,fbs,fbs
#47c27c,#5d7193,2022,6,,2483,12,Oregon(12),Arizona,3.32,pbp,Pac-12,Pac-12,fbs,fbs
#e9e1ce,#e6ccb3,2020,5,,142,2633,Missouri,Tennessee(21),3.32,pbp,SEC,SEC,fbs,fbs
#546b8d,#8e8e8e,2019,1,,227,195,Rhode Island,Ohio,3.32,pbp,CAA,Mid-American,fcs,fbs
#cfa0a8,#d17b7b,2024,12,,21,2439,San Diego State,UNLV,3.31,pbp,Mountain West,Mountain West,fbs,fbs
#ad9a9d,#848484,2017,8,,103,258,Boston College,Virginia,3.31,pbp,ACC,ACC,fbs,fbs
#bd9fa4,#937a7f,2024,9,,8,344,Arkansas,Mississippi State,3.31,pbp,SEC,SEC,fbs,fbs
#6498cc,#4078be,2015,1,,2582,2348,Southern,Louisiana Tech,3.31,legacy,SWAC,Conference USA,fcs,fbs
#3d68b7,#d07980,2019,8,,6,2653,South Alabama,Troy,3.31,pbp,Sun Belt,Sun Belt,fbs,fbs
#935531,#868686,2023,13,,189,2711,Bowling Green,Western Michigan,3.31,pbp,Mid-American,Mid-American,fbs,fbs
#f2f2f2,#bc778f,2021,4,,38,9,Colorado,Arizona State,3.31,pbp,Pac-12,Pac-12,fbs,fbs
#a0a0a0,#ad9a9d,2015,3,,52,103,Florida State(9),Boston College,3.31,pbp,ACC,ACC,fbs,fbs
#3d68b7,#4abfc2,2020,10,,6,324,South Alabama,Coastal Carolina(15),3.3,pbp,Sun Belt,Sun Belt,fbs,fbs
#cbbdb5,#f2f2f2,2020,Bowls,valero alamo bowl,251,38,Texas(19),Colorado,3.3,pbp,Big 12,Pac-12,fbs,fbs
#e9e1ce,#6f82cf,2016,7,,142,57,Missouri,Florida(18),3.3,pbp,SEC,SEC,fbs,fbs
#76d198,#7cb0d3,2017,8,,276,2393,Marshall,Middle Tennessee,3.3,pbp,Conference USA,Conference USA,fbs,fbs
#9785a6,#e6cab3,2021,11,,2628,197,TCU,Oklahoma State(10),3.3,legacy,Big 12,Big 12,fbs,fbs
#ecdecd,#39aa8c,2021,3,,50,58,Florida A&M,South Florida,3.3,pbp,SWAC,American Athletic,fcs,fbs
#cfa0a8,#40be99,2018,2,,2447,2655,Nicholls,Tulane,3.3,pbp,Southland,American Athletic,fcs,fbs
#689ecd,#57c78b,2020,1,,2277,249,Houston Christian,North Texas,3.3,pbp,Southland,Conference USA,fcs,fbs
#40be99,#cc7a91,2025,13,,2655,218,Tulane(24),Temple,3.3,pbp,American Athletic,American Athletic,fbs,fbs
#e7c8b6,#4c4c4c,2017,6,,356,2294,Illinois,Iowa,3.3,pbp,Big Ten,Big Ten,fbs,fbs
#3c7eb4,#f4f4f4,2016,10,,59,153,Georgia Tech,North Carolina(18),3.3,pbp,ACC,ACC,fbs,fbs
#9785a6,#3c73b2,2016,8,,2628,277,TCU,West Virginia(12),3.3,pbp,Big 12,Big 12,fbs,fbs
#f2f2f2,#47c27c,2021,9,,38,2483,Colorado,Oregon(7),3.3,pbp,Pac-12,Pac-12,fbs,fbs
#bd9099,#c24a54,2019,3,,333,2579,Alabama(2),South Carolina,3.29,pbp,SEC,SEC,fbs,fbs
#4078be,#ffffff,2015,9,,2348,242,Louisiana Tech,Rice,3.29,pbp,Conference USA,Conference USA,fbs,fbs
#7b7b7b,#db93a2,2018,10,,127,120,Michigan State,Maryland,3.29,pbp,Big Ten,Big Ten,fbs,fbs
#f2f2f2,#5d7193,2024,8,,38,12,Colorado,Arizona,3.29,pbp,Big 12,Big 12,fbs,fbs
#cfa0a8,#3f647f,2015,2,,21,25,San Diego State,California,3.29,pbp,Mountain West,Pac-12,fbs,fbs
#d98c8c,#f4f4f4,2020,8,,152,153,NC State(23),North Carolina(14),3.29,pbp,ACC,ACC,fbs,fbs
#7cb0d3,#e6c6c7,2015,6,,2393,98,Middle Tennessee,Western Kentucky,3.29,pbp,Conference USA,Conference USA,fbs,fbs
#6f82cf,#e9e1ce,2017,10,,57,142,Florida,Missouri,3.29,pbp,SEC,SEC,fbs,fbs
#c0437e,#7b7b7b,2023,1,,2117,127,Central Michigan,Michigan State,3.29,pbp,Mid-American,Big Ten,fbs,fbs
#a75a7c,#db93a2,2018,4,,135,120,Minnesota,Maryland,3.29,pbp,Big Ten,Big Ten,fbs,fbs
#6e6e6e,#3d68b7,2020,8,,2433,6,UL Monroe,South Alabama,3.29,pbp,Sun Belt,Sun Belt,fbs,fbs
#c24a54,#e6ccb3,2021,6,,2579,2633,South Carolina,Tennessee,3.28,pbp,SEC,SEC,fbs,fbs
#6e6e6e,#bc778f,2022,12,,204,9,Oregon State(25),Arizona State,3.28,pbp,Pac-12,Pac-12,fbs,fbs
#7cb0d3,#4078be,2015,8,,2393,2348,Middle Tennessee,Louisiana Tech,3.28,pbp,Conference USA,Conference USA,fbs,fbs
#3d6bb7,#d9c78e,2020,15,,2426,349,Navy,Army,3.28,pbp,American Athletic,FBS Independents,fbs,fbs
#a8848d,#5090c5,2018,3,,2065,2226,Bethune-Cookman,Florida Atlantic,3.28,pbp,MEAC,Conference USA,fcs,fbs
#d17b7b,#828282,2025,11,,2439,36,UNLV,Colorado State,3.28,pbp,Mountain West,Mountain West,fbs,fbs
#cc7a91,#57c78b,2023,7,,218,249,Temple,North Texas,3.28,pbp,American Athletic,American Athletic,fbs,fbs
#ffffff,#d9c78e,2024,4,,242,349,Rice,Army,3.28,pbp,American Athletic,American Athletic,fbs,fbs
#6f82cf,#6b8bce,2025,11,,57,96,Florida,Kentucky,3.28,pbp,SEC,SEC,fbs,fbs
#4c4c4c,#5d7088,2025,4,,2509,87,Purdue,Notre Dame(24),3.28,pbp,Big Ten,FBS Independents,fbs,fbs
#bd3f7d,#848484,2025,14,,259,258,Virginia Tech,Virginia(17),3.28,pbp,ACC,ACC,fbs,fbs
#546b8d,#cc7a91,2026,1,,227,218,Rhode Island,Temple,3.28,pbp,Coastal Athletic,American Athletic,fcs,fbs
#ce919e,#5096c4,2025,13,,167,2005,New Mexico,Air Force,3.28,pbp,Mountain West,Mountain West,fbs,fbs
#a75a7c,#6e6e6e,2017,2,,135,204,Minnesota,Oregon State,3.28,pbp,Big Ten,Pac-12,fbs,fbs
#d6889a,#47c27c,2025,9,,275,2483,Wisconsin,Oregon(6),3.28,pbp,Big Ten,Big Ten,fbs,fbs
#7f46c2,#b6999d,2016,13,,264,265,Washington(6),Washington State(23),3.27,pbp,Pac-12,Pac-12,fbs,fbs
#3aaf80,#e3c2ab,2020,6,,2390,228,Miami(7),Clemson(1),3.27,pbp,ACC,ACC,fbs,fbs
#868686,#8e8e8e,2015,7,,2711,195,Western Michigan,Ohio,3.27,pbp,Mid-American,Mid-American,fbs,fbs
#e9e1ce,#ce919e,2015,7,,142,61,Missouri,Georgia,3.27,pbp,SEC,SEC,fbs,fbs
#4c85c3,#76d198,2017,3,,2309,276,Kent State,Marshall,3.27,pbp,Mid-American,Conference USA,fbs,fbs
#9858aa,#ffffff,2025,3,,2504,242,Prairie View A&M,Rice,3.27,pbp,SWAC,American Athletic,fcs,fbs
#76d198,#9156c7,2026,5,,276,256,Marshall,James Madison,3.27,pbp,Sun Belt,Sun Belt,fbs,fbs
#4fb885,#5090c5,2022,1,,2429,2226,Charlotte,Florida Atlantic,3.27,pbp,Conference USA,Conference USA,fbs,fbs
#4c4c4c,#d6889a,2015,7,,2509,275,Purdue,Wisconsin,3.27,pbp,Big Ten,Big Ten,fbs,fbs
#cfbdbf,#ffffff,2025,2,,248,242,Houston,Rice,3.27,pbp,Big 12,American Athletic,fbs,fbs
#838383,#e6dbb3,2015,5,,2751,2026,Wyoming,App State,3.26,pbp,Mountain West,Sun Belt,fbs,fbs
#cbbdb5,#a6999b,2015,9,,251,66,Texas,Iowa State,3.26,pbp,Big 12,Big 12,fbs,fbs
#ce919e,#bd9fa4,2020,4,,61,8,Georgia(4),Arkansas,3.26,pbp,SEC,SEC,fbs,fbs
#d9c78e,#917e9c,2025,5,,349,151,Army,East Carolina,3.26,pbp,American Athletic,American Athletic,fbs,fbs
#7fa4d4,#e6cab3,2019,12,,2305,197,Kansas,Oklahoma State(25),3.26,pbp,Big 12,Big 12,fbs,fbs
#dd9da6,#e6cab3,2023,9,,2132,197,Cincinnati,Oklahoma State,3.26,pbp,Big 12,Big 12,fbs,fbs
#39aa8c,#bd9099,2024,2,,58,333,South Florida,Alabama(4),3.26,pbp,American Athletic,SEC,fbs,fbs
#99a5bd,#c0437e,2024,1,,2115,2117,Central Connecticut,Central Michigan,3.26,legacy,NEC,Mid-American,fcs,fbs
#6f7cc9,#4fb885,2019,Bowls,makers wanted bahamas bowl,2084,2429,Buffalo,Charlotte,3.26,pbp,Mid-American,Conference USA,fbs,fbs
#d07980,#d9c78e,2023,7,,2653,349,Troy,Army,3.26,pbp,Sun Belt,FBS Independents,fbs,fbs
#ce919e,#937a7f,2022,11,,61,344,Georgia(1),Mississippi State,3.26,pbp,SEC,SEC,fbs,fbs
#868686,#7b7b7b,2022,1,,2711,127,Western Michigan,Michigan State(15),3.25,pbp,Mid-American,Big Ten,fbs,fbs
#5090c5,#6e6e6e,2026,4,,2226,2433,Florida Atlantic,UL Monroe,3.25,pbp,American Athletic,Sun Belt,fbs,fbs
#a4a4a4,#e9e1ce,2022,3,,2000,142,Abilene Christian,Missouri,3.25,legacy,Western Athletic,SEC,fcs,fbs
#978da5,#e6ccb3,2017,12,,99,2633,LSU(21),Tennessee,3.25,pbp,SEC,SEC,fbs,fbs
#d9c78e,#3d6bb7,2019,15,,349,2426,Army,Navy(23),3.25,pbp,FBS Independents,American Athletic,fbs,fbs
#3f7fbd,#44699b,2017,2,,221,213,Pittsburgh,Penn State(4),3.25,pbp,ACC,Big Ten,fbs,fbs
#e6dbb3,#ce919e,2017,1,,2026,61,App State,Georgia(15),3.25,pbp,Sun Belt,SEC,fbs,fbs
#e3c2ab,#f4f4f4,2022,14,subway acc championship,228,153,Clemson(10),North Carolina(24),3.25,pbp,ACC,ACC,fbs,fbs
#af3a3a,#bd9099,2020,5,,245,333,Texas A&M(13),Alabama(2),3.25,pbp,SEC,SEC,fbs,fbs
#b6999d,#3f647f,2017,7,,265,25,Washington State(8),California,3.25,pbp,Pac-12,Pac-12,fbs,fbs
#5d7088,#3974ac,2019,9,,87,130,Notre Dame(8),Michigan(19),3.25,pbp,FBS Independents,Big Ten,fbs,fbs
#a6a6a6,#a6999b,2023,1,,2460,66,Northern Iowa,Iowa State,3.24,pbp,MVFC,Big 12,fcs,fbs
#f2f2f2,#bc778f,2015,6,,38,9,Colorado,Arizona State,3.24,pbp,Pac-12,Pac-12,fbs,fbs
#546b8d,#3f7fbd,2022,4,,227,221,Rhode Island,Pittsburgh(24),3.24,pbp,CAA,ACC,fcs,fbs
#b5b5b5,#e6ccb3,2019,14,,238,2633,Vanderbilt,Tennessee,3.24,pbp,SEC,SEC,fbs,fbs
#57c78b,#4fb885,2025,9,,249,2429,North Texas,Charlotte,3.24,pbp,American Athletic,American Athletic,fbs,fbs
#cfbdbf,#7fa4d4,2024,8,,248,2305,Houston,Kansas,3.24,pbp,Big 12,Big 12,fbs,fbs
#3d6bb7,#b7b7b8,2016,13,,2426,2567,Navy,SMU,3.24,pbp,American Athletic,American Athletic,fbs,fbs
#4fb885,#e6ccb3,2018,10,,2429,2633,Charlotte,Tennessee,3.24,pbp,Conference USA,SEC,fbs,fbs
#7fa4d4,#4abfc2,2021,2,,2305,324,Kansas,Coastal Carolina(17),3.24,pbp,Big 12,Sun Belt,fbs,fbs
#ababae,#4abfc2,2025,2,,2127,324,Charleston Southern,Coastal Carolina,3.23,pbp,Big South-OVC,Sun Belt,fcs,fbs
#5d7193,#b6999d,2021,12,,12,265,Arizona,Washington State,3.23,pbp,Pac-12,Pac-12,fbs,fbs
#40be99,#6f82cf,2024,Bowls,union home mortgage gasparilla bowl,2655,57,Tulane,Florida,3.23,pbp,American Athletic,SEC,fbs,fbs
#ce919e,#3d77b8,2024,3,,167,2,New Mexico,Auburn,3.23,pbp,Mountain West,SEC,fbs,fbs
#d88a96,#6b8bce,2019,14,,97,96,Louisville,Kentucky,3.23,pbp,ACC,SEC,fbs,fbs
#ecdecd,#d07980,2024,4,,50,2653,Florida A&M,Troy,3.23,pbp,SWAC,Sun Belt,fcs,fbs
#4c4c4c,#a4a4a4,2015,7,,2294,77,Iowa(17),Northwestern(20),3.23,pbp,Big Ten,Big Ten,fbs,fbs
#dc97a7,#61a0ca,2017,6,,278,23,Fresno State,San José State,3.23,pbp,Mountain West,Mountain West,fbs,fbs
#da8f8f,#e7c8b6,2017,5,,158,356,Nebraska,Illinois,3.23,pbp,Big Ten,Big Ten,fbs,fbs
#e6dbb3,#6e6e6e,2020,9,,2026,2433,App State,UL Monroe,3.23,pbp,Sun Belt,Sun Belt,fbs,fbs
#dc97a7,#3f78bc,2018,6,,278,2440,Fresno State,Nevada,3.23,pbp,Mountain West,Mountain West,fbs,fbs
#7cb0d3,#b5b5b5,2018,1,,2393,238,Middle Tennessee,Vanderbilt,3.23,pbp,Conference USA,SEC,fbs,fbs
#d07980,#707987,2022,1,,2653,145,Troy,Ole Miss(21),3.23,pbp,Sun Belt,SEC,fbs,fbs
#ddb4b6,#d07980,2016,12,,2032,2653,Arkansas State,Troy(25),3.23,pbp,Sun Belt,Sun Belt,fbs,fbs
#76d198,#d2adae,2024,15,sun belt championship,276,309,Marshall,Louisiana,3.23,pbp,Sun Belt,Sun Belt,fbs,fbs
#6e6e6e,#3d68b7,2018,11,,2433,6,UL Monroe,South Alabama,3.23,pbp,Sun Belt,Sun Belt,fbs,fbs
#6b8bce,#339a72,2024,7,,68,62,Boise State(17),Hawai'i,3.23,pbp,Mountain West,Mountain West,fbs,fbs
#bca0a5,#7fa4d4,2019,6,,201,2305,Oklahoma(6),Kansas,3.22,pbp,Big 12,Big 12,fbs,fbs
#7cb0d3,#e6c6c7,2021,10,,2393,98,Middle Tennessee,Western Kentucky,3.22,pbp,Conference USA,Conference USA,fbs,fbs
#76d198,#4abfc2,2023,9,,276,324,Marshall,Coastal Carolina,3.22,pbp,Sun Belt,Sun Belt,fbs,fbs
#e6ccb3,#5d7193,2023,3,,2638,12,UTEP,Arizona,3.22,pbp,Conference USA,Pac-12,fbs,fbs
#b5b5b5,#7cb0d3,2017,1,,238,2393,Vanderbilt,Middle Tennessee,3.22,pbp,SEC,Conference USA,fbs,fbs
#d07980,#6095ca,2024,2,,2653,235,Troy,Memphis,3.22,pbp,Sun Belt,American Athletic,fbs,fbs
#937a7f,#e6ccb3,2024,11,,344,2633,Mississippi State,Tennessee(7),3.22,pbp,SEC,SEC,fbs,fbs
#f0e7d1,#cfa0a8,2021,4,,119,21,Towson,San Diego State,3.22,pbp,CAA,Mountain West,fcs,fbs
#57c78b,#ffffff,2025,13,,249,242,North Texas(22),Rice,3.22,pbp,American Athletic,American Athletic,fbs,fbs
#6095ca,#6388cb,2017,10,,235,202,Memphis(22),Tulsa,3.22,pbp,American Athletic,American Athletic,fbs,fbs
#868686,#339969,2015,9,,2711,2199,Western Michigan,Eastern Michigan,3.22,pbp,Mid-American,Mid-American,fbs,fbs
#d5a6af,#d3a5b1,2020,10,,164,194,Rutgers,Ohio State(3),3.21,pbp,Big Ten,Big Ten,fbs,fbs
#b5b5b5,#6f82cf,2023,6,,238,57,Vanderbilt,Florida,3.21,pbp,SEC,SEC,fbs,fbs
#d2adae,#85797a,2016,8,,309,326,Louisiana,Texas State,3.21,pbp,Sun Belt,Sun Belt,fbs,fbs
#935531,#dc9797,2024,13,,189,2050,Bowling Green,Ball State,3.21,pbp,Mid-American,Mid-American,fbs,fbs
#3d75b8,#4fb885,2025,12,,2636,2429,UTSA,Charlotte,3.21,pbp,American Athletic,American Athletic,fbs,fbs
#adb8c1,#44699b,2024,6,,26,213,UCLA,Penn State(7),3.21,pbp,Big Ten,Big Ten,fbs,fbs
#4b83c3,#3d68b7,2021,7,,290,6,Georgia Southern,South Alabama,3.21,pbp,Sun Belt,Sun Belt,fbs,fbs
#85797a,#e6dbb3,2019,13,,326,2026,Texas State,App State(23),3.21,pbp,Sun Belt,Sun Belt,fbs,fbs
#40be99,#6095ca,2017,9,,2655,235,Tulane,Memphis(24),3.21,pbp,American Athletic,American Athletic,fbs,fbs
#345b9d,#40be99,2019,1,,2229,2655,Florida International,Tulane,3.21,pbp,Conference USA,American Athletic,fbs,fbs
#bd9099,#e9e1ce,2020,4,,333,142,Alabama(2),Missouri,3.21,pbp,SEC,SEC,fbs,fbs
#6f7cc9,#d5a6af,2018,4,,2084,164,Buffalo,Rutgers,3.21,pbp,Mid-American,Big Ten,fbs,fbs
#4c4c4c,#44699b,2016,10,,2294,213,Iowa,Penn State(20),3.21,pbp,Big Ten,Big Ten,fbs,fbs
#e6ccb3,#f4ebe0,2019,5,,2638,2572,UTEP,Southern Miss,3.21,pbp,Conference USA,Conference USA,fbs,fbs
#7fa4d4,#dd9da6,2023,13,,2305,2132,Kansas,Cincinnati,3.2,pbp,Big 12,Big 12,fbs,fbs
#e6cab3,#f2f2f2,2016,Bowls,valero alamo bowl,197,38,Oklahoma State(11),Colorado(17),3.2,pbp,Big 12,Pac-12,fbs,fbs
#d2adae,#f0e8d6,2024,2,,309,338,Louisiana,Kennesaw State,3.2,pbp,Sun Belt,Conference USA,fbs,fbs
#357a9e,#af3a3a,2025,2,,328,245,Utah State,Texas A&M(19),3.2,pbp,Mountain West,SEC,fbs,fbs
#dd9da6,#3974ac,2017,2,,2132,130,Cincinnati,Michigan(8),3.2,pbp,American Athletic,Big Ten,fbs,fbs
#b8b8b8,#e6c7b3,2020,9,,154,183,Wake Forest,Syracuse,3.2,pbp,ACC,ACC,fbs,fbs
#707987,#b5b5b5,2020,9,,145,238,Ole Miss,Vanderbilt,3.2,legacy,SEC,SEC,fbs,fbs
#bc778f,#e0a3ae,2019,8,,9,254,Arizona State(17),Utah(13),3.2,pbp,Pac-12,Pac-12,fbs,fbs
#FFFFFF,#4abfc2,2020,3,,2097,324,Campbell,Coastal Carolina,3.2,pbp,Big South,Sun Belt,fcs,fbs
#3c7eb4,#ce919e,2022,13,,59,61,Georgia Tech,Georgia(1),3.2,pbp,ACC,SEC,fbs,fbs
#dd9da6,#c8c6c2,2016,11,,2132,2116,Cincinnati,UCF,3.2,pbp,American Athletic,American Athletic,fbs,fbs
#7cb0d3,#e6dbb3,2018,Bowls,r+l carriers new orleans bowl,2393,2026,Middle Tennessee,App State,3.2,pbp,Conference USA,Sun Belt,fbs,fbs
#5d7193,#bc778f,2021,13,,12,9,Arizona,Arizona State,3.2,pbp,Pac-12,Pac-12,fbs,fbs
#c65681,#4fb885,2018,1,,2230,2429,Fordham,Charlotte,3.19,pbp,Patriot,Conference USA,fcs,fbs
#ce919e,#3974ac,2021,Bowls,cfp semifinal at the capital one orange bowl,61,130,Georgia(1),Michigan(3),3.19,pbp,SEC,Big Ten,fbs,fbs
#a0a0a0,#d88a96,2020,8,,52,97,Florida State,Louisville,3.19,pbp,ACC,ACC,fbs,fbs
#76d198,#519bc5,2016,10,,276,295,Marshall,Old Dominion,3.19,pbp,Conference USA,Conference USA,fbs,fbs
#e6dbb3,#57c78b,2020,Bowls,myrtle beach bowl,2026,249,App State,North Texas,3.19,pbp,Sun Belt,Conference USA,fbs,fbs
#6095ca,#39aa8c,2024,7,,235,58,Memphis,South Florida,3.19,pbp,American Athletic,American Athletic,fbs,fbs
#f0e8d6,#dd9da6,2022,2,,338,2132,Kennesaw State,Cincinnati,3.19,legacy,Atlantic Sun,American Athletic,fcs,fbs
#47c27c,#b9a0a5,2016,10,,2483,30,Oregon,USC,3.19,pbp,Pac-12,Pac-12,fbs,fbs
#a0a0a0,#6f82cf,2015,13,,52,57,Florida State(14),Florida(10),3.19,pbp,ACC,SEC,fbs,fbs
#cfa0a8,#dc97a7,2016,7,,21,278,San Diego State,Fresno State,3.18,pbp,Mountain West,Mountain West,fbs,fbs
#76d198,#e6c6c7,2020,6,,276,98,Marshall,Western Kentucky,3.18,pbp,Conference USA,Conference USA,fbs,fbs
#396bac,#cf6e75,2022,2,,2523,193,Robert Morris,Miami (OH),3.18,legacy,Big South,Mid-American,fcs,fbs
#3974ac,#44699b,2017,8,,130,213,Michigan(19),Penn State(2),3.18,pbp,Big Ten,Big Ten,fbs,fbs
#ad9a9d,#d88a96,2023,4,,103,97,Boston College,Louisville,3.18,pbp,ACC,ACC,fbs,fbs
#917e9c,#3d75b8,2025,13,,151,2636,East Carolina,UTSA,3.18,pbp,American Athletic,American Athletic,fbs,fbs
#e6dbb3,#99a6b8,2021,5,,2026,2247,App State,Georgia State,3.18,pbp,Sun Belt,Sun Belt,fbs,fbs
#40be99,#b7b7b8,2021,8,,2655,2567,Tulane,SMU(21),3.18,pbp,American Athletic,American Athletic,fbs,fbs
#a4a4a4,#40be99,2025,1,,77,2655,Northwestern,Tulane,3.18,pbp,Big Ten,American Athletic,fbs,fbs
#6095ca,#357a9e,2022,Bowls,servpro first responder bowl,235,328,Memphis,Utah State,3.18,pbp,American Athletic,Mountain West,fbs,fbs
#3d75b8,#4078be,2016,11,,2636,2348,UTSA,Louisiana Tech,3.18,pbp,Conference USA,Conference USA,fbs,fbs
#e2c9a6,#3f647f,2018,3,,304,25,Idaho State,California,3.18,pbp,Big Sky,Pac-12,fcs,fbs
#76d198,#57c78b,2021,7,,276,249,Marshall,North Texas,3.17,pbp,Conference USA,Conference USA,fbs,fbs
#4078be,#3d68b7,2022,4,,2348,6,Louisiana Tech,South Alabama,3.17,pbp,Conference USA,Sun Belt,fbs,fbs
#FFFFFF,#f4f4f4,2023,10,,2097,153,Campbell,North Carolina,3.17,legacy,CAA,ACC,fcs,fbs
#e1bbbf,#8e8e8e,2025,8,,2459,195,Northern Illinois,Ohio,3.17,pbp,Mid-American,Mid-American,fbs,fbs
#6095ca,#5d7088,2017,6,,235,41,Memphis,UConn,3.17,pbp,American Athletic,American Athletic,fbs,fbs
#b5b5b5,#707987,2019,6,,238,145,Vanderbilt,Ole Miss,3.17,pbp,SEC,SEC,fbs,fbs
#3c7eb4,#cc7a91,2019,5,,59,218,Georgia Tech,Temple,3.17,pbp,ACC,American Athletic,fbs,fbs
#e2c9a6,#6e6e6e,2024,1,,304,204,Idaho State,Oregon State,3.17,pbp,Big Sky,Pac-12,fcs,fbs
#e6cab3,#9785a6,2024,11,,197,2628,Oklahoma State,TCU,3.16,pbp,Big 12,Big 12,fbs,fbs
#dd9da6,#885caf,2024,13,,2132,2306,Cincinnati,Kansas State,3.16,pbp,Big 12,Big 12,fbs,fbs
#b5b5b5,#e6ccb3,2023,13,,238,2633,Vanderbilt,Tennessee(25),3.16,pbp,SEC,SEC,fbs,fbs
#FFFFFF,#bd9fa4,2026,1,,2453,8,North Alabama,Arkansas,3.16,pbp,UAC,SEC,fcs,fbs
#e7c8b6,#db93a2,2018,9,,356,120,Illinois,Maryland,3.16,pbp,Big Ten,Big Ten,fbs,fbs
#cfa0a8,#b57f81,2019,3,,21,166,San Diego State,New Mexico State,3.16,pbp,Mountain West,FBS Independents,fbs,fbs
#828282,#6b8bce,2025,13,,36,68,Colorado State,Boise State,3.16,pbp,Mountain West,Mountain West,fbs,fbs
#5a93c6,#8e8e8e,2024,3,,2415,195,Morgan State,Ohio,3.16,pbp,MEAC,Mid-American,fcs,fbs
#5d7193,#b9a0a5,2019,8,,12,30,Arizona,USC,3.16,pbp,Pac-12,Pac-12,fbs,fbs
#838383,#6b8bce,2023,9,,2751,68,Wyoming,Boise State,3.16,pbp,Mountain West,Mountain West,fbs,fbs
#48619a,#5090c5,2023,1,,2405,2226,Monmouth,Florida Atlantic,3.16,pbp,CAA,American Athletic,fcs,fbs
#6f92cf,#d98c8c,2025,15,big 12 championship,252,2641,BYU(11),Texas Tech(5),3.15,pbp,Big 12,Big 12,fbs,fbs
#b8b8b8,#ad9a9d,2015,6,,154,103,Wake Forest,Boston College,3.15,pbp,ACC,ACC,fbs,fbs
#9156c7,#85797a,2025,10,,256,326,James Madison,Texas State,3.15,pbp,Sun Belt,Sun Belt,fbs,fbs
#4c4c4c,#d3a5b1,2021,11,,2509,194,Purdue,Ohio State(6),3.15,pbp,Big Ten,Big Ten,fbs,fbs
#6b8bce,#357a9e,2023,12,,68,328,Boise State,Utah State,3.15,pbp,Mountain West,Mountain West,fbs,fbs
#40be99,#cfbdbf,2018,12,,2655,248,Tulane,Houston,3.15,pbp,American Athletic,American Athletic,fbs,fbs
#4c4c4c,#a4a4a4,2025,8,,2509,77,Purdue,Northwestern,3.15,pbp,Big Ten,Big Ten,fbs,fbs
#a4a4a4,#6388cb,2025,1,,2000,202,Abilene Christian,Tulsa,3.15,pbp,UAC,American Athletic,fcs,fbs
#3f647f,#57c78b,2023,1,,25,249,California,North Texas,3.15,pbp,Pac-12,American Athletic,fbs,fbs
#935531,#4c85c3,2023,11,,189,2309,Bowling Green,Kent State,3.15,pbp,Mid-American,Mid-American,fbs,fbs
#e6c7b3,#3c7eb4,2025,9,,183,59,Syracuse,Georgia Tech(7),3.15,pbp,ACC,ACC,fbs,fbs
#4b83c3,#e6dbb3,2017,11,,290,2026,Georgia Southern,App State,3.15,pbp,Sun Belt,Sun Belt,fbs,fbs
#357a9e,#3f78bc,2020,10,,328,2440,Utah State,Nevada,3.15,pbp,Mountain West,Mountain West,fbs,fbs
#e6ccb3,#f4ebe0,2015,9,,2638,2572,UTEP,Southern Miss,3.14,pbp,Conference USA,Conference USA,fbs,fbs
#5d7088,#c8c6c2,2017,11,,41,2116,UConn,UCF(14),3.14,pbp,American Athletic,American Athletic,fbs,fbs
#6f82cf,#39aa8c,2021,2,,57,58,Florida(13),South Florida,3.14,pbp,SEC,American Athletic,fbs,fbs
#838383,#4c4c4c,2017,1,,2751,2294,Wyoming,Iowa,3.14,pbp,Mountain West,Big Ten,fbs,fbs
#e0a3ae,#bc778f,2022,4,,254,9,Utah(13),Arizona State,3.14,pbp,Pac-12,Pac-12,fbs,fbs
#707987,#bd9099,2019,5,,145,333,Ole Miss,Alabama(2),3.14,pbp,SEC,SEC,fbs,fbs
#5090c5,#4fb885,2017,13,,2226,2429,Florida Atlantic,Charlotte,3.14,pbp,Conference USA,Conference USA,fbs,fbs
#ddb4b6,#4abfc2,2018,11,,2032,324,Arkansas State,Coastal Carolina,3.14,pbp,Sun Belt,Sun Belt,fbs,fbs
#6b8bce,#5d7088,2025,6,,68,87,Boise State,Notre Dame(21),3.14,pbp,Mountain West,FBS Independents,fbs,fbs
#ce919e,#3d77b8,2021,6,,61,2,Georgia(2),Auburn(18),3.14,pbp,SEC,SEC,fbs,fbs
#3f647f,#7f46c2,2023,4,,25,264,California,Washington(8),3.14,pbp,Pac-12,Pac-12,fbs,fbs
#6e6e6e,#61a0ca,2023,1,,204,23,Oregon State(18),San José State,3.14,pbp,Pac-12,Mountain West,fbs,fbs
#519bc5,#bd3f7d,2026,2,,295,259,Old Dominion,Virginia Tech,3.13,pbp,Sun Belt,ACC,fbs,fbs
#917e9c,#cfbdbf,2017,10,,151,248,East Carolina,Houston,3.13,pbp,American Athletic,American Athletic,fbs,fbs
#329870,#6f92cf,2017,1,,2502,252,Portland State,BYU,3.13,pbp,Big Sky,FBS Independents,fcs,fbs
#838383,#b57f81,2018,1,,2751,166,Wyoming,New Mexico State,3.13,pbp,Mountain West,FBS Independents,fbs,fbs
#917e9c,#cc7a91,2020,12,,151,218,East Carolina,Temple,3.13,pbp,American Athletic,American Athletic,fbs,fbs
#7cb0d3,#6095ca,2024,5,,2393,235,Middle Tennessee,Memphis,3.13,pbp,Conference USA,American Athletic,fbs,fbs
#c24a54,#af3a3a,2019,12,,2579,245,South Carolina,Texas A&M,3.13,pbp,SEC,SEC,fbs,fbs
#3f78bc,#d17b7b,2016,13,,2440,2439,Nevada,UNLV,3.13,pbp,Mountain West,Mountain West,fbs,fbs
#75807c,#7fa4d4,2017,10,,239,2305,Baylor,Kansas,3.13,pbp,Big 12,Big 12,fbs,fbs
#ddb4b6,#e6dbb3,2020,8,,2032,2026,Arkansas State,App State,3.13,pbp,Sun Belt,Sun Belt,fbs,fbs
#cf6e75,#d5a6af,2025,2,,193,164,Miami (OH),Rutgers,3.13,pbp,Mid-American,Big Ten,fbs,fbs
#5c81c6,#f4f4f4,2015,10,,150,153,Duke,North Carolina(21),3.13,pbp,ACC,ACC,fbs,fbs
#c0437e,#7b7b7b,2015,4,,2117,127,Central Michigan,Michigan State(2),3.13,pbp,Mid-American,Big Ten,fbs,fbs
#d1a0a8,#6095ca,2016,1,,2546,235,Southeast Missouri State,Memphis,3.13,pbp,OVC,American Athletic,fcs,fbs
#d07980,#7cb0d3,2020,3,,2653,2393,Troy,Middle Tennessee,3.13,pbp,Sun Belt,Conference USA,fbs,fbs
#3e3ebb,#3d6bb7,2024,1,,2083,2426,Bucknell,Navy,3.13,pbp,Patriot,American Athletic,fcs,fbs
#4abfc2,#4b83c3,2021,10,,324,290,Coastal Carolina(21),Georgia Southern,3.13,pbp,Sun Belt,Sun Belt,fbs,fbs
#99a6b8,#4b83c3,2019,14,,2247,290,Georgia State,Georgia Southern,3.13,pbp,Sun Belt,Sun Belt,fbs,fbs
#d17b7b,#cfa0a8,2016,6,,2439,21,UNLV,San Diego State,3.13,pbp,Mountain West,Mountain West,fbs,fbs
#5d7193,#e0a3ae,2022,10,,12,254,Arizona,Utah(12),3.13,pbp,Pac-12,Pac-12,fbs,fbs
#d07980,#99a6b8,2021,13,,2653,2247,Troy,Georgia State,3.13,pbp,Sun Belt,Sun Belt,fbs,fbs
#d37d7b,#978da5,2016,2,,55,99,Jacksonville State,LSU(21),3.12,pbp,OVC,SEC,fcs,fbs
#4b83c3,#9156c7,2023,7,,290,256,Georgia Southern,James Madison,3.12,pbp,Sun Belt,Sun Belt,fbs,fbs
#47c27c,#a4a4a4,2025,3,,2483,77,Oregon(4),Northwestern,3.12,pbp,Big Ten,Big Ten,fbs,fbs
#3d77b8,#ce919e,2020,5,,2,61,Auburn(7),Georgia(4),3.12,pbp,SEC,SEC,fbs,fbs
#7fa4d4,#cbbdb5,2023,5,,2305,251,Kansas(24),Texas(3),3.12,pbp,Big 12,Big 12,fbs,fbs
#61a0ca,#b9a0a5,2023,1,,23,30,San José State,USC(6),3.12,pbp,Mountain West,Pac-12,fbs,fbs
#e1bbbf,#da8f8f,2023,3,,2459,158,Northern Illinois,Nebraska,3.12,pbp,Mid-American,Big Ten,fbs,fbs
#339969,#7f46c2,2024,2,,2199,264,Eastern Michigan,Washington,3.12,pbp,Mid-American,Big Ten,fbs,fbs
#39aa8c,#917e9c,2017,5,,58,151,South Florida(18),East Carolina,3.12,pbp,American Athletic,American Athletic,fbs,fbs
#4fb885,#6f82cf,2023,4,,2429,57,Charlotte,Florida(25),3.12,pbp,American Athletic,SEC,fbs,fbs
#d37d7b,#345b9d,2023,9,,55,2229,Jacksonville State,Florida International,3.12,pbp,Conference USA,Conference USA,fbs,fbs
#7b7b7b,#44699b,2016,13,,127,213,Michigan State,Penn State(8),3.11,pbp,Big Ten,Big Ten,fbs,fbs
#a0a0a0,#6f82cf,2019,14,,52,57,Florida State,Florida(8),3.11,pbp,ACC,SEC,fbs,fbs
#7b7b7b,#5d7088,2026,3,,127,87,Michigan State,Notre Dame(3),3.11,pbp,Big Ten,FBS Independents,fbs,fbs
#3d6bb7,#cc7a91,2021,13,,2426,218,Navy,Temple,3.11,pbp,American Athletic,American Athletic,fbs,fbs
#689dcd,#d2adae,2025,2,,2377,309,McNeese,Louisiana,3.11,pbp,Southland,Sun Belt,fcs,fbs
#6b8bce,#357a9e,2021,4,,68,328,Boise State,Utah State,3.11,pbp,Mountain West,Mountain West,fbs,fbs
#888888,#c24a54,2017,12,,2747,2579,Wofford,South Carolina,3.11,pbp,Southern,SEC,fcs,fbs
#339969,#978da5,2015,5,,2199,99,Eastern Michigan,LSU(9),3.11,pbp,Mid-American,SEC,fbs,fbs
#f2d7d6,#339a72,2024,1,,2169,62,Delaware State,Hawai'i,3.11,pbp,MEAC,Mountain West,fcs,fbs
#d07980,#85797a,2019,12,,2653,326,Troy,Texas State,3.11,pbp,Sun Belt,Sun Belt,fbs,fbs
#cfa0a8,#6095ca,2021,1,,2447,235,Nicholls,Memphis,3.11,pbp,Southland,American Athletic,fcs,fbs
#cfa0a8,#339a72,2025,11,,21,62,San Diego State,Hawai'i,3.1,pbp,Mountain West,Mountain West,fbs,fbs
#e9e1ce,#e6ccb3,2018,12,,142,2633,Missouri,Tennessee,3.1,pbp,SEC,SEC,fbs,fbs
#40be99,#6095ca,2015,9,,2655,235,Tulane,Memphis(16),3.1,pbp,American Athletic,American Athletic,fbs,fbs
#e3c2ab,#3c7eb4,2016,4,,228,59,Clemson(5),Georgia Tech,3.1,pbp,ACC,ACC,fbs,fbs
#396bac,#6f7cc9,2019,1,,2523,2084,Robert Morris,Buffalo,3.1,pbp,NEC,Mid-American,fcs,fbs
#47c27c,#cc6666,2025,Bowls,college football playoff semifinal at the chick-fil-a peach bowl,2483,84,Oregon(4),Indiana(1),3.1,pbp,Big Ten,Big Ten,fbs,fbs
#7cb0d3,#519bc5,2018,9,,2393,295,Middle Tennessee,Old Dominion,3.1,pbp,Conference USA,Conference USA,fbs,fbs
#39aa8c,#359f7d,2025,13,,58,5,South Florida,UAB,3.1,pbp,American Athletic,American Athletic,fbs,fbs
#3c7eb4,#d88a96,2018,6,,59,97,Georgia Tech,Louisville,3.1,pbp,ACC,ACC,fbs,fbs
#cf6e75,#868686,2015,8,,193,2711,Miami (OH),Western Michigan,3.09,pbp,Mid-American,Mid-American,fbs,fbs
#4f4f4f,#5c81c6,2025,1,,2210,150,Elon,Duke,3.09,pbp,CAA,ACC,fcs,fbs
#4fb885,#39aa8c,2023,13,,2429,58,Charlotte,South Florida,3.09,pbp,American Athletic,American Athletic,fbs,fbs
#935531,#7b7b7b,2017,1,,189,127,Bowling Green,Michigan State,3.09,pbp,Mid-American,Big Ten,fbs,fbs
#bd3f7d,#a0a0a0,2023,6,,259,52,Virginia Tech,Florida State(5),3.09,pbp,ACC,ACC,fbs,fbs
#dd9da6,#bd9099,2021,Bowls,cfp semifinal at the goodyear cotton bowl classic,2132,333,Cincinnati(4),Alabama(2),3.09,pbp,American Athletic,SEC,fbs,fbs
#bd7575,#b5b5b5,2026,1,,2046,238,Austin Peay,Vanderbilt,3.09,pbp,UAC,SEC,fcs,fbs
#e3c2ab,#ad9a9d,2018,11,,228,103,Clemson(2),Boston College(17),3.09,pbp,ACC,ACC,fbs,fbs
#5090c5,#5096c4,2021,4,,2226,2005,Florida Atlantic,Air Force,3.09,pbp,Conference USA,Mountain West,fbs,fbs
#e9e1ce,#b5b5b5,2017,12,,142,238,Missouri,Vanderbilt,3.09,pbp,SEC,SEC,fbs,fbs
#44699b,#a4a4a4,2017,6,,213,77,Penn State(4),Northwestern,3.09,pbp,Big Ten,Big Ten,fbs,fbs
#cc6666,#adb8c1,2024,3,,84,26,Indiana,UCLA,3.09,pbp,Big Ten,Big Ten,fbs,fbs
#a4a4a4,#dc97a7,2015,1,,2000,278,Abilene Christian,Fresno State,3.09,pbp,Southland,Mountain West,fcs,fbs
#3d68b7,#44699b,2021,4,,222,213,Villanova,Penn State(6),3.09,pbp,CAA,Big Ten,fcs,fbs
#519bc5,#4e6192,2018,1,,295,2335,Old Dominion,Liberty,3.09,pbp,Conference USA,FBS Independents,fbs,fbs
#dc97a7,#3974ac,2024,1,,278,130,Fresno State,Michigan(9),3.08,pbp,Mountain West,Big Ten,fbs,fbs
#cfa0a8,#dc97a7,2025,9,,21,278,San Diego State,Fresno State,3.08,pbp,Mountain West,Mountain West,fbs,fbs
#4fb885,#d9c78e,2025,7,,2429,349,Charlotte,Army,3.08,pbp,American Athletic,American Athletic,fbs,fbs
#6095ca,#d98c8c,2025,Bowls,union home mortgage gasparilla bowl,235,152,Memphis,NC State,3.08,pbp,American Athletic,ACC,fbs,fbs
#d6889a,#4c4c4c,2024,10,,275,2294,Wisconsin,Iowa,3.08,pbp,Big Ten,Big Ten,fbs,fbs
#b7949a,#4e6192,2023,12,,113,2335,Massachusetts,Liberty(25),3.08,pbp,FBS Independents,Conference USA,fbs,fbs
#FFFFFF,#d17b7b,2023,1,,2803,2439,Bryant,UNLV,3.08,legacy,Big South-OVC,Mountain West,fcs,fbs
#bca0a5,#e6cab3,2015,13,,201,197,Oklahoma(5),Oklahoma State(9),3.08,pbp,Big 12,Big 12,fbs,fbs
#bd3f7d,#b48686,2024,6,,259,24,Virginia Tech,Stanford,3.08,pbp,ACC,ACC,fbs,fbs
#e6ccb3,#359f7d,2017,13,,2638,5,UTEP,UAB,3.08,pbp,Conference USA,Conference USA,fbs,fbs
#e7c8b6,#d3a5b1,2026,4,,356,194,Illinois,Ohio State(7),3.08,pbp,Big Ten,Big Ten,fbs,fbs
#339a72,#cfa0a8,2020,11,,62,21,Hawai'i,San Diego State,3.08,pbp,Mountain West,Mountain West,fbs,fbs
#b7b7b8,#57c78b,2020,3,,2567,249,SMU,North Texas,3.08,pbp,American Athletic,Conference USA,fbs,fbs
#6b8bce,#ce919e,2025,6,,96,61,Kentucky,Georgia(12),3.07,pbp,SEC,SEC,fbs,fbs
#6b8bce,#937a7f,2023,10,,96,344,Kentucky,Mississippi State,3.07,pbp,SEC,SEC,fbs,fbs
#9cbacd,#4b83c3,2025,4,,311,290,Maine,Georgia Southern,3.07,pbp,CAA,Sun Belt,fcs,fbs
#b57f81,#cfa0a8,2021,1,,166,21,New Mexico State,San Diego State,3.07,legacy,FBS Independents,Mountain West,fbs,fbs
#e6c6c7,#3f78bc,2026,1,,98,2440,Western Kentucky,Nevada,3.07,pbp,Conference USA,Mountain West,fbs,fbs
#5090c5,#6f82cf,2021,1,,2226,57,Florida Atlantic,Florida(13),3.07,pbp,Conference USA,SEC,fbs,fbs
#d1a0a8,#ddb4b6,2018,1,,2546,2032,Southeast Missouri State,Arkansas State,3.07,pbp,OVC,Sun Belt,fcs,fbs
#57c78b,#76d198,2015,8,,249,276,North Texas,Marshall,3.07,pbp,Conference USA,Conference USA,fbs,fbs
#3f78bc,#dc97a7,2023,5,,2440,278,Nevada,Fresno State(25),3.07,pbp,Mountain West,Mountain West,fbs,fbs
#b6999d,#dc97a7,2022,Bowls,jimmy kimmel la bowl presented by stifel,265,278,Washington State,Fresno State(24),3.07,pbp,Pac-12,Mountain West,fbs,fbs
#a4a4a4,#9785a6,2025,3,,2000,2628,Abilene Christian,TCU,3.07,pbp,UAC,Big 12,fcs,fbs
#868686,#61a0ca,2022,4,,2711,23,Western Michigan,San José State,3.07,pbp,Mid-American,Mountain West,fbs,fbs
#6f7cc9,#3f78bc,2016,3,,2084,2440,Buffalo,Nevada,3.07,pbp,Mid-American,Mountain West,fbs,fbs
#d98c8c,#cfbdbf,2025,6,,2641,248,Texas Tech(11),Houston,3.07,pbp,Big 12,Big 12,fbs,fbs
#6f7cc9,#935531,2025,10,,2084,189,Buffalo,Bowling Green,3.07,pbp,Mid-American,Mid-American,fbs,fbs
#d17b7b,#5d7088,2022,8,,2439,87,UNLV,Notre Dame,3.07,pbp,Mountain West,FBS Independents,fbs,fbs
#848484,#5d7088,2024,12,,258,87,Virginia,Notre Dame(8),3.06,pbp,ACC,FBS Independents,fbs,fbs
#6e6e6e,#cfa0a8,2024,2,,204,21,Oregon State,San Diego State,3.06,pbp,Pac-12,Mountain West,fbs,fbs
#3d75b8,#885caf,2018,3,,2636,2306,UTSA,Kansas State,3.06,pbp,Conference USA,Big 12,fbs,fbs
#e3c2ab,#3c7eb4,2018,4,,228,59,Clemson(3),Georgia Tech,3.06,pbp,ACC,ACC,fbs,fbs
#e7c8b6,#848484,2021,2,,356,258,Illinois,Virginia,3.06,pbp,Big Ten,ACC,fbs,fbs
#978da5,#937a7f,2019,8,,99,344,LSU(2),Mississippi State,3.06,pbp,SEC,SEC,fbs,fbs
#cfa0a8,#ce919e,2022,12,,21,167,San Diego State,New Mexico,3.06,pbp,Mountain West,Mountain West,fbs,fbs
#ce919e,#978da5,2019,15,,61,99,Georgia(4),LSU(1),3.06,pbp,SEC,SEC,fbs,fbs
#6388cb,#bd9fa4,2018,8,,202,8,Tulsa,Arkansas,3.06,pbp,American Athletic,SEC,fbs,fbs
#ce919e,#d17b7b,2018,6,,167,2439,New Mexico,UNLV,3.06,pbp,Mountain West,Mountain West,fbs,fbs
#a6a6a6,#838383,2025,2,,2460,2751,Northern Iowa,Wyoming,3.06,pbp,MVFC,Mountain West,fcs,fbs
#3d75b8,#345b9d,2022,7,,2636,2229,UTSA,Florida International,3.05,pbp,Conference USA,Conference USA,fbs,fbs
#5096c4,#d9c78e,2024,10,,2005,349,Air Force,Army(21),3.05,pbp,Mountain West,American Athletic,fbs,fbs
#828282,#339a72,2017,5,,36,62,Colorado State,Hawai'i,3.05,pbp,Mountain West,Mountain West,fbs,fbs
#d17b7b,#3e72b9,2026,4,,2439,2006,UNLV,Akron,3.05,pbp,Mountain West,Mid-American,fbs,fbs
#a75a7c,#a4a4a4,2021,9,,135,77,Minnesota,Northwestern,3.05,pbp,Big Ten,Big Ten,fbs,fbs
#3d6bb7,#5096c4,2020,5,,2426,2005,Navy,Air Force,3.05,pbp,American Athletic,Mountain West,fbs,fbs
#a4a4a4,#7f46c2,2024,4,,77,264,Northwestern,Washington,3.05,pbp,Big Ten,Big Ten,fbs,fbs
#6b8bce,#7f46c2,2025,Bowls,bucked up la bowl,68,264,Boise State,Washington,3.05,pbp,Mountain West,Big Ten,fbs,fbs
#3f78bc,#d17b7b,2024,14,,2440,2439,Nevada,UNLV(21),3.05,pbp,Mountain West,Mountain West,fbs,fbs
#3c73b2,#838383,2016,3,,302,2751,UC Davis,Wyoming,3.05,pbp,Big Sky,Mountain West,fcs,fbs
#4f4f4f,#39aa8c,2018,1,,2210,58,Elon,South Florida,3.05,pbp,CAA,American Athletic,fcs,fbs
#adb8c1,#cfa0a8,2023,2,,26,21,UCLA,San Diego State,3.05,pbp,Pac-12,Mountain West,fbs,fbs
#3e72b9,#576f8c,2017,8,,2006,2649,Akron,Toledo,3.05,pbp,Mid-American,Mid-American,fbs,fbs
#828282,#838383,2015,10,,36,2751,Colorado State,Wyoming,3.05,pbp,Mountain West,Mountain West,fbs,fbs
#b8b8b8,#3aaf80,2024,13,,154,2390,Wake Forest,Miami(11),3.05,pbp,ACC,ACC,fbs,fbs
#7c7ccc,#5c81c6,2021,2,,2448,150,North Carolina A&T,Duke,3.05,pbp,Big South,ACC,fcs,fbs
#5d3db6,#e0a3ae,2021,1,,2692,254,Weber State,Utah(24),3.05,pbp,Big Sky,Pac-12,fcs,fbs
#db93a2,#345b9d,2016,2,,120,2229,Maryland,Florida International,3.04,pbp,Big Ten,Conference USA,fbs,fbs
#888888,#f4ebe0,2024,2,,2545,2572,SE Louisiana,Southern Miss,3.04,pbp,Southland,Sun Belt,fcs,fbs
#5d7088,#917e9c,2018,12,,41,151,UConn,East Carolina,3.04,pbp,American Athletic,American Athletic,fbs,fbs
#3c7eb4,#a0a0a0,2022,9,,59,52,Georgia Tech,Florida State,3.04,pbp,ACC,ACC,fbs,fbs
#6f92cf,#6b8bce,2020,10,,252,68,BYU(9),Boise State(21),3.04,pbp,FBS Independents,Mountain West,fbs,fbs
#e6ccb3,#e9e1ce,2021,5,,2633,142,Tennessee,Missouri,3.04,pbp,SEC,SEC,fbs,fbs
#48619a,#4c85c3,2016,3,,2405,2309,Monmouth,Kent State,3.04,pbp,Big South,Mid-American,fcs,fbs
#6b8bce,#357a9e,2019,13,,68,328,Boise State(20),Utah State,3.04,pbp,Mountain West,Mountain West,fbs,fbs
#707987,#978da5,2018,5,,145,99,Ole Miss,LSU(5),3.04,pbp,SEC,SEC,fbs,fbs
#6e6e6e,#bc778f,2018,5,,204,9,Oregon State,Arizona State,3.04,pbp,Pac-12,Pac-12,fbs,fbs
#39aa8c,#b7b7b8,2021,5,,58,2567,South Florida,SMU,3.04,pbp,American Athletic,American Athletic,fbs,fbs
#917e9c,#cc7a91,2025,10,,151,218,East Carolina,Temple,3.04,pbp,American Athletic,American Athletic,fbs,fbs
#345b9d,#3d75b8,2025,Bowls,servpro first responder bowl,2229,2636,Florida International,UTSA,3.04,pbp,Conference USA,American Athletic,fbs,fbs
#cc7a91,#57c78b,2025,14,,218,249,Temple,North Texas(21),3.04,pbp,American Athletic,American Athletic,fbs,fbs
#e6ccb3,#e6c6c7,2024,7,,2638,98,UTEP,Western Kentucky,3.03,pbp,Conference USA,Conference USA,fbs,fbs
#d88a96,#6b8bce,2017,13,,97,96,Louisville,Kentucky,3.03,pbp,ACC,SEC,fbs,fbs
#cfa0a8,#978da5,2024,2,,2447,99,Nicholls,LSU(18),3.03,pbp,Southland,SEC,fcs,fbs
#cf6e75,#4c4c4c,2019,1,,193,2294,Miami (OH),Iowa(20),3.03,pbp,Mid-American,Big Ten,fbs,fbs
#5090c5,#39aa8c,2023,7,,2226,58,Florida Atlantic,South Florida,3.03,pbp,American Athletic,American Athletic,fbs,fbs
#339969,#d37d7b,2023,4,,2199,55,Eastern Michigan,Jacksonville State,3.03,pbp,Mid-American,Conference USA,fbs,fbs
#d37d7b,#3aa07c,2026,1,,55,2449,Jacksonville State,North Dakota State,3.03,pbp,Conference USA,Mountain West,fbs,fbs
#a75a7c,#3974ac,2017,10,,135,130,Minnesota,Michigan,3.03,pbp,Big Ten,Big Ten,fbs,fbs
#6c6f6d,#848484,2017,1,,2729,258,William & Mary,Virginia,3.03,pbp,CAA,ACC,fcs,fbs
#c65681,#935531,2024,1,,2230,189,Fordham,Bowling Green,3.03,pbp,Patriot,Mid-American,fcs,fbs
#339969,#6b8bce,2025,3,,2199,96,Eastern Michigan,Kentucky,3.03,pbp,Mid-American,SEC,fbs,fbs
#bd9099,#6b8bce,2023,11,,333,96,Alabama(8),Kentucky,3.03,pbp,SEC,SEC,fbs,fbs
#d5a6af,#44699b,2023,12,,164,213,Rutgers,Penn State(12),3.03,pbp,Big Ten,Big Ten,fbs,fbs
#3c73b2,#b48686,2018,3,,302,24,UC Davis,Stanford(9),3.03,pbp,Big Sky,Pac-12,fcs,fbs
#5c81c6,#bd3f7d,2019,5,,150,259,Duke,Virginia Tech,3.03,pbp,ACC,ACC,fbs,fbs
#3c73b2,#cfa0a8,2017,1,,302,21,UC Davis,San Diego State,3.03,pbp,Big Sky,Mountain West,fcs,fbs
#99a6b8,#3c7eb4,2024,1,,2247,59,Georgia State,Georgia Tech,3.03,pbp,Sun Belt,ACC,fbs,fbs
#386ca9,#e1bbbf,2015,2,,93,2459,Murray State,Northern Illinois,3.03,pbp,OVC,Mid-American,fcs,fbs
#e6c6c7,#57c78b,2015,7,,98,249,Western Kentucky,North Texas,3.03,pbp,Conference USA,Conference USA,fbs,fbs
#937a7f,#cbbdb5,2024,5,,344,251,Mississippi State,Texas(1),3.02,pbp,SEC,SEC,fbs,fbs
#e6cab3,#bca0a5,2020,12,,197,201,Oklahoma State(14),Oklahoma(18),3.02,pbp,Big 12,Big 12,fbs,fbs
#b48686,#adb8c1,2022,9,,24,26,Stanford,UCLA(12),3.02,pbp,Pac-12,Pac-12,fbs,fbs
#4c4c4c,#a75a7c,2020,11,,2294,135,Iowa,Minnesota,3.02,pbp,Big Ten,Big Ten,fbs,fbs
#c0437e,#345b9d,2024,2,,2117,2229,Central Michigan,Florida International,3.02,pbp,Mid-American,Conference USA,fbs,fbs
#4f4f4f,#b8b8b8,2023,1,,2210,154,Elon,Wake Forest,3.02,pbp,CAA,ACC,fcs,fbs
#4c4c4c,#a4a4a4,2019,9,,2294,77,Iowa(20),Northwestern,3.02,pbp,Big Ten,Big Ten,fbs,fbs
#a4a4a4,#4c4c4c,2024,9,,77,2294,Northwestern,Iowa,3.02,pbp,Big Ten,Big Ten,fbs,fbs
#44699b,#d3a5b1,2025,10,,213,194,Penn State,Ohio State(1),3.02,pbp,Big Ten,Big Ten,fbs,fbs
#e6ccb3,#cbbdb5,2025,3,,2638,251,UTEP,Texas(7),3.02,pbp,Conference USA,SEC,fbs,fbs
#ddb4b6,#85797a,2018,13,,2032,326,Arkansas State,Texas State,3.02,pbp,Sun Belt,Sun Belt,fbs,fbs
#ceb2b3,#5d7193,2018,3,,253,12,Southern Utah,Arizona,3.02,pbp,Big Sky,Pac-12,fcs,fbs
#a0a0a0,#3aaf80,2024,9,,52,2390,Florida State,Miami(6),3.02,pbp,ACC,ACC,fbs,fbs
#ffffff,#cfbdbf,2024,3,,242,248,Rice,Houston,3.01,pbp,American Athletic,Big 12,fbs,fbs
#adb8c1,#e0a3ae,2017,10,,26,254,UCLA,Utah,3.01,pbp,Pac-12,Pac-12,fbs,fbs
#d07980,#4abfc2,2017,11,,2653,324,Troy,Coastal Carolina,3.01,pbp,Sun Belt,Sun Belt,fbs,fbs
#f4f4f4,#4fb885,2025,2,,153,2429,North Carolina,Charlotte,3.01,pbp,ACC,American Athletic,fbs,fbs
#ce919e,#e6ccb3,2023,12,,61,2633,Georgia(1),Tennessee(21),3.01,pbp,SEC,SEC,fbs,fbs
#d9c78e,#5096c4,2015,10,,349,2005,Army,Air Force,3.01,pbp,FBS Independents,Mountain West,fbs,fbs
#339969,#a75a7c,2023,2,,2199,135,Eastern Michigan,Minnesota,3.01,pbp,Mid-American,Big Ten,fbs,fbs
#3c7eb4,#ce919e,2018,13,,59,61,Georgia Tech,Georgia(5),3.01,pbp,ACC,SEC,fbs,fbs
#4c4c4c,#6b8bce,2022,Bowls,transperfect music city bowl,2294,96,Iowa,Kentucky,3.01,pbp,Big Ten,SEC,fbs,fbs
#acacad,#af3a3a,2015,11,,2717,245,Western Carolina,Texas A&M,3.01,pbp,Southern,SEC,fcs,fbs
#b7b7b8,#3974ac,2018,3,,2567,130,SMU,Michigan(19),3.01,pbp,American Athletic,Big Ten,fbs,fbs
#dd9da6,#5d7193,2026,5,,2132,12,Cincinnati,Arizona,3.01,pbp,Big 12,Big 12,fbs,fbs
#b7b7b8,#40be99,2022,12,,2567,2655,SMU,Tulane(21),3.01,pbp,American Athletic,American Athletic,fbs,fbs
#e5c2b2,#6f92cf,2023,1,,2534,252,Sam Houston,BYU,3.0,pbp,Conference USA,Big 12,fbs,fbs
#6f7cc9,#8e8e8e,2018,12,,2084,195,Buffalo,Ohio,3.0,pbp,Mid-American,Mid-American,fbs,fbs
#e6ccb3,#e9e1ce,2017,11,,2633,142,Tennessee,Missouri,3.0,pbp,SEC,SEC,fbs,fbs
#4b83c3,#d07980,2017,9,,290,2653,Georgia Southern,Troy,3.0,pbp,Sun Belt,Sun Belt,fbs,fbs
#a6999b,#3c73b2,2015,13,,66,277,Iowa State,West Virginia,3.0,pbp,Big 12,Big 12,fbs,fbs
#9785a6,#f4f4f4,2025,1,,2628,153,TCU,North Carolina,3.0,pbp,Big 12,ACC,fbs,fbs
#8693bc,#3d68b7,2019,2,,2296,6,Jackson State,South Alabama,3.0,pbp,SWAC,Sun Belt,fcs,fbs
#4c85c3,#4c4c4c,2021,3,,2309,2294,Kent State,Iowa(5),3.0,pbp,Mid-American,Big Ten,fbs,fbs
#f4f4f4,#519bc5,2017,3,,153,295,North Carolina,Old Dominion,3.0,pbp,ACC,Conference USA,fbs,fbs
#d98c8c,#cbbdb5,2021,4,,2641,251,Texas Tech,Texas,3.0,pbp,Big 12,Big 12,fbs,fbs
#db93a2,#da8f8f,2016,12,,120,158,Maryland,Nebraska(19),2.99,pbp,Big Ten,Big Ten,fbs,fbs
#cf6e75,#d6889a,2025,1,,193,275,Miami (OH),Wisconsin,2.99,pbp,Mid-American,Big Ten,fbs,fbs
#7b7b7b,#3974ac,2022,9,,127,130,Michigan State,Michigan(4),2.99,pbp,Big Ten,Big Ten,fbs,fbs
#c24a54,#848484,2018,Bowls,,2579,258,South Carolina,Virginia,2.99,pbp,SEC,ACC,fbs,fbs
#4fb885,#cc7a91,2016,4,,2429,218,Charlotte,Temple,2.99,pbp,Conference USA,American Athletic,fbs,fbs
#839fb6,#828282,2024,2,,2458,36,Northern Colorado,Colorado State,2.99,pbp,Big Sky,Mountain West,fcs,fbs
#6b8bce,#6f82cf,2020,13,,96,57,Kentucky,Florida(6),2.99,pbp,SEC,SEC,fbs,fbs
#6e6e6e,#3974ac,2015,2,,204,130,Oregon State,Michigan,2.99,pbp,Pac-12,Big Ten,fbs,fbs
#3f78bb,#b5b5b5,2021,1,,2193,238,East Tennessee State,Vanderbilt,2.99,legacy,Southern,SEC,fcs,fbs
#909fb7,#4fb885,2015,2,,2506,2429,Presbyterian,Charlotte,2.99,pbp,Big South,Conference USA,fcs,fbs
#57c78b,#4078be,2019,11,,249,2348,North Texas,Louisiana Tech,2.99,pbp,Conference USA,Conference USA,fbs,fbs
#4c85c3,#8e8e8e,2023,6,,2309,195,Kent State,Ohio,2.99,pbp,Mid-American,Mid-American,fbs,fbs
#6b8bce,#ce919e,2016,6,,68,167,Boise State(19),New Mexico,2.99,pbp,Mountain West,Mountain West,fbs,fbs
#5090c5,#6388cb,2024,14,,2226,202,Florida Atlantic,Tulsa,2.98,pbp,American Athletic,American Athletic,fbs,fbs
#6095ca,#937a7f,2022,1,,235,344,Memphis,Mississippi State,2.98,pbp,American Athletic,SEC,fbs,fbs
#f4f4f4,#c8c6c2,2025,4,,153,2116,North Carolina,UCF,2.98,pbp,ACC,Big 12,fbs,fbs
#99a6b8,#4fb885,2017,4,,2247,2429,Georgia State,Charlotte,2.98,pbp,Sun Belt,Conference USA,fbs,fbs
#cf6e75,#4c4c4c,2016,1,,193,2294,Miami (OH),Iowa(17),2.98,pbp,Mid-American,Big Ten,fbs,fbs
#c8c6c2,#39aa8c,2018,13,,2116,58,UCF(8),South Florida,2.98,pbp,American Athletic,American Athletic,fbs,fbs
#7b7b7b,#47c27c,2024,6,,127,2483,Michigan State,Oregon(6),2.98,pbp,Big Ten,Big Ten,fbs,fbs
#978da5,#bd9fa4,2016,11,,99,8,LSU(19),Arkansas,2.98,pbp,SEC,SEC,fbs,fbs
#39aa8c,#40be99,2021,12,,58,2655,South Florida,Tulane,2.98,pbp,American Athletic,American Athletic,fbs,fbs
#b8b8b8,#5c81c6,2018,13,,154,150,Wake Forest,Duke,2.98,pbp,ACC,ACC,fbs,fbs
#6e6e6e,#b6999d,2017,3,,204,265,Oregon State,Washington State(21),2.98,pbp,Pac-12,Pac-12,fbs,fbs
#f4ebe0,#937a7f,2019,2,,2572,344,Southern Miss,Mississippi State,2.98,pbp,Conference USA,SEC,fbs,fbs
#386ca9,#7cb0d3,2023,3,,93,2393,Murray State,Middle Tennessee,2.98,pbp,MVFC,Conference USA,fcs,fbs
#e6cab3,#cbbdb5,2023,14,dr pepper big 12 championship,197,251,Oklahoma State(19),Texas(7),2.98,pbp,Big 12,Big 12,fbs,fbs
#935531,#cf6e75,2021,12,,189,193,Bowling Green,Miami (OH),2.97,pbp,Mid-American,Mid-American,fbs,fbs
#da8f8f,#4c4c4c,2016,13,,158,2294,Nebraska(17),Iowa,2.97,pbp,Big Ten,Big Ten,fbs,fbs
#e6dbb3,#FFFFFF,2015,11,,2026,70,App State,Idaho,2.97,pbp,Sun Belt,Sun Belt,fbs,fbs
#f4ebe0,#3aaf80,2022,2,,2572,2390,Southern Miss,Miami(15),2.97,pbp,Sun Belt,ACC,fbs,fbs
#345b9d,#5090c5,2021,5,,2229,2226,Florida International,Florida Atlantic,2.97,pbp,Conference USA,Conference USA,fbs,fbs
#b48686,#848484,2025,4,,24,258,Stanford,Virginia,2.97,pbp,ACC,ACC,fbs,fbs
#4e6192,#bd3f7d,2016,1,,2335,259,Liberty,Virginia Tech,2.97,pbp,Big South,ACC,fcs,fbs
#9f93ae,#828282,2019,2,,2710,36,Western Illinois,Colorado State,2.97,pbp,MVFC,Mountain West,fcs,fbs
#3c73b2,#c8c6c2,2025,8,,277,2116,West Virginia,UCF,2.97,pbp,Big 12,Big 12,fbs,fbs
#7f46c2,#47c27c,2024,14,,264,2483,Washington,Oregon(1),2.97,pbp,Big Ten,Big Ten,fbs,fbs
#888888,#3d68b7,2026,1,,2545,6,SE Louisiana,South Alabama,2.97,pbp,Southland,Sun Belt,fcs,fbs
#d17b7b,#357a9e,2018,7,,2439,328,UNLV,Utah State,2.96,pbp,Mountain West,Mountain West,fbs,fbs
#9cbacd,#e1bbbf,2021,4,,311,2459,Maine,Northern Illinois,2.96,pbp,CAA,Mid-American,fcs,fbs
#e6c6c7,#339a72,2022,1,,98,62,Western Kentucky,Hawai'i,2.96,pbp,Conference USA,Mountain West,fbs,fbs
#888888,#f4f4f4,2021,12,,2747,153,Wofford,North Carolina,2.96,pbp,Southern,ACC,fcs,fbs
#a4a4a4,#ce919e,2017,1,,2000,167,Abilene Christian,New Mexico,2.96,pbp,Southland,Mountain West,fcs,fbs
#FFFFFF,#85797a,2016,11,,70,326,Idaho,Texas State,2.96,pbp,Sun Belt,Sun Belt,fbs,fbs
#546b8d,#868686,2025,5,,227,2711,Rhode Island,Western Michigan,2.96,pbp,CAA,Mid-American,fcs,fbs
#47c27c,#e0a3ae,2021,14,,2483,254,Oregon(10),Utah(14),2.96,pbp,Pac-12,Pac-12,fbs,fbs
#c0437e,#e7c8b6,2024,3,,2117,356,Central Michigan,Illinois,2.96,pbp,Mid-American,Big Ten,fbs,fbs
#f4ebe0,#e6ccb3,2016,4,,2572,2638,Southern Miss,UTEP,2.96,pbp,Conference USA,Conference USA,fbs,fbs
#b48686,#5c81c6,2026,3,,24,150,Stanford,Duke,2.96,pbp,ACC,ACC,fbs,fbs
#6b8bce,#3f78bc,2025,9,,68,2440,Boise State,Nevada,2.96,pbp,Mountain West,Mountain West,fbs,fbs
#e6ccb3,#b57f81,2017,4,,2638,166,UTEP,New Mexico State,2.96,pbp,Conference USA,Sun Belt,fbs,fbs
#885caf,#7fa4d4,2019,10,,2306,2305,Kansas State(22),Kansas,2.96,pbp,Big 12,Big 12,fbs,fbs
#978da5,#937a7f,2023,3,,99,344,LSU(14),Mississippi State,2.96,pbp,SEC,SEC,fbs,fbs
#b7b7b8,#44699b,2024,Bowls,,2567,213,SMU(12),Penn State(5),2.96,pbp,ACC,Big Ten,fbs,fbs
#ad9a9d,#e3c2ab,2017,4,,103,228,Boston College,Clemson(2),2.96,pbp,ACC,ACC,fbs,fbs
#7b7b7b,#d3a5b1,2019,6,,127,194,Michigan State(25),Ohio State(4),2.96,pbp,Big Ten,Big Ten,fbs,fbs
#4078be,#935531,2019,3,,2348,189,Louisiana Tech,Bowling Green,2.96,pbp,Conference USA,Mid-American,fbs,fbs
#e9e1ce,#885caf,2022,2,,142,2306,Missouri,Kansas State,2.96,pbp,SEC,Big 12,fbs,fbs
#3f78bc,#6b8bce,2017,10,,2440,68,Nevada,Boise State,2.95,pbp,Mountain West,Mountain West,fbs,fbs
#3c73b2,#bca0a5,2017,13,,277,201,West Virginia,Oklahoma(3),2.95,pbp,Big 12,Big 12,fbs,fbs
#6f92cf,#d98c8c,2025,11,,252,2641,BYU(8),Texas Tech(9),2.95,pbp,Big 12,Big 12,fbs,fbs
#5d3db6,#6e6e6e,2015,1,,2692,204,Weber State,Oregon State,2.95,pbp,Big Sky,Pac-12,fcs,fbs
#e7c8b6,#f4f4f4,2015,3,,356,153,Illinois,North Carolina,2.95,pbp,Big Ten,ACC,fbs,fbs
#4c85c3,#3e72b9,2015,13,,2309,2006,Kent State,Akron,2.95,pbp,Mid-American,Mid-American,fbs,fbs
#c75886,#3d75b8,2022,4,,2640,2636,Texas Southern,UTSA,2.95,pbp,SWAC,Conference USA,fcs,fbs
#e3c2ab,#c24a54,2017,13,,228,2579,Clemson(4),South Carolina,2.95,pbp,ACC,SEC,fbs,fbs
#935531,#d88a96,2025,4,,189,97,Bowling Green,Louisville,2.94,pbp,Mid-American,ACC,fbs,fbs
#da8f8f,#44699b,2025,13,,158,213,Nebraska,Penn State,2.94,pbp,Big Ten,Big Ten,fbs,fbs
#4c4c4c,#da8f8f,2017,13,,2294,158,Iowa,Nebraska,2.94,pbp,Big Ten,Big Ten,fbs,fbs
#9858aa,#cfbdbf,2019,2,,2504,248,Prairie View A&M,Houston,2.94,pbp,SWAC,American Athletic,fcs,fbs
#b6999d,#7f46c2,2017,13,,265,264,Washington State(14),Washington(15),2.94,pbp,Pac-12,Pac-12,fbs,fbs
#519bc5,#76d198,2015,5,,295,276,Old Dominion,Marshall,2.93,pbp,Conference USA,Conference USA,fbs,fbs
#5c81c6,#40be99,2015,1,,150,2655,Duke,Tulane,2.93,pbp,ACC,American Athletic,fbs,fbs
#a75a7c,#7b7b7b,2022,4,,135,127,Minnesota,Michigan State,2.93,pbp,Big Ten,Big Ten,fbs,fbs
#4c4c4c,#d3a5b1,2024,6,,2294,194,Iowa,Ohio State(3),2.93,legacy,Big Ten,Big Ten,fbs,fbs
#839fb6,#828282,2016,3,,2458,36,Northern Colorado,Colorado State,2.93,pbp,Big Sky,Mountain West,fcs,fbs
#44699b,#4c4c4c,2016,9,,213,2509,Penn State(24),Purdue,2.93,pbp,Big Ten,Big Ten,fbs,fbs
#dd9da6,#e0a3ae,2025,10,,2132,254,Cincinnati(17),Utah(24),2.93,pbp,Big 12,Big 12,fbs,fbs
#5c81c6,#7cb0d3,2024,4,,150,2393,Duke,Middle Tennessee,2.93,pbp,ACC,Conference USA,fbs,fbs
#4c85c3,#935531,2016,12,,2309,189,Kent State,Bowling Green,2.93,pbp,Mid-American,Mid-American,fbs,fbs
#e6ccb3,#57c78b,2019,10,,2638,249,UTEP,North Texas,2.93,pbp,Conference USA,Conference USA,fbs,fbs
#a6999b,#cfbdbf,2024,5,,66,248,Iowa State(18),Houston,2.93,pbp,Big 12,Big 12,fbs,fbs
#d98c8c,#519bc5,2015,3,,152,295,NC State,Old Dominion,2.93,pbp,ACC,Conference USA,fbs,fbs
#e6c7b3,#6095ca,2026,3,,2630,235,UT Martin,Memphis,2.93,pbp,OVC,American Athletic,fcs,fbs
#f4ebe0,#d07980,2024,14,,2572,2653,Southern Miss,Troy,2.92,pbp,Sun Belt,Sun Belt,fbs,fbs
#e6c7b3,#5c81c6,2019,12,,183,150,Syracuse,Duke,2.92,pbp,ACC,ACC,fbs,fbs
#6e6e6e,#3f647f,2015,11,,204,25,Oregon State,California,2.92,pbp,Pac-12,Pac-12,fbs,fbs
#9785a6,#6f92cf,2025,12,,2628,252,TCU,BYU(12),2.92,pbp,Big 12,Big 12,fbs,fbs
#ce919e,#6f82cf,2021,9,,61,57,Georgia(1),Florida,2.92,pbp,SEC,SEC,fbs,fbs
#e6c7b3,#3f7fbd,2024,9,,183,221,Syracuse,Pittsburgh(19),2.92,pbp,ACC,ACC,fbs,fbs
#FFFFFF,#b7949a,2026,3,,284,113,Stonehill,Massachusetts,2.92,pbp,NEC,Mid-American,fcs,fbs
#839fb6,#838383,2022,2,,2458,2751,Northern Colorado,Wyoming,2.92,pbp,Big Sky,Mountain West,fcs,fbs
#c8c6c2,#917e9c,2018,8,,2116,151,UCF(10),East Carolina,2.92,pbp,American Athletic,American Athletic,fbs,fbs
#cf6e75,#6f7cc9,2020,11,,193,2084,Miami (OH),Buffalo,2.91,pbp,Mid-American,Mid-American,fbs,fbs
#c7777d,#848484,2018,1,,257,258,Richmond,Virginia,2.91,pbp,CAA,ACC,fcs,fbs
#FFFFFF,#5096c4,2024,1,,2771,2005,Merrimack,Air Force,2.91,pbp,FCS Independents,Mountain West,fcs,fbs
#e6c7b3,#99a6b8,2016,8,,2630,2247,UT Martin,Georgia State,2.91,pbp,OVC,Sun Belt,fcs,fbs
#4c85c3,#cf6e75,2018,7,,2309,193,Kent State,Miami (OH),2.91,pbp,Mid-American,Mid-American,fbs,fbs
#d37d7b,#3c7eb4,2017,2,,55,59,Jacksonville State,Georgia Tech,2.91,pbp,OVC,ACC,fcs,fbs
#adb8c1,#bca0a5,2018,2,,26,201,UCLA,Oklahoma(6),2.91,pbp,Pac-12,Big 12,fbs,fbs
#d1a0a8,#7fa4d4,2017,1,,2546,2305,Southeast Missouri State,Kansas,2.91,pbp,OVC,Big 12,fcs,fbs
#937a7f,#4078be,2017,2,,344,2348,Mississippi State,Louisiana Tech,2.91,pbp,SEC,Conference USA,fbs,fbs
#f4f4f4,#3c7eb4,2017,5,,153,59,North Carolina,Georgia Tech,2.91,pbp,ACC,ACC,fbs,fbs
#e0a3ae,#adb8c1,2018,9,,254,26,Utah(23),UCLA,2.91,pbp,Pac-12,Pac-12,fbs,fbs
#44699b,#a4a4a4,2023,5,,213,77,Penn State(6),Northwestern,2.91,pbp,Big Ten,Big Ten,fbs,fbs
#FFFFFF,#8e8e8e,2023,1,,2341,195,Long Island University,Ohio,2.9,pbp,NEC,Mid-American,fcs,fbs
#ce6d78,#339969,2021,1,,2598,2199,St. Francis (PA),Eastern Michigan,2.9,legacy,NEC,Mid-American,fcs,fbs
#5c81c6,#bd3f7d,2021,11,,150,259,Duke,Virginia Tech,2.9,pbp,ACC,ACC,fbs,fbs
#e6ccb3,#d17b7b,2018,2,,2638,2439,UTEP,UNLV,2.9,pbp,Conference USA,Mountain West,fbs,fbs
#357a9e,#cfa0a8,2015,8,,328,21,Utah State,San Diego State,2.9,pbp,Mountain West,Mountain West,fbs,fbs
#3f7fbd,#d88a96,2024,13,,221,97,Pittsburgh,Louisville,2.9,pbp,ACC,ACC,fbs,fbs
#6388cb,#39aa8c,2020,8,,202,58,Tulsa,South Florida,2.9,pbp,American Athletic,American Athletic,fbs,fbs
#3d75b8,#57c78b,2025,8,,2636,249,UTSA,North Texas,2.9,pbp,American Athletic,American Athletic,fbs,fbs
#4078be,#978da5,2025,2,,2348,99,Louisiana Tech,LSU(3),2.9,pbp,Conference USA,SEC,fbs,fbs
#7cb0d3,#359f7d,2022,6,,2393,5,Middle Tennessee,UAB,2.9,pbp,Conference USA,Conference USA,fbs,fbs
#a6999b,#d98c8c,2015,6,,66,2641,Iowa State,Texas Tech,2.9,pbp,Big 12,Big 12,fbs,fbs
#cc7a91,#d5a6af,2023,2,,218,164,Temple,Rutgers,2.9,pbp,American Athletic,Big Ten,fbs,fbs
#39aa8c,#dd9da6,2020,5,,58,2132,South Florida,Cincinnati(15),2.9,pbp,American Athletic,American Athletic,fbs,fbs
#f4ebe0,#a0a0a0,2017,Bowls,walk-on's independence bowl,2572,52,Southern Miss,Florida State,2.89,pbp,Conference USA,ACC,fbs,fbs
#a4a4a4,#5c81c6,2023,3,,77,150,Northwestern,Duke(21),2.89,pbp,Big Ten,ACC,fbs,fbs
#5096c4,#6b8bce,2017,12,,2005,68,Air Force,Boise State,2.89,pbp,Mountain West,Mountain West,fbs,fbs
#b5b5b5,#ce919e,2026,5,,238,61,Vanderbilt,Georgia(2),2.89,pbp,SEC,SEC,fbs,fbs
#828282,#6b8bce,2018,8,,36,68,Colorado State,Boise State,2.89,pbp,Mountain West,Mountain West,fbs,fbs
#b48686,#b7b7b8,2025,7,,24,2567,Stanford,SMU,2.89,pbp,ACC,ACC,fbs,fbs
#6f82cf,#bca0a5,2020,Bowls,goodyear cotton bowl classic,57,201,Florida(13),Oklahoma(6),2.89,pbp,SEC,Big 12,fbs,fbs
#3e72b9,#4c85c3,2020,12,,2006,2309,Akron,Kent State,2.89,pbp,Mid-American,Mid-American,fbs,fbs
#e6c7b3,#e3c2ab,2020,8,,183,228,Syracuse,Clemson(1),2.89,pbp,ACC,ACC,fbs,fbs
#cbbdb5,#885caf,2020,14,,251,2306,Texas,Kansas State,2.89,pbp,Big 12,Big 12,fbs,fbs
#935531,#3e72b9,2020,14,,189,2006,Bowling Green,Akron,2.89,pbp,Mid-American,Mid-American,fbs,fbs
#d98c8c,#848484,2026,1,,152,258,NC State,Virginia,2.89,pbp,ACC,ACC,fbs,fbs
#e6c7b3,#f4f4f4,2020,2,,183,153,Syracuse,North Carolina,2.89,pbp,ACC,ACC,fbs,fbs
#dc97a7,#61a0ca,2021,13,,278,23,Fresno State,San José State,2.88,pbp,Mountain West,Mountain West,fbs,fbs
#b7b7b8,#ad9a9d,2025,11,,2567,103,SMU,Boston College,2.88,pbp,ACC,ACC,fbs,fbs
#e6ccb3,#bd9099,2019,8,,2633,333,Tennessee,Alabama(1),2.88,pbp,SEC,SEC,fbs,fbs
#4c85c3,#7f46c2,2022,1,,2309,264,Kent State,Washington,2.88,pbp,Mid-American,Pac-12,fbs,fbs
#6e6e6e,#e6dbb3,2016,12,,2433,2026,UL Monroe,App State,2.88,pbp,Sun Belt,Sun Belt,fbs,fbs
#cbb4b7,#76d198,2022,5,,2241,276,Gardner-Webb,Marshall,2.88,pbp,Big South,Sun Belt,fcs,fbs
#FFFFFF,#e6dbb3,2020,4,,2097,2026,Campbell,App State,2.88,pbp,Big South,Sun Belt,fcs,fbs
#339969,#576f8c,2023,11,,2199,2649,Eastern Michigan,Toledo,2.88,pbp,Mid-American,Mid-American,fbs,fbs
#a8848d,#868686,2024,3,,2065,2711,Bethune-Cookman,Western Michigan,2.88,pbp,SWAC,Mid-American,fcs,fbs
#5d7088,#e3c2ab,2018,Bowls,goodyear cotton bowl classic - cfp semifinal,87,228,Notre Dame(5),Clemson(1),2.88,pbp,FBS Independents,ACC,fbs,fbs
#44699b,#cc6666,2022,10,,213,84,Penn State(16),Indiana,2.88,pbp,Big Ten,Big Ten,fbs,fbs
#c0437e,#e1bbbf,2020,11,,2117,2459,Central Michigan,Northern Illinois,2.87,pbp,Mid-American,Mid-American,fbs,fbs
#ddb4b6,#9785a6,2026,3,,2032,2628,Arkansas State,TCU,2.87,pbp,Sun Belt,Big 12,fbs,fbs
#cf6e75,#4c85c3,2023,5,,193,2309,Miami (OH),Kent State,2.87,pbp,Mid-American,Mid-American,fbs,fbs
#c44e4e,#6e6e6e,2025,8,,322,204,Lafayette,Oregon State,2.87,pbp,Patriot,Pac-12,fcs,fbs
#519bc5,#d98c8c,2016,3,,295,152,Old Dominion,NC State,2.87,pbp,Conference USA,ACC,fbs,fbs
#6388cb,#6095ca,2018,11,,202,235,Tulsa,Memphis,2.87,pbp,American Athletic,American Athletic,fbs,fbs
#da8f8f,#a75a7c,2019,7,,158,135,Nebraska,Minnesota,2.87,pbp,Big Ten,Big Ten,fbs,fbs
#3d77b8,#978da5,2023,7,,2,99,Auburn,LSU(22),2.87,pbp,SEC,SEC,fbs,fbs
#85797a,#4b83c3,2015,9,,326,290,Texas State,Georgia Southern,2.87,pbp,Sun Belt,Sun Belt,fbs,fbs
#b7b7b8,#848484,2024,13,,2567,258,SMU(13),Virginia,2.87,pbp,ACC,ACC,fbs,fbs
#7b7b7b,#cc6666,2025,8,,127,84,Michigan State,Indiana(3),2.86,pbp,Big Ten,Big Ten,fbs,fbs
#5d7088,#b48686,2023,13,,87,24,Notre Dame(17),Stanford,2.86,pbp,FBS Independents,Pac-12,fbs,fbs
#7fa4d4,#a6999b,2015,5,,2305,66,Kansas,Iowa State,2.86,pbp,Big 12,Big 12,fbs,fbs
#e6c7b3,#bd3f7d,2023,9,,183,259,Syracuse,Virginia Tech,2.86,pbp,ACC,ACC,fbs,fbs
#935531,#47c27c,2018,1,,189,2483,Bowling Green,Oregon(24),2.86,pbp,Mid-American,Pac-12,fbs,fbs
#6f7cc9,#da8f8f,2021,2,,2084,158,Buffalo,Nebraska,2.86,pbp,Mid-American,Big Ten,fbs,fbs
#b8b8b8,#e3c2ab,2015,12,,154,228,Wake Forest,Clemson(1),2.86,pbp,ACC,ACC,fbs,fbs
#47c27c,#adb8c1,2024,5,,2483,26,Oregon(8),UCLA,2.86,pbp,Big Ten,Big Ten,fbs,fbs
#a6a6a6,#4c4c4c,2018,3,,2460,2294,Northern Iowa,Iowa,2.86,pbp,MVFC,Big Ten,fcs,fbs
#dc9797,#3e72b9,2017,6,,2050,2006,Ball State,Akron,2.86,pbp,Mid-American,Mid-American,fbs,fbs
#868686,#576f8c,2017,13,,2711,2649,Western Michigan,Toledo,2.86,pbp,Mid-American,Mid-American,fbs,fbs
#6e6e6e,#d2adae,2023,13,,2433,309,UL Monroe,Louisiana,2.85,pbp,Sun Belt,Sun Belt,fbs,fbs
#868686,#e1bbbf,2023,12,,2711,2459,Western Michigan,Northern Illinois,2.85,pbp,Mid-American,Mid-American,fbs,fbs
#3e72b9,#935531,2019,10,,2006,189,Akron,Bowling Green,2.85,pbp,Mid-American,Mid-American,fbs,fbs
#d5a6af,#44699b,2015,3,,164,213,Rutgers,Penn State,2.85,pbp,Big Ten,Big Ten,fbs,fbs
#b7949a,#af3a3a,2022,12,,113,245,Massachusetts,Texas A&M,2.85,pbp,FBS Independents,SEC,fbs,fbs
#c7777d,#db93a2,2015,1,,257,120,Richmond,Maryland,2.85,pbp,CAA,Big Ten,fcs,fbs
#b5b5b5,#e6ccb3,2021,13,,238,2633,Vanderbilt,Tennessee,2.85,pbp,SEC,SEC,fbs,fbs
#a4a4a4,#75807c,2018,1,,2000,239,Abilene Christian,Baylor,2.85,pbp,Southland,Big 12,fcs,fbs
#57c78b,#359f7d,2025,12,,249,5,North Texas,UAB,2.85,pbp,American Athletic,American Athletic,fbs,fbs
#FFFFFF,#3d75b8,2019,1,,2916,2636,Incarnate Word,UTSA,2.84,pbp,Southland,Conference USA,fcs,fbs
#c0437e,#5d7088,2023,3,,2117,87,Central Michigan,Notre Dame(9),2.84,pbp,Mid-American,FBS Independents,fbs,fbs
#d5a6af,#3974ac,2023,4,,164,130,Rutgers,Michigan(2),2.84,pbp,Big Ten,Big Ten,fbs,fbs
#d6889a,#bd9099,2025,3,,275,333,Wisconsin,Alabama(19),2.84,pbp,Big Ten,SEC,fbs,fbs
#a0a0a0,#b8b8b8,2023,9,,52,154,Florida State(4),Wake Forest,2.84,pbp,ACC,ACC,fbs,fbs
#4078be,#b7b7b8,2023,1,,2348,2567,Louisiana Tech,SMU,2.84,pbp,Conference USA,American Athletic,fbs,fbs
#d6889a,#4c4c4c,2016,12,,275,2509,Wisconsin(6),Purdue,2.84,pbp,Big Ten,Big Ten,fbs,fbs
#c24a54,#bd9099,2026,4,,2579,333,South Carolina,Alabama(8),2.84,pbp,SEC,SEC,fbs,fbs
#b7949a,#c0437e,2025,9,,113,2117,Massachusetts,Central Michigan,2.84,pbp,Mid-American,Mid-American,fbs,fbs
#519bc5,#99a6b8,2026,5,,295,2247,Old Dominion,Georgia State,2.84,pbp,Sun Belt,Sun Belt,fbs,fbs
#d88a96,#e6c7b3,2018,11,,97,183,Louisville,Syracuse(13),2.83,pbp,ACC,ACC,fbs,fbs
#3e72b9,#b8b8b8,2026,1,,2006,154,Akron,Wake Forest,2.83,pbp,Mid-American,ACC,fbs,fbs
#e2c9a6,#d17b7b,2022,1,,304,2439,Idaho State,UNLV,2.83,legacy,Big Sky,Mountain West,fcs,fbs
#6388cb,#40be99,2017,6,,202,2655,Tulsa,Tulane,2.83,pbp,American Athletic,American Athletic,fbs,fbs
#cfa0a8,#d17b7b,2017,6,,21,2439,San Diego State(19),UNLV,2.83,pbp,Mountain West,Mountain West,fbs,fbs
#345b9d,#d98c8c,2021,3,,2229,2641,Florida International,Texas Tech,2.83,pbp,Conference USA,Big 12,fbs,fbs
#e1c8a7,#6e6e6e,2019,1,,2755,2433,Grambling,UL Monroe,2.83,pbp,SWAC,Sun Belt,fcs,fbs
#6f7cc9,#db93a2,2022,1,,2084,120,Buffalo,Maryland,2.83,pbp,Mid-American,Big Ten,fbs,fbs
#bc778f,#7f46c2,2016,12,,9,264,Arizona State,Washington(7),2.83,pbp,Pac-12,Pac-12,fbs,fbs
#868686,#7b7b7b,2025,1,,2711,127,Western Michigan,Michigan State,2.83,pbp,Mid-American,Big Ten,fbs,fbs
#3f78bc,#5096c4,2022,4,,2440,2005,Nevada,Air Force,2.82,pbp,Mountain West,Mountain West,fbs,fbs
#9785a6,#b7b7b8,2018,2,,2628,2567,TCU(16),SMU,2.82,pbp,Big 12,American Athletic,fbs,fbs
#4c85c3,#868686,2017,11,,2309,2711,Kent State,Western Michigan,2.82,pbp,Mid-American,Mid-American,fbs,fbs
#ce919e,#bc778f,2015,3,,167,9,New Mexico,Arizona State,2.82,pbp,Mountain West,Pac-12,fbs,fbs
#3cb48f,#FFFFFF,2017,1,,16,70,Sacramento State,Idaho,2.82,pbp,Big Sky,Sun Belt,fcs,fbs
#3d77b8,#bd9fa4,2017,8,,2,8,Auburn(21),Arkansas,2.82,pbp,SEC,SEC,fbs,fbs
#5f95ca,#61a0ca,2015,1,,160,23,New Hampshire,San José State,2.82,pbp,CAA,Mountain West,fcs,fbs
#b48686,#4c4c4c,2015,Bowls,rose bowl game pres. by northwestern mutual,24,2294,Stanford(3),Iowa(9),2.82,pbp,Pac-12,Big Ten,fbs,fbs
#339969,#4e6192,2021,Bowls,lendingtree bowl,2199,2335,Eastern Michigan,Liberty,2.82,pbp,Mid-American,FBS Independents,fbs,fbs
#d9c78e,#cc7a91,2024,5,,349,218,Army,Temple,2.82,pbp,American Athletic,American Athletic,fbs,fbs
#345b9d,#85797a,2022,2,,2229,326,Florida International,Texas State,2.81,pbp,Conference USA,Sun Belt,fbs,fbs
#67aacc,#4c4c4c,2026,1,,282,2509,Indiana State,Purdue,2.81,pbp,MVFC,Big Ten,fcs,fbs
#99a6b8,#e6dbb3,2018,12,,2247,2026,Georgia State,App State,2.81,pbp,Sun Belt,Sun Belt,fbs,fbs
#4fb885,#359f7d,2018,5,,2429,5,Charlotte,UAB,2.81,pbp,Conference USA,Conference USA,fbs,fbs
#6095ca,#ffffff,2025,10,,235,242,Memphis(25),Rice,2.81,pbp,American Athletic,American Athletic,fbs,fbs
#3d68b7,#e6dbb3,2021,11,,6,2026,South Alabama,App State,2.81,pbp,Sun Belt,Sun Belt,fbs,fbs
#7fa4d4,#3c73b2,2016,10,,2305,277,Kansas,West Virginia(14),2.8,pbp,Big 12,Big 12,fbs,fbs
#9cbacd,#40be99,2015,3,,311,2655,Maine,Tulane,2.8,pbp,CAA,American Athletic,fcs,fbs
#3aaf80,#e3c2ab,2026,5,,2390,228,Miami(4),Clemson,2.8,pbp,ACC,ACC,fbs,fbs
#c8c6c2,#cc7a91,2019,9,,2116,218,UCF,Temple,2.8,pbp,American Athletic,American Athletic,fbs,fbs
#e6ccb3,#4078be,2016,5,,2638,2348,UTEP,Louisiana Tech,2.8,pbp,Conference USA,Conference USA,fbs,fbs
#4b83c3,#9156c7,2025,5,,290,256,Georgia Southern,James Madison,2.8,pbp,Sun Belt,Sun Belt,fbs,fbs
#cc6666,#db93a2,2023,5,,84,120,Indiana,Maryland,2.8,pbp,Big Ten,Big Ten,fbs,fbs
#d5a6af,#e7c8b6,2019,10,,164,356,Rutgers,Illinois,2.8,pbp,Big Ten,Big Ten,fbs,fbs
#345b9d,#7cb0d3,2021,11,,2229,2393,Florida International,Middle Tennessee,2.79,legacy,Conference USA,Conference USA,fbs,fbs
#b3787d,#d9c78e,2022,7,,2142,349,Colgate,Army,2.79,pbp,Patriot,FBS Independents,fcs,fbs
#d2adae,#4078be,2015,5,,309,2348,Louisiana,Louisiana Tech,2.79,pbp,Sun Belt,Conference USA,fbs,fbs
#ffffff,#359f7d,2017,10,,242,5,Rice,UAB,2.79,pbp,Conference USA,Conference USA,fbs,fbs
#af3a3a,#b5b5b5,2015,12,,245,238,Texas A&M,Vanderbilt,2.79,pbp,SEC,SEC,fbs,fbs
#a6999b,#bca0a5,2023,5,,66,201,Iowa State,Oklahoma(14),2.79,pbp,Big 12,Big 12,fbs,fbs
#c8c6c2,#b48686,2015,2,,2116,24,UCF,Stanford,2.79,pbp,American Athletic,Pac-12,fbs,fbs
#acacad,#4078be,2023,2,,2466,2348,Northwestern State,Louisiana Tech,2.79,pbp,Southland,Conference USA,fcs,fbs
#3aaf80,#d6889a,2018,Bowls,new era pinstripe bowl,2390,275,Miami,Wisconsin,2.79,pbp,ACC,Big Ten,fbs,fbs
#75807c,#bca0a5,2018,5,,239,201,Baylor,Oklahoma(6),2.79,pbp,Big 12,Big 12,fbs,fbs
#6f92cf,#39aa8c,2022,1,,252,58,BYU(25),South Florida,2.78,pbp,FBS Independents,American Athletic,fbs,fbs
#ad9a9d,#b8b8b8,2022,8,,103,154,Boston College,Wake Forest(13),2.78,pbp,ACC,ACC,fbs,fbs
#4fb885,#39aa8c,2025,6,,2429,58,Charlotte,South Florida,2.78,pbp,American Athletic,American Athletic,fbs,fbs
#af5868,#dc9797,2016,3,,2198,2050,Eastern Kentucky,Ball State,2.78,pbp,OVC,Mid-American,fcs,fbs
#d98c8c,#a6999b,2016,12,,2641,66,Texas Tech,Iowa State,2.78,pbp,Big 12,Big 12,fbs,fbs
#838383,#6b8bce,2015,8,,2751,68,Wyoming,Boise State,2.78,pbp,Mountain West,Mountain West,fbs,fbs
#57c78b,#5090c5,2017,8,,249,2226,North Texas,Florida Atlantic,2.78,pbp,Conference USA,Conference USA,fbs,fbs
#d17b7b,#838383,2019,5,,2439,2751,UNLV,Wyoming,2.78,pbp,Mountain West,Mountain West,fbs,fbs
#978da5,#3d77b8,2020,9,,99,2,LSU,Auburn,2.78,pbp,SEC,SEC,fbs,fbs
#6e6e6e,#b6999d,2025,14,,204,265,Oregon State,Washington State,2.78,pbp,Pac-12,Pac-12,fbs,fbs
#6b8bce,#357a9e,2017,9,,68,328,Boise State,Utah State,2.78,pbp,Mountain West,Mountain West,fbs,fbs
#339969,#3e72b9,2019,12,,2199,2006,Eastern Michigan,Akron,2.78,pbp,Mid-American,Mid-American,fbs,fbs
#cfbdbf,#6388cb,2021,5,,248,202,Houston,Tulsa,2.77,pbp,American Athletic,American Athletic,fbs,fbs
#d98c8c,#bca0a5,2015,8,,2641,201,Texas Tech,Oklahoma(17),2.77,pbp,Big 12,Big 12,fbs,fbs
#707987,#ce919e,2023,11,,145,61,Ole Miss(10),Georgia(1),2.77,pbp,SEC,SEC,fbs,fbs
#ce919e,#707987,2016,4,,61,145,Georgia(12),Ole Miss(23),2.77,pbp,SEC,SEC,fbs,fbs
#40be99,#c8c6c2,2016,10,,2655,2116,Tulane,UCF,2.77,pbp,American Athletic,American Athletic,fbs,fbs
#b6999d,#b9a0a5,2020,14,,265,30,Washington State,USC(17),2.77,pbp,Pac-12,Pac-12,fbs,fbs
#cc6666,#7b7b7b,2020,11,,84,127,Indiana(10),Michigan State,2.77,pbp,Big Ten,Big Ten,fbs,fbs
#e6cab3,#d98c8c,2021,12,,197,2641,Oklahoma State(9),Texas Tech,2.77,pbp,Big 12,Big 12,fbs,fbs
#cc6666,#3974ac,2021,10,,84,130,Indiana,Michigan(9),2.77,pbp,Big Ten,Big Ten,fbs,fbs
#5c81c6,#848484,2019,8,,150,258,Duke,Virginia,2.77,pbp,ACC,ACC,fbs,fbs
#5d7088,#3aaf80,2017,11,,87,2390,Notre Dame(3),Miami(7),2.77,pbp,FBS Independents,ACC,fbs,fbs
#3f78bc,#cfa0a8,2023,8,,2440,21,Nevada,San Diego State,2.77,pbp,Mountain West,Mountain West,fbs,fbs
#44699b,#d3a5b1,2015,7,,213,194,Penn State,Ohio State(1),2.77,pbp,Big Ten,Big Ten,fbs,fbs
#707987,#c24a54,2024,6,,145,2579,Ole Miss(12),South Carolina,2.77,pbp,SEC,SEC,fbs,fbs
#3f78bc,#b5b5b5,2018,2,,2440,238,Nevada,Vanderbilt,2.77,pbp,Mountain West,SEC,fbs,fbs
#61a0ca,#cfa0a8,2025,13,,23,21,San José State,San Diego State,2.76,pbp,Mountain West,Mountain West,fbs,fbs
#519bc5,#359f7d,2019,8,,295,5,Old Dominion,UAB,2.76,pbp,Conference USA,Conference USA,fbs,fbs
#386ca9,#7cb0d3,2026,1,,93,2393,Murray State,Middle Tennessee,2.76,pbp,MVFC,Conference USA,fcs,fbs
#a0a0a0,#ad9a9d,2017,9,,52,103,Florida State,Boston College,2.76,pbp,ACC,ACC,fbs,fbs
#4e6192,#3c73b2,2015,2,,2335,277,Liberty,West Virginia,2.76,pbp,Big South,Big 12,fcs,fbs
#5096c4,#357a9e,2020,14,,2005,328,Air Force,Utah State,2.76,pbp,Mountain West,Mountain West,fbs,fbs
#FFFFFF,#4e6192,2020,5,,2453,2335,North Alabama,Liberty,2.76,pbp,Big South,FBS Independents,fcs,fbs
#519bc5,#345b9d,2015,8,,295,2229,Old Dominion,Florida International,2.76,pbp,Conference USA,Conference USA,fbs,fbs
#3f647f,#cfa0a8,2025,4,,25,21,California,San Diego State,2.76,pbp,ACC,Mountain West,fbs,fbs
#5d7088,#848484,2021,11,,87,258,Notre Dame(7),Virginia,2.76,pbp,FBS Independents,ACC,fbs,fbs
#b7949a,#3cb48f,2026,4,,113,16,Massachusetts,Sacramento State,2.76,pbp,Mid-American,Mid-American,fbs,fbs
#b8b8b8,#d5a6af,2021,Bowls,taxslayer gator bowl,154,164,Wake Forest(15),Rutgers,2.76,pbp,ACC,Big Ten,fbs,fbs
#ceb2b3,#6f92cf,2023,2,,253,252,Southern Utah,BYU,2.76,pbp,UAC,Big 12,fcs,fbs
#FFFFFF,#3d75b8,2025,3,,2916,2636,Incarnate Word,UTSA,2.76,pbp,Southland,American Athletic,fcs,fbs
#dd9da6,#cc7a91,2022,12,,2132,218,Cincinnati(22),Temple,2.76,pbp,American Athletic,American Athletic,fbs,fbs
#67aacc,#a75a7c,2016,2,,282,135,Indiana State,Minnesota,2.76,pbp,MVFC,Big Ten,fcs,fbs
#3cb48f,#828282,2022,4,,16,36,Sacramento State,Colorado State,2.76,pbp,Big Sky,Mountain West,fcs,fbs
#4c85c3,#935531,2024,8,,2309,189,Kent State,Bowling Green,2.76,pbp,Mid-American,Mid-American,fbs,fbs
#c85976,#345b9d,2015,3,,2428,2229,North Carolina Central,Florida International,2.76,pbp,MEAC,Conference USA,fcs,fbs
#bd7575,#cf6e75,2017,2,,2046,193,Austin Peay,Miami (OH),2.76,pbp,OVC,Mid-American,fcs,fbs
#dc97a7,#7fa4d4,2025,1,,278,2305,Fresno State,Kansas,2.76,pbp,Mountain West,Big 12,fbs,fbs
#dd9da6,#39aa8c,2015,12,,2132,58,Cincinnati,South Florida,2.75,pbp,American Athletic,American Athletic,fbs,fbs
#3aaf80,#3f7fbd,2025,14,,2390,221,Miami(13),Pittsburgh(24),2.75,pbp,ACC,ACC,fbs,fbs
#cfa0a8,#357a9e,2020,9,,21,328,San Diego State,Utah State,2.75,pbp,Mountain West,Mountain West,fbs,fbs
#a0a0a0,#d88a96,2016,3,,52,97,Florida State(2),Louisville(10),2.75,pbp,ACC,ACC,fbs,fbs
#6f7cc9,#935531,2020,12,,2084,189,Buffalo,Bowling Green,2.75,pbp,Mid-American,Mid-American,fbs,fbs
#6e6e6e,#5096c4,2024,12,,204,2005,Oregon State,Air Force,2.75,pbp,Pac-12,Mountain West,fbs,fbs
#838383,#e9e1ce,2018,2,,2751,142,Wyoming,Missouri,2.75,pbp,Mountain West,SEC,fbs,fbs
#b8b8b8,#ad9a9d,2021,13,,154,103,Wake Forest(21),Boston College,2.75,pbp,ACC,ACC,fbs,fbs
#99a6b8,#6e6e6e,2021,6,,2247,2433,Georgia State,UL Monroe,2.74,pbp,Sun Belt,Sun Belt,fbs,fbs
#6989c7,#f4f4f4,2015,4,,48,153,Delaware,North Carolina,2.74,pbp,CAA,ACC,fcs,fbs
#ce919e,#cfa0a8,2017,13,,167,21,New Mexico,San Diego State,2.74,pbp,Mountain West,Mountain West,fbs,fbs
#f4f4f4,#5c81c6,2020,10,,153,150,North Carolina,Duke,2.74,pbp,ACC,ACC,fbs,fbs
#359f7d,#e6ccb3,2018,9,,5,2638,UAB,UTEP,2.74,pbp,Conference USA,Conference USA,fbs,fbs
#5090c5,#d3a5b1,2019,1,,2226,194,Florida Atlantic,Ohio State(5),2.74,pbp,Conference USA,Big Ten,fbs,fbs
#d2adae,#4fb885,2026,4,,309,2429,Louisiana,Charlotte,2.74,pbp,Sun Belt,American Athletic,fbs,fbs
#4fb885,#917e9c,2025,11,,2429,151,Charlotte,East Carolina,2.74,pbp,American Athletic,American Athletic,fbs,fbs
#6f7cc9,#8e8e8e,2016,10,,2084,195,Buffalo,Ohio,2.74,pbp,Mid-American,Mid-American,fbs,fbs
#d98c8c,#bca0a5,2021,9,,2641,201,Texas Tech,Oklahoma(4),2.74,pbp,Big 12,Big 12,fbs,fbs
#d5a6af,#44699b,2019,14,,164,213,Rutgers,Penn State(12),2.74,pbp,Big Ten,Big Ten,fbs,fbs
#ce919e,#e6ccb3,2019,6,,61,2633,Georgia(3),Tennessee,2.73,pbp,SEC,SEC,fbs,fbs
#b48686,#e3c2ab,2024,5,,24,228,Stanford,Clemson(17),2.73,pbp,ACC,ACC,fbs,fbs
#4abfc2,#b7949a,2019,4,,324,113,Coastal Carolina,Massachusetts,2.73,pbp,Sun Belt,FBS Independents,fbs,fbs
#3974ac,#6f82cf,2015,Bowls,buffalo wild wings citrus bowl,130,57,Michigan(12),Florida(25),2.73,pbp,Big Ten,SEC,fbs,fbs
#e6c7b3,#e6cab3,2025,1,,2630,197,UT Martin,Oklahoma State,2.73,pbp,Big South-OVC,Big 12,fcs,fbs
#7cb0d3,#5d7088,2021,8,,2393,41,Middle Tennessee,UConn,2.73,pbp,Conference USA,FBS Independents,fbs,fbs
#85797a,#b7b7b8,2019,3,,326,2567,Texas State,SMU,2.73,pbp,Sun Belt,American Athletic,fbs,fbs
#cc6666,#7b7b7b,2024,10,,84,127,Indiana(13),Michigan State,2.73,pbp,Big Ten,Big Ten,fbs,fbs
#6b8bce,#868686,2026,4,,68,2711,Boise State,Western Michigan,2.73,pbp,Pac-12,Mid-American,fbs,fbs
#6e6e6e,#47c27c,2023,13,,204,2483,Oregon State(15),Oregon(6),2.73,pbp,Pac-12,Pac-12,fbs,fbs
#48619a,#c0437e,2015,2,,2405,2117,Monmouth,Central Michigan,2.72,pbp,Big South,Mid-American,fcs,fbs
#6b8bce,#4c4c4c,2022,1,,2571,2294,South Dakota State,Iowa,2.72,pbp,MVFC,Big Ten,fcs,fbs
#f2f2f2,#3f647f,2021,8,,38,25,Colorado,California,2.72,pbp,Pac-12,Pac-12,fbs,fbs
#e3c2ab,#b8b8b8,2016,12,,228,154,Clemson(5),Wake Forest,2.72,pbp,ACC,ACC,fbs,fbs
#4c85c3,#935531,2022,11,,2309,189,Kent State,Bowling Green,2.72,pbp,Mid-American,Mid-American,fbs,fbs
#c0437e,#3f7fbd,2025,2,,2117,221,Central Michigan,Pittsburgh,2.72,pbp,Mid-American,ACC,fbs,fbs
#FFFFFF,#a4a4a4,2024,3,,2197,77,Eastern Illinois,Northwestern,2.72,pbp,Big South-OVC,Big Ten,fcs,fbs
#c8c6c2,#75807c,2025,10,,2116,239,UCF,Baylor,2.72,pbp,Big 12,Big 12,fbs,fbs
#3d6bb7,#5096c4,2024,6,,2426,2005,Navy,Air Force,2.72,pbp,American Athletic,Mountain West,fbs,fbs
#f0ded1,#d9c78e,2020,8,,2382,349,Mercer,Army,2.72,legacy,Southern,FBS Independents,fcs,fbs
#6b8bce,#d17b7b,2019,6,,68,2439,Boise State(16),UNLV,2.72,pbp,Mountain West,Mountain West,fbs,fbs
#d3a5b1,#e3c2ab,2016,Bowls,,194,228,Ohio State(6),Clemson(1),2.72,pbp,Big Ten,ACC,fbs,fbs
#885caf,#3d75b8,2015,2,,2306,2636,Kansas State,UTSA,2.72,pbp,Big 12,Conference USA,fbs,fbs
#b4b4b4,#4078be,2022,2,,2617,2348,Stephen F. Austin,Louisiana Tech,2.72,pbp,Western Athletic,Conference USA,fcs,fbs
#acacad,#57c78b,2021,1,,2466,249,Northwestern State,North Texas,2.72,pbp,Southland,Conference USA,fcs,fbs
#c24a54,#ce919e,2015,3,,2579,61,South Carolina,Georgia(7),2.71,pbp,SEC,SEC,fbs,fbs
#5a93c6,#d9c78e,2019,4,,2415,349,Morgan State,Army,2.71,pbp,MEAC,FBS Independents,fcs,fbs
#af3a3a,#978da5,2026,4,,245,99,Texas A&M(23),LSU(10),2.71,pbp,SEC,SEC,fbs,fbs
#47c27c,#e0a3ae,2021,12,,2483,254,Oregon(4),Utah(24),2.71,pbp,Pac-12,Pac-12,fbs,fbs
#6b8bce,#7f46c2,2023,1,,68,264,Boise State,Washington(10),2.71,pbp,Mountain West,Pac-12,fbs,fbs
#6b8bce,#d07980,2018,1,,68,2653,Boise State(22),Troy,2.71,pbp,Mountain West,Sun Belt,fbs,fbs
#cfbdbf,#dd9da6,2020,10,,248,2132,Houston,Cincinnati(6),2.71,pbp,American Athletic,American Athletic,fbs,fbs
#bd3f7d,#f4f4f4,2022,5,,259,153,Virginia Tech,North Carolina,2.71,pbp,ACC,ACC,fbs,fbs
#e7c8b6,#d6889a,2018,8,,356,275,Illinois,Wisconsin(23),2.71,pbp,Big Ten,Big Ten,fbs,fbs
#4c4c4c,#e9e1ce,2017,3,,2509,142,Purdue,Missouri,2.71,pbp,Big Ten,SEC,fbs,fbs
#e6c7b3,#db93a2,2019,2,,183,120,Syracuse(21),Maryland,2.71,pbp,ACC,Big Ten,fbs,fbs
#FFFFFF,#ce919e,2018,1,,2916,167,Incarnate Word,New Mexico,2.71,pbp,Southland,Mountain West,fcs,fbs
#4078be,#e3c2ab,2022,3,,2348,228,Louisiana Tech,Clemson(5),2.71,pbp,Conference USA,ACC,fbs,fbs
#576f8c,#935531,2021,11,,2649,189,Toledo,Bowling Green,2.7,pbp,Mid-American,Mid-American,fbs,fbs
#838383,#357a9e,2015,9,,2751,328,Wyoming,Utah State,2.7,pbp,Mountain West,Mountain West,fbs,fbs
#6498cc,#6095ca,2019,2,,2582,235,Southern,Memphis,2.7,pbp,SWAC,American Athletic,fcs,fbs
#3c73b2,#d98c8c,2024,14,,277,2641,West Virginia,Texas Tech,2.7,pbp,Big 12,Big 12,fbs,fbs
#a75a7c,#f2f2f2,2021,3,,135,38,Minnesota,Colorado,2.7,pbp,Big Ten,Pac-12,fbs,fbs
#3d75b8,#85797a,2017,4,,2636,326,UTSA,Texas State,2.7,pbp,Conference USA,Sun Belt,fbs,fbs
#3d6bb7,#5d7088,2019,12,,2426,87,Navy(21),Notre Dame(16),2.7,pbp,American Athletic,FBS Independents,fbs,fbs
#4078be,#d9c78e,2024,Bowls,radiance technologies independence bowl,2348,349,Louisiana Tech,Army(21),2.69,pbp,Conference USA,American Athletic,fbs,fbs
#4c4c4c,#db93a2,2021,5,,2294,120,Iowa(5),Maryland,2.69,pbp,Big Ten,Big Ten,fbs,fbs
#b7949a,#345b9d,2018,3,,113,2229,Massachusetts,Florida International,2.69,pbp,FBS Independents,Conference USA,fbs,fbs
#e7c8b6,#4c4c4c,2015,10,,356,2509,Illinois,Purdue,2.69,pbp,Big Ten,Big Ten,fbs,fbs
#db93a2,#d6889a,2017,8,,120,275,Maryland,Wisconsin(5),2.69,pbp,Big Ten,Big Ten,fbs,fbs
#937a7f,#3d77b8,2019,5,,344,2,Mississippi State,Auburn(7),2.69,pbp,SEC,SEC,fbs,fbs
#cfa0a8,#8e8e8e,2018,Bowls,dxl frisco bowl,21,195,San Diego State,Ohio,2.69,pbp,Mountain West,Mid-American,fbs,fbs
#868686,#dc9797,2016,10,,2711,2050,Western Michigan(17),Ball State,2.69,pbp,Mid-American,Mid-American,fbs,fbs
#b7949a,#cc7a91,2022,4,,113,218,Massachusetts,Temple,2.69,pbp,FBS Independents,American Athletic,fbs,fbs
#3f7fbd,#c8c6c2,2018,5,,221,2116,Pittsburgh,UCF(13),2.69,pbp,ACC,American Athletic,fbs,fbs
#d6889a,#d5a6af,2024,7,,275,164,Wisconsin,Rutgers,2.69,pbp,Big Ten,Big Ten,fbs,fbs
#6388cb,#bd9fa4,2026,4,,202,8,Tulsa,Arkansas,2.69,pbp,American Athletic,SEC,fbs,fbs
#b5b5b5,#3c7eb4,2016,3,,238,59,Vanderbilt,Georgia Tech,2.69,pbp,SEC,ACC,fbs,fbs
#5d7193,#b6999d,2023,7,,12,265,Arizona,Washington State(19),2.69,pbp,Pac-12,Pac-12,fbs,fbs
#ae7b7c,#4078be,2016,2,,2569,2348,South Carolina State,Louisiana Tech,2.69,pbp,MEAC,Conference USA,fcs,fbs
#3aaf80,#39aa8c,2024,4,,2390,58,Miami(8),South Florida,2.69,pbp,ACC,American Athletic,fbs,fbs
#6f7cc9,#935531,2022,6,,2084,189,Buffalo,Bowling Green,2.69,pbp,Mid-American,Mid-American,fbs,fbs
#d3a5b1,#7b7b7b,2022,6,,194,127,Ohio State(3),Michigan State,2.69,pbp,Big Ten,Big Ten,fbs,fbs
#b9b9b9,#cfbdbf,2015,1,,2635,248,Tennessee Tech,Houston,2.69,pbp,OVC,American Athletic,fcs,fbs
#d5a6af,#7fa4d4,2018,3,,164,2305,Rutgers,Kansas,2.68,pbp,Big Ten,Big 12,fbs,fbs
#6f82cf,#6e6e6e,2022,Bowls,srs distribution las vegas bowl,57,204,Florida,Oregon State(17),2.68,pbp,SEC,Pac-12,fbs,fbs
#519bc5,#7cb0d3,2017,13,,295,2393,Old Dominion,Middle Tennessee,2.68,pbp,Conference USA,Conference USA,fbs,fbs
#cc7a91,#3d6bb7,2024,2,,218,2426,Temple,Navy,2.68,pbp,American Athletic,American Athletic,fbs,fbs
#d07980,#d98c8c,2015,1,,2653,152,Troy,NC State,2.68,pbp,Sun Belt,ACC,fbs,fbs
#9cbacd,#ad9a9d,2015,1,,311,103,Maine,Boston College,2.68,pbp,CAA,ACC,fcs,fbs
#b9a0a5,#5d7088,2017,8,,30,87,USC(11),Notre Dame(13),2.68,pbp,Pac-12,FBS Independents,fbs,fbs
#e1bbbf,#3e72b9,2023,6,,2459,2006,Northern Illinois,Akron,2.68,pbp,Mid-American,Mid-American,fbs,fbs
#a8848d,#39aa8c,2024,1,,2065,58,Bethune-Cookman,South Florida,2.68,legacy,SWAC,American Athletic,fcs,fbs
#6989c7,#f2f2f2,2025,2,,48,38,Delaware,Colorado,2.68,pbp,Conference USA,Big 12,fbs,fbs
#ffffff,#b48686,2016,13,,242,24,Rice,Stanford,2.68,pbp,Conference USA,Pac-12,fbs,fbs
#e1bbbf,#935531,2017,8,,2459,189,Northern Illinois,Bowling Green,2.68,pbp,Mid-American,Mid-American,fbs,fbs
#d3a5b1,#a4a4a4,2024,12,,194,77,Ohio State(2),Northwestern,2.68,pbp,Big Ten,Big Ten,fbs,fbs
#d9c78e,#99a6b8,2021,1,,349,2247,Army,Georgia State,2.68,pbp,FBS Independents,Sun Belt,fbs,fbs
#d07980,#885caf,2023,2,,2653,2306,Troy,Kansas State(15),2.67,pbp,Sun Belt,Big 12,fbs,fbs
#FFFFFF,#345b9d,2026,4,,2341,2229,Long Island University,Florida International,2.67,pbp,NEC,Conference USA,fcs,fbs
#359f7d,#3d68b7,2020,4,,5,6,UAB,South Alabama,2.67,pbp,Conference USA,Sun Belt,fbs,fbs
#6e6e6e,#3d77b8,2017,12,,2433,2,UL Monroe,Auburn(6),2.67,pbp,Sun Belt,SEC,fbs,fbs
#7b7b7b,#3974ac,2019,12,,127,130,Michigan State,Michigan(14),2.67,pbp,Big Ten,Big Ten,fbs,fbs
#99a5bd,#5d7088,2022,1,,2115,41,Central Connecticut,UConn,2.67,pbp,NEC,FBS Independents,fcs,fbs
#4f4f4f,#4fb885,2016,2,,2210,2429,Elon,Charlotte,2.67,pbp,CAA,Conference USA,fcs,fbs
#345b9d,#5090c5,2019,11,,2229,2226,Florida International,Florida Atlantic,2.67,pbp,Conference USA,Conference USA,fbs,fbs
#d98c8c,#af3a3a,2018,Bowls,,152,245,NC State,Texas A&M(16),2.67,pbp,ACC,SEC,fbs,fbs
#d2adae,#707987,2017,11,,309,145,Louisiana,Ole Miss,2.67,pbp,Sun Belt,SEC,fbs,fbs
#f2f2f2,#e0a3ae,2019,14,,38,254,Colorado,Utah(6),2.67,pbp,Pac-12,Pac-12,fbs,fbs
#3d77b8,#bd9099,2018,13,,2,333,Auburn,Alabama(1),2.67,pbp,SEC,SEC,fbs,fbs
#ce919e,#d6889a,2018,2,,167,275,New Mexico,Wisconsin(5),2.67,pbp,Mountain West,Big Ten,fbs,fbs
#359f7d,#ce919e,2023,4,,5,61,UAB,Georgia(1),2.67,pbp,American Athletic,SEC,fbs,fbs
#47c27c,#e0a3ae,2023,9,,2483,254,Oregon(8),Utah(13),2.66,pbp,Pac-12,Pac-12,fbs,fbs
#3d75b8,#39aa8c,2025,11,,2636,58,UTSA,South Florida,2.66,pbp,American Athletic,American Athletic,fbs,fbs
#f2f2f2,#b6999d,2015,12,,38,265,Colorado,Washington State(24),2.66,pbp,Pac-12,Pac-12,fbs,fbs
#FFFFFF,#e1bbbf,2017,2,,2197,2459,Eastern Illinois,Northern Illinois,2.66,pbp,OVC,Mid-American,fcs,fbs
#f2f2f2,#828282,2018,1,,38,36,Colorado,Colorado State,2.66,pbp,Pac-12,Mountain West,fbs,fbs
#f2f2f2,#5096c4,2022,2,,38,2005,Colorado,Air Force,2.66,legacy,Pac-12,Mountain West,fbs,fbs
#359f7d,#e6ccb3,2019,10,,5,2633,UAB,Tennessee,2.66,pbp,Conference USA,SEC,fbs,fbs
#ddb4b6,#576f8c,2015,4,,2032,2649,Arkansas State,Toledo,2.66,pbp,Sun Belt,Mid-American,fbs,fbs
#3f78bc,#357a9e,2019,8,,2440,328,Nevada,Utah State,2.66,pbp,Mountain West,Mountain West,fbs,fbs
#3e72b9,#8e8e8e,2016,13,,2006,195,Akron,Ohio,2.65,pbp,Mid-American,Mid-American,fbs,fbs
#5c81c6,#d88a96,2023,9,,150,97,Duke(20),Louisville(18),2.65,pbp,ACC,ACC,fbs,fbs
#f2f2f2,#7f46c2,2016,14,,38,264,Colorado(9),Washington(4),2.65,pbp,Pac-12,Pac-12,fbs,fbs
#b6999d,#7f46c2,2015,13,,265,264,Washington State(20),Washington,2.65,pbp,Pac-12,Pac-12,fbs,fbs
#b7b7b8,#c8c6c2,2018,6,,2567,2116,SMU,UCF(12),2.65,pbp,American Athletic,American Athletic,fbs,fbs
#9f93ae,#4abfc2,2017,4,,2710,324,Western Illinois,Coastal Carolina,2.65,pbp,MVFC,Sun Belt,fcs,fbs
#5c81c6,#bd3f7d,2017,9,,150,259,Duke,Virginia Tech(13),2.65,pbp,ACC,ACC,fbs,fbs
#d2adae,#e6dbb3,2015,13,,309,2026,Louisiana,App State,2.65,pbp,Sun Belt,Sun Belt,fbs,fbs
#4c85c3,#3f7fbd,2024,1,,2309,221,Kent State,Pittsburgh,2.64,pbp,Mid-American,ACC,fbs,fbs
#b7949a,#6f7cc9,2024,3,,113,2084,Massachusetts,Buffalo,2.64,pbp,FBS Independents,Mid-American,fbs,fbs
#d88a96,#e6c7b3,2016,2,,97,183,Louisville(13),Syracuse,2.64,pbp,ACC,ACC,fbs,fbs
#7cb0d3,#76d198,2020,11,,2393,276,Middle Tennessee,Marshall(16),2.64,pbp,Conference USA,Conference USA,fbs,fbs
#5c81c6,#bd9099,2019,1,,150,333,Duke,Alabama(2),2.64,pbp,ACC,SEC,fbs,fbs
#3974ac,#db93a2,2017,11,,130,120,Michigan(21),Maryland,2.64,pbp,Big Ten,Big Ten,fbs,fbs
#adb8c1,#f2f2f2,2022,4,,26,38,UCLA,Colorado,2.64,pbp,Pac-12,Pac-12,fbs,fbs
#5d7193,#bc778f,2023,13,,12,9,Arizona(16),Arizona State,2.64,pbp,Pac-12,Pac-12,fbs,fbs
#c44e4e,#935531,2025,1,,322,189,Lafayette,Bowling Green,2.64,pbp,Patriot,Mid-American,fcs,fbs
#e6c6c7,#345b9d,2015,12,,98,2229,Western Kentucky,Florida International,2.64,legacy,Conference USA,Conference USA,fbs,fbs
#4c4c4c,#e7c8b6,2016,12,,2294,356,Iowa,Illinois,2.64,pbp,Big Ten,Big Ten,fbs,fbs
#d17b7b,#bc778f,2021,2,,2439,9,UNLV,Arizona State(23),2.64,pbp,Mountain West,Pac-12,fbs,fbs
#bca0a5,#978da5,2019,Bowls,chick-fil-a peach bowl - cfp semifinal,201,99,Oklahoma(7),LSU(1),2.64,pbp,Big 12,SEC,fbs,fbs
#61a0ca,#d17b7b,2017,5,,23,2439,San José State,UNLV,2.64,pbp,Mountain West,Mountain West,fbs,fbs
#dc9797,#cc6666,2018,3,,2050,84,Ball State,Indiana,2.64,pbp,Mid-American,Big Ten,fbs,fbs
#888888,#bd3f7d,2022,3,,2747,259,Wofford,Virginia Tech,2.63,pbp,Southern,ACC,fcs,fbs
#e9e1ce,#af3a3a,2024,6,,142,245,Missouri(9),Texas A&M(25),2.63,pbp,SEC,SEC,fbs,fbs
#cf6e75,#dc9797,2017,13,,193,2050,Miami (OH),Ball State,2.63,pbp,Mid-American,Mid-American,fbs,fbs
#76d198,#4fb885,2015,9,,276,2429,Marshall,Charlotte,2.63,pbp,Conference USA,Conference USA,fbs,fbs
#d3a5b1,#e7c8b6,2015,11,,194,356,Ohio State(2),Illinois,2.63,pbp,Big Ten,Big Ten,fbs,fbs
#c0437e,#576f8c,2024,12,,2117,2649,Central Michigan,Toledo,2.63,pbp,Mid-American,Mid-American,fbs,fbs
#5d7193,#f2f2f2,2025,10,,12,38,Arizona,Colorado,2.63,pbp,Big 12,Big 12,fbs,fbs
#c0437e,#978da5,2021,3,,2117,99,Central Michigan,LSU,2.63,pbp,Mid-American,SEC,fbs,fbs
#3c73b2,#9785a6,2015,9,,277,2628,West Virginia,TCU(5),2.63,pbp,Big 12,Big 12,fbs,fbs
#e0a3ae,#838383,2025,3,,254,2751,Utah(20),Wyoming,2.63,pbp,Big 12,Mountain West,fbs,fbs
#e3c2ab,#b8b8b8,2020,2,,228,154,Clemson,Wake Forest,2.62,pbp,ACC,ACC,fbs,fbs
#6b8bce,#ce919e,2017,12,,96,61,Kentucky,Georgia(7),2.62,pbp,SEC,SEC,fbs,fbs
#3d68b7,#3f7fbd,2016,1,,222,221,Villanova,Pittsburgh,2.62,pbp,CAA,ACC,fcs,fbs
#f2f2f2,#a4a4a4,2026,3,,38,77,Colorado,Northwestern,2.62,pbp,Big 12,Big Ten,fbs,fbs
#c0437e,#a4a4a4,2025,Bowls,gameabove sports bowl,2117,77,Central Michigan,Northwestern,2.62,pbp,Mid-American,Big Ten,fbs,fbs
#a6a6a6,#5096c4,2022,1,,2460,2005,Northern Iowa,Air Force,2.62,pbp,MVFC,Mountain West,fcs,fbs
#61a0ca,#3f78bc,2025,12,,23,2440,San José State,Nevada,2.62,pbp,Mountain West,Mountain West,fbs,fbs
#5c81c6,#707987,2024,Bowls,taxslayer gator bowl,150,145,Duke,Ole Miss(11),2.62,pbp,ACC,SEC,fbs,fbs
#61a0ca,#828282,2017,12,,23,36,San José State,Colorado State,2.62,pbp,Mountain West,Mountain West,fbs,fbs
#74baa8,#519bc5,2026,1,,2450,295,Norfolk State,Old Dominion,2.61,pbp,MEAC,Sun Belt,fcs,fbs
#339969,#e1bbbf,2015,8,,2199,2459,Eastern Michigan,Northern Illinois,2.61,pbp,Mid-American,Mid-American,fbs,fbs
#6dcead,#a6999b,2024,1,,155,66,North Dakota,Iowa State,2.61,pbp,MVFC,Big 12,fcs,fbs
#bca0a5,#ce919e,2026,4,,201,61,Oklahoma,Georgia(2),2.61,pbp,SEC,SEC,fbs,fbs
#4c85c3,#3e72b9,2019,7,,2309,2006,Kent State,Akron,2.61,pbp,Mid-American,Mid-American,fbs,fbs
#ddb4b6,#6e6e6e,2015,11,,2032,2433,Arkansas State,UL Monroe,2.61,pbp,Sun Belt,Sun Belt,fbs,fbs
#67aacc,#d88a96,2018,2,,282,97,Indiana State,Louisville,2.61,pbp,MVFC,ACC,fcs,fbs
#4b83c3,#b7949a,2017,8,,290,113,Georgia Southern,Massachusetts,2.61,pbp,Sun Belt,FBS Independents,fbs,fbs
#a6a0a1,#6f92cf,2024,1,,79,252,Southern Illinois,BYU,2.61,pbp,MVFC,Big 12,fcs,fbs
#d3a5b1,#4c4c4c,2025,11,,194,2509,Ohio State(1),Purdue,2.61,pbp,Big Ten,Big Ten,fbs,fbs
#d88a96,#76d198,2016,4,,97,276,Louisville(3),Marshall,2.61,pbp,ACC,Conference USA,fbs,fbs
#a6999b,#7fa4d4,2020,9,,66,2305,Iowa State(23),Kansas,2.61,pbp,Big 12,Big 12,fbs,fbs
#6f92cf,#937a7f,2017,7,,252,344,BYU,Mississippi State,2.6,pbp,FBS Independents,SEC,fbs,fbs
#85797a,#339969,2021,4,,326,2199,Texas State,Eastern Michigan,2.6,pbp,Sun Belt,Mid-American,fbs,fbs
#bca0a5,#da8f8f,2022,3,,201,158,Oklahoma(6),Nebraska,2.6,pbp,Big 12,Big Ten,fbs,fbs
#b8b8b8,#5d7088,2015,11,,154,87,Wake Forest,Notre Dame(6),2.6,pbp,ACC,FBS Independents,fbs,fbs
#e1bbbf,#39aa8c,2016,2,,2459,58,Northern Illinois,South Florida,2.6,pbp,Mid-American,American Athletic,fbs,fbs
#cc7a91,#40be99,2020,9,,218,2655,Temple,Tulane,2.6,pbp,American Athletic,American Athletic,fbs,fbs
#85797a,#9156c7,2022,5,,326,256,Texas State,James Madison,2.6,pbp,Sun Belt,Sun Belt,fbs,fbs
#5090c5,#e6c6c7,2021,12,,2226,98,Florida Atlantic,Western Kentucky,2.6,pbp,Conference USA,Conference USA,fbs,fbs
#cc6666,#4c4c4c,2021,1,,84,2294,Indiana(17),Iowa(18),2.6,pbp,Big Ten,Big Ten,fbs,fbs
#ae7b7c,#4fb885,2023,1,,2569,2429,South Carolina State,Charlotte,2.6,pbp,MEAC,American Athletic,fcs,fbs
#d6889a,#5d7088,2026,1,,275,87,Wisconsin,Notre Dame(4),2.6,pbp,Big Ten,FBS Independents,fbs,fbs
#3d68b7,#d2adae,2020,11,,6,309,South Alabama,Louisiana(25),2.59,pbp,Sun Belt,Sun Belt,fbs,fbs
#acacad,#d2adae,2015,2,,2466,309,Northwestern State,Louisiana,2.59,pbp,Southland,Sun Belt,fcs,fbs
#6f7cc9,#44699b,2019,2,,2084,213,Buffalo,Penn State(15),2.59,pbp,Mid-American,Big Ten,fbs,fbs
#bd3f7d,#f4f4f4,2016,6,,259,153,Virginia Tech(25),North Carolina(17),2.59,pbp,ACC,ACC,fbs,fbs
#3e72b9,#cf6e75,2023,11,,2006,193,Akron,Miami (OH),2.59,pbp,Mid-American,Mid-American,fbs,fbs
#6095ca,#dd9da6,2016,12,,235,2132,Memphis,Cincinnati,2.59,pbp,American Athletic,American Athletic,fbs,fbs
#5d7088,#5c81c6,2019,11,,87,150,Notre Dame(15),Duke,2.59,pbp,FBS Independents,ACC,fbs,fbs
#d5a6af,#cc6666,2021,11,,164,84,Rutgers,Indiana,2.59,pbp,Big Ten,Big Ten,fbs,fbs
#6b8bce,#ce919e,2019,8,,96,61,Kentucky,Georgia(10),2.59,pbp,SEC,SEC,fbs,fbs
#61a0ca,#6388cb,2016,1,,23,202,San José State,Tulsa,2.59,pbp,Mountain West,American Athletic,fbs,fbs
#6e6e6e,#7f46c2,2016,8,,204,264,Oregon State,Washington(5),2.58,pbp,Pac-12,Pac-12,fbs,fbs
#a6999b,#6f92cf,2023,11,,66,252,Iowa State,BYU,2.58,pbp,Big 12,Big 12,fbs,fbs
#b57f81,#4078be,2025,3,,166,2348,New Mexico State,Louisiana Tech,2.58,pbp,Conference USA,Conference USA,fbs,fbs
#4b83c3,#d07980,2015,11,,290,2653,Georgia Southern,Troy,2.58,pbp,Sun Belt,Sun Belt,fbs,fbs
#cc6666,#44699b,2021,5,,84,213,Indiana,Penn State(4),2.58,pbp,Big Ten,Big Ten,fbs,fbs
#b5b5b5,#339a72,2022,1,,238,62,Vanderbilt,Hawai'i,2.57,pbp,SEC,Mountain West,fbs,fbs
#e1bbbf,#937a7f,2025,4,,2459,344,Northern Illinois,Mississippi State,2.57,pbp,Mid-American,SEC,fbs,fbs
#acacad,#6388cb,2024,1,,2466,202,Northwestern State,Tulsa,2.57,pbp,Southland,American Athletic,fcs,fbs
#c44e4e,#5096c4,2021,1,,322,2005,Lafayette,Air Force,2.57,legacy,Patriot,Mountain West,fcs,fbs
#6388cb,#39aa8c,2024,13,,202,58,Tulsa,South Florida,2.57,pbp,American Athletic,American Athletic,fbs,fbs
#6b8bce,#848484,2015,4,,68,258,Boise State,Virginia,2.57,pbp,Mountain West,ACC,fbs,fbs
#a6a6a6,#339a72,2024,4,,2460,62,Northern Iowa,Hawai'i,2.57,pbp,MVFC,Mountain West,fcs,fbs
#cfa0a8,#3f78bc,2016,11,,21,2440,San Diego State,Nevada,2.57,pbp,Mountain West,Mountain West,fbs,fbs
#db93a2,#4c4c4c,2018,8,,120,2294,Maryland,Iowa(19),2.56,pbp,Big Ten,Big Ten,fbs,fbs
#f2f2f2,#b6999d,2017,8,,38,265,Colorado,Washington State(15),2.56,pbp,Pac-12,Pac-12,fbs,fbs
#7fa4d4,#75807c,2020,4,,2305,239,Kansas,Baylor,2.56,pbp,Big 12,Big 12,fbs,fbs
#6f7cc9,#3e72b9,2019,8,,2084,2006,Buffalo,Akron,2.56,pbp,Mid-American,Mid-American,fbs,fbs
#b3787d,#e6c7b3,2016,1,,2142,183,Colgate,Syracuse,2.56,pbp,Patriot,ACC,fcs,fbs
#5090c5,#3aaf80,2016,2,,2226,2390,Florida Atlantic,Miami(25),2.56,pbp,Conference USA,ACC,fbs,fbs
#868686,#4c4c4c,2023,3,,2711,2294,Western Michigan,Iowa(25),2.56,pbp,Mid-American,Big Ten,fbs,fbs
#d6889a,#d3a5b1,2019,9,,275,194,Wisconsin(13),Ohio State(3),2.56,pbp,Big Ten,Big Ten,fbs,fbs
#937a7f,#ce919e,2017,4,,344,61,Mississippi State(17),Georgia(11),2.56,pbp,SEC,SEC,fbs,fbs
#888888,#4078be,2025,1,,2545,2348,SE Louisiana,Louisiana Tech,2.56,pbp,Southland,Conference USA,fcs,fbs
#6e6e6e,#e6ccb3,2026,4,,204,2638,Oregon State,UTEP,2.56,pbp,Pac-12,Mountain West,fbs,fbs
#bd3f7d,#848484,2023,13,,259,258,Virginia Tech,Virginia,2.55,pbp,ACC,ACC,fbs,fbs
#4abfc2,#FFFFFF,2018,3,,324,2097,Coastal Carolina,Campbell,2.55,pbp,Sun Belt,Big South,fbs,fcs
#a4a4a4,#3974ac,2021,8,,77,130,Northwestern,Michigan(6),2.55,pbp,Big Ten,Big Ten,fbs,fbs
#74baa8,#b8b8b8,2021,2,,2450,154,Norfolk State,Wake Forest,2.55,pbp,MEAC,ACC,fcs,fbs
#67aacc,#a4a4a4,2021,2,,282,77,Indiana State,Northwestern,2.55,pbp,MVFC,Big Ten,fcs,fbs
#d07980,#3e72b9,2019,4,,2653,2006,Troy,Akron,2.55,pbp,Sun Belt,Mid-American,fbs,fbs
#357a9e,#ce919e,2021,13,,328,167,Utah State,New Mexico,2.55,pbp,Mountain West,Mountain West,fbs,fbs
#4078be,#b6999d,2025,12,,2348,265,Louisiana Tech,Washington State,2.55,pbp,Conference USA,Pac-12,fbs,fbs
#d2adae,#6e6e6e,2016,14,,309,2433,Louisiana,UL Monroe,2.55,pbp,Sun Belt,Sun Belt,fbs,fbs
#cc7a91,#5d7088,2016,10,,218,41,Temple,UConn,2.54,pbp,American Athletic,American Athletic,fbs,fbs
#ceb2b3,#828282,2026,2,,253,36,Southern Utah,Colorado State,2.54,pbp,Big Sky,Pac-12,fcs,fbs
#3974ac,#d5a6af,2022,10,,130,164,Michigan(4),Rutgers,2.54,pbp,Big Ten,Big Ten,fbs,fbs
#838383,#ce919e,2018,13,,2751,167,Wyoming,New Mexico,2.54,pbp,Mountain West,Mountain West,fbs,fbs
#519bc5,#e6dbb3,2016,2,,295,2026,Old Dominion,App State,2.54,pbp,Conference USA,Sun Belt,fbs,fbs
#828282,#ce919e,2021,7,,36,167,Colorado State,New Mexico,2.54,pbp,Mountain West,Mountain West,fbs,fbs
#e7c8b6,#44699b,2020,16,,356,213,Illinois,Penn State,2.54,pbp,Big Ten,Big Ten,fbs,fbs
#b8b8b8,#f4f4f4,2015,7,,154,153,Wake Forest,North Carolina,2.54,pbp,ACC,ACC,fbs,fbs
#ce919e,#bd9fa4,2026,3,,61,8,Georgia(2),Arkansas,2.54,pbp,SEC,SEC,fbs,fbs
#e6dbb3,#576f8c,2017,Bowls,dollar general bowl,2026,2649,App State,Toledo,2.54,pbp,Sun Belt,Mid-American,fbs,fbs
#357a9e,#6b8bce,2024,6,,328,68,Utah State,Boise State(21),2.53,pbp,Mountain West,Mountain West,fbs,fbs
#5090c5,#db93a2,2025,1,,2226,120,Florida Atlantic,Maryland,2.53,pbp,American Athletic,Big Ten,fbs,fbs
#885caf,#7fa4d4,2021,10,,2306,2305,Kansas State,Kansas,2.53,pbp,Big 12,Big 12,fbs,fbs
#7fa4d4,#d98c8c,2018,8,,2305,2641,Kansas,Texas Tech,2.53,pbp,Big 12,Big 12,fbs,fbs
#7cb0d3,#4e6192,2021,6,,2393,2335,Middle Tennessee,Liberty,2.53,pbp,Conference USA,FBS Independents,fbs,fbs
#dd9da6,#e6cab3,2025,8,,2132,197,Cincinnati(24),Oklahoma State,2.52,pbp,Big 12,Big 12,fbs,fbs
#4c85c3,#e1bbbf,2017,6,,2309,2459,Kent State,Northern Illinois,2.52,pbp,Mid-American,Mid-American,fbs,fbs
#4c85c3,#576f8c,2015,6,,2309,2649,Kent State,Toledo(24),2.52,pbp,Mid-American,Mid-American,fbs,fbs
#f0e8d6,#3c7eb4,2021,2,,338,59,Kennesaw State,Georgia Tech,2.52,pbp,Big South,ACC,fcs,fbs
#6b8bce,#7f46c2,2019,Bowls,mitsubishi motors las vegas bowl,68,264,Boise State(23),Washington,2.52,pbp,Mountain West,Pac-12,fbs,fbs
#cc7a91,#4fb885,2025,8,,218,2429,Temple,Charlotte,2.52,pbp,American Athletic,American Athletic,fbs,fbs
#6388cb,#359f7d,2024,10,,202,5,Tulsa,UAB,2.52,pbp,American Athletic,American Athletic,fbs,fbs
#a75a7c,#a4a4a4,2015,5,,135,77,Minnesota,Northwestern(16),2.52,pbp,Big Ten,Big Ten,fbs,fbs
#cfbdbf,#5d7088,2021,13,,248,41,Houston(19),UConn,2.52,pbp,American Athletic,FBS Independents,fbs,fbs
#4c85c3,#8e8e8e,2015,11,,2309,195,Kent State,Ohio,2.52,pbp,Mid-American,Mid-American,fbs,fbs
#ce6c81,#3f78bc,2024,4,,331,2440,Eastern Washington,Nevada,2.52,pbp,Big Sky,Mountain West,fcs,fbs
#4c85c3,#bd9fa4,2023,2,,2309,8,Kent State,Arkansas,2.52,pbp,Mid-American,SEC,fbs,fbs
#dc97a7,#d17b7b,2024,5,,278,2439,Fresno State,UNLV,2.52,pbp,Mountain West,Mountain West,fbs,fbs
#b7949a,#f2f2f2,2015,2,,113,38,Massachusetts,Colorado,2.52,pbp,Mid-American,Pac-12,fbs,fbs
#bd3f7d,#917e9c,2017,3,,259,151,Virginia Tech(16),East Carolina,2.52,pbp,ACC,American Athletic,fbs,fbs
#b5b5b5,#ce919e,2018,6,,238,61,Vanderbilt,Georgia(2),2.51,pbp,SEC,SEC,fbs,fbs
#345b9d,#e6c6c7,2016,10,,2229,98,Florida International,Western Kentucky,2.51,pbp,Conference USA,Conference USA,fbs,fbs
#dc97a7,#3f78bc,2022,12,,278,2440,Fresno State,Nevada,2.51,pbp,Mountain West,Mountain West,fbs,fbs
#3974ac,#db93a2,2015,5,,130,120,Michigan(22),Maryland,2.51,pbp,Big Ten,Big Ten,fbs,fbs
#3aa07c,#3cb48f,2026,3,,2449,16,North Dakota State,Sacramento State,2.51,pbp,Mountain West,Mid-American,fbs,fbs
#e1c8a7,#d2adae,2018,1,,2755,309,Grambling,Louisiana,2.51,pbp,SWAC,Sun Belt,fcs,fbs
#828282,#6b8bce,2020,11,,36,68,Colorado State,Boise State,2.51,pbp,Mountain West,Mountain West,fbs,fbs
#917e9c,#cc7a91,2016,13,,151,218,East Carolina,Temple,2.51,pbp,American Athletic,American Athletic,fbs,fbs
#b6999d,#885caf,2026,2,,265,2306,Washington State,Kansas State,2.51,pbp,Pac-12,Big 12,fbs,fbs
#b57f81,#4b83c3,2015,7,,166,290,New Mexico State,Georgia Southern,2.51,pbp,Sun Belt,Sun Belt,fbs,fbs
#e0a3ae,#adb8c1,2025,1,,254,26,Utah,UCLA,2.51,pbp,Big 12,Big Ten,fbs,fbs
#f0e7d1,#b8b8b8,2018,2,,119,154,Towson,Wake Forest,2.51,pbp,CAA,ACC,fcs,fbs
#6e6e6e,#e6dbb3,2021,9,,2433,2026,UL Monroe,App State,2.51,pbp,Sun Belt,Sun Belt,fbs,fbs
#38a993,#b7949a,2016,9,,2681,113,Wagner,Massachusetts,2.51,pbp,NEC,FBS Independents,fcs,fbs
#5d3db6,#e0a3ae,2018,1,,2692,254,Weber State,Utah,2.51,pbp,Big Sky,Pac-12,fcs,fbs
#cf6e75,#a75a7c,2018,3,,193,135,Miami (OH),Minnesota,2.5,pbp,Mid-American,Big Ten,fbs,fbs
#5d7088,#e6c7b3,2018,4,,41,183,UConn,Syracuse,2.5,pbp,American Athletic,ACC,fbs,fbs
#d6889a,#cc6666,2025,12,,275,84,Wisconsin,Indiana(2),2.5,pbp,Big Ten,Big Ten,fbs,fbs
#5d7088,#cfbdbf,2016,5,,41,248,UConn,Houston(6),2.5,pbp,American Athletic,American Athletic,fbs,fbs
#dc9797,#8e8e8e,2018,9,,2050,195,Ball State,Ohio,2.5,pbp,Mid-American,Mid-American,fbs,fbs
#4c85c3,#bc778f,2019,1,,2309,9,Kent State,Arizona State,2.5,pbp,Mid-American,Pac-12,fbs,fbs
#a4a4a4,#e3c2ab,2022,2,,231,228,Furman,Clemson(5),2.5,pbp,Southern,ACC,fcs,fbs
#4abfc2,#ddb4b6,2021,6,,324,2032,Coastal Carolina(15),Arkansas State,2.5,pbp,Sun Belt,Sun Belt,fbs,fbs
#b7949a,#5d7088,2015,4,,113,87,Massachusetts,Notre Dame(6),2.5,pbp,Mid-American,FBS Independents,fbs,fbs
#4abfc2,#9156c7,2024,7,,324,256,Coastal Carolina,James Madison,2.5,pbp,Sun Belt,Sun Belt,fbs,fbs
#f6f6f6,#e6cab3,2015,2,,2110,197,Central Arkansas,Oklahoma State,2.5,pbp,Southland,Big 12,fcs,fbs
#a4a4a4,#e7c8b6,2021,13,,77,356,Northwestern,Illinois,2.5,pbp,Big Ten,Big Ten,fbs,fbs
#b7949a,#8e8e8e,2025,13,,113,195,Massachusetts,Ohio,2.49,pbp,Mid-American,Mid-American,fbs,fbs
#ce919e,#e9e1ce,2020,15,,61,142,Georgia(12),Missouri,2.49,pbp,SEC,SEC,fbs,fbs
#e6c7b3,#4e6192,2019,1,,183,2335,Syracuse(22),Liberty,2.49,pbp,ACC,FBS Independents,fbs,fbs
#4078be,#b7b7b8,2017,Bowls,dxl frisco bowl,2348,2567,Louisiana Tech,SMU,2.49,pbp,Conference USA,American Athletic,fbs,fbs
#d88a96,#b7b7b8,2025,13,,97,2567,Louisville,SMU,2.48,pbp,ACC,ACC,fbs,fbs
#d98c8c,#5d7088,2025,7,,152,87,NC State,Notre Dame(16),2.48,pbp,ACC,FBS Independents,fbs,fbs
#e5c2b2,#cfbdbf,2023,4,,2534,248,Sam Houston,Houston,2.48,pbp,Conference USA,Big 12,fbs,fbs
#6f7cc9,#935531,2018,13,,2084,189,Buffalo,Bowling Green,2.48,pbp,Mid-American,Mid-American,fbs,fbs
#519bc5,#6e6e6e,2025,10,,295,2433,Old Dominion,UL Monroe,2.48,pbp,Sun Belt,Sun Belt,fbs,fbs
#b3787d,#6f7cc9,2017,3,,2142,2084,Colgate,Buffalo,2.48,pbp,Patriot,Mid-American,fcs,fbs
#f4f4f4,#cc7a91,2019,Bowls,military bowl presented by northrop grumman,153,218,North Carolina,Temple,2.48,pbp,ACC,American Athletic,fbs,fbs
#4c85c3,#868686,2024,9,,2309,2711,Kent State,Western Michigan,2.48,pbp,Mid-American,Mid-American,fbs,fbs
#d98c8c,#7fa4d4,2021,7,,2641,2305,Texas Tech,Kansas,2.47,pbp,Big 12,Big 12,fbs,fbs
#cbbdb5,#75807c,2017,9,,251,239,Texas,Baylor,2.47,pbp,Big 12,Big 12,fbs,fbs
#ce6c81,#b6999d,2018,3,,331,265,Eastern Washington,Washington State,2.47,pbp,Big Sky,Pac-12,fcs,fbs
#339a72,#dc97a7,2018,9,,62,278,Hawai'i,Fresno State,2.47,pbp,Mountain West,Mountain West,fbs,fbs
#ae7b7c,#4b83c3,2024,3,,2569,290,South Carolina State,Georgia Southern,2.47,pbp,MEAC,Sun Belt,fcs,fbs
#565656,#e6c7b3,2024,5,,107,183,Holy Cross,Syracuse,2.47,pbp,Patriot,ACC,fcs,fbs
#357a9e,#d6889a,2017,1,,328,275,Utah State,Wisconsin(9),2.47,pbp,Mountain West,Big Ten,fbs,fbs
#e6dbb3,#6e6e6e,2015,7,,2026,2433,App State,UL Monroe,2.47,pbp,Sun Belt,Sun Belt,fbs,fbs
#bc778f,#e0a3ae,2025,7,,9,254,Arizona State(21),Utah,2.46,pbp,Big 12,Big 12,fbs,fbs
#85797a,#e6dbb3,2016,10,,326,2026,Texas State,App State,2.46,pbp,Sun Belt,Sun Belt,fbs,fbs
#3d77b8,#bd9fa4,2023,11,,2,8,Auburn,Arkansas,2.46,pbp,SEC,SEC,fbs,fbs
#4fb885,#5c81c6,2020,9,,2429,150,Charlotte,Duke,2.46,pbp,Conference USA,ACC,fbs,fbs
#44699b,#e7c8b6,2018,4,,213,356,Penn State(10),Illinois,2.46,pbp,Big Ten,Big Ten,fbs,fbs
#357a9e,#61a0ca,2017,4,,328,23,Utah State,San José State,2.46,pbp,Mountain West,Mountain West,fbs,fbs
#61a0ca,#a6999b,2016,4,,23,66,San José State,Iowa State,2.46,pbp,Mountain West,Big 12,fbs,fbs
#cf6e75,#5d7088,2024,4,,193,87,Miami (OH),Notre Dame(17),2.46,pbp,Mid-American,FBS Independents,fbs,fbs
#e6c7b3,#3aaf80,2025,11,,183,2390,Syracuse,Miami(18),2.45,pbp,ACC,ACC,fbs,fbs
#e6cab3,#5d7193,2025,6,,197,12,Oklahoma State,Arizona,2.45,pbp,Big 12,Big 12,fbs,fbs
#3d6bb7,#5d7088,2021,10,,2426,87,Navy,Notre Dame(8),2.45,pbp,American Athletic,FBS Independents,fbs,fbs
#bd9fa4,#af3a3a,2026,5,,8,245,Arkansas,Texas A&M,2.45,pbp,SEC,SEC,fbs,fbs
#e6ccb3,#359f7d,2019,12,,2638,5,UTEP,UAB,2.45,pbp,Conference USA,Conference USA,fbs,fbs
#4fb885,#e6c6c7,2017,7,,2429,98,Charlotte,Western Kentucky,2.45,pbp,Conference USA,Conference USA,fbs,fbs
#838383,#dc97a7,2018,7,,2751,278,Wyoming,Fresno State,2.45,pbp,Mountain West,Mountain West,fbs,fbs
#44699b,#7b7b7b,2015,13,,213,127,Penn State,Michigan State(6),2.45,pbp,Big Ten,Big Ten,fbs,fbs
#75807c,#ffffff,2016,3,,239,242,Baylor(21),Rice,2.45,pbp,Big 12,Conference USA,fbs,fbs
#3aaf80,#e6dbb3,2016,3,,2390,2026,Miami(25),App State,2.45,pbp,ACC,Sun Belt,fbs,fbs
#e6c7b3,#6b8bce,2022,3,,2630,68,UT Martin,Boise State,2.45,pbp,OVC,Mountain West,fcs,fbs
#6b8bce,#ce919e,2015,10,,96,61,Kentucky,Georgia,2.45,pbp,SEC,SEC,fbs,fbs
#f0ded1,#3d77b8,2022,1,,2382,2,Mercer,Auburn,2.45,pbp,Southern,SEC,fcs,fbs
#6e6e6e,#5d7088,2023,Bowls,tony the tiger sun bowl,204,87,Oregon State,Notre Dame(14),2.44,pbp,Pac-12,FBS Independents,fbs,fbs
#dc9797,#838383,2021,3,,2050,2751,Ball State,Wyoming,2.44,pbp,Mid-American,Mountain West,fbs,fbs
#7c7ccc,#5c81c6,2022,3,,2448,150,North Carolina A&T,Duke,2.44,legacy,Big South,ACC,fcs,fbs
#d3a5b1,#cc6666,2023,1,,194,84,Ohio State(3),Indiana,2.44,pbp,Big Ten,Big Ten,fbs,fbs
#519bc5,#4e6192,2021,3,,295,2335,Old Dominion,Liberty,2.44,pbp,Conference USA,FBS Independents,fbs,fbs
#5096c4,#75807c,2024,3,,2005,239,Air Force,Baylor,2.44,pbp,Mountain West,Big 12,fbs,fbs
#bd9099,#d6889a,2024,3,,333,275,Alabama(4),Wisconsin,2.44,pbp,SEC,Big Ten,fbs,fbs
#44699b,#3f7fbd,2018,2,,213,221,Penn State(13),Pittsburgh,2.43,pbp,Big Ten,ACC,fbs,fbs
#dc97a7,#ce919e,2022,8,,278,167,Fresno State,New Mexico,2.43,pbp,Mountain West,Mountain West,fbs,fbs
#7f46c2,#adb8c1,2025,13,,264,26,Washington,UCLA,2.43,pbp,Big Ten,Big Ten,fbs,fbs
#6f92cf,#9785a6,2023,7,,252,2628,BYU,TCU,2.43,pbp,Big 12,Big 12,fbs,fbs
#3f647f,#6e6e6e,2022,11,,25,204,California,Oregon State,2.43,pbp,Pac-12,Pac-12,fbs,fbs
#7f46c2,#b6999d,2025,4,,264,265,Washington,Washington State,2.43,pbp,Big Ten,Pac-12,fbs,fbs
#838383,#d17b7b,2020,13,,2751,2439,Wyoming,UNLV,2.43,pbp,Mountain West,Mountain West,fbs,fbs
#e3c2ab,#b8b8b8,2024,7,,228,154,Clemson(10),Wake Forest,2.43,pbp,ACC,ACC,fbs,fbs
#7cb0d3,#d6889a,2025,2,,2393,275,Middle Tennessee,Wisconsin,2.43,pbp,Conference USA,Big Ten,fbs,fbs
#ecdecd,#f4f4f4,2022,1,,50,153,Florida A&M,North Carolina,2.43,pbp,SWAC,ACC,fcs,fbs
#3c73b2,#bca0a5,2023,11,,277,201,West Virginia,Oklahoma(17),2.43,pbp,Big 12,Big 12,fbs,fbs
#4fb885,#c24a54,2022,4,,2429,2579,Charlotte,South Carolina,2.43,pbp,Conference USA,SEC,fbs,fbs
#3e72b9,#d5a6af,2024,2,,2006,164,Akron,Rutgers,2.43,pbp,Mid-American,Big Ten,fbs,fbs
#5d7088,#cc7a91,2019,14,,41,218,UConn,Temple,2.43,legacy,American Athletic,American Athletic,fbs,fbs
#f0e7d1,#3d6bb7,2026,1,,119,2426,Towson,Navy,2.42,pbp,Coastal Athletic,American Athletic,fcs,fbs
#ddb4b6,#85797a,2024,7,,2032,326,Arkansas State,Texas State,2.42,pbp,Sun Belt,Sun Belt,fbs,fbs
#868686,#d3a5b1,2015,4,,2711,194,Western Michigan,Ohio State(1),2.42,pbp,Mid-American,Big Ten,fbs,fbs
#576f8c,#dc9797,2019,8,,2649,2050,Toledo,Ball State,2.42,pbp,Mid-American,Mid-American,fbs,fbs
#c0437e,#dc9797,2017,8,,2117,2050,Central Michigan,Ball State,2.42,pbp,Mid-American,Mid-American,fbs,fbs
#3f7fbd,#bd3f7d,2019,13,,221,259,Pittsburgh,Virginia Tech(25),2.42,pbp,ACC,ACC,fbs,fbs
#4abfc2,#ddb4b6,2017,7,,324,2032,Coastal Carolina,Arkansas State,2.42,pbp,Sun Belt,Sun Belt,fbs,fbs
#ad9a9d,#dd9da6,2019,Bowls,ticketsmarter birmingham bowl,103,2132,Boston College,Cincinnati(21),2.42,pbp,ACC,American Athletic,fbs,fbs
#989898,#3d6bb7,2018,3,,2329,2426,Lehigh,Navy,2.42,pbp,Patriot,American Athletic,fcs,fbs
#5d7088,#cc7a91,2015,13,,41,218,UConn,Temple(25),2.42,pbp,American Athletic,American Athletic,fbs,fbs
#8e8e8e,#a4a4a4,2021,4,,195,77,Ohio,Northwestern,2.41,pbp,Mid-American,Big Ten,fbs,fbs
#e6ccb3,#b57f81,2021,1,,2638,166,UTEP,New Mexico State,2.41,pbp,Conference USA,FBS Independents,fbs,fbs
#5d7088,#bd9fa4,2025,5,,87,8,Notre Dame(22),Arkansas,2.41,pbp,FBS Independents,SEC,fbs,fbs
#d2adae,#e6dbb3,2017,14,,309,2026,Louisiana,App State,2.41,pbp,Sun Belt,Sun Belt,fbs,fbs
#828282,#838383,2025,9,,36,2751,Colorado State,Wyoming,2.41,pbp,Mountain West,Mountain West,fbs,fbs
#c44e4e,#d9c78e,2016,7,,322,349,Lafayette,Army,2.41,pbp,Patriot,FBS Independents,fcs,fbs
#ad9a9d,#cc7a91,2021,3,,103,218,Boston College,Temple,2.41,pbp,ACC,American Athletic,fbs,fbs
#4c85c3,#bc778f,2016,1,,2464,9,Northern Arizona,Arizona State,2.41,pbp,Big Sky,Pac-12,fcs,fbs
#e6ccb3,#ce919e,2018,5,,2633,61,Tennessee,Georgia(2),2.41,pbp,SEC,SEC,fbs,fbs
#d07980,#3d68b7,2020,14,,2653,6,Troy,South Alabama,2.41,pbp,Sun Belt,Sun Belt,fbs,fbs
#329870,#3f78bc,2018,1,,2502,2440,Portland State,Nevada,2.4,pbp,Big Sky,Mountain West,fcs,fbs
#ceb2b3,#d17b7b,2019,1,,253,2439,Southern Utah,UNLV,2.4,pbp,Big Sky,Mountain West,fcs,fbs
#FFFFFF,#3d75b8,2026,1,,292,2636,UT Rio Grande Valley,UTSA,2.4,pbp,Southland,American Athletic,fcs,fbs
#9785a6,#a6999b,2021,13,,2628,66,TCU,Iowa State,2.4,pbp,Big 12,Big 12,fbs,fbs
#FFFFFF,#75807c,2015,2,,2320,239,Lamar,Baylor(4),2.4,pbp,Southland,Big 12,fcs,fbs
#6f7cc9,#b7949a,2022,7,,2084,113,Buffalo,Massachusetts,2.4,pbp,Mid-American,FBS Independents,fbs,fbs
#e1bbbf,#c0437e,2019,10,,2459,2117,Northern Illinois,Central Michigan,2.4,pbp,Mid-American,Mid-American,fbs,fbs
#c0437e,#cfa0a8,2019,Bowls,new mexico bowl,2117,21,Central Michigan,San Diego State,2.39,pbp,Mid-American,Mountain West,fbs,fbs
#4078be,#978da5,2026,2,,2348,99,Louisiana Tech,LSU(8),2.39,pbp,Sun Belt,SEC,fbs,fbs
#cbb4b7,#4fb885,2021,2,,2241,2429,Gardner-Webb,Charlotte,2.39,pbp,Big South,Conference USA,fcs,fbs
#d5a6af,#44699b,2021,12,,164,213,Rutgers,Penn State,2.39,pbp,Big Ten,Big Ten,fbs,fbs
#329870,#339a72,2025,3,,2502,62,Portland State,Hawai'i,2.39,pbp,Big Sky,Mountain West,fcs,fbs
#3d68b7,#ddb4b6,2022,9,,6,2032,South Alabama,Arkansas State,2.39,pbp,Sun Belt,Sun Belt,fbs,fbs
#d17b7b,#3974ac,2015,3,,2439,130,UNLV,Michigan,2.39,pbp,Mountain West,Big Ten,fbs,fbs
#c65681,#5090c5,2021,3,,2230,2226,Fordham,Florida Atlantic,2.39,pbp,Patriot,Conference USA,fcs,fbs
#d17b7b,#3f78bc,2021,9,,2439,2440,UNLV,Nevada,2.39,pbp,Mountain West,Mountain West,fbs,fbs
#dc97a7,#bc778f,2023,3,,278,9,Fresno State,Arizona State,2.39,pbp,Mountain West,Pac-12,fbs,fbs
#5096c4,#ce919e,2021,5,,2005,167,Air Force,New Mexico,2.39,pbp,Mountain West,Mountain West,fbs,fbs
#d1a0a8,#e9e1ce,2021,3,,2546,142,Southeast Missouri State,Missouri,2.39,pbp,OVC,SEC,fcs,fbs
#4f4f4f,#5c81c6,2024,1,,2210,150,Elon,Duke,2.39,pbp,CAA,ACC,fcs,fbs
#d17b7b,#cfa0a8,2020,8,,2439,21,UNLV,San Diego State,2.39,pbp,Mountain West,Mountain West,fbs,fbs
#cfbdbf,#d9c78e,2018,Bowls,lockheed martin armed forces bowl,248,349,Houston,Army(19),2.39,pbp,American Athletic,FBS Independents,fbs,fbs
#5c81c6,#e3c2ab,2018,12,,150,228,Duke,Clemson(2),2.38,pbp,ACC,ACC,fbs,fbs
#a33cb5,#f4ebe0,2023,1,,2016,2572,Alcorn State,Southern Miss,2.38,pbp,SWAC,Sun Belt,fcs,fbs
#8e8e8e,#935531,2019,13,,195,189,Ohio,Bowling Green,2.38,pbp,Mid-American,Mid-American,fbs,fbs
#cc7a91,#c8c6c2,2020,11,,218,2116,Temple,UCF,2.38,pbp,American Athletic,American Athletic,fbs,fbs
#ce919e,#c24a54,2020,13,,61,2579,Georgia(13),South Carolina,2.38,pbp,SEC,SEC,fbs,fbs
#a4a4a4,#e7c8b6,2017,13,,77,356,Northwestern(23),Illinois,2.38,pbp,Big Ten,Big Ten,fbs,fbs
#5090c5,#917e9c,2024,11,,2226,151,Florida Atlantic,East Carolina,2.38,pbp,American Athletic,American Athletic,fbs,fbs
#e3c2ab,#ad9a9d,2022,6,,228,103,Clemson(5),Boston College,2.37,pbp,ACC,ACC,fbs,fbs
#a4a4a4,#af3a3a,2023,12,,2000,245,Abilene Christian,Texas A&M,2.37,pbp,UAC,SEC,fcs,fbs
#e7c8b6,#cc6666,2025,4,,356,84,Illinois(9),Indiana(19),2.37,pbp,Big Ten,Big Ten,fbs,fbs
#acacad,#d2adae,2023,1,,2466,309,Northwestern State,Louisiana,2.37,pbp,Southland,Sun Belt,fcs,fbs
#f2f2f2,#b6999d,2019,8,,38,265,Colorado,Washington State,2.37,pbp,Pac-12,Pac-12,fbs,fbs
#935531,#8e8e8e,2018,8,,189,195,Bowling Green,Ohio,2.37,pbp,Mid-American,Mid-American,fbs,fbs
#a0a0a0,#e6c7b3,2016,12,,52,183,Florida State(17),Syracuse,2.37,pbp,ACC,ACC,fbs,fbs
#885caf,#3c73b2,2018,4,,2306,277,Kansas State,West Virginia(12),2.37,pbp,Big 12,Big 12,fbs,fbs
#cc6666,#ddb4b6,2023,3,,2619,2032,Stony Brook,Arkansas State,2.37,pbp,CAA,Sun Belt,fcs,fbs
#ce919e,#6b8bce,2023,11,,167,68,New Mexico,Boise State,2.37,pbp,Mountain West,Mountain West,fbs,fbs
#dc9797,#6b8bce,2023,1,,2050,96,Ball State,Kentucky,2.37,pbp,Mid-American,SEC,fbs,fbs
#3aaf80,#f4f4f4,2015,11,,2390,153,Miami,North Carolina(17),2.37,pbp,ACC,ACC,fbs,fbs
#a33cb5,#f4ebe0,2019,1,,2016,2572,Alcorn State,Southern Miss,2.36,pbp,SWAC,Conference USA,fcs,fbs
#e6c6c7,#bd9099,2016,2,,98,333,Western Kentucky,Alabama(1),2.36,pbp,Conference USA,SEC,fbs,fbs
#bd9fa4,#e0a3ae,2026,2,,8,254,Arkansas,Utah(20),2.36,pbp,SEC,Big 12,fbs,fbs
#838383,#da8f8f,2016,2,,2751,158,Wyoming,Nebraska,2.36,pbp,Mountain West,Big Ten,fbs,fbs
#339a72,#adb8c1,2017,2,,62,26,Hawai'i,UCLA,2.36,pbp,Mountain West,Pac-12,fbs,fbs
#359f7d,#6095ca,2024,12,,5,235,UAB,Memphis,2.36,pbp,American Athletic,American Athletic,fbs,fbs
#9156c7,#4abfc2,2023,13,,256,324,James Madison(24),Coastal Carolina,2.36,pbp,Sun Belt,Sun Belt,fbs,fbs
#f0e7d1,#db93a2,2025,3,,119,120,Towson,Maryland,2.36,pbp,CAA,Big Ten,fcs,fbs
#6388cb,#7b7b7b,2019,1,,202,127,Tulsa,Michigan State(18),2.36,pbp,American Athletic,Big Ten,fbs,fbs
#d6889a,#e7c8b6,2021,6,,275,356,Wisconsin,Illinois,2.36,pbp,Big Ten,Big Ten,fbs,fbs
#d6889a,#d3a5b1,2022,4,,275,194,Wisconsin,Ohio State(3),2.36,pbp,Big Ten,Big Ten,fbs,fbs
#ce919e,#cfa0a8,2021,6,,167,21,New Mexico,San Diego State(25),2.35,pbp,Mountain West,Mountain West,fbs,fbs
#3d77b8,#bd9099,2018,12,,2643,333,The Citadel,Alabama(1),2.35,pbp,Southern,SEC,fcs,fbs
#5c81c6,#e6c7b3,2025,5,,150,183,Duke,Syracuse,2.35,pbp,ACC,ACC,fbs,fbs
#a0a0a0,#5d7088,2018,11,,52,87,Florida State,Notre Dame(3),2.35,pbp,ACC,FBS Independents,fbs,fbs
#937a7f,#bd9099,2022,8,,344,333,Mississippi State(24),Alabama(6),2.35,pbp,SEC,SEC,fbs,fbs
#357a9e,#6b8bce,2020,8,,328,68,Utah State,Boise State,2.35,pbp,Mountain West,Mountain West,fbs,fbs
#d37d7b,#f0e8d6,2024,6,,55,338,Jacksonville State,Kennesaw State,2.35,pbp,Conference USA,Conference USA,fbs,fbs
#3f647f,#b6999d,2016,11,,25,265,California,Washington State(23),2.35,pbp,Pac-12,Pac-12,fbs,fbs
#adb8c1,#db93a2,2026,4,,26,120,UCLA,Maryland,2.35,pbp,Big Ten,Big Ten,fbs,fbs
#7cb0d3,#9156c7,2022,1,,2393,256,Middle Tennessee,James Madison,2.34,pbp,Conference USA,Sun Belt,fbs,fbs
#8e8e8e,#cf6e75,2024,15,mac championship,195,193,Ohio,Miami (OH),2.34,pbp,Mid-American,Mid-American,fbs,fbs
#359f7d,#978da5,2022,12,,5,99,UAB,LSU(6),2.34,pbp,Conference USA,SEC,fbs,fbs
#ffffff,#85797a,2025,Bowls,lockheed martin armed forces bowl,242,326,Rice,Texas State,2.34,pbp,American Athletic,Sun Belt,fbs,fbs
#b9a0a5,#5d7193,2016,7,,30,12,USC,Arizona,2.34,pbp,Pac-12,Pac-12,fbs,fbs
#e3c2ab,#ce919e,2024,1,aflac kickoff,228,61,Clemson(14),Georgia(1),2.34,pbp,ACC,SEC,fbs,fbs
#888888,#5090c5,2022,2,,2545,2226,SE Louisiana,Florida Atlantic,2.34,pbp,Southland,Conference USA,fcs,fbs
#868686,#3974ac,2021,1,,2711,130,Western Michigan,Michigan,2.34,pbp,Mid-American,Big Ten,fbs,fbs
#cfbdbf,#917e9c,2022,12,,248,151,Houston,East Carolina,2.34,pbp,American Athletic,American Athletic,fbs,fbs
#5d7193,#b6999d,2018,12,,12,265,Arizona,Washington State(8),2.34,pbp,Pac-12,Pac-12,fbs,fbs
#e9e1ce,#e6ccb3,2022,11,,142,2633,Missouri,Tennessee(5),2.34,pbp,SEC,SEC,fbs,fbs
#e3c2ab,#f4f4f4,2025,6,,228,153,Clemson,North Carolina,2.34,pbp,ACC,ACC,fbs,fbs
#6f92cf,#b7949a,2019,13,,252,113,BYU,Massachusetts,2.33,pbp,FBS Independents,FBS Independents,fbs,fbs
#345b9d,#cc6666,2024,1,,2229,84,Florida International,Indiana,2.33,pbp,Conference USA,Big Ten,fbs,fbs
#c24a54,#ce919e,2021,3,,2579,61,South Carolina,Georgia(2),2.33,pbp,SEC,SEC,fbs,fbs
#5d3db6,#e0a3ae,2023,3,,2692,254,Weber State,Utah(12),2.33,pbp,Big Sky,Pac-12,fcs,fbs
#4b83c3,#e6dbb3,2021,13,,290,2026,Georgia Southern,App State,2.33,pbp,Sun Belt,Sun Belt,fbs,fbs
#a4a4a4,#d98c8c,2026,1,,2000,2641,Abilene Christian,Texas Tech(12),2.33,pbp,UAC,Big 12,fcs,fbs
#5d7088,#b48686,2025,14,,87,24,Notre Dame(9),Stanford,2.33,pbp,FBS Independents,ACC,fbs,fbs
#ce919e,#b5b5b5,2017,6,,61,238,Georgia(5),Vanderbilt,2.33,pbp,SEC,SEC,fbs,fbs
#359f7d,#6f82cf,2017,12,,5,57,UAB,Florida,2.33,pbp,Conference USA,SEC,fbs,fbs
#9785a6,#b7b7b8,2016,4,,2628,2567,TCU,SMU,2.33,pbp,Big 12,American Athletic,fbs,fbs
#6e6e6e,#b48686,2018,11,,204,24,Oregon State,Stanford,2.33,pbp,Pac-12,Pac-12,fbs,fbs
#4c85c3,#576f8c,2025,8,,2309,2649,Kent State,Toledo,2.33,pbp,Mid-American,Mid-American,fbs,fbs
#868686,#c0437e,2016,5,,2711,2117,Western Michigan,Central Michigan,2.33,pbp,Mid-American,Mid-American,fbs,fbs
#ba3e3e,#7fa4d4,2023,1,,2623,2305,Missouri State,Kansas,2.33,pbp,MVFC,Big 12,fcs,fbs
#44699b,#db93a2,2023,10,,213,120,Penn State(9),Maryland,2.33,pbp,Big Ten,Big Ten,fbs,fbs
#7f46c2,#3f647f,2016,10,,264,25,Washington(4),California,2.33,pbp,Pac-12,Pac-12,fbs,fbs
#4078be,#6f92cf,2020,5,,2348,252,Louisiana Tech,BYU(22),2.33,pbp,Conference USA,FBS Independents,fbs,fbs
#bd9099,#bd9fa4,2018,6,,333,8,Alabama(1),Arkansas,2.33,pbp,SEC,SEC,fbs,fbs
#386ca9,#868686,2015,3,,93,2711,Murray State,Western Michigan,2.33,pbp,OVC,Mid-American,fcs,fbs
#b7949a,#ad9a9d,2018,1,,113,103,Massachusetts,Boston College,2.33,pbp,FBS Independents,ACC,fbs,fbs
#e6dbb3,#d07980,2019,14,,2026,2653,App State(22),Troy,2.32,pbp,Sun Belt,Sun Belt,fbs,fbs
#e6ccb3,#3974ac,2026,3,,2638,130,UTEP,Michigan(19),2.32,pbp,Mountain West,Big Ten,fbs,fbs
#7b7b7b,#d6889a,2026,5,,127,275,Michigan State,Wisconsin,2.32,pbp,Big Ten,Big Ten,fbs,fbs
#e3c2ab,#ad9a9d,2025,7,,228,103,Clemson,Boston College,2.32,pbp,ACC,ACC,fbs,fbs
#d17b7b,#57c78b,2026,2,,2439,249,UNLV,North Texas,2.32,pbp,Mountain West,American Athletic,fbs,fbs
#6f7cc9,#3e72b9,2021,8,,2084,2006,Buffalo,Akron,2.31,pbp,Mid-American,Mid-American,fbs,fbs
#909fb7,#3d68b7,2016,12,,2506,6,Presbyterian,South Alabama,2.31,pbp,Big South,Sun Belt,fcs,fbs
#6095ca,#dd9da6,2020,9,,235,2132,Memphis,Cincinnati(7),2.31,pbp,American Athletic,American Athletic,fbs,fbs
#917e9c,#d98c8c,2019,1,,151,152,East Carolina,NC State,2.31,pbp,American Athletic,ACC,fbs,fbs
#74acd1,#519bc5,2016,1,,2261,295,Hampton,Old Dominion,2.31,pbp,MEAC,Conference USA,fcs,fbs
#ce919e,#5096c4,2020,12,,167,2005,New Mexico,Air Force,2.31,pbp,Mountain West,Mountain West,fbs,fbs
#d9c78e,#e6ccb3,2016,3,,349,2638,Army,UTEP,2.31,pbp,FBS Independents,Conference USA,fbs,fbs
#e6dbb3,#d07980,2021,12,,2026,2653,App State,Troy,2.31,pbp,Sun Belt,Sun Belt,fbs,fbs
#bd9099,#e6ccb3,2020,8,,333,2633,Alabama(2),Tennessee,2.31,pbp,SEC,SEC,fbs,fbs
#579ec7,#ce919e,2017,3,,2535,61,Samford,Georgia(13),2.31,pbp,Southern,SEC,fcs,fbs
#e6dbb3,#d2adae,2016,7,,2026,309,App State,Louisiana,2.31,pbp,Sun Belt,Sun Belt,fbs,fbs
#e3c2ab,#3c7eb4,2022,1,chick-fil-a kickoff,228,59,Clemson(4),Georgia Tech,2.31,pbp,ACC,ACC,fbs,fbs
#8e8e8e,#d3a5b1,2025,3,,195,194,Ohio,Ohio State(1),2.3,pbp,Mid-American,Big Ten,fbs,fbs
#cfa0a8,#6b8bce,2024,10,,21,68,San Diego State,Boise State(15),2.3,pbp,Mountain West,Mountain West,fbs,fbs
#868686,#7b7b7b,2019,2,,2711,127,Western Michigan,Michigan State(19),2.3,pbp,Mid-American,Big Ten,fbs,fbs
#c8c6c2,#5090c5,2019,2,,2116,2226,UCF(18),Florida Atlantic,2.3,pbp,American Athletic,Conference USA,fbs,fbs
#dc9797,#576f8c,2018,10,,2050,2649,Ball State,Toledo,2.3,pbp,Mid-American,Mid-American,fbs,fbs
#935531,#b7949a,2025,14,,189,113,Bowling Green,Massachusetts,2.3,pbp,Mid-American,Mid-American,fbs,fbs
#39aa8c,#cfbdbf,2020,11,,58,248,South Florida,Houston,2.3,pbp,American Athletic,American Athletic,fbs,fbs
#345b9d,#e5c2b2,2025,14,,2229,2534,Florida International,Sam Houston,2.3,pbp,Conference USA,Conference USA,fbs,fbs
#b6999d,#b48686,2022,10,,265,24,Washington State,Stanford,2.3,pbp,Pac-12,Pac-12,fbs,fbs
#bd7575,#ce919e,2025,2,,2046,61,Austin Peay,Georgia(4),2.3,pbp,UAC,SEC,fcs,fbs
#3f89bd,#d5a6af,2016,2,,47,164,Howard,Rutgers,2.3,pbp,MEAC,Big Ten,fcs,fbs
#7f46c2,#47c27c,2016,6,,264,2483,Washington(5),Oregon,2.29,pbp,Pac-12,Pac-12,fbs,fbs
#cfa0a8,#e0a3ae,2022,3,,21,254,San Diego State,Utah(14),2.29,pbp,Mountain West,Pac-12,fbs,fbs
#4c4c4c,#3d77b8,2018,Bowls,franklin american mortgage music city bowl,2509,2,Purdue,Auburn,2.29,pbp,Big Ten,SEC,fbs,fbs
#357a9e,#57c78b,2018,Bowls,new mexico bowl presented by progressive,328,249,Utah State(22),North Texas,2.29,pbp,Mountain West,Conference USA,fbs,fbs
#d07980,#6e6e6e,2023,11,,2653,2433,Troy,UL Monroe,2.29,pbp,Sun Belt,Sun Belt,fbs,fbs
#d3a5b1,#e9e1ce,2023,1,,233,142,South Dakota,Missouri,2.29,pbp,MVFC,SEC,fcs,fbs
#329870,#57c78b,2015,6,,2502,249,Portland State,North Texas,2.29,pbp,Big Sky,Conference USA,fcs,fbs
#dbbcc0,#7b7b7b,2021,2,,2754,127,Youngstown State,Michigan State,2.29,pbp,MVFC,Big Ten,fcs,fbs
#99a6b8,#47c27c,2015,3,,2247,2483,Georgia State,Oregon(12),2.29,pbp,Sun Belt,Pac-12,fbs,fbs
#339969,#7b7b7b,2026,2,,2199,127,Eastern Michigan,Michigan State,2.29,pbp,Mid-American,Big Ten,fbs,fbs
#3c73b2,#7fa4d4,2025,4,,277,2305,West Virginia,Kansas,2.29,pbp,Big 12,Big 12,fbs,fbs
#75807c,#885caf,2023,11,,239,2306,Baylor,Kansas State,2.29,pbp,Big 12,Big 12,fbs,fbs
#6e6e6e,#a6999b,2019,4,,2433,66,UL Monroe,Iowa State,2.29,pbp,Sun Belt,Big 12,fbs,fbs
#3d77b8,#bd9099,2020,13,,2,333,Auburn(22),Alabama(1),2.28,pbp,SEC,SEC,fbs,fbs
#7c7ccc,#5c81c6,2019,2,,2448,150,North Carolina A&T,Duke,2.28,pbp,MEAC,ACC,fcs,fbs
#8e8e8e,#935531,2015,10,,195,189,Ohio,Bowling Green,2.28,pbp,Mid-American,Mid-American,fbs,fbs
#75807c,#b7b7b8,2015,1,,239,2567,Baylor(4),SMU,2.28,pbp,Big 12,American Athletic,fbs,fbs
#5d7193,#f2f2f2,2021,7,,12,38,Arizona,Colorado,2.28,pbp,Pac-12,Pac-12,fbs,fbs
#6f82cf,#cbbdb5,2024,11,,57,251,Florida,Texas(5),2.28,pbp,SEC,SEC,fbs,fbs
#7f46c2,#44699b,2024,11,,264,213,Washington,Penn State(6),2.28,pbp,Big Ten,Big Ten,fbs,fbs
#e1c8a7,#40be99,2017,1,,2755,2655,Grambling,Tulane,2.28,pbp,SWAC,American Athletic,fcs,fbs
#57c78b,#d98c8c,2024,3,,249,2641,North Texas,Texas Tech,2.28,pbp,American Athletic,Big 12,fbs,fbs
#da8f8f,#d3a5b1,2020,8,,158,194,Nebraska,Ohio State(5),2.28,pbp,Big Ten,Big Ten,fbs,fbs
#6e6e6e,#ddb4b6,2020,14,,2433,2032,UL Monroe,Arkansas State,2.28,pbp,Sun Belt,Sun Belt,fbs,fbs
#4c85c3,#af3a3a,2021,1,,2309,245,Kent State,Texas A&M(6),2.28,pbp,Mid-American,SEC,fbs,fbs
#5d3db6,#f2f2f2,2026,2,,2692,38,Weber State,Colorado,2.27,pbp,Big Sky,Big 12,fcs,fbs
#935531,#cf6e75,2023,6,,189,193,Bowling Green,Miami (OH),2.27,pbp,Mid-American,Mid-American,fbs,fbs
#40be99,#707987,2025,Bowls,,2655,145,Tulane(18),Ole Miss(3),2.27,pbp,American Athletic,SEC,fbs,fbs
#ce919e,#3c7eb4,2017,13,,61,59,Georgia(7),Georgia Tech,2.27,pbp,SEC,ACC,fbs,fbs
#6e6e6e,#a4a4a4,2025,6,,2433,77,UL Monroe,Northwestern,2.27,pbp,Sun Belt,Big Ten,fbs,fbs
#3d75b8,#af3a3a,2019,10,,2636,245,UTSA,Texas A&M,2.27,pbp,Conference USA,SEC,fbs,fbs
#3d68b7,#339969,2023,Bowls,68 ventures bowl,6,2199,South Alabama,Eastern Michigan,2.27,legacy,Sun Belt,Mid-American,fbs,fbs
#888888,#707987,2016,2,,2747,145,Wofford,Ole Miss(19),2.27,pbp,Southern,SEC,fcs,fbs
#b48686,#f2f2f2,2015,10,,24,38,Stanford(9),Colorado,2.26,pbp,Pac-12,Pac-12,fbs,fbs
#329870,#b6999d,2024,1,,2502,265,Portland State,Washington State,2.26,pbp,Big Sky,Pac-12,fcs,fbs
#339a72,#b6999d,2024,8,,62,265,Hawai'i,Washington State,2.26,pbp,Mountain West,Pac-12,fbs,fbs
#519bc5,#e6c6c7,2016,8,,295,98,Old Dominion,Western Kentucky,2.26,pbp,Conference USA,Conference USA,fbs,fbs
#917e9c,#3d6bb7,2019,3,,151,2426,East Carolina,Navy,2.26,pbp,American Athletic,American Athletic,fbs,fbs
#6f7cc9,#c0437e,2015,7,,2084,2117,Buffalo,Central Michigan,2.26,pbp,Mid-American,Mid-American,fbs,fbs
#ddb4b6,#d2adae,2024,11,,2032,309,Arkansas State,Louisiana,2.26,pbp,Sun Belt,Sun Belt,fbs,fbs
#9785a6,#3c73b2,2018,11,,2628,277,TCU,West Virginia(7),2.26,pbp,Big 12,Big 12,fbs,fbs
#e6c7b3,#e6c6c7,2021,1,,2630,98,UT Martin,Western Kentucky,2.26,pbp,OVC,Conference USA,fcs,fbs
#3d68b7,#4b83c3,2017,12,,6,290,South Alabama,Georgia Southern,2.25,pbp,Sun Belt,Sun Belt,fbs,fbs
#339a72,#3f78bc,2019,5,,62,2440,Hawai'i,Nevada,2.25,pbp,Mountain West,Mountain West,fbs,fbs
#689ecd,#e6c6c7,2023,2,,2277,98,Houston Christian,Western Kentucky,2.25,pbp,Southland,Conference USA,fcs,fbs
#e2c9a6,#d17b7b,2015,4,,304,2439,Idaho State,UNLV,2.25,pbp,Big Sky,Mountain West,fcs,fbs
#7cb0d3,#bd9099,2015,2,,2393,333,Middle Tennessee,Alabama(2),2.25,pbp,Conference USA,SEC,fbs,fbs
#5d7088,#ad9a9d,2016,12,,41,103,UConn,Boston College,2.25,pbp,American Athletic,ACC,fbs,fbs
#519bc5,#76d198,2017,7,,295,276,Old Dominion,Marshall,2.25,pbp,Conference USA,Conference USA,fbs,fbs
#e6dbb3,#6b8bce,2025,5,,2026,68,App State,Boise State,2.25,pbp,Sun Belt,Mountain West,fbs,fbs
#9858aa,#d17b7b,2018,3,,2504,2439,Prairie View A&M,UNLV,2.25,pbp,SWAC,Mountain West,fcs,fbs
#4e6192,#345b9d,2023,4,,2335,2229,Liberty,Florida International,2.24,pbp,Conference USA,Conference USA,fbs,fbs
#a8848d,#3aaf80,2017,1,,2065,2390,Bethune-Cookman,Miami(18),2.24,pbp,MEAC,ACC,fcs,fbs
#e9e1ce,#bd9fa4,2015,13,,142,8,Missouri,Arkansas,2.24,pbp,SEC,SEC,fbs,fbs
#FFFFFF,#e9e1ce,2017,8,,70,142,Idaho,Missouri,2.24,pbp,Sun Belt,SEC,fbs,fbs
#FFFFFF,#b7b7b8,2022,2,,2320,2567,Lamar,SMU,2.24,pbp,Southland,American Athletic,fcs,fbs
#d17b7b,#61a0ca,2022,6,,2439,23,UNLV,San José State,2.24,pbp,Mountain West,Mountain West,fbs,fbs
#d98c8c,#b8b8b8,2019,10,,152,154,NC State,Wake Forest(23),2.24,pbp,ACC,ACC,fbs,fbs
#e5c2b2,#c8c6c2,2024,2,,2534,2116,Sam Houston,UCF,2.23,pbp,Conference USA,Big 12,fbs,fbs
#f4ebe0,#ffffff,2015,11,,2572,242,Southern Miss,Rice,2.23,pbp,Conference USA,Conference USA,fbs,fbs
#4078be,#3d75b8,2018,7,,2348,2636,Louisiana Tech,UTSA,2.23,pbp,Conference USA,Conference USA,fbs,fbs
#b7b7b8,#b48686,2024,8,,2567,24,SMU(21),Stanford,2.23,pbp,ACC,ACC,fbs,fbs
#3f78bc,#828282,2021,13,,2440,36,Nevada,Colorado State,2.23,pbp,Mountain West,Mountain West,fbs,fbs
#8e8e8e,#868686,2018,10,,195,2711,Ohio,Western Michigan,2.23,pbp,Mid-American,Mid-American,fbs,fbs
#5c81c6,#3f7fbd,2016,12,,150,221,Duke,Pittsburgh,2.23,pbp,ACC,ACC,fbs,fbs
#4078be,#cbbdb5,2019,1,,2348,251,Louisiana Tech,Texas(10),2.23,pbp,Conference USA,Big 12,fbs,fbs
#FFFFFF,#75807c,2023,3,,2341,239,Long Island University,Baylor,2.23,pbp,NEC,Big 12,fcs,fbs
#74acd1,#4e6192,2019,4,,2261,2335,Hampton,Liberty,2.23,pbp,Big South,FBS Independents,fcs,fbs
#ffffff,#cbbdb5,2023,1,,242,251,Rice,Texas(11),2.22,pbp,American Athletic,Big 12,fbs,fbs
#f4ebe0,#4fb885,2015,8,,2572,2429,Southern Miss,Charlotte,2.22,pbp,Conference USA,Conference USA,fbs,fbs
#ffffff,#e6c6c7,2016,1,,242,98,Rice,Western Kentucky,2.22,pbp,Conference USA,Conference USA,fbs,fbs
#a6999b,#7fa4d4,2018,10,,66,2305,Iowa State,Kansas,2.22,pbp,Big 12,Big 12,fbs,fbs
#848484,#3d6bb7,2017,Bowls,military bowl presented by northrop grumman,258,2426,Virginia,Navy,2.22,pbp,ACC,American Athletic,fbs,fbs
#359f7d,#e6ccb3,2025,4,,5,2633,UAB,Tennessee(15),2.22,pbp,American Athletic,SEC,fbs,fbs
#61a0ca,#357a9e,2018,11,,23,328,San José State,Utah State(14),2.22,pbp,Mountain West,Mountain West,fbs,fbs
#a4a4a4,#d9c78e,2020,5,,2000,349,Abilene Christian,Army,2.22,pbp,Southland,FBS Independents,fcs,fbs
#6b8bce,#828282,2015,6,,68,36,Boise State(25),Colorado State,2.22,pbp,Mountain West,Mountain West,fbs,fbs
#6388cb,#e6cab3,2017,1,,202,197,Tulsa,Oklahoma State(10),2.22,pbp,American Athletic,Big 12,fbs,fbs
#689dcd,#ffffff,2022,2,,2377,242,McNeese,Rice,2.22,pbp,Southland,Conference USA,fcs,fbs
#ffffff,#b8b8b8,2018,5,,242,154,Rice,Wake Forest,2.22,pbp,Conference USA,ACC,fbs,fbs
#c75886,#57c78b,2022,2,,2640,249,Texas Southern,North Texas,2.22,legacy,SWAC,Conference USA,fcs,fbs
#5090c5,#885caf,2016,3,,2226,2306,Florida Atlantic,Kansas State,2.22,legacy,Conference USA,Big 12,fbs,fbs
#7c7ccc,#b8b8b8,2024,1,,2448,154,North Carolina A&T,Wake Forest,2.22,pbp,CAA,ACC,fcs,fbs
#ceb2b3,#bc778f,2021,1,,253,9,Southern Utah,Arizona State(25),2.22,pbp,Big Sky,Pac-12,fcs,fbs
#3f78bb,#e6dbb3,2024,1,,2193,2026,East Tennessee State,App State,2.22,pbp,Southern,Sun Belt,fcs,fbs
#329870,#cfa0a8,2026,1,,2502,21,Portland State,San Diego State,2.22,pbp,Big Sky,Pac-12,fcs,fbs
#4fb885,#e6c6c7,2021,9,,2429,98,Charlotte,Western Kentucky,2.21,pbp,Conference USA,Conference USA,fbs,fbs
#a4a4a4,#d6889a,2021,11,,77,275,Northwestern,Wisconsin(20),2.21,pbp,Big Ten,Big Ten,fbs,fbs
#cbbdb5,#bca0a5,2024,7,,251,201,Texas(1),Oklahoma(18),2.21,pbp,SEC,SEC,fbs,fbs
#3f7fbd,#848484,2022,11,,221,258,Pittsburgh,Virginia,2.21,pbp,ACC,ACC,fbs,fbs
#acacad,#b8b8b8,2025,2,,2717,154,Western Carolina,Wake Forest,2.21,pbp,Southern,ACC,fcs,fbs
#ce919e,#b5b5b5,2019,1,,61,238,Georgia(3),Vanderbilt,2.21,pbp,SEC,SEC,fbs,fbs
#e6dbb3,#e3c2ab,2015,2,,2026,228,App State,Clemson(12),2.21,pbp,Sun Belt,ACC,fbs,fbs
#3c73b2,#d98c8c,2022,8,,277,2641,West Virginia,Texas Tech,2.21,pbp,Big 12,Big 12,fbs,fbs
#ae7b7c,#c24a54,2025,2,,2569,2579,South Carolina State,South Carolina(10),2.2,pbp,MEAC,SEC,fcs,fbs
#47c27c,#6e6e6e,2024,3,,2483,204,Oregon(9),Oregon State,2.2,pbp,Big Ten,Pac-12,fbs,fbs
#76d198,#519bc5,2022,10,,276,295,Marshall,Old Dominion,2.2,pbp,Sun Belt,Sun Belt,fbs,fbs
#e6c6c7,#d37d7b,2024,15,conference usa championship,98,55,Western Kentucky,Jacksonville State,2.2,pbp,Conference USA,Conference USA,fbs,fbs
#b48686,#3aaf80,2025,9,,24,2390,Stanford,Miami(9),2.2,pbp,ACC,ACC,fbs,fbs
#da8f8f,#cc6666,2024,8,,158,84,Nebraska,Indiana(16),2.2,pbp,Big Ten,Big Ten,fbs,fbs
#39aa8c,#c8c6c2,2019,14,,58,2116,South Florida,UCF,2.2,pbp,American Athletic,American Athletic,fbs,fbs
#bd9099,#978da5,2018,10,,333,99,Alabama(1),LSU(4),2.2,pbp,SEC,SEC,fbs,fbs
#39aa8c,#40be99,2024,5,,58,2655,South Florida,Tulane,2.2,pbp,American Athletic,American Athletic,fbs,fbs
#b57f81,#4b83c3,2019,9,,166,290,New Mexico State,Georgia Southern,2.2,pbp,FBS Independents,Sun Belt,fbs,fbs
#339a72,#7f46c2,2019,3,,62,264,Hawai'i,Washington(23),2.2,pbp,Mountain West,Pac-12,fbs,fbs
#689dcd,#6f92cf,2018,4,,2377,252,McNeese,BYU(25),2.2,pbp,Southland,FBS Independents,fcs,fbs
#ce6c81,#d98c8c,2017,1,,331,2641,Eastern Washington,Texas Tech,2.19,pbp,Big Sky,Big 12,fcs,fbs
#b7949a,#5090c5,2020,12,,113,2226,Massachusetts,Florida Atlantic,2.19,pbp,FBS Independents,Conference USA,fbs,fbs
#d5a6af,#44699b,2017,11,,164,213,Rutgers,Penn State(16),2.19,pbp,Big Ten,Big Ten,fbs,fbs
#b7b7b8,#dd9da6,2021,12,,2567,2132,SMU,Cincinnati(3),2.19,pbp,American Athletic,American Athletic,fbs,fbs
#76d198,#3d6bb7,2021,1,,276,2426,Marshall,Navy,2.19,pbp,Conference USA,American Athletic,fbs,fbs
#e9e1ce,#bd9fa4,2023,13,,142,8,Missouri(10),Arkansas,2.19,pbp,SEC,SEC,fbs,fbs
#bd7575,#6b8bce,2016,12,,2046,96,Austin Peay,Kentucky,2.19,pbp,OVC,SEC,fcs,fbs
#FFFFFF,#d07980,2019,1,,2097,2653,Campbell,Troy,2.19,pbp,Big South,Sun Belt,fcs,fbs
#6f92cf,#7f46c2,2018,5,,252,264,BYU(20),Washington(11),2.19,pbp,FBS Independents,Pac-12,fbs,fbs
#e6cab3,#3f7fbd,2017,3,,197,221,Oklahoma State(9),Pittsburgh,2.18,pbp,Big 12,ACC,fbs,fbs
#dc97a7,#ce919e,2018,8,,278,167,Fresno State,New Mexico,2.18,pbp,Mountain West,Mountain West,fbs,fbs
#db93a2,#4fb885,2022,2,,120,2429,Maryland,Charlotte,2.18,legacy,Big Ten,Conference USA,fbs,fbs
#db93a2,#bd3f7d,2021,Bowls,new era pinstripe bowl,120,259,Maryland,Virginia Tech,2.18,pbp,Big Ten,ACC,fbs,fbs
#3d68b7,#4b83c3,2018,6,,6,290,South Alabama,Georgia Southern,2.18,pbp,Sun Belt,Sun Belt,fbs,fbs
#40be99,#4fb885,2024,10,,2655,2429,Tulane,Charlotte,2.18,pbp,American Athletic,American Athletic,fbs,fbs
#a4a4a4,#828282,2017,2,,2000,36,Abilene Christian,Colorado State,2.18,pbp,Southland,Mountain West,fcs,fbs
#5c81c6,#f4f4f4,2021,5,,150,153,Duke,North Carolina,2.18,pbp,ACC,ACC,fbs,fbs
#9b9b9c,#6f7cc9,2015,1,,399,2084,UAlbany,Buffalo,2.18,pbp,CAA,Mid-American,fcs,fbs
#f4ebe0,#d37d7b,2024,4,,2572,55,Southern Miss,Jacksonville State,2.18,pbp,Sun Belt,Conference USA,fbs,fbs
#b48686,#6f92cf,2025,2,,24,252,Stanford,BYU,2.18,pbp,ACC,Big 12,fbs,fbs
#9f93ae,#b57f81,2023,1,,2710,166,Western Illinois,New Mexico State,2.18,pbp,MVFC,Conference USA,fcs,fbs
#6095ca,#39aa8c,2019,13,,235,58,Memphis(18),South Florida,2.18,pbp,American Athletic,American Athletic,fbs,fbs
#dd9da6,#76d198,2019,5,,2132,276,Cincinnati,Marshall,2.18,pbp,American Athletic,Conference USA,fbs,fbs
#ceb2b3,#61a0ca,2021,1,,253,23,Southern Utah,San José State,2.17,legacy,Big Sky,Mountain West,fcs,fbs
#3f78bc,#838383,2019,9,,2440,2751,Nevada,Wyoming,2.17,pbp,Mountain West,Mountain West,fbs,fbs
#cc7a91,#5d7088,2017,1,,218,87,Temple,Notre Dame,2.17,pbp,American Athletic,FBS Independents,fbs,fbs
#6e6e6e,#d98c8c,2025,3,,204,2641,Oregon State,Texas Tech(21),2.17,pbp,Pac-12,Big 12,fbs,fbs
#c24a54,#6f82cf,2022,11,,2579,57,South Carolina,Florida,2.17,pbp,SEC,SEC,fbs,fbs
#e6dbb3,#ddb4b6,2021,10,,2026,2032,App State,Arkansas State,2.17,pbp,Sun Belt,Sun Belt,fbs,fbs
#339969,#576f8c,2015,7,,2199,2649,Eastern Michigan,Toledo(22),2.17,pbp,Mid-American,Mid-American,fbs,fbs
#b9a0a5,#bd9099,2016,1,,30,333,USC(20),Alabama(1),2.17,pbp,Pac-12,SEC,fbs,fbs
#5d7088,#b48686,2021,13,,87,24,Notre Dame(5),Stanford,2.17,pbp,FBS Independents,Pac-12,fbs,fbs
#4c4c4c,#e6ccb3,2023,Bowls,cheez-it citrus bowl,2294,2633,Iowa(24),Tennessee(17),2.16,pbp,Big Ten,SEC,fbs,fbs
#5d7193,#c8c6c2,2024,10,,12,2116,Arizona,UCF,2.16,pbp,Big 12,Big 12,fbs,fbs
#85797a,#d5a6af,2018,1,,326,164,Texas State,Rutgers,2.16,pbp,Sun Belt,Big Ten,fbs,fbs
#c24a54,#af3a3a,2021,8,,2579,245,South Carolina,Texas A&M(17),2.16,pbp,SEC,SEC,fbs,fbs
#cfa0a8,#dd9da6,2015,Bowls,hawai'i bowl,21,2132,San Diego State,Cincinnati,2.16,pbp,Mountain West,American Athletic,fbs,fbs
#b7949a,#4c85c3,2025,7,,113,2309,Massachusetts,Kent State,2.16,pbp,Mid-American,Mid-American,fbs,fbs
#e6ccb3,#f4ebe0,2017,7,,2638,2572,UTEP,Southern Miss,2.16,pbp,Conference USA,Conference USA,fbs,fbs
#40be99,#707987,2021,3,,2655,145,Tulane,Ole Miss(17),2.15,pbp,American Athletic,SEC,fbs,fbs
#e6c7b3,#bd9fa4,2015,9,,2630,8,UT Martin,Arkansas,2.15,pbp,OVC,SEC,fcs,fbs
#d07980,#d6889a,2015,3,,2653,275,Troy,Wisconsin(24),2.15,pbp,Sun Belt,Big Ten,fbs,fbs
#e6cab3,#c8c6c2,2023,11,,197,2116,Oklahoma State(15),UCF,2.15,pbp,Big 12,Big 12,fbs,fbs
#3f78bc,#5d7088,2016,2,,2440,87,Nevada,Notre Dame(18),2.15,pbp,Mountain West,FBS Independents,fbs,fbs
#6c6f6d,#d98c8c,2016,1,,2729,152,William & Mary,NC State,2.15,pbp,CAA,ACC,fcs,fbs
#85797a,#d2adae,2019,10,,326,309,Texas State,Louisiana,2.14,pbp,Sun Belt,Sun Belt,fbs,fbs
#935531,#4c85c3,2019,4,,189,2309,Bowling Green,Kent State,2.14,pbp,Mid-American,Mid-American,fbs,fbs
#935531,#d3a5b1,2016,1,,189,194,Bowling Green,Ohio State(6),2.14,pbp,Mid-American,Big Ten,fbs,fbs
#6f92cf,#3c73b2,2023,10,,252,277,BYU,West Virginia,2.14,pbp,Big 12,Big 12,fbs,fbs
#ce919e,#dc97a7,2017,7,,167,278,New Mexico,Fresno State,2.14,pbp,Mountain West,Mountain West,fbs,fbs
#b5b5b5,#707987,2023,9,,238,145,Vanderbilt,Ole Miss(12),2.14,pbp,SEC,SEC,fbs,fbs
#57c78b,#345b9d,2021,12,,249,2229,North Texas,Florida International,2.14,pbp,Conference USA,Conference USA,fbs,fbs
#5d7193,#7f46c2,2015,9,,12,264,Arizona,Washington,2.14,pbp,Pac-12,Pac-12,fbs,fbs
#b6999d,#57c78b,2025,3,,265,249,Washington State,North Texas,2.14,pbp,Pac-12,American Athletic,fbs,fbs
#8693bc,#85797a,2023,3,,2296,326,Jackson State,Texas State,2.13,pbp,SWAC,Sun Belt,fcs,fbs
#6b8bce,#ce919e,2018,12,,68,167,Boise State(23),New Mexico,2.13,pbp,Mountain West,Mountain West,fbs,fbs
#4fb885,#519bc5,2017,10,,2429,295,Charlotte,Old Dominion,2.13,pbp,Conference USA,Conference USA,fbs,fbs
#3d68b8,#6e6e6e,2022,3,,147,204,Montana State,Oregon State,2.13,pbp,Big Sky,Pac-12,fcs,fbs
#99a6b8,#868686,2019,3,,2247,2711,Georgia State,Western Michigan,2.13,pbp,Sun Belt,Mid-American,fbs,fbs
#57c78b,#f4ebe0,2015,5,,249,2572,North Texas,Southern Miss,2.13,pbp,Conference USA,Conference USA,fbs,fbs
#cc6666,#44699b,2017,5,,84,213,Indiana,Penn State(4),2.13,pbp,Big Ten,Big Ten,fbs,fbs
#b8b8b8,#a0a0a0,2025,10,,154,52,Wake Forest,Florida State,2.12,pbp,ACC,ACC,fbs,fbs
#4c85c3,#935531,2020,11,,2309,189,Kent State,Bowling Green,2.12,pbp,Mid-American,Mid-American,fbs,fbs
#4c85c3,#5d7193,2017,1,,2464,12,Northern Arizona,Arizona,2.12,pbp,Big Sky,Pac-12,fcs,fbs
#cc6666,#d5a6af,2026,5,,84,164,Indiana(6),Rutgers,2.12,pbp,Big Ten,Big Ten,fbs,fbs
#9b9b9c,#3f7fbd,2018,1,,399,221,UAlbany,Pittsburgh,2.12,pbp,CAA,ACC,fcs,fbs
#e0cfa2,#d07980,2017,2,,2011,2653,Alabama State,Troy,2.12,pbp,SWAC,Sun Belt,fcs,fbs
#f0ded1,#3d77b8,2025,13,,2382,2,Mercer,Auburn,2.12,pbp,Southern,SEC,fcs,fbs
#dc9797,#4e6192,2026,3,,2050,2335,Ball State,Liberty,2.12,pbp,Mid-American,Conference USA,fbs,fbs
#e0a3ae,#3c73b2,2025,5,,254,277,Utah,West Virginia,2.12,pbp,Big 12,Big 12,fbs,fbs
#d5a6af,#db93a2,2018,7,,164,120,Rutgers,Maryland,2.12,pbp,Big Ten,Big Ten,fbs,fbs
#a4a4a4,#a75a7c,2022,11,,77,135,Northwestern,Minnesota,2.12,pbp,Big Ten,Big Ten,fbs,fbs
#75807c,#e6cab3,2017,7,,239,197,Baylor,Oklahoma State(14),2.11,pbp,Big 12,Big 12,fbs,fbs
#4c4c4c,#3974ac,2023,10,,2509,130,Purdue,Michigan(2),2.11,pbp,Big Ten,Big Ten,fbs,fbs
#357a9e,#dc97a7,2015,6,,328,278,Utah State,Fresno State,2.11,pbp,Mountain West,Mountain West,fbs,fbs
#937a7f,#3d77b8,2017,5,,344,2,Mississippi State(24),Auburn(13),2.11,pbp,SEC,SEC,fbs,fbs
#f2f2f2,#b6999d,2023,12,,38,265,Colorado,Washington State,2.11,pbp,Pac-12,Pac-12,fbs,fbs
#99a5bd,#4c85c3,2023,3,,2115,2309,Central Connecticut,Kent State,2.1,pbp,NEC,Mid-American,fcs,fbs
#a75a7c,#47c27c,2025,12,,135,2483,Minnesota,Oregon(7),2.1,pbp,Big Ten,Big Ten,fbs,fbs
#dc9797,#576f8c,2025,13,,2050,2649,Ball State,Toledo,2.1,pbp,Mid-American,Mid-American,fbs,fbs
#3d68b7,#4b83c3,2015,13,,6,290,South Alabama,Georgia Southern,2.1,pbp,Sun Belt,Sun Belt,fbs,fbs
#e6c7b3,#f4f4f4,2023,6,,183,153,Syracuse,North Carolina(14),2.1,pbp,ACC,ACC,fbs,fbs
#6e6e6e,#b9a0a5,2017,6,,204,30,Oregon State,USC(14),2.1,pbp,Pac-12,Pac-12,fbs,fbs
#e6ccb3,#6f82cf,2019,4,,2633,57,Tennessee,Florida(9),2.1,pbp,SEC,SEC,fbs,fbs
#e2c9a6,#357a9e,2023,2,,304,328,Idaho State,Utah State,2.1,pbp,Big Sky,Mountain West,fcs,fbs
#5d7193,#e0a3ae,2018,7,,12,254,Arizona,Utah,2.1,pbp,Pac-12,Pac-12,fbs,fbs
#6e6e6e,#d07980,2015,10,,2433,2653,UL Monroe,Troy,2.1,pbp,Sun Belt,Sun Belt,fbs,fbs
#3c73b2,#e9e1ce,2019,2,,277,142,West Virginia,Missouri,2.1,pbp,Big 12,SEC,fbs,fbs
#4c85c3,#3e72b9,2021,12,,2309,2006,Kent State,Akron,2.1,legacy,Mid-American,Mid-American,fbs,fbs
#3d77b8,#af3a3a,2021,10,,2,245,Auburn(12),Texas A&M(13),2.1,pbp,SEC,SEC,fbs,fbs
#d07980,#937a7f,2015,6,,2653,344,Troy,Mississippi State,2.1,pbp,Sun Belt,SEC,fbs,fbs
#b57f81,#6f92cf,2018,12,,166,252,New Mexico State,BYU,2.09,pbp,FBS Independents,FBS Independents,fbs,fbs
#c24a54,#b5b5b5,2020,6,,2579,238,South Carolina,Vanderbilt,2.09,pbp,SEC,SEC,fbs,fbs
#8e8e8e,#d2adae,2021,3,,195,309,Ohio,Louisiana,2.09,pbp,Mid-American,Sun Belt,fbs,fbs
#ceb2b3,#e0a3ae,2016,1,,253,254,Southern Utah,Utah,2.09,pbp,Big Sky,Pac-12,fcs,fbs
#3d75b8,#e6ccb3,2023,4,,2636,2633,UTSA,Tennessee(23),2.09,pbp,American Athletic,SEC,fbs,fbs
#6095ca,#b7b7b8,2016,10,,235,2567,Memphis,SMU,2.09,pbp,American Athletic,American Athletic,fbs,fbs
#FFFFFF,#ba3e3e,2026,2,,2815,2623,Lindenwood,Missouri State,2.09,pbp,OVC,Conference USA,fcs,fbs
#4c85c3,#bca0a5,2022,2,,2309,201,Kent State,Oklahoma(7),2.09,pbp,Mid-American,Big 12,fbs,fbs
#cfbdbf,#cc7a91,2021,11,,248,218,Houston(17),Temple,2.09,pbp,American Athletic,American Athletic,fbs,fbs
#39aa8c,#e6c7b3,2023,Bowls,roofclaim.com boca raton bowl,58,183,South Florida,Syracuse,2.09,pbp,American Athletic,ACC,fbs,fbs
#5d7088,#4c4c4c,2024,3,,87,2509,Notre Dame(18),Purdue,2.09,pbp,FBS Independents,Big Ten,fbs,fbs
#935531,#3974ac,2023,3,,189,130,Bowling Green,Michigan(2),2.09,pbp,Mid-American,Big Ten,fbs,fbs
#dacfae,#6388cb,2023,1,,2029,202,Arkansas-Pine Bluff,Tulsa,2.08,pbp,SWAC,American Athletic,fcs,fbs
#e9e1ce,#bd9099,2018,7,,142,333,Missouri,Alabama(1),2.08,pbp,SEC,SEC,fbs,fbs
#dc9797,#af3a3a,2015,2,,2050,245,Ball State,Texas A&M(16),2.08,pbp,Mid-American,SEC,fbs,fbs
#4c4c4c,#7f46c2,2025,12,,2509,264,Purdue,Washington,2.08,pbp,Big Ten,Big Ten,fbs,fbs
#e7c8b6,#47c27c,2024,9,,356,2483,Illinois(20),Oregon(1),2.08,pbp,Big Ten,Big Ten,fbs,fbs
#6989c7,#d5a6af,2021,3,,48,164,Delaware,Rutgers,2.08,pbp,CAA,Big Ten,fcs,fbs
#ad9a9d,#a0a0a0,2022,4,,103,52,Boston College,Florida State,2.08,pbp,ACC,ACC,fbs,fbs
#e6ccb3,#d98c8c,2024,2,duke’s mayo classic,2633,152,Tennessee(14),NC State(24),2.08,pbp,SEC,ACC,fbs,fbs
#6b8bce,#bd9099,2016,5,,96,333,Kentucky,Alabama(1),2.08,pbp,SEC,SEC,fbs,fbs
#b7b7b8,#57c78b,2022,1,,2567,249,SMU,North Texas,2.08,pbp,American Athletic,Conference USA,fbs,fbs
#cfa0a8,#5096c4,2023,5,,21,2005,San Diego State,Air Force,2.08,pbp,Mountain West,Mountain West,fbs,fbs
#85797a,#838383,2017,5,,326,2751,Texas State,Wyoming,2.07,pbp,Sun Belt,Mountain West,fbs,fbs
#689ecd,#ffffff,2026,1,,2277,242,Houston Christian,Rice,2.07,pbp,Southland,American Athletic,fcs,fbs
#3f647f,#6e6e6e,2018,8,,25,204,California,Oregon State,2.07,pbp,Pac-12,Pac-12,fbs,fbs
#f6f6f6,#885caf,2017,1,,2110,2306,Central Arkansas,Kansas State(20),2.07,pbp,Southland,Big 12,fcs,fbs
#4c85c3,#dc9797,2023,12,,2309,2050,Kent State,Ball State,2.07,pbp,Mid-American,Mid-American,fbs,fbs
#3d75b8,#cbbdb5,2026,3,,2636,251,UTSA,Texas(1),2.07,pbp,American Athletic,SEC,fbs,fbs
#FFFFFF,#b7b7b8,2025,1,,2837,2567,East Texas A&M,SMU(16),2.07,pbp,Southland,ACC,fcs,fbs
#d07980,#b57f81,2015,8,,2653,166,Troy,New Mexico State,2.07,pbp,Sun Belt,Sun Belt,fbs,fbs
#3974ac,#db93a2,2021,12,,130,120,Michigan(8),Maryland,2.07,pbp,Big Ten,Big Ten,fbs,fbs
#d6889a,#a4a4a4,2022,6,,275,77,Wisconsin,Northwestern,2.07,pbp,Big Ten,Big Ten,fbs,fbs
#d1a0a8,#a6999b,2026,1,,2546,66,Southeast Missouri State,Iowa State,2.06,pbp,OVC,Big 12,fcs,fbs
#99a6b8,#5096c4,2016,2,,2247,2005,Georgia State,Air Force,2.06,pbp,Sun Belt,Mountain West,fbs,fbs
#e0a3ae,#5d7193,2019,13,,254,12,Utah(7),Arizona,2.06,pbp,Pac-12,Pac-12,fbs,fbs
#7cb0d3,#a75a7c,2017,3,,2393,135,Middle Tennessee,Minnesota,2.06,pbp,Conference USA,Big Ten,fbs,fbs
#4078be,#d37d7b,2023,12,,2348,55,Louisiana Tech,Jacksonville State,2.06,pbp,Conference USA,Conference USA,fbs,fbs
#3aaf80,#5c81c6,2021,13,,2390,150,Miami,Duke,2.06,pbp,ACC,ACC,fbs,fbs
#579ec7,#3d77b8,2023,3,,2535,2,Samford,Auburn,2.06,pbp,Southern,SEC,fcs,fbs
#FFFFFF,#8e8e8e,2026,4,,284,195,Stonehill,Ohio,2.06,pbp,NEC,Mid-American,fcs,fbs
#a4a4a4,#cc6666,2019,10,,77,84,Northwestern,Indiana,2.06,pbp,Big Ten,Big Ten,fbs,fbs
#cfbdbf,#c8c6c2,2015,8,,248,2116,Houston(21),UCF,2.06,pbp,American Athletic,American Athletic,fbs,fbs
#c85976,#f4f4f4,2024,3,,2428,153,North Carolina Central,North Carolina,2.06,pbp,MEAC,ACC,fcs,fbs
#d98c8c,#7fa4d4,2017,6,,2641,2305,Texas Tech,Kansas,2.05,pbp,Big 12,Big 12,fbs,fbs
#917e9c,#bd3f7d,2016,4,,151,259,East Carolina,Virginia Tech,2.05,pbp,American Athletic,ACC,fbs,fbs
#e2c9a6,#cfa0a8,2022,2,,304,21,Idaho State,San Diego State,2.05,pbp,Big Sky,Mountain West,fcs,fbs
#e6dbb3,#b57f81,2016,13,,2026,166,App State,New Mexico State,2.05,pbp,Sun Belt,Sun Belt,fbs,fbs
#9b9b9c,#4c4c4c,2025,1,,399,2294,UAlbany,Iowa,2.05,pbp,CAA,Big Ten,fcs,fbs
#345b9d,#c8c6c2,2017,1,,2229,2116,Florida International,UCF,2.05,pbp,Conference USA,American Athletic,fbs,fbs
#99a6b8,#9156c7,2024,11,,2247,256,Georgia State,James Madison,2.05,pbp,Sun Belt,Sun Belt,fbs,fbs
#76d198,#3d68b7,2023,12,,276,6,Marshall,South Alabama,2.05,pbp,Sun Belt,Sun Belt,fbs,fbs
#FFFFFF,#b57f81,2022,11,,2320,166,Lamar,New Mexico State,2.05,legacy,Southland,FBS Independents,fcs,fbs
#d07980,#e9e1ce,2019,6,,2653,142,Troy,Missouri,2.05,pbp,Sun Belt,SEC,fbs,fbs
#6f92cf,#978da5,2017,1,,252,99,BYU,LSU(13),2.05,pbp,FBS Independents,SEC,fbs,fbs
#FFFFFF,#a0a0a0,2023,12,,2453,52,North Alabama,Florida State(4),2.04,pbp,UAC,ACC,fcs,fbs
#838383,#e7c8b6,2022,1,,2751,356,Wyoming,Illinois,2.04,pbp,Mountain West,Big Ten,fbs,fbs
#a08b96,#6e6e6e,2026,3,,149,204,Montana,Oregon State,2.04,pbp,Big Sky,Pac-12,fcs,fbs
#cf6e79,#b7949a,2026,2,,2529,113,Sacred Heart,Massachusetts,2.04,pbp,Coastal Athletic,Mid-American,fcs,fbs
#d17b7b,#d3a5b1,2017,4,,2439,194,UNLV,Ohio State(10),2.04,pbp,Mountain West,Big Ten,fbs,fbs
#c0437e,#cf6e75,2024,9,,2117,193,Central Michigan,Miami (OH),2.04,pbp,Mid-American,Mid-American,fbs,fbs
#cf6e75,#3e72b9,2020,13,,193,2006,Miami (OH),Akron,2.04,pbp,Mid-American,Mid-American,fbs,fbs
#47c27c,#838383,2017,3,,2483,2751,Oregon,Wyoming,2.04,pbp,Pac-12,Mountain West,fbs,fbs
#7cb0d3,#3d75b8,2015,13,,2393,2636,Middle Tennessee,UTSA,2.04,pbp,Conference USA,Conference USA,fbs,fbs
#db93a2,#d3a5b1,2021,6,,120,194,Maryland,Ohio State(7),2.04,pbp,Big Ten,Big Ten,fbs,fbs
#5d7088,#c8c6c2,2021,12,,41,2116,UConn,UCF,2.04,pbp,FBS Independents,American Athletic,fbs,fbs
#cfa0a8,#3f78bc,2025,7,,21,2440,San Diego State,Nevada,2.04,pbp,Mountain West,Mountain West,fbs,fbs
#d37d7b,#6388cb,2022,3,,55,202,Jacksonville State,Tulsa,2.03,pbp,Atlantic Sun,American Athletic,fcs,fbs
#937a7f,#707987,2018,13,,344,145,Mississippi State(22),Ole Miss,2.03,pbp,SEC,SEC,fbs,fbs
#e3c2ab,#bd3f7d,2020,14,,228,259,Clemson(4),Virginia Tech,2.03,pbp,ACC,ACC,fbs,fbs
#c44e4e,#359f7d,2017,1,,2010,5,Alabama A&M,UAB,2.03,pbp,SWAC,Conference USA,fcs,fbs
#bd9099,#3aaf80,2021,1,,333,2390,Alabama(1),Miami(14),2.03,pbp,SEC,ACC,fbs,fbs
#4c85c3,#cf6e75,2024,12,,2309,193,Kent State,Miami (OH),2.03,legacy,Mid-American,Mid-American,fbs,fbs
#885caf,#7fa4d4,2015,13,,2306,2305,Kansas State,Kansas,2.03,pbp,Big 12,Big 12,fbs,fbs
#5d3db6,#cfa0a8,2019,1,,2692,21,Weber State,San Diego State,2.03,pbp,Big Sky,Mountain West,fcs,fbs
#e6ccb3,#7cb0d3,2017,10,,2638,2393,UTEP,Middle Tennessee,2.03,pbp,Conference USA,Conference USA,fbs,fbs
#a0a0a0,#e3c2ab,2019,7,,52,228,Florida State,Clemson(2),2.03,pbp,ACC,ACC,fbs,fbs
#bd9099,#6f82cf,2016,14,,333,57,Alabama(1),Florida(15),2.03,pbp,SEC,SEC,fbs,fbs
#5d7088,#d9c78e,2021,3,,41,349,UConn,Army,2.03,pbp,FBS Independents,FBS Independents,fbs,fbs
#7fa4d4,#d98c8c,2016,5,,2305,2641,Kansas,Texas Tech,2.03,pbp,Big 12,Big 12,fbs,fbs
#e6ccb3,#57c78b,2017,11,,2638,249,UTEP,North Texas,2.03,pbp,Conference USA,Conference USA,fbs,fbs
#3c73b2,#a6999b,2020,14,,277,66,West Virginia,Iowa State(12),2.03,pbp,Big 12,Big 12,fbs,fbs
#40be99,#bca0a5,2017,3,,2655,201,Tulane,Oklahoma(2),2.03,pbp,American Athletic,Big 12,fbs,fbs
#e6ccb3,#d98c8c,2015,2,,2638,2641,UTEP,Texas Tech,2.03,pbp,Conference USA,Big 12,fbs,fbs
#cbbdb5,#75807c,2023,4,,251,239,Texas(3),Baylor,2.03,pbp,Big 12,Big 12,fbs,fbs
#dc9797,#44699b,2021,2,,2050,213,Ball State,Penn State(11),2.02,pbp,Mid-American,Big Ten,fbs,fbs
#359f7d,#8e8e8e,2017,Bowls,bahamas bowl,5,195,UAB,Ohio,2.02,pbp,Conference USA,Mid-American,fbs,fbs
#ffffff,#e6c6c7,2022,11,,242,98,Rice,Western Kentucky,2.02,pbp,Conference USA,Conference USA,fbs,fbs
#5090c5,#39aa8c,2025,8,,2226,58,Florida Atlantic,South Florida(19),2.02,pbp,American Athletic,American Athletic,fbs,fbs
#3f647f,#b7b7b8,2024,14,,25,2567,California,SMU(9),2.02,pbp,ACC,ACC,fbs,fbs
#f4ebe0,#978da5,2016,7,,2572,99,Southern Miss,LSU,2.02,pbp,Conference USA,SEC,fbs,fbs
#bca0a5,#adb8c1,2019,3,,201,26,Oklahoma(5),UCLA,2.02,pbp,Big 12,Pac-12,fbs,fbs
#6dcead,#da8f8f,2026,3,,155,158,North Dakota,Nebraska,2.02,pbp,MVFC,Big Ten,fcs,fbs
#3e72b9,#c24a54,2018,14,,2006,2579,Akron,South Carolina,2.02,pbp,Mid-American,SEC,fbs,fbs
#4c4c4c,#e7c8b6,2018,7,,2509,356,Purdue,Illinois,2.02,pbp,Big Ten,Big Ten,fbs,fbs
#c8c6c2,#dd9da6,2021,7,,2116,2132,UCF,Cincinnati(3),2.02,pbp,American Athletic,American Athletic,fbs,fbs
#e3c2ab,#d88a96,2019,8,,228,97,Clemson(3),Louisville,2.02,pbp,ACC,ACC,fbs,fbs
#4abfc2,#85797a,2020,13,,324,326,Coastal Carolina(16),Texas State,2.02,pbp,Sun Belt,Sun Belt,fbs,fbs
#3d75b8,#76d198,2018,12,,2636,276,UTSA,Marshall,2.02,pbp,Conference USA,Conference USA,fbs,fbs
#a4a4a4,#e6ccb3,2015,Bowls,outback bowl,77,2633,Northwestern(23),Tennessee(22),2.02,pbp,Big Ten,SEC,fbs,fbs
#345b9d,#5d7088,2025,6,,2229,41,Florida International,UConn,2.01,pbp,Conference USA,FBS Independents,fbs,fbs
#b48686,#e0a3ae,2022,11,,24,254,Stanford,Utah(13),2.01,pbp,Pac-12,Pac-12,fbs,fbs
#576f8c,#dc9797,2017,9,,2649,2050,Toledo,Ball State,2.01,pbp,Mid-American,Mid-American,fbs,fbs
#ad9a9d,#5d7088,2019,13,,103,87,Boston College,Notre Dame(15),2.01,pbp,ACC,FBS Independents,fbs,fbs
#cc7a91,#c8c6c2,2022,7,,218,2116,Temple,UCF,2.01,pbp,American Athletic,American Athletic,fbs,fbs
#d3a5b1,#7b7b7b,2024,5,,194,127,Ohio State(3),Michigan State,2.01,pbp,Big Ten,Big Ten,fbs,fbs
#5d7193,#b48686,2015,5,,12,24,Arizona,Stanford(18),2.01,pbp,Pac-12,Pac-12,fbs,fbs
#38a993,#b7949a,2024,9,,2681,113,Wagner,Massachusetts,2.01,pbp,NEC,FBS Independents,fcs,fbs
#c7777d,#7b7b7b,2023,2,,257,127,Richmond,Michigan State,2.01,pbp,CAA,Big Ten,fcs,fbs
#e6c7b3,#5d7088,2018,12,,183,87,Syracuse(12),Notre Dame(3),2.01,pbp,ACC,FBS Independents,fbs,fbs
#3d77b8,#ce919e,2022,6,,2,61,Auburn,Georgia(2),2.01,pbp,SEC,SEC,fbs,fbs
#44699b,#d5a6af,2022,12,,213,164,Penn State(11),Rutgers,2.0,legacy,Big Ten,Big Ten,fbs,fbs
#9156c7,#519bc5,2022,11,,256,295,James Madison,Old Dominion,2.0,pbp,Sun Belt,Sun Belt,fbs,fbs
#d9c78e,#ffffff,2017,6,,349,242,Army,Rice,2.0,pbp,FBS Independents,Conference USA,fbs,fbs
#e6dbb3,#e3c2ab,2024,2,,2026,228,App State,Clemson(25),2.0,pbp,Sun Belt,ACC,fbs,fbs
#c0437e,#ce919e,2026,1,,2117,167,Central Michigan,New Mexico,2.0,pbp,Mid-American,Mountain West,fbs,fbs
#839fb6,#f2f2f2,2021,1,,2458,38,Northern Colorado,Colorado,2.0,pbp,Big Sky,Pac-12,fcs,fbs
#3f78bc,#a75a7c,2024,3,,2440,135,Nevada,Minnesota,2.0,pbp,Mountain West,Big Ten,fbs,fbs
#4fb885,#3d6bb7,2024,8,,2429,2426,Charlotte,Navy(25),2.0,pbp,American Athletic,American Athletic,fbs,fbs
#e9e1ce,#978da5,2016,5,,142,99,Missouri,LSU,1.99,pbp,SEC,SEC,fbs,fbs
#3f7fbd,#e3c2ab,2020,13,,221,228,Pittsburgh,Clemson(4),1.99,pbp,ACC,ACC,fbs,fbs
#e6c6c7,#ffffff,2015,5,,98,242,Western Kentucky,Rice,1.99,pbp,Conference USA,Conference USA,fbs,fbs
#cfbdbf,#ffffff,2021,2,,248,242,Houston,Rice,1.99,pbp,American Athletic,Conference USA,fbs,fbs
#47c27c,#7f46c2,2017,10,,2483,264,Oregon,Washington(12),1.99,pbp,Pac-12,Pac-12,fbs,fbs
#8e8e8e,#a6999b,2022,3,,195,66,Ohio,Iowa State,1.99,pbp,Mid-American,Big 12,fbs,fbs
#f0e8d6,#868686,2025,Bowls,myrtle beach bowl,338,2711,Kennesaw State,Western Michigan,1.99,pbp,Conference USA,Mid-American,fbs,fbs
#d9c78e,#5d7088,2024,13,,349,87,Army(18),Notre Dame(6),1.99,pbp,American Athletic,FBS Independents,fbs,fbs
#6f92cf,#cbbdb5,2023,9,,252,251,BYU,Texas(7),1.99,pbp,Big 12,Big 12,fbs,fbs
#3e72b9,#576f8c,2021,13,,2006,2649,Akron,Toledo,1.98,pbp,Mid-American,Mid-American,fbs,fbs
#e6dbb3,#85797a,2018,11,,2026,326,App State,Texas State,1.98,pbp,Sun Belt,Sun Belt,fbs,fbs
#dbbcc0,#3c73b2,2018,2,,2754,277,Youngstown State,West Virginia(14),1.98,pbp,MVFC,Big 12,fcs,fbs
#4078be,#4b83c3,2020,Bowls,r+l carriers new orleans bowl,2348,290,Louisiana Tech,Georgia Southern,1.98,pbp,Conference USA,Sun Belt,fbs,fbs
#e6ccb3,#e6ccb3,2018,3,,2638,2633,UTEP,Tennessee,1.98,pbp,Conference USA,SEC,fbs,fbs
#cf6e75,#8e8e8e,2015,6,,193,195,Miami (OH),Ohio,1.98,pbp,Mid-American,Mid-American,fbs,fbs
#b9b9b9,#ce919e,2023,2,,2635,167,Tennessee Tech,New Mexico,1.98,pbp,Big South-OVC,Mountain West,fcs,fbs
#d98c8c,#3d68b7,2015,4,,152,6,NC State,South Alabama,1.98,pbp,ACC,Sun Belt,fbs,fbs
#ce919e,#dc97a7,2021,11,,167,278,New Mexico,Fresno State,1.97,pbp,Mountain West,Mountain West,fbs,fbs
#a4a4a4,#d98c8c,2017,3,,231,152,Furman,NC State,1.97,pbp,Southern,ACC,fcs,fbs
#b9b9b9,#cf6e75,2019,2,,2635,193,Tennessee Tech,Miami (OH),1.97,pbp,OVC,Mid-American,fcs,fbs
#d88a96,#5c81c6,2021,12,,97,150,Louisville,Duke,1.97,pbp,ACC,ACC,fbs,fbs
#6e6e6e,#a0a0a0,2017,14,,2433,52,UL Monroe,Florida State,1.97,pbp,Sun Belt,ACC,fbs,fbs
#5d7193,#47c27c,2019,12,,12,2483,Arizona,Oregon(6),1.97,pbp,Pac-12,Pac-12,fbs,fbs
#339969,#d6889a,2021,2,,2199,275,Eastern Michigan,Wisconsin(18),1.97,pbp,Mid-American,Big Ten,fbs,fbs
#40be99,#359f7d,2024,6,,2655,5,Tulane,UAB,1.97,pbp,American Athletic,American Athletic,fbs,fbs
#6e6e6e,#d9c78e,2020,2,,2433,349,UL Monroe,Army,1.97,pbp,Sun Belt,FBS Independents,fbs,fbs
#ce6c81,#7f46c2,2026,3,,331,264,Eastern Washington,Washington,1.97,pbp,Big Sky,Big Ten,fcs,fbs
#c8c6c2,#345b9d,2016,4,,2116,2229,UCF,Florida International,1.97,pbp,American Athletic,Conference USA,fbs,fbs
#bd3f7d,#d88a96,2023,10,,259,97,Virginia Tech,Louisville(15),1.97,pbp,ACC,ACC,fbs,fbs
#6f92cf,#3d6bb7,2020,1,,252,2426,BYU,Navy,1.97,pbp,FBS Independents,American Athletic,fbs,fbs
#a6999b,#9785a6,2022,13,,66,2628,Iowa State,TCU(4),1.96,pbp,Big 12,Big 12,fbs,fbs
#d6889a,#6f92cf,2017,3,,275,252,Wisconsin(10),BYU,1.95,pbp,Big Ten,FBS Independents,fbs,fbs
#b57f81,#e9e1ce,2022,12,,166,142,New Mexico State,Missouri,1.95,pbp,FBS Independents,SEC,fbs,fbs
#FFFFFF,#d2adae,2026,1,,2320,309,Lamar,Louisiana,1.95,pbp,Southland,Sun Belt,fcs,fbs
#cf6e75,#5d7088,2017,5,,193,87,Miami (OH),Notre Dame(22),1.95,pbp,Mid-American,FBS Independents,fbs,fbs
#99a5bd,#5d7088,2025,1,,2115,41,Central Connecticut,UConn,1.95,pbp,NEC,FBS Independents,fcs,fbs
#cc7a91,#d5a6af,2021,1,,218,164,Temple,Rutgers,1.95,pbp,American Athletic,Big Ten,fbs,fbs
#99a6b8,#d98c8c,2018,2,,2247,152,Georgia State,NC State,1.95,pbp,Sun Belt,ACC,fbs,fbs
#6b8bce,#d88a96,2025,14,,96,97,Kentucky,Louisville,1.95,pbp,SEC,ACC,fbs,fbs
#5096c4,#d17b7b,2022,7,,2005,2439,Air Force,UNLV,1.95,pbp,Mountain West,Mountain West,fbs,fbs
#e6dbb3,#3d68b7,2019,9,,2026,6,App State(21),South Alabama,1.94,pbp,Sun Belt,Sun Belt,fbs,fbs
#da8f8f,#db93a2,2019,13,,158,120,Nebraska,Maryland,1.94,pbp,Big Ten,Big Ten,fbs,fbs
#689ecd,#b7b7b8,2018,5,,2277,2567,Houston Christian,SMU,1.94,pbp,Southland,American Athletic,fcs,fbs
#a6999b,#bca0a5,2015,10,,66,201,Iowa State,Oklahoma(14),1.94,pbp,Big 12,Big 12,fbs,fbs
#4c85c3,#5d7193,2026,1,,2464,12,Northern Arizona,Arizona,1.94,pbp,Big Sky,Big 12,fcs,fbs
#bd9099,#cc6666,2025,Bowls,college football playoff quarterfinal at the rose bowl presented by prudential,333,84,Alabama(9),Indiana(1),1.94,pbp,SEC,Big Ten,fbs,fbs
#c65681,#3d6bb7,2016,1,,2230,2426,Fordham,Navy,1.94,pbp,Patriot,American Athletic,fcs,fbs
#d5a6af,#3974ac,2015,10,,164,130,Rutgers,Michigan(16),1.94,pbp,Big Ten,Big Ten,fbs,fbs
#acacad,#f4f4f4,2017,12,,2717,153,Western Carolina,North Carolina,1.94,pbp,Southern,ACC,fcs,fbs
#3aaf80,#e3c2ab,2022,12,,2390,228,Miami,Clemson(9),1.94,pbp,ACC,ACC,fbs,fbs
#6f92cf,#3974ac,2015,4,,252,130,BYU(22),Michigan,1.94,pbp,FBS Independents,Big Ten,fbs,fbs
#d2adae,#9785a6,2024,Bowls,isleta new mexico bowl,309,2628,Louisiana,TCU,1.94,pbp,Sun Belt,Big 12,fbs,fbs
#e1bbbf,#cf6e75,2015,7,,2459,193,Northern Illinois,Miami (OH),1.94,pbp,Mid-American,Mid-American,fbs,fbs
#40be99,#707987,2025,4,,2655,145,Tulane,Ole Miss(13),1.93,pbp,American Athletic,SEC,fbs,fbs
#3f78bc,#47c27c,2019,2,,2440,2483,Nevada,Oregon(16),1.93,pbp,Mountain West,Pac-12,fbs,fbs
#d2adae,#a0a0a0,2022,12,,309,52,Louisiana,Florida State(20),1.93,pbp,Sun Belt,ACC,fbs,fbs
#ce6c81,#7f46c2,2019,1,,331,264,Eastern Washington,Washington(13),1.93,pbp,Big Sky,Pac-12,fcs,fbs
#d3a5aa,#868686,2021,2,,2287,2711,Illinois State,Western Michigan,1.93,pbp,MVFC,Mid-American,fcs,fbs
#dc97a7,#da8f8f,2016,1,,278,158,Fresno State,Nebraska,1.93,pbp,Mountain West,Big Ten,fbs,fbs
#6e6e6e,#5d7193,2015,6,,204,12,Oregon State,Arizona,1.93,pbp,Pac-12,Pac-12,fbs,fbs
#b7949a,#3e72b9,2025,11,,113,2006,Massachusetts,Akron,1.93,pbp,Mid-American,Mid-American,fbs,fbs
#935531,#937a7f,2022,4,,189,344,Bowling Green,Mississippi State,1.93,pbp,Mid-American,SEC,fbs,fbs
#359f7d,#d37d7b,2021,1,montgomery kickoff,5,55,UAB,Jacksonville State,1.93,pbp,Conference USA,AWC,fbs,fcs
#339a72,#838383,2023,12,,62,2751,Hawai'i,Wyoming,1.93,pbp,Mountain West,Mountain West,fbs,fbs
#5d7088,#917e9c,2016,9,,41,151,UConn,East Carolina,1.92,pbp,American Athletic,American Athletic,fbs,fbs
#dbbcc0,#d3a5b1,2023,2,,2754,194,Youngstown State,Ohio State(5),1.92,pbp,MVFC,Big Ten,fcs,fbs
#bc778f,#5d7193,2020,15,,9,12,Arizona State,Arizona,1.92,pbp,Pac-12,Pac-12,fbs,fbs
#cbbdb5,#7fa4d4,2022,12,,251,2305,Texas,Kansas,1.92,pbp,Big 12,Big 12,fbs,fbs
#44699b,#3974ac,2018,10,,213,130,Penn State(14),Michigan(5),1.92,pbp,Big Ten,Big Ten,fbs,fbs
#61a0ca,#3f78bc,2017,11,,23,2440,San José State,Nevada,1.92,pbp,Mountain West,Mountain West,fbs,fbs
#3f89bd,#4c85c3,2018,2,,47,2309,Howard,Kent State,1.92,pbp,MEAC,Mid-American,fcs,fbs
#dbbcc0,#6b8bce,2026,1,,2754,96,Youngstown State,Kentucky,1.92,pbp,MVFC,SEC,fcs,fbs
#b7949a,#ce919e,2024,13,,113,61,Massachusetts,Georgia(8),1.92,pbp,FBS Independents,SEC,fbs,fbs
#5096c4,#339a72,2015,9,,2005,62,Air Force,Hawai'i,1.91,pbp,Mountain West,Mountain West,fbs,fbs
#5f95ca,#f2f2f2,2018,3,,160,38,New Hampshire,Colorado,1.91,pbp,CAA,Pac-12,fcs,fbs
#4c4c4c,#44699b,2019,6,,2509,213,Purdue,Penn State(12),1.91,pbp,Big Ten,Big Ten,fbs,fbs
#345b9d,#7cb0d3,2023,11,,2229,2393,Florida International,Middle Tennessee,1.91,pbp,Conference USA,Conference USA,fbs,fbs
#ce6c81,#6f82cf,2022,5,,331,57,Eastern Washington,Florida,1.91,pbp,Big Sky,SEC,fcs,fbs
#c0437e,#6388cb,2016,Bowls,miami beach bowl,2117,202,Central Michigan,Tulsa,1.91,pbp,Mid-American,American Athletic,fbs,fbs
#828282,#dc97a7,2022,1,,13,278,Cal Poly,Fresno State,1.91,pbp,Big Sky,Mountain West,fcs,fbs
#9b9b9c,#e6c7b3,2021,3,,399,183,UAlbany,Syracuse,1.91,pbp,CAA,ACC,fcs,fbs
#e6c7b3,#d88a96,2017,12,,183,97,Syracuse,Louisville,1.91,pbp,ACC,ACC,fbs,fbs
#ce919e,#838383,2017,9,,167,2751,New Mexico,Wyoming,1.91,pbp,Mountain West,Mountain West,fbs,fbs
#4b83c3,#e3c2ab,2018,3,,290,228,Georgia Southern,Clemson(2),1.9,pbp,Sun Belt,ACC,fbs,fbs
#9f93ae,#d6889a,2026,2,,2710,275,Western Illinois,Wisconsin,1.9,pbp,OVC,Big Ten,fcs,fbs
#af5868,#d88a96,2021,2,,2198,97,Eastern Kentucky,Louisville,1.9,pbp,AWC,ACC,fcs,fbs
#e6ccb3,#bca0a5,2022,1,,2638,201,UTEP,Oklahoma(9),1.9,pbp,Conference USA,Big 12,fbs,fbs
#b9b9b9,#6b8bce,2025,12,,2635,96,Tennessee Tech,Kentucky,1.9,pbp,Big South-OVC,SEC,fcs,fbs
#48619a,#339969,2018,1,,2405,2199,Monmouth,Eastern Michigan,1.9,pbp,Big South,Mid-American,fcs,fbs
#9785a6,#7fa4d4,2020,13,,2628,2305,TCU,Kansas,1.9,pbp,Big 12,Big 12,fbs,fbs
#345b9d,#3d75b8,2018,11,,2229,2636,Florida International,UTSA,1.9,pbp,Conference USA,Conference USA,fbs,fbs
#3d68b7,#978da5,2024,5,,6,99,South Alabama,LSU(14),1.9,pbp,Sun Belt,SEC,fbs,fbs
#af5868,#76d198,2025,3,,2198,276,Eastern Kentucky,Marshall,1.9,pbp,UAC,Sun Belt,fcs,fbs
#cc7a91,#40be99,2016,12,,218,2655,Temple,Tulane,1.89,pbp,American Athletic,American Athletic,fbs,fbs
#39aa8c,#3d6bb7,2019,8,,58,2426,South Florida,Navy,1.89,pbp,American Athletic,American Athletic,fbs,fbs
#57c78b,#4e6192,2018,4,,249,2335,North Texas,Liberty,1.89,pbp,Conference USA,FBS Independents,fbs,fbs
#6b8bce,#e1bbbf,2015,Bowls,san diego county credit union poinsettia bowl,68,2459,Boise State,Northern Illinois,1.89,pbp,Mountain West,Mid-American,fbs,fbs
#dc97a7,#576f8c,2016,3,,278,2649,Fresno State,Toledo,1.89,pbp,Mountain West,Mid-American,fbs,fbs
#d9c78e,#b8b8b8,2022,6,,349,154,Army,Wake Forest(15),1.89,pbp,FBS Independents,ACC,fbs,fbs
#e3c2ab,#a0a0a0,2018,9,,228,52,Clemson(2),Florida State,1.89,pbp,ACC,ACC,fbs,fbs
#bd9099,#e6ccb3,2016,7,,333,2633,Alabama(1),Tennessee(9),1.89,pbp,SEC,SEC,fbs,fbs
#4c85c3,#5d7193,2015,3,,2464,12,Northern Arizona,Arizona(20),1.89,pbp,Big Sky,Pac-12,fcs,fbs
#3f647f,#47c27c,2023,10,,25,2483,California,Oregon(6),1.89,pbp,Pac-12,Pac-12,fbs,fbs
#917e9c,#4abfc2,2025,3,,151,324,East Carolina,Coastal Carolina,1.89,pbp,American Athletic,Sun Belt,fbs,fbs
#4abfc2,#9156c7,2022,13,,324,256,Coastal Carolina(23),James Madison,1.88,pbp,Sun Belt,Sun Belt,fbs,fbs
#ffffff,#3f7fbd,2017,5,,242,221,Rice,Pittsburgh,1.88,pbp,Conference USA,ACC,fbs,fbs
#5090c5,#6f82cf,2026,1,,2226,57,Florida Atlantic,Florida,1.88,pbp,American Athletic,SEC,fbs,fbs
#5d7088,#3d6bb7,2024,9,,87,2426,Notre Dame(12),Navy(24),1.88,pbp,FBS Independents,American Athletic,fbs,fbs
#6e6e6e,#6b8bce,2021,1,,2433,96,UL Monroe,Kentucky,1.88,pbp,Sun Belt,SEC,fbs,fbs
#b7949a,#4fb885,2019,3,,113,2429,Massachusetts,Charlotte,1.88,pbp,FBS Independents,Conference USA,fbs,fbs
#917e9c,#3c73b2,2017,2,,151,277,East Carolina,West Virginia,1.88,pbp,American Athletic,Big 12,fbs,fbs
#7b7b7b,#d5a6af,2017,13,,127,164,Michigan State(21),Rutgers,1.88,pbp,Big Ten,Big Ten,fbs,fbs
#e1bbbf,#da8f8f,2019,3,,2459,158,Northern Illinois,Nebraska,1.87,pbp,Mid-American,Big Ten,fbs,fbs
#4b83c3,#b9a0a5,2025,2,,290,30,Georgia Southern,USC,1.87,pbp,Sun Belt,Big Ten,fbs,fbs
#4abfc2,#99a6b8,2020,9,,324,2247,Coastal Carolina(20),Georgia State,1.87,pbp,Sun Belt,Sun Belt,fbs,fbs
#d6889a,#3974ac,2020,11,,275,130,Wisconsin(13),Michigan,1.87,pbp,Big Ten,Big Ten,fbs,fbs
#38a993,#cc7a91,2021,4,,2681,218,Wagner,Temple,1.87,pbp,NEC,American Athletic,fcs,fbs
#cfa0a8,#40be99,2023,4,,2447,2655,Nicholls,Tulane,1.87,pbp,Southland,American Athletic,fcs,fbs
#4b83c3,#cc6666,2017,4,,290,84,Georgia Southern,Indiana,1.87,pbp,Sun Belt,Big Ten,fbs,fbs
#75807c,#3c73b2,2018,9,,239,277,Baylor,West Virginia(13),1.86,pbp,Big 12,Big 12,fbs,fbs
#3f78bc,#357a9e,2025,11,,2440,328,Nevada,Utah State,1.86,pbp,Mountain West,Mountain West,fbs,fbs
#5d7088,#c8c6c2,2019,5,,41,2116,UConn,UCF(22),1.86,pbp,American Athletic,American Athletic,fbs,fbs
#937a7f,#bd9099,2018,11,,344,333,Mississippi State(18),Alabama(1),1.86,pbp,SEC,SEC,fbs,fbs
#c44e4e,#b5b5b5,2023,1,,2010,238,Alabama A&M,Vanderbilt,1.86,pbp,SWAC,SEC,fcs,fbs
#e9e1ce,#5d7088,2017,9,,142,41,Missouri,UConn,1.86,pbp,SEC,American Athletic,fbs,fbs
#3d68b7,#359f7d,2019,4,,6,5,South Alabama,UAB,1.86,pbp,Sun Belt,Conference USA,fbs,fbs
#dd9da6,#5d7088,2018,5,,2132,41,Cincinnati,UConn,1.86,pbp,American Athletic,American Athletic,fbs,fbs
#f0e7d1,#39aa8c,2016,1,,119,58,Towson,South Florida,1.86,pbp,CAA,American Athletic,fcs,fbs
#e6c7b3,#ba3e3e,2025,4,,2630,2623,UT Martin,Missouri State,1.86,pbp,Big South-OVC,Conference USA,fcs,fbs
#7f46c2,#7b7b7b,2023,3,,264,127,Washington(8),Michigan State,1.85,pbp,Pac-12,Big Ten,fbs,fbs
#cf6e75,#3f7fbd,2026,1,,193,221,Miami (OH),Pittsburgh,1.85,pbp,Mid-American,ACC,fbs,fbs
#d07980,#519bc5,2025,12,,2653,295,Troy,Old Dominion,1.85,pbp,Sun Belt,Sun Belt,fbs,fbs
#bd9fa4,#978da5,2019,13,,8,99,Arkansas,LSU(1),1.85,pbp,SEC,SEC,fbs,fbs
#47c27c,#b48686,2023,5,,2483,24,Oregon(9),Stanford,1.85,pbp,Pac-12,Pac-12,fbs,fbs
#339969,#e9e1ce,2016,2,,2199,142,Eastern Michigan,Missouri,1.85,pbp,Mid-American,SEC,fbs,fbs
#99a6b8,#978da5,2023,12,,2247,99,Georgia State,LSU(15),1.85,pbp,Sun Belt,SEC,fbs,fbs
#e5c2b2,#d98c8c,2026,4,,2534,2641,Sam Houston,Texas Tech(11),1.84,pbp,Conference USA,Big 12,fbs,fbs
#359f7d,#f4ebe0,2019,11,,5,2572,UAB,Southern Miss,1.84,pbp,Conference USA,Conference USA,fbs,fbs
#c7777d,#ad9a9d,2019,2,,257,103,Richmond,Boston College,1.84,pbp,CAA,ACC,fcs,fbs
#dd9da6,#39aa8c,2017,7,,2132,58,Cincinnati,South Florida(18),1.84,pbp,American Athletic,American Athletic,fbs,fbs
#99a6b8,#b5b5b5,2025,4,,2247,238,Georgia State,Vanderbilt(20),1.84,pbp,Sun Belt,SEC,fbs,fbs
#e6cab3,#885caf,2022,9,,197,2306,Oklahoma State(9),Kansas State(22),1.84,pbp,Big 12,Big 12,fbs,fbs
#4c4c4c,#db93a2,2016,5,,2509,120,Purdue,Maryland,1.84,pbp,Big Ten,Big Ten,fbs,fbs
#FFFFFF,#339969,2026,4,,2815,2199,Lindenwood,Eastern Michigan,1.84,pbp,OVC,Mid-American,fcs,fbs
#4fb885,#7cb0d3,2015,3,,2429,2393,Charlotte,Middle Tennessee,1.84,pbp,Conference USA,Conference USA,fbs,fbs
#d1a0a8,#a6999b,2022,1,,2546,66,Southeast Missouri State,Iowa State,1.84,pbp,OVC,Big 12,fcs,fbs
#d17b7b,#5096c4,2021,13,,2439,2005,UNLV,Air Force,1.84,pbp,Mountain West,Mountain West,fbs,fbs
#cfbdbf,#dd9da6,2024,4,,248,2132,Houston,Cincinnati,1.84,pbp,Big 12,Big 12,fbs,fbs
#d17b7b,#3974ac,2023,2,,2439,130,UNLV,Michigan(2),1.83,pbp,Mountain West,Big Ten,fbs,fbs
#848484,#e3c2ab,2019,15,,258,228,Virginia(22),Clemson(3),1.83,pbp,ACC,ACC,fbs,fbs
#ababae,#e3c2ab,2023,2,,2127,228,Charleston Southern,Clemson(25),1.83,pbp,Big South-OVC,ACC,fcs,fbs
#e3c2ab,#3c7eb4,2020,7,,228,59,Clemson(1),Georgia Tech,1.83,pbp,ACC,ACC,fbs,fbs
#40be99,#cc7a91,2015,6,,2655,218,Tulane,Temple,1.83,pbp,American Athletic,American Athletic,fbs,fbs
#bd7575,#c8c6c2,2017,9,,2046,2116,Austin Peay,UCF(18),1.83,pbp,OVC,American Athletic,fcs,fbs
#cc7a91,#5c81c6,2022,1,,218,150,Temple,Duke,1.83,pbp,American Athletic,ACC,fbs,fbs
#85797a,#cfbdbf,2015,4,,326,248,Texas State,Houston,1.83,pbp,Sun Belt,American Athletic,fbs,fbs
#6e6e6e,#d3a5b1,2018,1,,204,194,Oregon State,Ohio State(5),1.83,pbp,Pac-12,Big Ten,fbs,fbs
#7b7b7b,#d5a6af,2019,13,,127,164,Michigan State,Rutgers,1.83,pbp,Big Ten,Big Ten,fbs,fbs
#f4ebe0,#e6ccb3,2018,13,,2572,2638,Southern Miss,UTEP,1.83,pbp,Conference USA,Conference USA,fbs,fbs
#40be99,#3d6bb7,2024,12,,2655,2426,Tulane(25),Navy,1.83,pbp,American Athletic,American Athletic,fbs,fbs
#d9c78e,#d3a5b1,2017,3,,349,194,Army,Ohio State(8),1.83,pbp,FBS Independents,Big Ten,fbs,fbs
#bd7575,#dd9da6,2020,3,,2046,2132,Austin Peay,Cincinnati(13),1.83,pbp,OVC,American Athletic,fcs,fbs
#4fb885,#f4ebe0,2017,12,,2429,2572,Charlotte,Southern Miss,1.83,pbp,Conference USA,Conference USA,fbs,fbs
#e3c2ab,#978da5,2026,1,,228,99,Clemson,LSU(11),1.83,pbp,ACC,SEC,fbs,fbs
#689dcd,#978da5,2021,2,,2377,99,McNeese,LSU,1.83,pbp,Southland,SEC,fcs,fbs
#519bc5,#4b83c3,2025,13,,295,290,Old Dominion,Georgia Southern,1.83,pbp,Sun Belt,Sun Belt,fbs,fbs
#99a6b8,#6095ca,2018,3,,2247,235,Georgia State,Memphis,1.82,pbp,Sun Belt,American Athletic,fbs,fbs
#e3c2ab,#c24a54,2021,13,,228,2579,Clemson,South Carolina,1.82,pbp,ACC,SEC,fbs,fbs
#f2f2f2,#b9a0a5,2022,11,,38,30,Colorado,USC(8),1.82,pbp,Pac-12,Pac-12,fbs,fbs
#9785a6,#ce919e,2022,Bowls,cfp national championship pres. by at&t,2628,61,TCU(2),Georgia(1),1.82,pbp,Big 12,SEC,fbs,fbs
#ffffff,#3d75b8,2025,7,,242,2636,Rice,UTSA,1.82,pbp,American Athletic,American Athletic,fbs,fbs
#b7949a,#40be99,2022,1,,113,2655,Massachusetts,Tulane,1.82,legacy,FBS Independents,American Athletic,fbs,fbs
#FFFFFF,#4c85c3,2022,3,,2341,2309,Long Island University,Kent State,1.82,pbp,NEC,Mid-American,fcs,fbs
#339969,#d6889a,2026,3,,2199,275,Eastern Michigan,Wisconsin,1.82,pbp,Mid-American,Big Ten,fbs,fbs
#cc6666,#db93a2,2025,10,,84,120,Indiana(2),Maryland,1.82,pbp,Big Ten,Big Ten,fbs,fbs
#935531,#3c7eb4,2018,5,,189,59,Bowling Green,Georgia Tech,1.82,pbp,Mid-American,ACC,fbs,fbs
#ad9a9d,#3f7fbd,2025,6,,103,221,Boston College,Pittsburgh,1.82,pbp,ACC,ACC,fbs,fbs
#d3a5b1,#d5a6af,2019,12,,194,164,Ohio State(2),Rutgers,1.82,pbp,Big Ten,Big Ten,fbs,fbs
#a0a0a0,#3aaf80,2020,4,,52,2390,Florida State,Miami(12),1.82,pbp,ACC,ACC,fbs,fbs
#e3c2ab,#3f7fbd,2018,14,,228,221,Clemson(2),Pittsburgh,1.81,pbp,ACC,ACC,fbs,fbs
#d9c78e,#6388cb,2024,6,,349,202,Army,Tulsa,1.81,pbp,American Athletic,American Athletic,fbs,fbs
#4c4c4c,#d6889a,2024,6,,2509,275,Purdue,Wisconsin,1.81,pbp,Big Ten,Big Ten,fbs,fbs
#FFFFFF,#bd9fa4,2018,1,,2197,8,Eastern Illinois,Arkansas,1.81,pbp,OVC,SEC,fcs,fbs
#b48686,#6e6e6e,2023,11,,24,204,Stanford,Oregon State(12),1.81,pbp,Pac-12,Pac-12,fbs,fbs
#b48686,#7f46c2,2016,5,,24,264,Stanford(7),Washington(10),1.81,pbp,Pac-12,Pac-12,fbs,fbs
#359f7d,#5090c5,2019,15,,5,2226,UAB,Florida Atlantic,1.81,pbp,Conference USA,Conference USA,fbs,fbs
#357a9e,#339a72,2018,10,,328,62,Utah State(18),Hawai'i,1.81,pbp,Mountain West,Mountain West,fbs,fbs
#ddb4b6,#3d77b8,2016,2,,2032,2,Arkansas State,Auburn,1.81,pbp,Sun Belt,SEC,fbs,fbs
#e2c9a6,#6f92cf,2019,12,,304,252,Idaho State,BYU,1.81,pbp,Big Sky,FBS Independents,fcs,fbs
#cf6e75,#d3a5b1,2019,4,,193,194,Miami (OH),Ohio State(6),1.81,pbp,Mid-American,Big Ten,fbs,fbs
#f2f2f2,#6e6e6e,2022,8,,38,204,Colorado,Oregon State,1.81,pbp,Pac-12,Pac-12,fbs,fbs
#FFFFFF,#b57f81,2026,1,,2385,166,Mercyhurst,New Mexico State,1.8,pbp,NEC,Conference USA,fcs,fbs
#d37d7b,#d88a96,2024,2,,55,97,Jacksonville State,Louisville(22),1.8,pbp,Conference USA,ACC,fbs,fbs
#917e9c,#dd9da6,2020,11,,151,2132,East Carolina,Cincinnati(7),1.8,pbp,American Athletic,American Athletic,fbs,fbs
#4c4c4c,#44699b,2023,4,,2294,213,Iowa(24),Penn State(7),1.8,pbp,Big Ten,Big Ten,fbs,fbs
#76d198,#f4ebe0,2024,11,,276,2572,Marshall,Southern Miss,1.8,pbp,Sun Belt,Sun Belt,fbs,fbs
#b3787d,#b48686,2022,1,,2142,24,Colgate,Stanford,1.8,pbp,Patriot,Pac-12,fcs,fbs
#7c7ccc,#359f7d,2023,1,,2448,5,North Carolina A&T,UAB,1.8,pbp,CAA,American Athletic,fcs,fbs
#576f8c,#d3a5b1,2022,3,,2649,194,Toledo,Ohio State(3),1.8,pbp,Mid-American,Big Ten,fbs,fbs
#bd9099,#707987,2018,3,,333,145,Alabama(1),Ole Miss,1.8,pbp,SEC,SEC,fbs,fbs
#386ca9,#dd9da6,2021,2,,93,2132,Murray State,Cincinnati(7),1.8,pbp,OVC,American Athletic,fcs,fbs
#e9e1ce,#ce919e,2019,11,,142,61,Missouri,Georgia(6),1.8,pbp,SEC,SEC,fbs,fbs
#e6c7b3,#5d7088,2022,2,,183,41,Syracuse,UConn,1.8,pbp,ACC,FBS Independents,fbs,fbs
#3d68b7,#c8c6c2,2023,3,,222,2116,Villanova,UCF,1.79,pbp,CAA,Big 12,fcs,fbs
#6e6e6e,#707987,2018,6,,2433,145,UL Monroe,Ole Miss,1.79,pbp,Sun Belt,SEC,fbs,fbs
#38a993,#3d6bb7,2023,2,,2681,2426,Wagner,Navy,1.79,pbp,NEC,American Athletic,fcs,fbs
#8e8e8e,#935531,2023,4,,195,189,Ohio,Bowling Green,1.79,pbp,Mid-American,Mid-American,fbs,fbs
#ceb2b3,#47c27c,2017,1,,253,2483,Southern Utah,Oregon,1.79,pbp,Big Sky,Pac-12,fcs,fbs
#4e6192,#b7949a,2019,10,,2335,113,Liberty,Massachusetts,1.79,pbp,FBS Independents,FBS Independents,fbs,fbs
#828282,#b6999d,2022,3,,36,265,Colorado State,Washington State,1.79,pbp,Mountain West,Pac-12,fbs,fbs
#339a72,#d6889a,2015,4,,62,275,Hawai'i,Wisconsin(22),1.79,pbp,Mountain West,Big Ten,fbs,fbs
#cbbdb5,#bca0a5,2022,6,,251,201,Texas,Oklahoma,1.79,pbp,Big 12,Big 12,fbs,fbs
#85797a,#6f92cf,2020,8,,326,252,Texas State,BYU(12),1.78,pbp,Sun Belt,FBS Independents,fbs,fbs
#f6f6f6,#a0a0a0,2026,4,,2110,52,Central Arkansas,Florida State,1.78,pbp,UAC,ACC,fcs,fbs
#ae7b7c,#39aa8c,2019,3,,2569,58,South Carolina State,South Florida,1.78,pbp,MEAC,American Athletic,fcs,fbs
#47c27c,#b48686,2017,7,,2483,24,Oregon,Stanford(23),1.78,pbp,Pac-12,Pac-12,fbs,fbs
#FFFFFF,#dc97a7,2018,1,,70,278,Idaho,Fresno State,1.78,pbp,Big Sky,Mountain West,fcs,fbs
#FFFFFF,#5d7088,2024,2,,2771,41,Merrimack,UConn,1.78,pbp,FCS Independents,FBS Independents,fcs,fbs
#6b8bce,#339a72,2016,11,,68,62,Boise State(24),Hawai'i,1.78,pbp,Mountain West,Mountain West,fbs,fbs
#339a72,#5d7193,2025,1,,62,12,Hawai'i,Arizona,1.78,pbp,Mountain West,Big 12,fbs,fbs
#4385c0,#bd9099,2016,12,,236,333,Chattanooga,Alabama(1),1.78,pbp,Southern,SEC,fcs,fbs
#38a993,#ad9a9d,2016,4,,2681,103,Wagner,Boston College,1.78,pbp,NEC,ACC,fcs,fbs
#db93a2,#d5a6af,2019,6,,120,164,Maryland,Rutgers,1.78,pbp,Big Ten,Big Ten,fbs,fbs
#FFFFFF,#6989c7,2026,1,,2771,48,Merrimack,Delaware,1.78,pbp,FCS Independents,Conference USA,fcs,fbs
#7fa4d4,#cbbdb5,2015,10,,2305,251,Kansas,Texas,1.78,pbp,Big 12,Big 12,fbs,fbs
#e2c9a6,#6e6e6e,2016,3,,304,204,Idaho State,Oregon State,1.78,pbp,Big Sky,Pac-12,fcs,fbs
#3e72b9,#935531,2015,7,,2006,189,Akron,Bowling Green,1.78,pbp,Mid-American,Mid-American,fbs,fbs
#ce919e,#357a9e,2018,9,,167,328,New Mexico,Utah State,1.78,pbp,Mountain West,Mountain West,fbs,fbs
#75807c,#7fa4d4,2019,14,,239,2305,Baylor(11),Kansas,1.78,pbp,Big 12,Big 12,fbs,fbs
#6e6e6e,#3d77b8,2024,12,,2433,2,UL Monroe,Auburn,1.78,pbp,Sun Belt,SEC,fbs,fbs
#74baa8,#4e6192,2018,14,,2450,2335,Norfolk State,Liberty,1.77,pbp,MEAC,FBS Independents,fcs,fbs
#f4f4f4,#3aaf80,2018,5,,153,2390,North Carolina,Miami(16),1.77,pbp,ACC,ACC,fbs,fbs
#3f78bc,#3e72b9,2025,4,,2184,2006,Duquesne,Akron,1.77,pbp,NEC,Mid-American,fcs,fbs
#978da5,#b5b5b5,2020,5,,99,238,LSU(20),Vanderbilt,1.77,pbp,SEC,SEC,fbs,fbs
#935531,#6095ca,2016,4,,189,235,Bowling Green,Memphis,1.77,pbp,Mid-American,American Athletic,fbs,fbs
#bd9099,#937a7f,2019,12,,333,344,Alabama(4),Mississippi State,1.77,pbp,SEC,SEC,fbs,fbs
#cbbdb5,#5d7088,2015,1,,251,87,Texas,Notre Dame(11),1.77,pbp,Big 12,FBS Independents,fbs,fbs
#b4b4b4,#cfbdbf,2025,1,,2617,248,Stephen F. Austin,Houston,1.77,pbp,Southland,Big 12,fcs,fbs
#6b8bce,#937a7f,2017,8,,96,344,Kentucky,Mississippi State,1.76,pbp,SEC,SEC,fbs,fbs
#9b9b9c,#3c73b2,2024,2,,399,277,UAlbany,West Virginia,1.76,pbp,CAA,Big 12,fcs,fbs
#44699b,#db93a2,2019,5,,213,120,Penn State(12),Maryland,1.76,pbp,Big Ten,Big Ten,fbs,fbs
#838383,#3f78bc,2023,13,,2751,2440,Wyoming,Nevada,1.76,pbp,Mountain West,Mountain West,fbs,fbs
#e6cab3,#6388cb,2024,3,,197,202,Oklahoma State(13),Tulsa,1.76,pbp,Big 12,American Athletic,fbs,fbs
#d2adae,#6e6e6e,2020,13,,309,2433,Louisiana(23),UL Monroe,1.76,pbp,Sun Belt,Sun Belt,fbs,fbs
#345b9d,#e6ccb3,2022,12,,2229,2638,Florida International,UTEP,1.76,pbp,Conference USA,Conference USA,fbs,fbs
#bca0a5,#885caf,2015,7,,201,2306,Oklahoma(19),Kansas State,1.76,pbp,Big 12,Big 12,fbs,fbs
#db93a2,#44699b,2024,14,,120,213,Maryland,Penn State(4),1.76,pbp,Big Ten,Big Ten,fbs,fbs
#3f78bc,#3c73b2,2023,2,,2184,277,Duquesne,West Virginia,1.76,pbp,NEC,Big 12,fcs,fbs
#bca0a5,#6388cb,2023,3,,201,202,Oklahoma(19),Tulsa,1.75,pbp,Big 12,American Athletic,fbs,fbs
#e1c8a7,#d2adae,2024,1,,2755,309,Grambling,Louisiana,1.75,pbp,SWAC,Sun Belt,fcs,fbs
#dc97a7,#7f46c2,2017,3,,278,264,Fresno State,Washington(6),1.75,pbp,Mountain West,Pac-12,fbs,fbs
#cf6e79,#5d7088,2023,12,,2529,41,Sacred Heart,UConn,1.75,pbp,NEC,FBS Independents,fcs,fbs
#3974ac,#4c4c4c,2023,14,big ten championship,130,2294,Michigan(2),Iowa(18),1.75,pbp,Big Ten,Big Ten,fbs,fbs
#3aaf80,#cc7a91,2023,4,,2390,218,Miami(20),Temple,1.75,pbp,ACC,American Athletic,fbs,fbs
#a0a0a0,#e6c7b3,2022,11,,52,183,Florida State(25),Syracuse,1.75,pbp,ACC,ACC,fbs,fbs
#978da5,#4c4c4c,2022,Bowls,cheez-it citrus bowl,99,2509,LSU(16),Purdue,1.75,pbp,SEC,Big Ten,fbs,fbs
#ceb2b3,#6f92cf,2016,11,,253,252,Southern Utah,BYU,1.75,pbp,Big Sky,FBS Independents,fcs,fbs
#b7949a,#6f92cf,2016,12,,113,252,Massachusetts,BYU,1.75,pbp,FBS Independents,FBS Independents,fbs,fbs
#d88a96,#e3c2ab,2018,10,,97,228,Louisville,Clemson(2),1.74,pbp,ACC,ACC,fbs,fbs
#e3c2ab,#3aaf80,2015,8,,228,2390,Clemson(6),Miami,1.74,pbp,ACC,ACC,fbs,fbs
#db93a2,#44699b,2018,13,,120,213,Maryland,Penn State(15),1.74,pbp,Big Ten,Big Ten,fbs,fbs
#b57f81,#357a9e,2018,2,,166,328,New Mexico State,Utah State,1.74,pbp,FBS Independents,Mountain West,fbs,fbs
#9cbacd,#bca0a5,2024,10,,311,201,Maine,Oklahoma,1.74,pbp,CAA,SEC,fcs,fbs
#d98c8c,#3aaf80,2025,12,,152,2390,NC State,Miami(16),1.74,pbp,ACC,ACC,fbs,fbs
#e6c7b3,#d88a96,2020,12,,183,97,Syracuse,Louisville,1.74,pbp,ACC,ACC,fbs,fbs
#7b7b7b,#4c4c4c,2020,10,,127,2294,Michigan State,Iowa,1.74,pbp,Big Ten,Big Ten,fbs,fbs
#61a0ca,#cbbdb5,2025,2,,23,251,San José State,Texas(7),1.74,pbp,Mountain West,SEC,fbs,fbs
#39aa8c,#3aaf80,2025,3,,58,2390,South Florida(18),Miami(5),1.73,pbp,American Athletic,ACC,fbs,fbs
#85797a,#b57f81,2016,12,,326,166,Texas State,New Mexico State,1.73,pbp,Sun Belt,Sun Belt,fbs,fbs
#3d75b8,#ffffff,2022,12,,2636,242,UTSA,Rice,1.73,pbp,Conference USA,Conference USA,fbs,fbs
#6498cc,#4078be,2018,2,,2582,2348,Southern,Louisiana Tech,1.73,pbp,SWAC,Conference USA,fcs,fbs
#a4a4a4,#da8f8f,2021,5,,77,158,Northwestern,Nebraska,1.73,pbp,Big Ten,Big Ten,fbs,fbs
#b57f81,#d37d7b,2024,7,,166,55,New Mexico State,Jacksonville State,1.73,pbp,Conference USA,Conference USA,fbs,fbs
#bd9fa4,#3d77b8,2016,8,,8,2,Arkansas(17),Auburn(21),1.73,pbp,SEC,SEC,fbs,fbs
#48619a,#868686,2026,2,,2405,2711,Monmouth,Western Michigan,1.73,pbp,Coastal Athletic,Mid-American,fcs,fbs
#db93a2,#44699b,2022,11,,120,213,Maryland,Penn State(14),1.73,pbp,Big Ten,Big Ten,fbs,fbs
#6e6e6e,#e6dbb3,2019,8,,2433,2026,UL Monroe,App State(24),1.72,pbp,Sun Belt,Sun Belt,fbs,fbs
#b4b4b4,#6095ca,2020,12,,2617,235,Stephen F. Austin,Memphis,1.72,pbp,Southland,American Athletic,fcs,fbs
#917e9c,#c8c6c2,2015,12,,151,2116,East Carolina,UCF,1.72,pbp,American Athletic,American Athletic,fbs,fbs
#e3c2ab,#ad9a9d,2016,6,,228,103,Clemson(3),Boston College,1.72,pbp,ACC,ACC,fbs,fbs
#a8848d,#345b9d,2025,1,,2065,2229,Bethune-Cookman,Florida International,1.72,pbp,SWAC,Conference USA,fcs,fbs
#d17b7b,#ce919e,2023,10,,2439,167,UNLV,New Mexico,1.72,pbp,Mountain West,Mountain West,fbs,fbs
#57c78b,#e6ccb3,2015,11,,249,2633,North Texas,Tennessee,1.72,pbp,Conference USA,SEC,fbs,fbs
#FFFFFF,#57c78b,2017,1,,2320,249,Lamar,North Texas,1.72,pbp,Southland,Conference USA,fcs,fbs
#828282,#3f78bc,2018,11,,36,2440,Colorado State,Nevada,1.72,pbp,Mountain West,Mountain West,fbs,fbs
#e6ccb3,#da8f8f,2024,1,,2638,158,UTEP,Nebraska,1.72,pbp,Conference USA,Big Ten,fbs,fbs
#d5a6af,#a75a7c,2022,9,,164,135,Rutgers,Minnesota,1.72,pbp,Big Ten,Big Ten,fbs,fbs
#3974ac,#db93a2,2019,10,,130,120,Michigan(14),Maryland,1.72,pbp,Big Ten,Big Ten,fbs,fbs
#7c7ccc,#6388cb,2016,3,,2448,202,North Carolina A&T,Tulsa,1.71,pbp,MEAC,American Athletic,fcs,fbs
#47c27c,#d5a6af,2025,8,,2483,164,Oregon(8),Rutgers,1.71,pbp,Big Ten,Big Ten,fbs,fbs
#5d7193,#b6999d,2016,10,,12,265,Arizona,Washington State(25),1.71,pbp,Pac-12,Pac-12,fbs,fbs
#828282,#f2f2f2,2016,1,,36,38,Colorado State,Colorado,1.71,pbp,Mountain West,Pac-12,fbs,fbs
#868686,#3e72b9,2020,10,,2711,2006,Western Michigan,Akron,1.71,pbp,Mid-American,Mid-American,fbs,fbs
#acacad,#978da5,2019,3,,2466,99,Northwestern State,LSU(4),1.71,pbp,Southland,SEC,fcs,fbs
#e6c6c7,#6f92cf,2020,9,,98,252,Western Kentucky,BYU(11),1.71,pbp,Conference USA,FBS Independents,fbs,fbs
#838383,#3aa07c,2026,5,,2751,2449,Wyoming,North Dakota State,1.71,pbp,Mountain West,Mountain West,fbs,fbs
#FFFFFF,#b8b8b8,2020,5,,2097,154,Campbell,Wake Forest,1.71,pbp,Big South,ACC,fcs,fbs
#7b7b7b,#bd9099,2015,Bowls,,127,333,Michigan State(6),Alabama(1),1.71,pbp,Big Ten,SEC,fbs,fbs
#b5b5b5,#cfbdbf,2015,9,,238,248,Vanderbilt,Houston(18),1.71,pbp,SEC,American Athletic,fbs,fbs
#d07980,#6f92cf,2020,4,,2653,252,Troy,BYU(18),1.71,pbp,Sun Belt,FBS Independents,fbs,fbs
#ffffff,#75807c,2015,4,,242,239,Rice,Baylor(5),1.71,pbp,Conference USA,Big 12,fbs,fbs
#5090c5,#bca0a5,2018,1,,2226,201,Florida Atlantic,Oklahoma(7),1.71,pbp,Conference USA,Big 12,fbs,fbs
#396bac,#3e72b9,2026,2,,2523,2006,Robert Morris,Akron,1.71,pbp,NEC,Mid-American,fcs,fbs
#329870,#6b8bce,2019,3,,2502,68,Portland State,Boise State(22),1.71,pbp,Big Sky,Mountain West,fcs,fbs
#6388cb,#7f46c2,2023,2,,202,264,Tulsa,Washington(8),1.71,pbp,American Athletic,Pac-12,fbs,fbs
#ababae,#cc6666,2017,6,,2127,84,Charleston Southern,Indiana,1.71,pbp,Big South,Big Ten,fcs,fbs
#47c27c,#6e6e6e,2018,13,,2483,204,Oregon,Oregon State,1.71,pbp,Pac-12,Pac-12,fbs,fbs
#c85976,#917e9c,2026,4,,2428,151,North Carolina Central,East Carolina,1.71,pbp,MEAC,American Athletic,fcs,fbs
#707987,#b8b8b8,2024,3,,145,154,Ole Miss(5),Wake Forest,1.71,pbp,SEC,ACC,fbs,fbs
#359f7d,#57c78b,2021,3,,5,249,UAB,North Texas,1.71,pbp,Conference USA,Conference USA,fbs,fbs
#6e6e6e,#4e6192,2020,6,,2433,2335,UL Monroe,Liberty,1.71,pbp,Sun Belt,FBS Independents,fbs,fbs
#cc7a91,#4fb885,2015,5,,218,2429,Temple,Charlotte,1.7,pbp,American Athletic,Conference USA,fbs,fbs
#4abfc2,#c24a54,2018,1,,324,2579,Coastal Carolina,South Carolina,1.7,pbp,Sun Belt,SEC,fbs,fbs
#e6c6c7,#4fb885,2022,10,,98,2429,Western Kentucky,Charlotte,1.7,pbp,Conference USA,Conference USA,fbs,fbs
#d5a6af,#d3a5b1,2025,13,,164,194,Rutgers,Ohio State(1),1.7,pbp,Big Ten,Big Ten,fbs,fbs
#cc7a91,#6388cb,2021,12,,218,202,Temple,Tulsa,1.7,pbp,American Athletic,American Athletic,fbs,fbs
#cf6e75,#dd9da6,2021,1,,193,2132,Miami (OH),Cincinnati(8),1.7,pbp,Mid-American,American Athletic,fbs,fbs
#bc778f,#5d7193,2024,14,,9,12,Arizona State(14),Arizona,1.7,pbp,Big 12,Big 12,fbs,fbs
#d3a5b1,#4c4c4c,2023,7,,194,2509,Ohio State(3),Purdue,1.7,pbp,Big Ten,Big Ten,fbs,fbs
#e6dbb3,#519bc5,2015,4,,2026,295,App State,Old Dominion,1.7,pbp,Sun Belt,Conference USA,fbs,fbs
#b57f81,#a75a7c,2018,1,,166,135,New Mexico State,Minnesota,1.7,pbp,FBS Independents,Big Ten,fbs,fbs
#4c85c3,#6f7cc9,2018,11,,2309,2084,Kent State,Buffalo,1.7,pbp,Mid-American,Mid-American,fbs,fbs
#3d68b7,#d9c78e,2022,3,,222,349,Villanova,Army,1.7,pbp,CAA,FBS Independents,fcs,fbs
#e6c7b3,#d88a96,2021,11,,183,97,Syracuse,Louisville,1.7,pbp,ACC,ACC,fbs,fbs
#dc97a7,#707987,2015,2,,278,145,Fresno State,Ole Miss(17),1.69,pbp,Mountain West,SEC,fbs,fbs
#689ecd,#e6ccb3,2016,10,,2277,2638,Houston Christian,UTEP,1.69,pbp,Southland,Conference USA,fcs,fbs
#3f78bc,#4c4c4c,2022,3,,2440,2294,Nevada,Iowa,1.69,pbp,Mountain West,Big Ten,fbs,fbs
#af5868,#e6c6c7,2024,2,,2198,98,Eastern Kentucky,Western Kentucky,1.69,pbp,UAC,Conference USA,fcs,fbs
#e6c7b3,#e6ccb3,2022,8,,2630,2633,UT Martin,Tennessee(3),1.69,pbp,OVC,SEC,fcs,fbs
#6b8bce,#e6ccb3,2022,9,,96,2633,Kentucky(19),Tennessee(3),1.69,pbp,SEC,SEC,fbs,fbs
#b57f81,#6b8bce,2021,12,,166,96,New Mexico State,Kentucky,1.69,pbp,FBS Independents,SEC,fbs,fbs
#c8c6c2,#cc7a91,2021,9,,2116,218,UCF,Temple,1.69,pbp,American Athletic,American Athletic,fbs,fbs
#4c85c3,#8e8e8e,2017,8,,2309,195,Kent State,Ohio,1.69,pbp,Mid-American,Mid-American,fbs,fbs
#adb8c1,#b48686,2023,8,,26,24,UCLA(25),Stanford,1.69,pbp,Pac-12,Pac-12,fbs,fbs
#ffffff,#b9a0a5,2022,1,,242,30,Rice,USC(14),1.69,pbp,Conference USA,Pac-12,fbs,fbs
#5090c5,#e3c2ab,2023,3,,2226,228,Florida Atlantic,Clemson,1.69,pbp,American Athletic,ACC,fbs,fbs
#4abfc2,#848484,2025,1,,324,258,Coastal Carolina,Virginia,1.68,pbp,Sun Belt,ACC,fbs,fbs
#dbbcc0,#3f7fbd,2024,4,,2754,221,Youngstown State,Pittsburgh,1.68,pbp,MVFC,ACC,fcs,fbs
#5d7193,#e6ccb3,2017,3,,12,2638,Arizona,UTEP,1.68,pbp,Pac-12,Conference USA,fbs,fbs
#828282,#b48686,2024,2,,13,24,Cal Poly,Stanford,1.68,pbp,Big Sky,ACC,fcs,fbs
#4f4f4f,#e6dbb3,2021,3,,2210,2026,Elon,App State,1.68,pbp,CAA,Sun Belt,fcs,fbs
#dc97a7,#bd9099,2017,2,,278,333,Fresno State,Alabama(1),1.68,pbp,Mountain West,SEC,fbs,fbs
#e9e1ce,#bd9099,2024,9,,142,333,Missouri(21),Alabama(15),1.68,pbp,SEC,SEC,fbs,fbs
#e6dbb3,#4fb885,2018,2,,2026,2429,App State,Charlotte,1.68,pbp,Sun Belt,Conference USA,fbs,fbs
#3d77b8,#e9e1ce,2017,4,,2,142,Auburn(15),Missouri,1.68,pbp,SEC,SEC,fbs,fbs
#888888,#c24a54,2024,13,,2747,2579,Wofford,South Carolina(19),1.67,pbp,Southern,SEC,fcs,fbs
#6095ca,#4fb885,2026,5,,235,2429,Memphis,Charlotte,1.67,pbp,American Athletic,American Athletic,fbs,fbs
#6989c7,#b8b8b8,2025,13,,48,154,Delaware,Wake Forest,1.67,pbp,Conference USA,ACC,fbs,fbs
#519bc5,#b8b8b8,2021,1,,295,154,Old Dominion,Wake Forest,1.67,legacy,Conference USA,ACC,fbs,fbs
#e7c8b6,#44699b,2015,9,,356,213,Illinois,Penn State,1.67,pbp,Big Ten,Big Ten,fbs,fbs
#74baa8,#d5a6af,2015,1,,2450,164,Norfolk State,Rutgers,1.67,pbp,MEAC,Big Ten,fcs,fbs
#ad9a9d,#bd3f7d,2016,3,,103,259,Boston College,Virginia Tech,1.67,pbp,ACC,ACC,fbs,fbs
#6e6e6e,#ce919e,2016,8,,2433,167,UL Monroe,New Mexico,1.67,pbp,Sun Belt,Mountain West,fbs,fbs
#6e6e6e,#707987,2023,12,,2433,145,UL Monroe,Ole Miss(13),1.67,pbp,Sun Belt,SEC,fbs,fbs
#85797a,#a0a0a0,2015,1,,326,52,Texas State,Florida State(10),1.67,pbp,Sun Belt,ACC,fbs,fbs
#4b83c3,#bd9fa4,2021,3,,290,8,Georgia Southern,Arkansas(20),1.66,pbp,Sun Belt,SEC,fbs,fbs
#61a0ca,#e0a3ae,2017,3,,23,254,San José State,Utah,1.66,pbp,Mountain West,Pac-12,fbs,fbs
#b3787d,#e6c7b3,2025,3,,2142,183,Colgate,Syracuse,1.66,pbp,Patriot,ACC,fcs,fbs
#3d6bb7,#5d7088,2019,10,,2426,41,Navy,UConn,1.66,pbp,American Athletic,American Athletic,fbs,fbs
#38a993,#5090c5,2024,5,,2681,2226,Wagner,Florida Atlantic,1.66,legacy,NEC,American Athletic,fcs,fbs
#d3a5b1,#cc6666,2019,3,,194,84,Ohio State(6),Indiana,1.66,pbp,Big Ten,Big Ten,fbs,fbs
#f2d7d6,#39aa8c,2026,3,,2169,58,Delaware State,South Florida,1.66,pbp,MEAC,American Athletic,fcs,fbs
#a4a4a4,#3974ac,2024,13,,77,130,Northwestern,Michigan,1.66,pbp,Big Ten,Big Ten,fbs,fbs
#6498cc,#3d75b8,2017,3,,2582,2636,Southern,UTSA,1.66,pbp,SWAC,Conference USA,fcs,fbs
#339a72,#adb8c1,2021,1,,62,26,Hawai'i,UCLA,1.66,pbp,Mountain West,Pac-12,fbs,fbs
#c8c6c2,#5d7088,2018,1,,2116,41,UCF(21),UConn,1.66,pbp,American Athletic,American Athletic,fbs,fbs
#74baa8,#cc7a91,2023,3,,2450,218,Norfolk State,Temple,1.66,pbp,MEAC,American Athletic,fcs,fbs
#b7949a,#ce919e,2018,12,,113,61,Massachusetts,Georgia(5),1.66,pbp,FBS Independents,SEC,fbs,fbs
#d9c78e,#b7949a,2022,13,,349,113,Army,Massachusetts,1.66,pbp,FBS Independents,FBS Independents,fbs,fbs
#af5868,#d88a96,2025,1,,2198,97,Eastern Kentucky,Louisville,1.65,pbp,UAC,ACC,fcs,fbs
#d6889a,#d5a6af,2021,10,,275,164,Wisconsin,Rutgers,1.65,pbp,Big Ten,Big Ten,fbs,fbs
#6388cb,#b7b7b8,2023,9,,202,2567,Tulsa,SMU,1.65,pbp,American Athletic,American Athletic,fbs,fbs
#61a0ca,#339a72,2023,9,,23,62,San José State,Hawai'i,1.65,pbp,Mountain West,Mountain West,fbs,fbs
#ba3e3e,#b9a0a5,2025,1,,2623,30,Missouri State,USC,1.65,pbp,Conference USA,Big Ten,fbs,fbs
#d98c8c,#cbbdb5,2023,13,,2641,251,Texas Tech,Texas(7),1.65,pbp,Big 12,Big 12,fbs,fbs
#3d68b7,#e6ccb3,2021,12,,6,2633,South Alabama,Tennessee,1.65,legacy,Sun Belt,SEC,fbs,fbs
#5d7088,#3f7fbd,2020,8,,87,221,Notre Dame(3),Pittsburgh,1.65,pbp,FBS Independents,ACC,fbs,fbs
#d3a5b1,#d5a6af,2021,5,,194,164,Ohio State(11),Rutgers,1.65,pbp,Big Ten,Big Ten,fbs,fbs
#bd9099,#e6ccb3,2018,8,,333,2633,Alabama(1),Tennessee,1.65,pbp,SEC,SEC,fbs,fbs
#e5c2b2,#4078be,2025,10,,2534,2348,Sam Houston,Louisiana Tech,1.65,pbp,Conference USA,Conference USA,fbs,fbs
#ddb4b6,#d3a5b1,2022,2,,2032,194,Arkansas State,Ohio State(3),1.65,pbp,Sun Belt,Big Ten,fbs,fbs
#99a6b8,#f4f4f4,2021,2,,2247,153,Georgia State,North Carolina(24),1.65,pbp,Sun Belt,ACC,fbs,fbs
#386ca9,#d37d7b,2025,4,,93,55,Murray State,Jacksonville State,1.65,pbp,MVFC,Conference USA,fcs,fbs
#6b8bce,#d88a96,2018,13,,96,97,Kentucky(17),Louisville,1.65,pbp,SEC,ACC,fbs,fbs
#3974ac,#4c4c4c,2021,14,,130,2294,Michigan(2),Iowa(15),1.65,pbp,Big Ten,Big Ten,fbs,fbs
#6b8bce,#ce919e,2023,6,,96,61,Kentucky(20),Georgia(1),1.65,pbp,SEC,SEC,fbs,fbs
#e1cacb,#519bc5,2018,12,,2678,295,VMI,Old Dominion,1.65,pbp,Southern,Conference USA,fcs,fbs
#6b8bce,#d2adae,2016,1,,68,309,Boise State,Louisiana,1.64,pbp,Mountain West,Sun Belt,fbs,fbs
#3d77b8,#4b83c3,2015,3,,2643,290,The Citadel,Georgia Southern,1.64,pbp,Southern,Sun Belt,fcs,fbs
#e3c2ab,#e6c7b3,2019,3,,228,183,Clemson(1),Syracuse,1.64,pbp,ACC,ACC,fbs,fbs
#6f7cc9,#5d7088,2024,5,,2084,41,Buffalo,UConn,1.64,pbp,Mid-American,FBS Independents,fbs,fbs
#e3c2ab,#b8b8b8,2018,6,,228,154,Clemson(4),Wake Forest,1.64,pbp,ACC,ACC,fbs,fbs
#937a7f,#af3a3a,2023,11,,344,245,Mississippi State,Texas A&M,1.64,pbp,SEC,SEC,fbs,fbs
#b4b4b4,#d98c8c,2016,1,,2617,2641,Stephen F. Austin,Texas Tech,1.64,pbp,Southland,Big 12,fcs,fbs
#48619a,#868686,2019,1,,2405,2711,Monmouth,Western Michigan,1.64,pbp,Big South,Mid-American,fcs,fbs
#689ecd,#57c78b,2026,4,,2277,249,Houston Christian,North Texas,1.64,pbp,Southland,American Athletic,fcs,fbs
#f0ded1,#3c7eb4,2026,3,,2382,59,Mercer,Georgia Tech,1.64,pbp,Southern,ACC,fcs,fbs
#af5868,#dd9da6,2023,1,,2198,2132,Eastern Kentucky,Cincinnati,1.64,pbp,UAC,Big 12,fcs,fbs
#b7949a,#4078be,2019,7,,113,2348,Massachusetts,Louisiana Tech,1.64,pbp,FBS Independents,Conference USA,fbs,fbs
#bd9099,#937a7f,2021,7,,333,344,Alabama(5),Mississippi State,1.64,pbp,SEC,SEC,fbs,fbs
#6c6f6d,#848484,2019,2,,2729,258,William & Mary,Virginia,1.64,pbp,CAA,ACC,fcs,fbs
#917e9c,#3974ac,2023,1,,151,130,East Carolina,Michigan(2),1.64,pbp,American Athletic,Big Ten,fbs,fbs
#FFFFFF,#917e9c,2022,3,,2097,151,Campbell,East Carolina,1.64,pbp,Big South,American Athletic,fcs,fbs
#9785a6,#885caf,2023,8,,2628,2306,TCU,Kansas State,1.63,pbp,Big 12,Big 12,fbs,fbs
#7fa4d4,#9785a6,2019,5,,2305,2628,Kansas,TCU,1.63,pbp,Big 12,Big 12,fbs,fbs
#d98c8c,#e3c2ab,2018,8,,152,228,NC State(16),Clemson(3),1.63,pbp,ACC,ACC,fbs,fbs
#6f7cc9,#ad9a9d,2016,5,,2084,103,Buffalo,Boston College,1.63,pbp,Mid-American,ACC,fbs,fbs
#3d75b8,#e6cab3,2015,3,,2636,197,UTSA,Oklahoma State(25),1.63,pbp,Conference USA,Big 12,fbs,fbs
#b48686,#b8b8b8,2026,5,,24,154,Stanford,Wake Forest,1.63,pbp,ACC,ACC,fbs,fbs
#f0e8d6,#4078be,2024,14,,338,2348,Kennesaw State,Louisiana Tech,1.63,pbp,Conference USA,Conference USA,fbs,fbs
#3d68b7,#6e6e6e,2023,6,,6,2433,South Alabama,UL Monroe,1.63,pbp,Sun Belt,Sun Belt,fbs,fbs
#828282,#dc97a7,2021,2,,13,278,Cal Poly,Fresno State,1.62,pbp,Big Sky,Mountain West,fcs,fbs
#917e9c,#cc7a91,2018,6,,151,218,East Carolina,Temple,1.62,pbp,American Athletic,American Athletic,fbs,fbs
#8693bc,#7cb0d3,2015,1,,2296,2393,Jackson State,Middle Tennessee,1.62,pbp,SWAC,Conference USA,fcs,fbs
#cfa0a8,#d17b7b,2015,12,,21,2439,San Diego State,UNLV,1.62,pbp,Mountain West,Mountain West,fbs,fbs
#acacad,#3d68b7,2024,3,,2466,6,Northwestern State,South Alabama,1.62,pbp,Southland,Sun Belt,fcs,fbs
#af3a3a,#c24a54,2020,10,,245,2579,Texas A&M(7),South Carolina,1.62,pbp,SEC,SEC,fbs,fbs
#a0a0a0,#3aaf80,2022,10,,52,2390,Florida State,Miami,1.62,pbp,ACC,ACC,fbs,fbs
#dc9797,#e1bbbf,2017,11,,2050,2459,Ball State,Northern Illinois,1.62,pbp,Mid-American,Mid-American,fbs,fbs
#85797a,#ddb4b6,2015,14,,326,2032,Texas State,Arkansas State,1.62,pbp,Sun Belt,Sun Belt,fbs,fbs
#cc7a91,#39aa8c,2017,4,,218,58,Temple,South Florida(21),1.61,pbp,American Athletic,American Athletic,fbs,fbs
#848484,#e6ccb3,2023,1,,258,2633,Virginia,Tennessee(12),1.61,pbp,ACC,SEC,fbs,fbs
#357a9e,#b8b8b8,2017,3,,328,154,Utah State,Wake Forest,1.61,pbp,Mountain West,ACC,fbs,fbs
#3f78bc,#b9a0a5,2023,1,,2440,30,Nevada,USC(6),1.61,pbp,Mountain West,Pac-12,fbs,fbs
#ce919e,#6f82cf,2017,9,,61,57,Georgia(3),Florida,1.61,pbp,SEC,SEC,fbs,fbs
#6989c7,#bd3f7d,2017,2,,48,259,Delaware,Virginia Tech(18),1.61,pbp,CAA,ACC,fcs,fbs
#47c27c,#bc778f,2023,12,,2483,9,Oregon(6),Arizona State,1.61,pbp,Pac-12,Pac-12,fbs,fbs
#ce919e,#5d7088,2019,3,,167,87,New Mexico,Notre Dame(7),1.61,pbp,Mountain West,FBS Independents,fbs,fbs
#3e72b9,#6b8bce,2023,3,,2006,96,Akron,Kentucky,1.61,pbp,Mid-American,SEC,fbs,fbs
#d07980,#d2adae,2019,13,,2653,309,Troy,Louisiana,1.61,pbp,Sun Belt,Sun Belt,fbs,fbs
#359f7d,#d9c78e,2024,7,,5,349,UAB,Army,1.61,pbp,American Athletic,American Athletic,fbs,fbs
#dc9797,#339969,2017,10,,2050,2199,Ball State,Eastern Michigan,1.61,pbp,Mid-American,Mid-American,fbs,fbs
#ffffff,#978da5,2018,12,,242,99,Rice,LSU(10),1.61,pbp,Conference USA,SEC,fbs,fbs
#4c85c3,#3d77b8,2019,3,,2309,2,Kent State,Auburn(8),1.61,pbp,Mid-American,SEC,fbs,fbs
#cfa0a8,#885caf,2019,1,,2447,2306,Nicholls,Kansas State,1.61,pbp,Southland,Big 12,fcs,fbs
#3f647f,#7f46c2,2017,6,,25,264,California,Washington(6),1.61,pbp,Pac-12,Pac-12,fbs,fbs
#917e9c,#c8c6c2,2017,7,,151,2116,East Carolina,UCF(22),1.61,pbp,American Athletic,American Athletic,fbs,fbs
#bd9fa4,#bd9099,2017,7,,8,333,Arkansas,Alabama(1),1.61,pbp,SEC,SEC,fbs,fbs
#6b8bce,#6f82cf,2016,2,,96,57,Kentucky,Florida,1.61,pbp,SEC,SEC,fbs,fbs
#ddb4b6,#bd9fa4,2025,2,,2032,8,Arkansas State,Arkansas,1.6,pbp,Sun Belt,SEC,fbs,fbs
#4fb885,#40be99,2025,14,,2429,2655,Charlotte,Tulane(22),1.6,pbp,American Athletic,American Athletic,fbs,fbs
#b5b5b5,#c24a54,2023,11,,238,2579,Vanderbilt,South Carolina,1.6,pbp,SEC,SEC,fbs,fbs
#917e9c,#6095ca,2017,13,,151,235,East Carolina,Memphis(17),1.6,pbp,American Athletic,American Athletic,fbs,fbs
#a75a7c,#a4a4a4,2017,12,,135,77,Minnesota,Northwestern,1.6,pbp,Big Ten,Big Ten,fbs,fbs
#5d7088,#d98c8c,2022,4,,41,152,UConn,NC State(12),1.6,pbp,FBS Independents,ACC,fbs,fbs
#4f4f4f,#576f8c,2017,1,,2210,2649,Elon,Toledo,1.59,pbp,CAA,Mid-American,fcs,fbs
#ddb4b6,#d07980,2023,6,,2032,2653,Arkansas State,Troy,1.59,pbp,Sun Belt,Sun Belt,fbs,fbs
#7fa4d4,#885caf,2020,8,,2305,2306,Kansas,Kansas State(20),1.59,pbp,Big 12,Big 12,fbs,fbs
#9858aa,#85797a,2015,2,,2504,326,Prairie View A&M,Texas State,1.59,pbp,SWAC,Sun Belt,fcs,fbs
#e6dbb3,#9156c7,2025,12,,2026,256,App State,James Madison(24),1.59,pbp,Sun Belt,Sun Belt,fbs,fbs
#4e6192,#47c27c,2023,Bowls,vrbo fiesta bowl,2335,2483,Liberty(25),Oregon(6),1.59,pbp,Conference USA,Pac-12,fbs,fbs
#cbbdb5,#ffffff,2019,3,,251,242,Texas(12),Rice,1.59,pbp,Big 12,Conference USA,fbs,fbs
#b9b9b9,#357a9e,2018,3,,2635,328,Tennessee Tech,Utah State,1.59,pbp,OVC,Mountain West,fcs,fbs
#c85976,#868686,2016,2,,2428,2711,North Carolina Central,Western Michigan,1.59,pbp,MEAC,Mid-American,fcs,fbs
#d88a96,#bd9099,2018,1,,97,333,Louisville,Alabama(1),1.59,pbp,ACC,SEC,fbs,fbs
#4c85c3,#44699b,2018,3,,2309,213,Kent State,Penn State(11),1.59,pbp,Mid-American,Big Ten,fbs,fbs
#5d3db6,#7f46c2,2024,1,,2692,264,Weber State,Washington,1.59,pbp,Big Sky,Big Ten,fcs,fbs
#d3a5b1,#a6999b,2025,1,,233,66,South Dakota,Iowa State(22),1.58,pbp,MVFC,Big 12,fcs,fbs
#bd7575,#d07980,2016,1,,2046,2653,Austin Peay,Troy,1.58,pbp,OVC,Sun Belt,fcs,fbs
#ababae,#c24a54,2019,2,,2127,2579,Charleston Southern,South Carolina,1.58,pbp,Big South,SEC,fcs,fbs
#d3a5b1,#bca0a5,2019,2,,233,201,South Dakota,Oklahoma(4),1.58,pbp,MVFC,Big 12,fcs,fbs
#bd7575,#707987,2021,2,,2046,145,Austin Peay,Ole Miss(20),1.58,pbp,OVC,SEC,fcs,fbs
#f0ded1,#bd9099,2021,2,,2382,333,Mercer,Alabama(1),1.58,pbp,Southern,SEC,fcs,fbs
#cfbdbf,#40be99,2015,7,,248,2655,Houston(24),Tulane,1.58,pbp,American Athletic,American Athletic,fbs,fbs
#7f46c2,#6e6e6e,2017,5,,264,204,Washington(6),Oregon State,1.58,pbp,Pac-12,Pac-12,fbs,fbs
#838383,#dc97a7,2022,13,,2751,278,Wyoming,Fresno State,1.58,pbp,Mountain West,Mountain West,fbs,fbs
#8e8e8e,#6b8bce,2024,4,,195,96,Ohio,Kentucky,1.58,pbp,Mid-American,SEC,fbs,fbs
#6498cc,#40be99,2016,2,,2582,2655,Southern,Tulane,1.57,pbp,SWAC,American Athletic,fcs,fbs
#5090c5,#345b9d,2022,11,,2226,2229,Florida Atlantic,Florida International,1.57,pbp,Conference USA,Conference USA,fbs,fbs
#e0a3ae,#f2f2f2,2022,13,,254,38,Utah(14),Colorado,1.57,pbp,Pac-12,Pac-12,fbs,fbs
#e6cab3,#75807c,2020,15,,197,239,Oklahoma State,Baylor,1.57,pbp,Big 12,Big 12,fbs,fbs
#9cbacd,#ce919e,2022,1,,311,167,Maine,New Mexico,1.57,pbp,CAA,Mountain West,fcs,fbs
#d5a6af,#7f46c2,2016,1,,164,264,Rutgers,Washington(14),1.57,pbp,Big Ten,Pac-12,fbs,fbs
#ae7b7c,#39aa8c,2025,4,,2569,58,South Carolina State,South Florida,1.57,pbp,MEAC,American Athletic,fcs,fbs
#57c78b,#4c4c4c,2015,4,,249,2294,North Texas,Iowa,1.57,pbp,Conference USA,Big Ten,fbs,fbs
#99a5bd,#dc9797,2018,1,,2115,2050,Central Connecticut,Ball State,1.57,pbp,NEC,Mid-American,fcs,fbs
#d9c78e,#61a0ca,2018,7,,349,23,Army,San José State,1.57,pbp,FBS Independents,Mountain West,fbs,fbs
#386ca9,#dc9797,2022,3,,93,2050,Murray State,Ball State,1.57,pbp,OVC,Mid-American,fcs,fbs
#885caf,#bca0a5,2018,9,,2306,201,Kansas State,Oklahoma(8),1.57,pbp,Big 12,Big 12,fbs,fbs
#acacad,#dd9da6,2026,2,,2717,2132,Western Carolina,Cincinnati,1.57,pbp,Southern,Big 12,fcs,fbs
#3d75b8,#75807c,2019,2,,2636,239,UTSA,Baylor,1.56,pbp,Conference USA,Big 12,fbs,fbs
#917e9c,#5090c5,2025,14,,151,2226,East Carolina,Florida Atlantic,1.56,pbp,American Athletic,American Athletic,fbs,fbs
#a6a6a6,#da8f8f,2024,3,,2460,158,Northern Iowa,Nebraska(23),1.56,pbp,MVFC,Big Ten,fcs,fbs
#f2d7d6,#4c85c3,2015,2,,2169,2309,Delaware State,Kent State,1.56,pbp,MEAC,Mid-American,fcs,fbs
#bd9099,#978da5,2020,14,,333,99,Alabama(1),LSU,1.56,pbp,SEC,SEC,fbs,fbs
#935531,#868686,2019,9,,189,2711,Bowling Green,Western Michigan,1.56,pbp,Mid-American,Mid-American,fbs,fbs
#e6c6c7,#d6889a,2018,1,,98,275,Western Kentucky,Wisconsin(4),1.56,pbp,Conference USA,Big Ten,fbs,fbs
#e1c8a7,#3f647f,2015,1,,2755,25,Grambling,California,1.56,pbp,SWAC,Pac-12,fcs,fbs
#f2d7d6,#cf6e75,2023,4,,2169,193,Delaware State,Miami (OH),1.56,pbp,MEAC,Mid-American,fcs,fbs
#8e8e8e,#44699b,2022,2,,195,213,Ohio,Penn State,1.56,pbp,Mid-American,Big Ten,fbs,fbs
#f0e7d1,#db93a2,2017,2,,119,120,Towson,Maryland,1.56,pbp,CAA,Big Ten,fcs,fbs
#ce919e,#6b8bce,2019,12,,167,68,New Mexico,Boise State(19),1.56,pbp,Mountain West,Mountain West,fbs,fbs
#d6889a,#a75a7c,2017,13,,275,135,Wisconsin(5),Minnesota,1.56,pbp,Big Ten,Big Ten,fbs,fbs
#4385c0,#978da5,2017,2,,236,99,Chattanooga,LSU(12),1.56,pbp,Southern,SEC,fcs,fbs
#e1cacb,#4c85c3,2021,2,,2678,2309,VMI,Kent State,1.55,pbp,Southern,Mid-American,fcs,fbs
#acacad,#917e9c,2016,1,,2717,151,Western Carolina,East Carolina,1.55,pbp,Southern,American Athletic,fcs,fbs
#3d77b8,#f4f4f4,2016,12,,2643,153,The Citadel,North Carolina,1.55,pbp,Southern,ACC,fcs,fbs
#3d68b8,#d98c8c,2019,1,,147,2641,Montana State,Texas Tech,1.55,pbp,Big Sky,Big 12,fcs,fbs
#5c81c6,#b8b8b8,2021,9,,150,154,Duke,Wake Forest(13),1.55,pbp,ACC,ACC,fbs,fbs
#f4ebe0,#a0a0a0,2023,2,,2572,52,Southern Miss,Florida State(4),1.55,pbp,Sun Belt,ACC,fbs,fbs
#3e3ebb,#5096c4,2025,1,,2083,2005,Bucknell,Air Force,1.55,pbp,Patriot,Mountain West,fcs,fbs
#ba3e3e,#ddb4b6,2015,3,,2623,2032,Missouri State,Arkansas State,1.55,pbp,MVFC,Sun Belt,fcs,fbs
#e0a3ae,#b48686,2021,10,,254,24,Utah,Stanford,1.55,pbp,Pac-12,Pac-12,fbs,fbs
#e6ccb3,#cbbdb5,2016,2,,2638,251,UTEP,Texas(11),1.55,pbp,Conference USA,Big 12,fbs,fbs
#6e6e6e,#47c27c,2025,4,,204,2483,Oregon State,Oregon(6),1.55,pbp,Pac-12,Big Ten,fbs,fbs
#b48686,#5d7088,2024,7,,24,87,Stanford,Notre Dame(11),1.55,pbp,ACC,FBS Independents,fbs,fbs
#FFFFFF,#d17b7b,2024,2,,3101,2439,Utah Tech,UNLV,1.55,pbp,UAC,Mountain West,fcs,fbs
#cc6666,#3974ac,2023,7,,84,130,Indiana,Michigan(2),1.54,pbp,Big Ten,Big Ten,fbs,fbs
#cc6666,#4c4c4c,2021,13,,84,2509,Indiana,Purdue,1.54,pbp,Big Ten,Big Ten,fbs,fbs
#dc9797,#868686,2015,10,,2050,2711,Ball State,Western Michigan,1.54,pbp,Mid-American,Mid-American,fbs,fbs
#b57f81,#d07980,2016,4,,166,2653,New Mexico State,Troy,1.54,pbp,Sun Belt,Sun Belt,fbs,fbs
#ababae,#a0a0a0,2024,13,,2127,52,Charleston Southern,Florida State,1.54,pbp,Big South-OVC,ACC,fcs,fbs
#ce6d78,#6e6e6e,2025,1,,2598,2433,St. Francis (PA),UL Monroe,1.54,pbp,NEC,Sun Belt,fcs,fbs
#5a93c6,#4b83c3,2022,1,,2415,290,Morgan State,Georgia Southern,1.54,pbp,MEAC,Sun Belt,fcs,fbs
#4b83c3,#dc9797,2023,4,,290,2050,Georgia Southern,Ball State,1.54,pbp,Sun Belt,Mid-American,fbs,fbs
#3f78bb,#e6ccb3,2025,2,,2193,2633,East Tennessee State,Tennessee(22),1.54,pbp,Southern,SEC,fcs,fbs
#57c78b,#cc6666,2026,1,,249,84,North Texas,Indiana(6),1.53,pbp,American Athletic,Big Ten,fbs,fbs
#3d68b7,#e6cab3,2018,2,,6,197,South Alabama,Oklahoma State,1.53,pbp,Sun Belt,Big 12,fbs,fbs
#386ca9,#ce919e,2019,2,,93,61,Murray State,Georgia(3),1.53,pbp,OVC,SEC,fcs,fbs
#ae7b7c,#4b83c3,2018,1,,2569,290,South Carolina State,Georgia Southern,1.53,pbp,MEAC,Sun Belt,fcs,fbs
#ce6c81,#47c27c,2022,2,,331,2483,Eastern Washington,Oregon,1.53,pbp,Big Sky,Pac-12,fcs,fbs
#d5a6af,#4c4c4c,2019,2,,164,2294,Rutgers,Iowa(20),1.53,pbp,Big Ten,Big Ten,fbs,fbs
#b57f81,#e6ccb3,2025,12,,166,2633,New Mexico State,Tennessee(21),1.53,pbp,Conference USA,SEC,fbs,fbs
#FFFFFF,#85797a,2026,4,,2916,326,Incarnate Word,Texas State,1.53,pbp,Southland,Pac-12,fcs,fbs
#c75886,#ffffff,2024,2,,2640,242,Texas Southern,Rice,1.53,pbp,SWAC,American Athletic,fcs,fbs
#848484,#bd3f7d,2016,13,,258,259,Virginia,Virginia Tech,1.52,pbp,ACC,ACC,fbs,fbs
#da8f8f,#d3a5b1,2016,10,,158,194,Nebraska(9),Ohio State(6),1.52,pbp,Big Ten,Big Ten,fbs,fbs
#3f78bc,#b7949a,2018,1,,2184,113,Duquesne,Massachusetts,1.52,pbp,NEC,FBS Independents,fcs,fbs
#e6c6c7,#d3a5b1,2023,3,,98,194,Western Kentucky,Ohio State(6),1.52,pbp,Conference USA,Big Ten,fbs,fbs
#ce919e,#a0a0a0,2023,Bowls,capital one orange bowl,61,52,Georgia(4),Florida State(6),1.52,pbp,SEC,ACC,fbs,fbs
#d07980,#85797a,2016,13,,2653,326,Troy,Texas State,1.52,pbp,Sun Belt,Sun Belt,fbs,fbs
#5c81c6,#848484,2021,7,,150,258,Duke,Virginia,1.52,pbp,ACC,ACC,fbs,fbs
#4fb885,#cc6666,2024,4,,2429,84,Charlotte,Indiana,1.52,pbp,American Athletic,Big Ten,fbs,fbs
#3974ac,#d5a6af,2016,6,,130,164,Michigan(4),Rutgers,1.52,pbp,Big Ten,Big Ten,fbs,fbs
#6095ca,#ddb4b6,2023,2,,235,2032,Memphis,Arkansas State,1.52,pbp,American Athletic,Sun Belt,fbs,fbs
#85797a,#75807c,2022,3,,326,239,Texas State,Baylor(17),1.52,pbp,Sun Belt,Big 12,fbs,fbs
#4fb885,#707987,2026,2,,2429,145,Charlotte,Ole Miss(9),1.52,pbp,American Athletic,SEC,fbs,fbs
#4fb885,#d88a96,2016,1,,2429,97,Charlotte,Louisville(19),1.52,pbp,Conference USA,ACC,fbs,fbs
#bc778f,#e0a3ae,2023,10,,9,254,Arizona State,Utah(18),1.52,pbp,Pac-12,Pac-12,fbs,fbs
#f0ded1,#6095ca,2018,1,,2382,235,Mercer,Memphis,1.52,pbp,Southern,American Athletic,fcs,fbs
#4c4c4c,#e7c8b6,2018,12,,2294,356,Iowa,Illinois,1.52,pbp,Big Ten,Big Ten,fbs,fbs
#839fb6,#b6999d,2023,3,,2458,265,Northern Colorado,Washington State(23),1.52,pbp,Big Sky,Pac-12,fcs,fbs
#a8848d,#c8c6c2,2021,2,,2065,2116,Bethune-Cookman,UCF,1.51,pbp,SWAC,American Athletic,fcs,fbs
#3c7eb4,#e3c2ab,2019,1,,59,228,Georgia Tech,Clemson(1),1.51,pbp,ACC,ACC,fbs,fbs
#3e72b9,#d3a5b1,2021,4,,2006,194,Akron,Ohio State(10),1.51,pbp,Mid-American,Big Ten,fbs,fbs
#d07980,#e6dbb3,2020,13,,2653,2026,Troy,App State,1.51,pbp,Sun Belt,Sun Belt,fbs,fbs
#5f95ca,#3f7fbd,2021,4,,160,221,New Hampshire,Pittsburgh,1.51,pbp,CAA,ACC,fcs,fbs
#7fa4d4,#6095ca,2016,3,,2305,235,Kansas,Memphis,1.51,pbp,Big 12,American Athletic,fbs,fbs
#FFFFFF,#44699b,2019,1,,70,213,Idaho,Penn State(15),1.51,pbp,Big Sky,Big Ten,fcs,fbs
#6e6e6e,#47c27c,2017,13,,204,2483,Oregon State,Oregon,1.51,pbp,Pac-12,Pac-12,fbs,fbs
#dc9797,#9156c7,2024,5,,2050,256,Ball State,James Madison,1.51,pbp,Mid-American,Sun Belt,fbs,fbs
#bd9fa4,#3d77b8,2018,4,,8,2,Arkansas,Auburn(9),1.51,pbp,SEC,SEC,fbs,fbs
#3f7fbd,#5d7088,2023,9,,221,87,Pittsburgh,Notre Dame(14),1.51,pbp,ACC,FBS Independents,fbs,fbs
#db93a2,#a75a7c,2019,9,,120,135,Maryland,Minnesota(17),1.51,pbp,Big Ten,Big Ten,fbs,fbs
#989898,#d9c78e,2024,1,,2329,349,Lehigh,Army,1.5,pbp,Patriot,American Athletic,fcs,fbs
#e1c8a7,#978da5,2023,2,,2755,99,Grambling,LSU(14),1.5,pbp,SWAC,SEC,fcs,fbs
#c75886,#e6ccb3,2026,2,,2640,2638,Texas Southern,UTEP,1.5,pbp,SWAC,Mountain West,fcs,fbs
#7cb0d3,#d9c78e,2020,1,,2393,349,Middle Tennessee,Army,1.5,pbp,Conference USA,FBS Independents,fbs,fbs
#ba3e3e,#e6cab3,2018,1,,2623,197,Missouri State,Oklahoma State,1.5,pbp,MVFC,Big 12,fcs,fbs
#dacfae,#9785a6,2019,1,,2029,2628,Arkansas-Pine Bluff,TCU,1.5,pbp,SWAC,Big 12,fcs,fbs
#99a6b8,#707987,2025,1,,2247,145,Georgia State,Ole Miss(21),1.5,pbp,Sun Belt,SEC,fbs,fbs
#e6ccb3,#ce919e,2026,5,,2638,167,UTEP,New Mexico,1.5,pbp,Mountain West,Mountain West,fbs,fbs
#FFFFFF,#ce919e,2026,2,,2385,167,Mercyhurst,New Mexico,1.5,pbp,NEC,Mountain West,fcs,fbs
#3c73b2,#7f46c2,2025,2,,302,264,UC Davis,Washington,1.5,pbp,Big Sky,Big Ten,fcs,fbs
#f4f4f4,#bd3f7d,2017,8,,153,259,North Carolina,Virginia Tech(14),1.5,pbp,ACC,ACC,fbs,fbs
#f2f2f2,#e0a3ae,2025,9,,38,254,Colorado,Utah,1.5,pbp,Big 12,Big 12,fbs,fbs
#e0cfa2,#a0a0a0,2019,12,,2011,52,Alabama State,Florida State,1.49,pbp,SWAC,ACC,fcs,fbs
#3e72b9,#a75a7c,2026,3,,2006,135,Akron,Minnesota,1.49,pbp,Mid-American,Big Ten,fbs,fbs
#e6ccb3,#b5b5b5,2022,13,,2633,238,Tennessee(9),Vanderbilt,1.49,pbp,SEC,SEC,fbs,fbs
#e1cacb,#b8b8b8,2022,1,,2678,154,VMI,Wake Forest(22),1.49,pbp,Southern,ACC,fcs,fbs
#c65681,#ad9a9d,2025,1,,2230,103,Fordham,Boston College,1.49,pbp,Patriot,ACC,fcs,fbs
#db93a2,#d3a5b1,2019,11,,120,194,Maryland,Ohio State(3),1.49,pbp,Big Ten,Big Ten,fbs,fbs
#838383,#bc778f,2024,1,,2751,9,Wyoming,Arizona State,1.49,pbp,Mountain West,Big 12,fbs,fbs
#adb8c1,#6e6e6e,2015,10,,26,204,UCLA(22),Oregon State,1.49,pbp,Pac-12,Pac-12,fbs,fbs
#dc97a7,#6f92cf,2015,12,,278,252,Fresno State,BYU,1.49,pbp,Mountain West,FBS Independents,fbs,fbs
#5d7088,#e3c2ab,2021,11,,41,228,UConn,Clemson,1.49,pbp,FBS Independents,ACC,fbs,fbs
#935531,#e6ccb3,2021,1,,189,2633,Bowling Green,Tennessee,1.49,pbp,Mid-American,SEC,fbs,fbs
#e6ccb3,#bd9fa4,2015,1,,2638,8,UTEP,Arkansas(18),1.49,pbp,Conference USA,SEC,fbs,fbs
#f0e8d6,#e6ccb3,2026,3,,338,2633,Kennesaw State,Tennessee(15),1.48,pbp,Conference USA,SEC,fbs,fbs
#329870,#47c27c,2023,1,,2502,2483,Portland State,Oregon(15),1.48,pbp,Big Sky,Pac-12,fcs,fbs
#f0ded1,#707987,2023,1,,2382,145,Mercer,Ole Miss(22),1.48,pbp,Southern,SEC,fcs,fbs
#4c4c4c,#d6889a,2025,7,,2294,275,Iowa,Wisconsin,1.48,pbp,Big Ten,Big Ten,fbs,fbs
#ce919e,#5096c4,2022,11,,167,2005,New Mexico,Air Force,1.48,pbp,Mountain West,Mountain West,fbs,fbs
#a75a7c,#d5a6af,2019,8,,135,164,Minnesota(20),Rutgers,1.48,pbp,Big Ten,Big Ten,fbs,fbs
#d3a5b1,#da8f8f,2017,7,,194,158,Ohio State(9),Nebraska,1.48,pbp,Big Ten,Big Ten,fbs,fbs
#b7949a,#3d77b8,2023,1,,113,2,Massachusetts,Auburn,1.48,pbp,FBS Independents,SEC,fbs,fbs
#ae7b7c,#3c7eb4,2023,2,,2569,59,South Carolina State,Georgia Tech,1.48,pbp,MEAC,ACC,fcs,fbs
#e6dbb3,#99a6b8,2015,6,,2026,2247,App State,Georgia State,1.48,pbp,Sun Belt,Sun Belt,fbs,fbs
#5d7088,#6095ca,2018,6,,41,235,UConn,Memphis,1.48,pbp,American Athletic,American Athletic,fbs,fbs
#cf6e75,#e6c6c7,2015,4,,193,98,Miami (OH),Western Kentucky,1.48,pbp,Mid-American,Conference USA,fbs,fbs
#f4ebe0,#6b8bce,2024,1,,2572,96,Southern Miss,Kentucky,1.48,legacy,Sun Belt,SEC,fbs,fbs
#ffffff,#cbbdb5,2021,3,,242,251,Rice,Texas,1.48,legacy,Conference USA,Big 12,fbs,fbs
#6f7cc9,#e1bbbf,2016,8,,2084,2459,Buffalo,Northern Illinois,1.48,pbp,Mid-American,Mid-American,fbs,fbs
#ffffff,#4078be,2016,9,,242,2348,Rice,Louisiana Tech,1.48,pbp,Conference USA,Conference USA,fbs,fbs
#3aaf80,#e3c2ab,2017,14,,2390,228,Miami(7),Clemson(1),1.48,pbp,ACC,ACC,fbs,fbs
#FFFFFF,#57c78b,2018,2,,2916,249,Incarnate Word,North Texas,1.48,pbp,Southland,Conference USA,fcs,fbs
#4385c0,#e7c8b6,2022,4,,236,356,Chattanooga,Illinois,1.48,pbp,Southern,Big Ten,fcs,fbs
#828282,#6e6e6e,2019,3,,13,204,Cal Poly,Oregon State,1.47,pbp,Big Sky,Pac-12,fcs,fbs
#d98c8c,#bca0a5,2019,5,,2641,201,Texas Tech,Oklahoma(6),1.47,pbp,Big 12,Big 12,fbs,fbs
#9156c7,#4abfc2,2025,14,,256,324,James Madison(20),Coastal Carolina,1.47,pbp,Sun Belt,Sun Belt,fbs,fbs
#d2adae,#ddb4b6,2017,8,,309,2032,Louisiana,Arkansas State,1.47,pbp,Sun Belt,Sun Belt,fbs,fbs
#c75886,#d2adae,2019,3,,2640,309,Texas Southern,Louisiana,1.47,pbp,SWAC,Sun Belt,fcs,fbs
#d5a6af,#db93a2,2022,13,,164,120,Rutgers,Maryland,1.47,pbp,Big Ten,Big Ten,fbs,fbs
#bd3f7d,#3c7eb4,2019,12,,259,59,Virginia Tech,Georgia Tech,1.47,pbp,ACC,ACC,fbs,fbs
#ce6c81,#6b8bce,2025,2,,331,68,Eastern Washington,Boise State,1.47,pbp,Big Sky,Mountain West,fcs,fbs
#b4b4b4,#9785a6,2015,2,,2617,2628,Stephen F. Austin,TCU(3),1.47,pbp,Southland,Big 12,fcs,fbs
#76d198,#d3a5b1,2024,4,,276,194,Marshall,Ohio State(3),1.47,legacy,Sun Belt,Big Ten,fbs,fbs
#cbb4b7,#838383,2017,2,,2241,2751,Gardner-Webb,Wyoming,1.47,pbp,Big South,Mountain West,fcs,fbs
#4b83c3,#3d77b8,2017,1,,290,2,Georgia Southern,Auburn(12),1.47,pbp,Sun Belt,SEC,fbs,fbs
#FFFFFF,#d98c8c,2018,2,,2320,2641,Lamar,Texas Tech,1.46,pbp,Southland,Big 12,fcs,fbs
#357a9e,#978da5,2019,6,,328,99,Utah State,LSU(5),1.46,pbp,Mountain West,SEC,fbs,fbs
#b57f81,#6f82cf,2015,1,,166,57,New Mexico State,Florida,1.46,pbp,Sun Belt,SEC,fbs,fbs
#e1bbbf,#b7949a,2025,12,,2459,113,Northern Illinois,Massachusetts,1.46,pbp,Mid-American,Mid-American,fbs,fbs
#3f78bb,#e6dbb3,2019,1,,2193,2026,East Tennessee State,App State,1.46,pbp,Southern,Sun Belt,fcs,fbs
#6095ca,#3d68b7,2019,3,,235,6,Memphis,South Alabama,1.46,pbp,American Athletic,Sun Belt,fbs,fbs
#4385c0,#6095ca,2025,1,,236,235,Chattanooga,Memphis,1.46,pbp,Southern,American Athletic,fcs,fbs
#4fb885,#6b8bce,2015,12,,2429,96,Charlotte,Kentucky,1.46,pbp,Conference USA,SEC,fbs,fbs
#85797a,#d07980,2017,13,,326,2653,Texas State,Troy,1.46,pbp,Sun Belt,Sun Belt,fbs,fbs
#935531,#a4a4a4,2017,3,,189,77,Bowling Green,Northwestern,1.46,pbp,Mid-American,Big Ten,fbs,fbs
#e6c6c7,#ce919e,2026,2,,98,61,Western Kentucky,Georgia(2),1.46,pbp,Conference USA,SEC,fbs,fbs
#c65681,#d9c78e,2017,1,,2230,349,Fordham,Army,1.46,pbp,Patriot,FBS Independents,fcs,fbs
#3974ac,#d5a6af,2018,11,,130,164,Michigan(4),Rutgers,1.46,pbp,Big Ten,Big Ten,fbs,fbs
#38a993,#868686,2017,4,,2681,2711,Wagner,Western Michigan,1.46,pbp,NEC,Mid-American,fcs,fbs
#dbbcc0,#6b8bce,2022,3,,2754,96,Youngstown State,Kentucky(9),1.46,pbp,MVFC,SEC,fcs,fbs
#a4a4a4,#848484,2020,12,,2000,258,Abilene Christian,Virginia,1.46,pbp,Southland,ACC,fcs,fbs
#e1cacb,#76d198,2019,1,,2678,276,VMI,Marshall,1.46,pbp,Southern,Conference USA,fcs,fbs
#c75886,#3f647f,2025,2,,2640,25,Texas Southern,California,1.45,pbp,SWAC,ACC,fcs,fbs
#cf6e75,#3aaf80,2023,1,,193,2390,Miami (OH),Miami,1.45,pbp,Mid-American,ACC,fbs,fbs
#38a993,#9156c7,2026,2,,2681,256,Wagner,James Madison,1.45,pbp,NEC,Sun Belt,fcs,fbs
#888888,#bd3f7d,2025,4,,2747,259,Wofford,Virginia Tech,1.45,pbp,Southern,ACC,fcs,fbs
#57c78b,#7cb0d3,2015,12,,249,2393,North Texas,Middle Tennessee,1.45,pbp,Conference USA,Conference USA,fbs,fbs
#c0437e,#576f8c,2018,13,,2117,2649,Central Michigan,Toledo,1.45,pbp,Mid-American,Mid-American,fbs,fbs
#a08b96,#47c27c,2019,3,,149,2483,Montana,Oregon(15),1.45,pbp,Big Sky,Pac-12,fcs,fbs
#cbb4b7,#e6dbb3,2018,4,,2241,2026,Gardner-Webb,App State,1.45,pbp,Big South,Sun Belt,fcs,fbs
#7b7b7b,#d3a5b1,2021,12,,127,194,Michigan State(7),Ohio State(5),1.45,pbp,Big Ten,Big Ten,fbs,fbs
#dc9797,#4c4c4c,2025,1,,2050,2509,Ball State,Purdue,1.45,pbp,Mid-American,Big Ten,fbs,fbs
#917e9c,#dd9da6,2018,13,,151,2132,East Carolina,Cincinnati,1.45,pbp,American Athletic,American Athletic,fbs,fbs
#e6ccb3,#6b8bce,2021,2,,2638,68,UTEP,Boise State,1.45,pbp,Conference USA,Mountain West,fbs,fbs
#c75886,#cfbdbf,2018,4,,2640,248,Texas Southern,Houston,1.45,pbp,SWAC,American Athletic,fcs,fbs
#3f89bd,#db93a2,2019,1,,47,120,Howard,Maryland,1.44,pbp,MEAC,Big Ten,fcs,fbs
#3c73b2,#bca0a5,2019,8,,277,201,West Virginia,Oklahoma(5),1.44,pbp,Big 12,Big 12,fbs,fbs
#c85976,#519bc5,2025,2,,2428,295,North Carolina Central,Old Dominion,1.44,pbp,MEAC,Sun Belt,fcs,fbs
#828282,#6f82cf,2018,3,,36,57,Colorado State,Florida,1.44,pbp,Mountain West,SEC,fbs,fbs
#FFFFFF,#e0a3ae,2026,1,,70,254,Idaho,Utah(21),1.44,pbp,Big Sky,Big 12,fcs,fbs
#3d77b8,#e3c2ab,2024,13,,2643,228,The Citadel,Clemson(17),1.44,pbp,Southern,ACC,fcs,fbs
#acacad,#4e6192,2020,11,,2717,2335,Western Carolina,Liberty(22),1.44,pbp,Southern,FBS Independents,fcs,fbs
#67aacc,#dc9797,2023,3,,282,2050,Indiana State,Ball State,1.44,pbp,MVFC,Mid-American,fcs,fbs
#5d3db6,#9156c7,2025,1,,2692,256,Weber State,James Madison,1.44,pbp,Big Sky,Sun Belt,fcs,fbs
#db93a2,#d3a5b1,2017,6,,120,194,Maryland,Ohio State(10),1.44,pbp,Big Ten,Big Ten,fbs,fbs
#357a9e,#b9a0a5,2016,2,,328,30,Utah State,USC,1.44,pbp,Mountain West,Pac-12,fbs,fbs
#d3a5b1,#d5a6af,2015,8,,194,164,Ohio State(1),Rutgers,1.44,pbp,Big Ten,Big Ten,fbs,fbs
#cfa0a8,#3d68b7,2022,1,,2447,6,Nicholls,South Alabama,1.43,pbp,Southland,Sun Belt,fcs,fbs
#3aaf80,#b48686,2026,1,,2390,24,Miami(7),Stanford,1.43,pbp,ACC,ACC,fbs,fbs
#f2d7d6,#e9e1ce,2016,4,,2169,142,Delaware State,Missouri,1.43,pbp,MEAC,SEC,fcs,fbs
#b7b7b8,#3d6bb7,2015,11,,2567,2426,SMU,Navy(22),1.43,pbp,American Athletic,American Athletic,fbs,fbs
#f0e7d1,#3c73b2,2022,3,,119,277,Towson,West Virginia,1.43,pbp,CAA,Big 12,fcs,fbs
#d98c8c,#d88a96,2016,8,,152,97,NC State,Louisville(7),1.43,pbp,ACC,ACC,fbs,fbs
#5090c5,#519bc5,2019,9,,2226,295,Florida Atlantic,Old Dominion,1.43,pbp,Conference USA,Conference USA,fbs,fbs
#FFFFFF,#a0a0a0,2025,2,,2837,52,East Texas A&M,Florida State(14),1.42,pbp,Southland,ACC,fcs,fbs
#d2adae,#937a7f,2018,3,,309,344,Louisiana,Mississippi State(16),1.42,pbp,Sun Belt,SEC,fbs,fbs
#339a72,#357a9e,2017,12,,62,328,Hawai'i,Utah State,1.42,pbp,Mountain West,Mountain West,fbs,fbs
#da8f8f,#3974ac,2022,11,,158,130,Nebraska,Michigan(3),1.42,pbp,Big Ten,Big Ten,fbs,fbs
#ce919e,#af3a3a,2017,11,,167,245,New Mexico,Texas A&M,1.42,pbp,Mountain West,SEC,fbs,fbs
#e6c7b3,#707987,2015,1,,2630,145,UT Martin,Ole Miss(17),1.42,pbp,OVC,SEC,fcs,fbs
#339a72,#dc97a7,2022,10,,62,278,Hawai'i,Fresno State,1.42,pbp,Mountain West,Mountain West,fbs,fbs
#6388cb,#6095ca,2025,6,,202,235,Tulsa,Memphis,1.42,pbp,American Athletic,American Athletic,fbs,fbs
#345b9d,#57c78b,2022,10,,2229,249,Florida International,North Texas,1.42,pbp,Conference USA,Conference USA,fbs,fbs
#329870,#47c27c,2026,3,,2502,2483,Portland State,Oregon(21),1.42,pbp,Big Sky,Big Ten,fcs,fbs
#6e6e6e,#bca0a5,2016,2,,2433,201,UL Monroe,Oklahoma(14),1.42,pbp,Sun Belt,Big 12,fbs,fbs
#935531,#dc9797,2015,13,,189,2050,Bowling Green,Ball State,1.42,pbp,Mid-American,Mid-American,fbs,fbs
#4c85c3,#a0a0a0,2025,4,,2309,52,Kent State,Florida State(7),1.42,pbp,Mid-American,ACC,fbs,fbs
#38a993,#ffffff,2015,1,,2681,242,Wagner,Rice,1.42,pbp,NEC,Conference USA,fcs,fbs
#c44e4e,#5c81c6,2023,2,,322,150,Lafayette,Duke(21),1.42,pbp,Patriot,ACC,fcs,fbs
#b7949a,#a4a4a4,2019,12,,113,77,Massachusetts,Northwestern,1.41,pbp,FBS Independents,Big Ten,fbs,fbs
#e6ccb3,#345b9d,2015,6,,2638,2229,UTEP,Florida International,1.41,pbp,Conference USA,Conference USA,fbs,fbs
#7c7ccc,#99a6b8,2026,1,,2448,2247,North Carolina A&T,Georgia State,1.41,pbp,Coastal Athletic,Sun Belt,fcs,fbs
#e7c8b6,#a4a4a4,2022,13,,356,77,Illinois,Northwestern,1.41,pbp,Big Ten,Big Ten,fbs,fbs
#3d77b8,#bd9fa4,2019,8,,2,8,Auburn(11),Arkansas,1.41,pbp,SEC,SEC,fbs,fbs
#a4a4a4,#707987,2024,1,,231,145,Furman,Ole Miss(6),1.41,pbp,Southern,SEC,fcs,fbs
#d6889a,#39aa8c,2019,1,,275,58,Wisconsin(19),South Florida,1.41,pbp,Big Ten,American Athletic,fbs,fbs
#7b7b7b,#d6889a,2019,7,,127,275,Michigan State,Wisconsin(8),1.41,pbp,Big Ten,Big Ten,fbs,fbs
#e5c2b2,#af3a3a,2022,1,,2534,245,Sam Houston,Texas A&M(6),1.41,pbp,Western Athletic,SEC,fcs,fbs
#ecdecd,#5090c5,2025,2,,50,2226,Florida A&M,Florida Atlantic,1.41,pbp,SWAC,American Athletic,fcs,fbs
#f0e7d1,#db93a2,2023,1,,119,120,Towson,Maryland,1.41,pbp,CAA,Big Ten,fcs,fbs
#4078be,#9785a6,2020,15,,2348,2628,Louisiana Tech,TCU,1.41,pbp,Conference USA,Big 12,fbs,fbs
#4385c0,#a0a0a0,2015,12,,236,52,Chattanooga,Florida State(16),1.41,pbp,Southern,ACC,fcs,fbs
#f2d7d6,#3c73b2,2017,3,,2169,277,Delaware State,West Virginia,1.4,pbp,MEAC,Big 12,fcs,fbs
#acacad,#4078be,2026,1,,2466,2348,Northwestern State,Louisiana Tech,1.4,pbp,Southland,Sun Belt,fcs,fbs
#e2c9a6,#357a9e,2017,2,,304,328,Idaho State,Utah State,1.4,pbp,Big Sky,Mountain West,fcs,fbs
#85797a,#d2adae,2021,9,,326,309,Texas State,Louisiana,1.4,legacy,Sun Belt,Sun Belt,fbs,fbs
#345b9d,#e6c6c7,2022,4,,2229,98,Florida International,Western Kentucky,1.4,pbp,Conference USA,Conference USA,fbs,fbs
#a33cb5,#f4ebe0,2026,1,,2016,2572,Alcorn State,Southern Miss,1.4,pbp,SWAC,Sun Belt,fcs,fbs
#329870,#6b8bce,2024,4,,2502,68,Portland State,Boise State,1.4,pbp,Big Sky,Mountain West,fcs,fbs
#6e6e6e,#937a7f,2026,1,,2433,344,UL Monroe,Mississippi State,1.4,pbp,Sun Belt,SEC,fbs,fbs
#dc9797,#868686,2025,7,,2050,2711,Ball State,Western Michigan,1.4,pbp,Mid-American,Mid-American,fbs,fbs
#9f93ae,#cc6666,2024,2,,2710,84,Western Illinois,Indiana,1.4,pbp,Big South-OVC,Big Ten,fcs,fbs
#47c27c,#ce919e,2022,1,chick-fil-a kickoff,2483,61,Oregon(11),Georgia(3),1.4,pbp,Pac-12,SEC,fbs,fbs
#7fa4d4,#e6cab3,2017,13,,2305,197,Kansas,Oklahoma State(18),1.4,pbp,Big 12,Big 12,fbs,fbs
#f2d7d6,#a0a0a0,2017,12,,2169,52,Delaware State,Florida State,1.4,pbp,MEAC,ACC,fcs,fbs
#3d6bb7,#b7b7b8,2023,13,,2426,2567,Navy,SMU,1.4,pbp,American Athletic,American Athletic,fbs,fbs
#FFFFFF,#6f92cf,2020,12,,2453,252,North Alabama,BYU(8),1.4,pbp,Big South,FBS Independents,fcs,fbs
#6c6f6d,#bd3f7d,2018,2,,2729,259,William & Mary,Virginia Tech(12),1.4,pbp,CAA,ACC,fcs,fbs
#b7949a,#4e6192,2021,9,,113,2335,Massachusetts,Liberty,1.39,pbp,FBS Independents,FBS Independents,fbs,fbs
#6498cc,#978da5,2022,2,,2582,99,Southern,LSU,1.39,pbp,SWAC,SEC,fcs,fbs
#6c6f6d,#848484,2025,3,,2729,258,William & Mary,Virginia,1.39,pbp,CAA,ACC,fcs,fbs
#e7c8b6,#3974ac,2016,8,,356,130,Illinois,Michigan(3),1.39,pbp,Big Ten,Big Ten,fbs,fbs
#576f8c,#c0437e,2019,14,,2649,2117,Toledo,Central Michigan,1.39,pbp,Mid-American,Mid-American,fbs,fbs
#d3a5b1,#7b7b7b,2020,14,,194,127,Ohio State(3),Michigan State,1.39,pbp,Big Ten,Big Ten,fbs,fbs
#cc7a91,#917e9c,2021,10,,218,151,Temple,East Carolina,1.39,pbp,American Athletic,American Athletic,fbs,fbs
#4c85c3,#c8c6c2,2023,1,,2309,2116,Kent State,UCF,1.39,pbp,Mid-American,Big 12,fbs,fbs
#40be99,#3c7eb4,2015,2,,2655,59,Tulane,Georgia Tech(15),1.39,pbp,American Athletic,ACC,fbs,fbs
#b8b8b8,#5d7088,2023,12,,154,87,Wake Forest,Notre Dame(20),1.39,pbp,ACC,FBS Independents,fbs,fbs
#e2c9a6,#3f78bc,2021,2,,304,2440,Idaho State,Nevada,1.39,pbp,Big Sky,Mountain West,fcs,fbs
#5a93c6,#40be99,2021,2,,2415,2655,Morgan State,Tulane,1.39,legacy,MEAC,American Athletic,fcs,fbs
#e1bbbf,#3974ac,2021,3,,2459,130,Northern Illinois,Michigan(25),1.38,pbp,Mid-American,Big Ten,fbs,fbs
#75807c,#7fa4d4,2015,6,,239,2305,Baylor(3),Kansas,1.38,pbp,Big 12,Big 12,fbs,fbs
#3d68b7,#d88a96,2026,2,,222,97,Villanova,Louisville(24),1.38,pbp,Patriot,ACC,fcs,fbs
#75807c,#7fa4d4,2021,3,,239,2305,Baylor,Kansas,1.38,pbp,Big 12,Big 12,fbs,fbs
#44699b,#db93a2,2017,13,,213,120,Penn State(12),Maryland,1.38,pbp,Big Ten,Big Ten,fbs,fbs
#f2f2f2,#47c27c,2023,4,,38,2483,Colorado(19),Oregon(10),1.38,pbp,Pac-12,Pac-12,fbs,fbs
#5c81c6,#5d7088,2023,4,,150,41,Duke(18),UConn,1.38,pbp,ACC,FBS Independents,fbs,fbs
#689dcd,#357a9e,2025,4,,2377,328,McNeese,Utah State,1.38,pbp,Southland,Mountain West,fcs,fbs
#5f95ca,#868686,2022,5,,160,2711,New Hampshire,Western Michigan,1.38,pbp,CAA,Mid-American,fcs,fbs
#3e72b9,#d6889a,2016,2,,2006,275,Akron,Wisconsin(10),1.38,pbp,Mid-American,Big Ten,fbs,fbs
#e6cab3,#47c27c,2025,2,,197,2483,Oklahoma State,Oregon(6),1.38,pbp,Big 12,Big Ten,fbs,fbs
#ecdecd,#3aaf80,2026,2,,50,2390,Florida A&M,Miami(7),1.38,pbp,SWAC,ACC,fcs,fbs
#9f93ae,#e1bbbf,2024,1,,2710,2459,Western Illinois,Northern Illinois,1.38,pbp,Big South-OVC,Mid-American,fcs,fbs
#6e6e6e,#af3a3a,2018,3,,2433,245,UL Monroe,Texas A&M,1.38,pbp,Sun Belt,SEC,fbs,fbs
#3aaf80,#5c81c6,2020,14,,2390,150,Miami(9),Duke,1.37,pbp,ACC,ACC,fbs,fbs
#adb8c1,#e0a3ae,2019,12,,26,254,UCLA,Utah(8),1.37,pbp,Pac-12,Pac-12,fbs,fbs
#cc6666,#d3a5b1,2022,11,,84,194,Indiana,Ohio State(2),1.37,pbp,Big Ten,Big Ten,fbs,fbs
#6b8bce,#bd9099,2020,12,,96,333,Kentucky,Alabama(1),1.37,pbp,SEC,SEC,fbs,fbs
#74baa8,#76d198,2015,3,,2450,276,Norfolk State,Marshall,1.37,pbp,MEAC,Conference USA,fcs,fbs
#85797a,#af3a3a,2019,1,,326,245,Texas State,Texas A&M(12),1.37,pbp,Sun Belt,SEC,fbs,fbs
#85797a,#f2f2f2,2017,2,,326,38,Texas State,Colorado,1.37,pbp,Sun Belt,Pac-12,fbs,fbs
#e0cfa2,#3d77b8,2018,2,,2011,2,Alabama State,Auburn(7),1.37,pbp,SWAC,SEC,fcs,fbs
#689dcd,#978da5,2026,5,,2377,99,McNeese,LSU(11),1.37,pbp,Southland,SEC,fcs,fbs
#acacad,#937a7f,2015,3,,2466,344,Northwestern State,Mississippi State,1.37,pbp,Southland,SEC,fcs,fbs
#d3a5aa,#bca0a5,2025,1,,2287,201,Illinois State,Oklahoma(18),1.37,pbp,MVFC,SEC,fcs,fbs
#a08b96,#7f46c2,2017,2,,149,264,Montana,Washington(7),1.37,pbp,Big Sky,Pac-12,fcs,fbs
#d2adae,#4abfc2,2019,11,,309,324,Louisiana,Coastal Carolina,1.36,pbp,Sun Belt,Sun Belt,fbs,fbs
#cbbdb5,#9785a6,2015,5,,251,2628,Texas,TCU(4),1.36,pbp,Big 12,Big 12,fbs,fbs
#FFFFFF,#b6999d,2016,3,,70,265,Idaho,Washington State,1.36,pbp,Sun Belt,Pac-12,fbs,fbs
#99a5bd,#576f8c,2026,2,,2115,2649,Central Connecticut,Toledo,1.36,pbp,NEC,Mid-American,fcs,fbs
#b57f81,#d6889a,2022,3,,166,275,New Mexico State,Wisconsin,1.36,pbp,FBS Independents,Big Ten,fbs,fbs
#707987,#bd9099,2017,5,,145,333,Ole Miss,Alabama(1),1.36,pbp,SEC,SEC,fbs,fbs
#85797a,#cbbdb5,2026,1,,326,251,Texas State,Texas(5),1.36,pbp,Pac-12,SEC,fbs,fbs
#935531,#a6999b,2026,3,,189,66,Bowling Green,Iowa State,1.36,pbp,Mid-American,Big 12,fbs,fbs
#57c78b,#4078be,2015,10,,249,2348,North Texas,Louisiana Tech,1.36,pbp,Conference USA,Conference USA,fbs,fbs
#d3a5b1,#cc6666,2021,8,,194,84,Ohio State(5),Indiana,1.36,pbp,Big Ten,Big Ten,fbs,fbs
#386ca9,#d98c8c,2022,1,,93,2641,Murray State,Texas Tech,1.36,pbp,OVC,Big 12,fcs,fbs
#d98c8c,#d88a96,2018,12,,152,97,NC State,Louisville,1.36,pbp,ACC,ACC,fbs,fbs
#6e6e6e,#3f647f,2024,9,,204,25,Oregon State,California,1.36,pbp,Pac-12,ACC,fbs,fbs
#c85976,#5c81c6,2018,4,,2428,150,North Carolina Central,Duke,1.35,pbp,MEAC,ACC,fcs,fbs
#db93a2,#a4a4a4,2020,8,,120,77,Maryland,Northwestern,1.35,pbp,Big Ten,Big Ten,fbs,fbs
#FFFFFF,#7f46c2,2016,2,,70,264,Idaho,Washington(8),1.35,pbp,Sun Belt,Pac-12,fbs,fbs
#3974ac,#a75a7c,2023,6,,130,135,Michigan(2),Minnesota,1.35,pbp,Big Ten,Big Ten,fbs,fbs
#e1c8a7,#9785a6,2026,2,,2755,2628,Grambling,TCU,1.35,pbp,SWAC,Big 12,fcs,fbs
#3bb174,#339969,2016,1,,2400,2199,Mississippi Valley State,Eastern Michigan,1.35,pbp,SWAC,Mid-American,fcs,fbs
#44699b,#3974ac,2016,4,,213,130,Penn State,Michigan(4),1.35,pbp,Big Ten,Big Ten,fbs,fbs
#868686,#e6c7b3,2023,2,,2711,183,Western Michigan,Syracuse,1.35,pbp,Mid-American,ACC,fbs,fbs
#3e72b9,#5090c5,2017,Bowls,cheribundi tart cherry boca raton bowl,2006,2226,Akron,Florida Atlantic,1.35,pbp,Mid-American,Conference USA,fbs,fbs
#e0a3ae,#6e6e6e,2019,7,,254,204,Utah(15),Oregon State,1.34,pbp,Pac-12,Pac-12,fbs,fbs
#f0e7d1,#c24a54,2026,2,,119,2579,Towson,South Carolina,1.34,pbp,Coastal Athletic,SEC,fcs,fbs
#d5a6af,#d6889a,2015,9,,164,275,Rutgers,Wisconsin,1.34,pbp,Big Ten,Big Ten,fbs,fbs
#b3787d,#3d6bb7,2015,1,,2142,2426,Colgate,Navy,1.34,pbp,Patriot,American Athletic,fcs,fbs
#6e6e6e,#f2f2f2,2016,5,,204,38,Oregon State,Colorado,1.34,pbp,Pac-12,Pac-12,fbs,fbs
#cfa0a8,#e5c2b2,2026,3,,2447,2534,Nicholls,Sam Houston,1.34,pbp,Southland,Conference USA,fcs,fbs
#3f78bb,#f4f4f4,2026,2,,2193,153,East Tennessee State,North Carolina,1.34,pbp,Southern,ACC,fcs,fbs
#c8c6c2,#3974ac,2016,2,,2116,130,UCF,Michigan(5),1.34,pbp,American Athletic,Big Ten,fbs,fbs
#a4a4a4,#e3c2ab,2025,13,,231,228,Furman,Clemson,1.34,pbp,Southern,ACC,fcs,fbs
#ddb4b6,#7f46c2,2021,3,,2032,264,Arkansas State,Washington,1.34,pbp,Sun Belt,Pac-12,fbs,fbs
#61a0ca,#b6999d,2018,2,,23,265,San José State,Washington State,1.34,pbp,Mountain West,Pac-12,fbs,fbs
#7cb0d3,#7fa4d4,2026,5,,2393,2305,Middle Tennessee,Kansas,1.34,pbp,Conference USA,Big 12,fbs,fbs
#ddb4b6,#a6999b,2024,4,,2032,66,Arkansas State,Iowa State(20),1.34,pbp,Sun Belt,Big 12,fbs,fbs
#acacad,#f4ebe0,2022,3,,2466,2572,Northwestern State,Southern Miss,1.33,pbp,Southland,Sun Belt,fcs,fbs
#bd9099,#b5b5b5,2017,4,,333,238,Alabama(1),Vanderbilt,1.33,pbp,SEC,SEC,fbs,fbs
#565656,#ad9a9d,2018,2,,107,103,Holy Cross,Boston College,1.33,pbp,Patriot,ACC,fcs,fbs
#345b9d,#76d198,2015,11,,2229,276,Florida International,Marshall,1.33,pbp,Conference USA,Conference USA,fbs,fbs
#bd9fa4,#937a7f,2018,12,,8,344,Arkansas,Mississippi State(25),1.33,pbp,SEC,SEC,fbs,fbs
#7fa4d4,#bca0a5,2020,10,,2305,201,Kansas,Oklahoma(19),1.33,pbp,Big 12,Big 12,fbs,fbs
#f4ebe0,#3d77b8,2026,2,,2572,2,Southern Miss,Auburn,1.33,pbp,Sun Belt,SEC,fbs,fbs
#5d7088,#db93a2,2024,1,,41,120,UConn,Maryland,1.33,pbp,FBS Independents,Big Ten,fbs,fbs
#e1c8a7,#ddb4b6,2022,1,,2755,2032,Grambling,Arkansas State,1.33,pbp,SWAC,Sun Belt,fcs,fbs
#5d7088,#9156c7,2023,11,,41,256,UConn,James Madison(21),1.33,pbp,FBS Independents,Sun Belt,fbs,fbs
#c85976,#76d198,2021,2,,2428,276,North Carolina Central,Marshall,1.33,legacy,MEAC,Conference USA,fcs,fbs
#3e3ebb,#cc7a91,2019,1,,2083,218,Bucknell,Temple,1.33,pbp,Patriot,American Athletic,fcs,fbs
#bca0a5,#7fa4d4,2015,9,,201,2305,Oklahoma(14),Kansas,1.33,pbp,Big 12,Big 12,fbs,fbs
#cc6666,#357a9e,2019,2,,2619,328,Stony Brook,Utah State,1.33,pbp,CAA,Mountain West,fcs,fbs
#cc7a91,#5d7088,2018,13,,218,41,Temple,UConn,1.32,pbp,American Athletic,American Athletic,fbs,fbs
#5d7088,#6b8bce,2018,2,,41,68,UConn,Boise State(20),1.32,pbp,American Athletic,Mountain West,fbs,fbs
#9b9b9c,#75807c,2022,1,,399,239,UAlbany,Baylor(10),1.32,pbp,CAA,Big 12,fcs,fbs
#c44e4e,#3d77b8,2024,1,,2010,2,Alabama A&M,Auburn,1.32,pbp,SWAC,SEC,fcs,fbs
#b4b4b4,#75807c,2019,1,,2617,239,Stephen F. Austin,Baylor,1.32,pbp,Southland,Big 12,fcs,fbs
#3d77b8,#4abfc2,2021,1,,2643,324,The Citadel,Coastal Carolina(22),1.32,legacy,Southern,Sun Belt,fcs,fbs
#9cbacd,#e6dbb3,2026,1,,311,2026,Maine,App State,1.32,pbp,Coastal Athletic,Sun Belt,fcs,fbs
#3d75b8,#bc778f,2018,1,,2636,9,UTSA,Arizona State,1.32,pbp,Conference USA,Pac-12,fbs,fbs
#adb8c1,#d17b7b,2015,2,,26,2439,UCLA(13),UNLV,1.32,pbp,Pac-12,Mountain West,fbs,fbs
#8693bc,#d17b7b,2016,1,,2296,2439,Jackson State,UNLV,1.32,pbp,SWAC,Mountain West,fcs,fbs
#6e6e6e,#ce919e,2015,1,,2433,61,UL Monroe,Georgia(9),1.32,pbp,Sun Belt,SEC,fbs,fbs
#b57f81,#b6999d,2019,1,,166,265,New Mexico State,Washington State(23),1.31,pbp,FBS Independents,Pac-12,fbs,fbs
#4c85c3,#d98c8c,2025,2,,2309,2641,Kent State,Texas Tech(24),1.31,pbp,Mid-American,Big 12,fbs,fbs
#ababae,#4b83c3,2026,1,,2127,290,Charleston Southern,Georgia Southern,1.31,legacy,OVC,Sun Belt,fcs,fbs
#7b7b7b,#d3a5b1,2017,11,,127,194,Michigan State(13),Ohio State(11),1.31,pbp,Big Ten,Big Ten,fbs,fbs
#38a993,#6f92cf,2015,8,,2681,252,Wagner,BYU,1.31,pbp,NEC,FBS Independents,fcs,fbs
#d1a0a8,#e9e1ce,2015,1,,2546,142,Southeast Missouri State,Missouri(24),1.31,pbp,OVC,SEC,fcs,fbs
#f4ebe0,#bd9099,2021,4,,2572,333,Southern Miss,Alabama(1),1.31,pbp,Conference USA,SEC,fbs,fbs
#a8848d,#da8f8f,2018,9,,2065,158,Bethune-Cookman,Nebraska,1.31,pbp,MEAC,Big Ten,fcs,fbs
#ecdecd,#d07980,2018,2,,50,2653,Florida A&M,Troy,1.31,pbp,MEAC,Sun Belt,fcs,fbs
#3e72b9,#da8f8f,2025,2,,2006,158,Akron,Nebraska,1.31,pbp,Mid-American,Big Ten,fbs,fbs
#b5b5b5,#6f82cf,2019,11,,238,57,Vanderbilt,Florida(10),1.31,pbp,SEC,SEC,fbs,fbs
#db93a2,#3974ac,2016,10,,120,130,Maryland,Michigan(2),1.3,pbp,Big Ten,Big Ten,fbs,fbs
#38a993,#5090c5,2019,4,,2681,2226,Wagner,Florida Atlantic,1.3,pbp,NEC,Conference USA,fcs,fbs
#cbb4b7,#3c7eb4,2025,2,,2241,59,Gardner-Webb,Georgia Tech,1.3,legacy,Big South-OVC,ACC,fcs,fbs
#5d7088,#cc6666,2019,4,,41,84,UConn,Indiana,1.3,pbp,American Athletic,Big Ten,fbs,fbs
#acacad,#bca0a5,2021,2,,2717,201,Western Carolina,Oklahoma(4),1.3,pbp,Southern,Big 12,fcs,fbs
#67aacc,#cc6666,2023,2,,282,84,Indiana State,Indiana,1.3,pbp,MVFC,Big Ten,fcs,fbs
#888888,#e3c2ab,2019,10,,2747,228,Wofford,Clemson(4),1.3,pbp,Southern,ACC,fcs,fbs
#e6c7b3,#a0a0a0,2023,7,,183,52,Syracuse,Florida State(4),1.3,pbp,ACC,ACC,fbs,fbs
#329870,#47c27c,2018,2,,2502,2483,Portland State,Oregon(23),1.3,pbp,Big Sky,Pac-12,fcs,fbs
#935531,#4c85c3,2015,8,,189,2309,Bowling Green,Kent State,1.3,pbp,Mid-American,Mid-American,fbs,fbs
#d3a5b1,#da8f8f,2019,5,,194,158,Ohio State(5),Nebraska,1.3,pbp,Big Ten,Big Ten,fbs,fbs
#5a93c6,#bc778f,2026,1,,2415,9,Morgan State,Arizona State,1.3,pbp,MEAC,Big 12,fcs,fbs
#7f46c2,#6e6e6e,2015,12,,264,204,Washington,Oregon State,1.3,pbp,Pac-12,Pac-12,fbs,fbs
#c44e4e,#5d7088,2026,1,,322,41,Lafayette,UConn,1.3,pbp,Patriot,FBS Independents,fcs,fbs
#4c4c4c,#d3a5b1,2022,8,,2294,194,Iowa,Ohio State(2),1.29,pbp,Big Ten,Big Ten,fbs,fbs
#3e72b9,#e6ccb3,2022,3,,2006,2633,Akron,Tennessee(15),1.29,pbp,Mid-American,SEC,fbs,fbs
#6e6e6e,#3d77b8,2016,5,,2433,2,UL Monroe,Auburn,1.29,pbp,Sun Belt,SEC,fbs,fbs
#dc9797,#868686,2017,5,,2050,2711,Ball State,Western Michigan,1.29,pbp,Mid-American,Mid-American,fbs,fbs
#4c4c4c,#cc6666,2024,14,,2509,84,Purdue,Indiana(10),1.29,pbp,Big Ten,Big Ten,fbs,fbs
#3f78bb,#d37d7b,2023,1,,2193,55,East Tennessee State,Jacksonville State,1.29,pbp,Southern,Conference USA,fcs,fbs
#f0e8d6,#cc6666,2025,2,,338,84,Kennesaw State,Indiana(23),1.29,pbp,Conference USA,Big Ten,fbs,fbs
#e1cacb,#d9c78e,2019,12,,2678,349,VMI,Army,1.29,pbp,Southern,FBS Independents,fcs,fbs
#4078be,#3d75b8,2022,11,,2348,2636,Louisiana Tech,UTSA,1.29,pbp,Conference USA,Conference USA,fbs,fbs
#FFFFFF,#9785a6,2022,2,,2627,2628,Tarleton State,TCU,1.29,legacy,Western Athletic,Big 12,fcs,fbs
#a8848d,#c8c6c2,2026,1,,2065,2116,Bethune-Cookman,UCF,1.29,pbp,SWAC,Big 12,fcs,fbs
#4b83c3,#707987,2024,4,,290,145,Georgia Southern,Ole Miss(5),1.29,pbp,Sun Belt,SEC,fbs,fbs
#b48686,#ffffff,2017,1,,24,242,Stanford(14),Rice,1.29,pbp,Pac-12,Conference USA,fbs,fbs
#ddb4b6,#bca0a5,2023,1,,2032,201,Arkansas State,Oklahoma(20),1.29,pbp,Sun Belt,Big 12,fbs,fbs
#cc6666,#4c4c4c,2025,14,,84,2509,Indiana(2),Purdue,1.29,pbp,Big Ten,Big Ten,fbs,fbs
#3f78bc,#44699b,2025,1,,2440,213,Nevada,Penn State(2),1.29,pbp,Mountain West,Big Ten,fbs,fbs
#689dcd,#e6cab3,2019,2,,2377,197,McNeese,Oklahoma State,1.29,pbp,Southland,Big 12,fcs,fbs
#828282,#e0a3ae,2025,2,,13,254,Cal Poly,Utah(25),1.29,pbp,Big Sky,Big 12,fcs,fbs
#da8f8f,#3974ac,2018,4,,158,130,Nebraska,Michigan(19),1.29,pbp,Big Ten,Big Ten,fbs,fbs
#af3a3a,#978da5,2019,14,,245,99,Texas A&M,LSU(1),1.29,pbp,SEC,SEC,fbs,fbs
#3d6bb7,#5d7088,2025,11,,2426,87,Navy,Notre Dame(10),1.29,pbp,American Athletic,FBS Independents,fbs,fbs
#c24a54,#e3c2ab,2016,13,,2579,228,South Carolina,Clemson(4),1.28,pbp,SEC,ACC,fbs,fbs
#e7c8b6,#d6889a,2020,8,,356,275,Illinois,Wisconsin(14),1.28,pbp,Big Ten,Big Ten,fbs,fbs
#e6c7b3,#e9e1ce,2018,1,,2630,142,UT Martin,Missouri,1.28,pbp,OVC,SEC,fcs,fbs
#e6c6c7,#5090c5,2016,9,,98,2226,Western Kentucky,Florida Atlantic,1.28,pbp,Conference USA,Conference USA,fbs,fbs
#3c73b2,#b7b7b8,2026,2,,302,2567,UC Davis,SMU(17),1.28,pbp,Big Sky,ACC,fcs,fbs
#39aa8c,#d88a96,2022,4,,58,97,South Florida,Louisville,1.28,pbp,American Athletic,ACC,fbs,fbs
#61a0ca,#cbbdb5,2017,2,,23,251,San José State,Texas,1.28,pbp,Mountain West,Big 12,fbs,fbs
#cfa0a8,#85797a,2025,4,,2447,326,Nicholls,Texas State,1.28,pbp,Southland,Sun Belt,fcs,fbs
#FFFFFF,#e6c6c7,2025,1,,2453,98,North Alabama,Western Kentucky,1.28,pbp,UAC,Conference USA,fcs,fbs
#c7777d,#d98c8c,2026,2,,257,152,Richmond,NC State,1.28,pbp,Patriot,ACC,fcs,fbs
#b7949a,#a0a0a0,2021,8,,113,52,Massachusetts,Florida State,1.28,pbp,FBS Independents,ACC,fbs,fbs
#4385c0,#bd9099,2023,12,,236,333,Chattanooga,Alabama(8),1.28,pbp,Southern,SEC,fcs,fbs
#4385c0,#e6ccb3,2024,1,,236,2633,Chattanooga,Tennessee(15),1.27,pbp,Southern,SEC,fcs,fbs
#e2c9a6,#6f92cf,2021,10,,304,252,Idaho State,BYU(17),1.27,pbp,Big Sky,FBS Independents,fcs,fbs
#3e72b9,#c24a54,2024,4,,2006,2579,Akron,South Carolina,1.27,pbp,Mid-American,SEC,fbs,fbs
#a33cb5,#3c7eb4,2015,1,,2016,59,Alcorn State,Georgia Tech(16),1.27,pbp,SWAC,ACC,fcs,fbs
#ce919e,#3c7eb4,2019,14,,61,59,Georgia(4),Georgia Tech,1.27,pbp,SEC,ACC,fbs,fbs
#c75886,#576f8c,2023,2,,2640,2649,Texas Southern,Toledo,1.27,pbp,SWAC,Mid-American,fcs,fbs
#6498cc,#cfbdbf,2026,2,,2582,248,Southern,Houston(22),1.27,pbp,SWAC,Big 12,fcs,fbs
#ffffff,#cfbdbf,2017,3,,242,248,Rice,Houston,1.27,pbp,Conference USA,American Athletic,fbs,fbs
#935531,#8e8e8e,2020,13,,189,195,Bowling Green,Ohio,1.27,pbp,Mid-American,Mid-American,fbs,fbs
#8269ca,#3e72b9,2015,3,,2542,2006,Savannah St,Akron,1.27,pbp,MEAC,Mid-American,fcs,fbs
#3f78bc,#4abfc2,2023,3,,2184,324,Duquesne,Coastal Carolina,1.26,pbp,NEC,Sun Belt,fcs,fbs
#e1cacb,#bd3f7d,2026,1,,2678,259,VMI,Virginia Tech,1.26,pbp,Southern,ACC,fcs,fbs
#ddb4b6,#b9a0a5,2015,1,,2032,30,Arkansas State,USC(8),1.26,pbp,Sun Belt,Pac-12,fbs,fbs
#9858aa,#af3a3a,2016,2,,2504,245,Prairie View A&M,Texas A&M(20),1.26,pbp,SWAC,SEC,fcs,fbs
#c75886,#75807c,2021,2,,2640,239,Texas Southern,Baylor,1.26,pbp,SWAC,Big 12,fcs,fbs
#38a993,#e6c7b3,2018,2,,2681,183,Wagner,Syracuse,1.26,pbp,NEC,ACC,fcs,fbs
#dd9da6,#d3a5b1,2019,2,,2132,194,Cincinnati,Ohio State(5),1.26,pbp,American Athletic,Big Ten,fbs,fbs
#888888,#937a7f,2023,1,,2545,344,SE Louisiana,Mississippi State,1.26,pbp,Southland,SEC,fcs,fbs
#5a93c6,#3e72b9,2018,2,,2415,2006,Morgan State,Akron,1.26,pbp,MEAC,Mid-American,fcs,fbs
#d3a5b1,#d5a6af,2017,5,,194,164,Ohio State(11),Rutgers,1.26,pbp,Big Ten,Big Ten,fbs,fbs
#4c85c3,#5d7193,2023,1,,2464,12,Northern Arizona,Arizona,1.26,pbp,Big Sky,Pac-12,fcs,fbs
#9f93ae,#a75a7c,2022,2,,2710,135,Western Illinois,Minnesota,1.26,pbp,MVFC,Big Ten,fcs,fbs
#d2adae,#bd9099,2018,5,,309,333,Louisiana,Alabama(1),1.26,pbp,Sun Belt,SEC,fbs,fbs
#9f93ae,#a4a4a4,2025,2,,2710,77,Western Illinois,Northwestern,1.26,pbp,Big South-OVC,Big Ten,fcs,fbs
#d3a5b1,#db93a2,2016,11,,194,120,Ohio State(6),Maryland,1.26,pbp,Big Ten,Big Ten,fbs,fbs
#a0a0a0,#5d7088,2024,11,,52,87,Florida State,Notre Dame(10),1.25,pbp,ACC,FBS Independents,fbs,fbs
#565656,#3d6bb7,2019,1,,107,2426,Holy Cross,Navy,1.25,pbp,Patriot,American Athletic,fcs,fbs
#b57f81,#bd9099,2019,2,,166,333,New Mexico State,Alabama(2),1.25,pbp,FBS Independents,SEC,fbs,fbs
#dc9797,#e6ccb3,2022,1,,2050,2633,Ball State,Tennessee,1.25,pbp,Mid-American,SEC,fbs,fbs
#4fb885,#ce919e,2025,13,,2429,61,Charlotte,Georgia(4),1.25,pbp,American Athletic,SEC,fbs,fbs
#b7949a,#d9c78e,2019,11,,113,349,Massachusetts,Army,1.25,pbp,FBS Independents,FBS Independents,fbs,fbs
#3e72b9,#3d77b8,2021,1,,2006,2,Akron,Auburn,1.25,pbp,Mid-American,SEC,fbs,fbs
#b48686,#b9a0a5,2023,2,,24,30,Stanford,USC(6),1.25,pbp,Pac-12,Pac-12,fbs,fbs
#74baa8,#d5a6af,2025,3,,2450,164,Norfolk State,Rutgers,1.25,pbp,MEAC,Big Ten,fcs,fbs
#dc9797,#3aaf80,2024,3,,2050,2390,Ball State,Miami(10),1.24,pbp,Mid-American,ACC,fbs,fbs
#3d68b7,#e6dbb3,2018,5,,6,2026,South Alabama,App State,1.24,pbp,Sun Belt,Sun Belt,fbs,fbs
#3cb48f,#dc97a7,2026,2,,16,278,Sacramento State,Fresno State,1.24,pbp,Mid-American,Pac-12,fbs,fbs
#8269ca,#3aaf80,2018,2,,2542,2390,Savannah St,Miami(22),1.24,pbp,MEAC,ACC,fcs,fbs
#6e6e6e,#ddb4b6,2016,9,,2433,2032,UL Monroe,Arkansas State,1.24,pbp,Sun Belt,Sun Belt,fbs,fbs
#a4a4a4,#937a7f,2019,13,,2000,344,Abilene Christian,Mississippi State,1.24,pbp,Southland,SEC,fcs,fbs
#6c6f6d,#5c81c6,2026,4,,2729,150,William & Mary,Duke,1.24,pbp,Patriot,ACC,fcs,fbs
#839fb6,#b6999d,2019,2,,2458,265,Northern Colorado,Washington State(22),1.24,legacy,Big Sky,Pac-12,fcs,fbs
#e6cab3,#7fa4d4,2020,5,,197,2305,Oklahoma State(17),Kansas,1.24,pbp,Big 12,Big 12,fbs,fbs
#e0cfa2,#3d68b7,2018,7,,2011,6,Alabama State,South Alabama,1.24,legacy,SWAC,Sun Belt,fcs,fbs
#f4ebe0,#85797a,2024,12,,2572,326,Southern Miss,Texas State,1.24,pbp,Sun Belt,Sun Belt,fbs,fbs
#c75886,#5090c5,2026,5,,2640,2226,Texas Southern,Florida Atlantic,1.24,pbp,SWAC,American Athletic,fcs,fbs
#386ca9,#6b8bce,2018,3,,93,96,Murray State,Kentucky,1.24,pbp,OVC,SEC,fcs,fbs
#8269ca,#828282,2015,1,,2542,36,Savannah St,Colorado State,1.24,pbp,MEAC,Mountain West,fcs,fbs
#c7777d,#f4f4f4,2025,3,,257,153,Richmond,North Carolina,1.24,pbp,Patriot,ACC,fcs,fbs
#38a993,#d5a6af,2022,2,,2681,164,Wagner,Rutgers,1.24,pbp,NEC,Big Ten,fcs,fbs
#3d75b8,#cbbdb5,2024,3,,2636,251,UTSA,Texas(2),1.24,pbp,American Athletic,SEC,fbs,fbs
#c8c6c2,#dd9da6,2015,9,,2116,2132,UCF,Cincinnati,1.24,pbp,American Athletic,American Athletic,fbs,fbs
#7c7ccc,#c8c6c2,2025,2,,2448,2116,North Carolina A&T,UCF,1.23,pbp,CAA,Big 12,fcs,fbs
#546b8d,#7fa4d4,2016,1,,227,2305,Rhode Island,Kansas,1.23,pbp,CAA,Big 12,fcs,fbs
#67aacc,#cc6666,2025,3,,282,84,Indiana State,Indiana(22),1.23,pbp,MVFC,Big Ten,fcs,fbs
#cfbdbf,#85797a,2016,4,,248,326,Houston(6),Texas State,1.23,pbp,American Athletic,Sun Belt,fbs,fbs
#579ec7,#75807c,2025,3,,2535,239,Samford,Baylor,1.23,pbp,Southern,Big 12,fcs,fbs
#ce919e,#e6ccb3,2017,5,,61,2633,Georgia(7),Tennessee,1.23,pbp,SEC,SEC,fbs,fbs
#3f89bd,#d5a6af,2024,1,,47,164,Howard,Rutgers,1.23,pbp,MEAC,Big Ten,fcs,fbs
#e6cab3,#3d68b7,2017,2,,197,6,Oklahoma State(11),South Alabama,1.23,pbp,Big 12,Sun Belt,fbs,fbs
#3f78bc,#b6999d,2026,3,,2184,265,Duquesne,Washington State,1.23,pbp,NEC,Pac-12,fcs,fbs
#FFFFFF,#cc6666,2021,2,,70,84,Idaho,Indiana,1.23,pbp,Big Sky,Big Ten,fcs,fbs
#ddb4b6,#bd9099,2018,2,,2032,333,Arkansas State,Alabama(1),1.23,pbp,Sun Belt,SEC,fbs,fbs
#ecdecd,#3aaf80,2016,1,,50,2390,Florida A&M,Miami,1.23,pbp,MEAC,ACC,fcs,fbs
#888888,#978da5,2018,2,,2545,99,SE Louisiana,LSU(11),1.23,pbp,Southland,SEC,fcs,fbs
#a4a4a4,#b7b7b8,2021,1,,2000,2567,Abilene Christian,SMU,1.23,pbp,AWC,American Athletic,fcs,fbs
#5a93c6,#5096c4,2015,1,,2415,2005,Morgan State,Air Force,1.23,pbp,MEAC,Mountain West,fcs,fbs
#FFFFFF,#6f82cf,2018,12,,70,57,Idaho,Florida(15),1.23,pbp,Big Sky,SEC,fcs,fbs
#a8848d,#6095ca,2023,1,,2065,235,Bethune-Cookman,Memphis,1.23,pbp,SWAC,American Athletic,fcs,fbs
#3d68b8,#47c27c,2025,1,,147,2483,Montana State,Oregon(7),1.23,pbp,Big Sky,Big Ten,fcs,fbs
#4c85c3,#e7c8b6,2015,1,,2309,356,Kent State,Illinois,1.23,pbp,Mid-American,Big Ten,fbs,fbs
#6e6e6e,#bd9099,2022,3,,2433,333,UL Monroe,Alabama(2),1.23,pbp,Sun Belt,SEC,fbs,fbs
#c0437e,#3974ac,2025,3,,2117,130,Central Michigan,Michigan(23),1.23,pbp,Mid-American,Big Ten,fbs,fbs
#ecdecd,#39aa8c,2015,1,,50,58,Florida A&M,South Florida,1.23,pbp,MEAC,American Athletic,fcs,fbs
#ba3e3e,#40be99,2019,3,,2623,2655,Missouri State,Tulane,1.22,pbp,MVFC,American Athletic,fcs,fbs
#db93a2,#3c73b2,2015,4,,120,277,Maryland,West Virginia,1.22,pbp,Big Ten,Big 12,fbs,fbs
#4abfc2,#519bc5,2025,6,,324,295,Coastal Carolina,Old Dominion,1.22,pbp,Sun Belt,Sun Belt,fbs,fbs
#917e9c,#bd9099,2026,1,,151,333,East Carolina,Alabama(13),1.22,pbp,American Athletic,SEC,fbs,fbs
#3f78bc,#576f8c,2024,1,,2184,2649,Duquesne,Toledo,1.22,pbp,NEC,Mid-American,fcs,fbs
#3974ac,#da8f8f,2023,5,,130,158,Michigan(2),Nebraska,1.22,pbp,Big Ten,Big Ten,fbs,fbs
#57c78b,#6f82cf,2016,3,,249,57,North Texas,Florida(23),1.22,pbp,Conference USA,SEC,fbs,fbs
#e6c7b3,#5d7088,2025,13,,183,87,Syracuse,Notre Dame(9),1.22,pbp,ACC,FBS Independents,fbs,fbs
#ba3e3e,#6095ca,2015,1,,2623,235,Missouri State,Memphis,1.22,pbp,MVFC,American Athletic,fcs,fbs
#c44e4e,#dd9da6,2018,3,,2010,2132,Alabama A&M,Cincinnati,1.22,pbp,SWAC,American Athletic,fcs,fbs
#ad9a9d,#e3c2ab,2019,9,,103,228,Boston College,Clemson(4),1.22,pbp,ACC,ACC,fbs,fbs
#3d68b8,#b6999d,2017,1,,147,265,Montana State,Washington State(24),1.22,pbp,Big Sky,Pac-12,fcs,fbs
#a75a7c,#4c4c4c,2025,9,,135,2294,Minnesota,Iowa,1.21,pbp,Big Ten,Big Ten,fbs,fbs
#af5868,#937a7f,2024,1,,2198,344,Eastern Kentucky,Mississippi State,1.21,pbp,UAC,SEC,fcs,fbs
#FFFFFF,#b9a0a5,2015,2,,70,30,Idaho,USC(8),1.21,pbp,Sun Belt,Pac-12,fbs,fbs
#FFFFFF,#dc97a7,2017,1,,2916,278,Incarnate Word,Fresno State,1.21,pbp,Southland,Mountain West,fcs,fbs
#47c27c,#f2f2f2,2022,10,,2483,38,Oregon(8),Colorado,1.21,pbp,Pac-12,Pac-12,fbs,fbs
#3c73b2,#6e6e6e,2023,2,,302,204,UC Davis,Oregon State(16),1.21,pbp,Big Sky,Pac-12,fcs,fbs
#a8848d,#3aaf80,2022,1,,2065,2390,Bethune-Cookman,Miami(16),1.21,legacy,SWAC,ACC,fcs,fbs
#828282,#6b8bce,2022,9,,36,68,Colorado State,Boise State,1.21,pbp,Mountain West,Mountain West,fbs,fbs
#a6a0a1,#e7c8b6,2026,3,,79,356,Southern Illinois,Illinois,1.21,pbp,MVFC,Big Ten,fcs,fbs
#6c8bce,#ddb4b6,2026,2,,2698,2032,West Georgia,Arkansas State,1.21,pbp,UAC,Sun Belt,fcs,fbs
#dacfae,#e6cab3,2022,3,,2029,197,Arkansas-Pine Bluff,Oklahoma State(8),1.21,pbp,SWAC,Big 12,fcs,fbs
#af5868,#3c73b2,2020,2,,2198,277,Eastern Kentucky,West Virginia,1.21,pbp,OVC,Big 12,fcs,fbs
#359f7d,#ce919e,2021,2,,5,61,UAB,Georgia(2),1.21,pbp,Conference USA,SEC,fbs,fbs
#e6cab3,#f2f2f2,2024,14,,197,38,Oklahoma State,Colorado(23),1.21,pbp,Big 12,Big 12,fbs,fbs
#a6999b,#4c4c4c,2016,2,,66,2294,Iowa State,Iowa(16),1.21,pbp,Big 12,Big Ten,fbs,fbs
#689ecd,#85797a,2022,4,,2277,326,Houston Christian,Texas State,1.21,pbp,Southland,Sun Belt,fcs,fbs
#acacad,#bd9099,2019,13,,2717,333,Western Carolina,Alabama(5),1.21,pbp,Southern,SEC,fcs,fbs
#d9c78e,#5d7088,2016,11,,349,87,Army,Notre Dame,1.21,pbp,FBS Independents,FBS Independents,fbs,fbs
#e1bbbf,#576f8c,2025,11,,2459,2649,Northern Illinois,Toledo,1.21,pbp,Mid-American,Mid-American,fbs,fbs
#dacfae,#d98c8c,2025,1,,2029,2641,Arkansas-Pine Bluff,Texas Tech(23),1.2,pbp,SWAC,Big 12,fcs,fbs
#e3c2ab,#c24a54,2019,14,,228,2579,Clemson(3),South Carolina,1.2,pbp,ACC,SEC,fbs,fbs
#935531,#576f8c,2020,10,,189,2649,Bowling Green,Toledo,1.2,pbp,Mid-American,Mid-American,fbs,fbs
#b5b5b5,#e9e1ce,2020,13,,238,142,Vanderbilt,Missouri,1.2,pbp,SEC,SEC,fbs,fbs
#5f95ca,#cfa0a8,2016,1,,160,21,New Hampshire,San Diego State,1.2,legacy,CAA,Mountain West,fcs,fbs
#c65681,#4abfc2,2026,2,,2230,324,Fordham,Coastal Carolina,1.2,pbp,Patriot,Sun Belt,fcs,fbs
#6388cb,#d3a5b1,2016,2,,202,194,Tulsa,Ohio State(4),1.2,pbp,American Athletic,Big Ten,fbs,fbs
#e1cacb,#576f8c,2018,1,,2678,2649,VMI,Toledo,1.2,pbp,Southern,Mid-American,fcs,fbs
#5f95ca,#e6c7b3,2026,1,,160,183,New Hampshire,Syracuse,1.2,pbp,Coastal Athletic,ACC,fcs,fbs
#4f4f4f,#b8b8b8,2019,4,,2210,154,Elon,Wake Forest,1.2,pbp,CAA,ACC,fcs,fbs
#6e6e6e,#bd9099,2025,2,,2433,333,UL Monroe,Alabama(21),1.2,pbp,Sun Belt,SEC,fbs,fbs
#af5868,#d37d7b,2026,1,,2198,55,Eastern Kentucky,Jacksonville State,1.2,pbp,UAC,Conference USA,fcs,fbs
#ad9a9d,#a0a0a0,2016,11,,103,52,Boston College,Florida State(20),1.2,pbp,ACC,ACC,fbs,fbs
#acacad,#af3a3a,2018,1,,2466,245,Northwestern State,Texas A&M,1.2,pbp,Southland,SEC,fcs,fbs
#dacfae,#bd9fa4,2024,1,,2029,8,Arkansas-Pine Bluff,Arkansas,1.2,pbp,SWAC,SEC,fcs,fbs
#c4914e,#b57f81,2022,14,,2674,166,Valparaiso,New Mexico State,1.2,pbp,Pioneer,FBS Independents,fcs,fbs
#e1c8a7,#d3a5b1,2025,2,,2755,194,Grambling,Ohio State(1),1.19,pbp,SWAC,Big Ten,fcs,fbs
#FFFFFF,#d98c8c,2025,6,,2097,152,Campbell,NC State,1.19,pbp,CAA,ACC,fcs,fbs
#339a72,#3974ac,2016,1,,62,130,Hawai'i,Michigan(7),1.19,pbp,Mountain West,Big Ten,fbs,fbs
#3f78bc,#3f7fbd,2025,1,,2184,221,Duquesne,Pittsburgh,1.19,pbp,NEC,ACC,fcs,fbs
#cfa0a8,#885caf,2026,1,,2447,2306,Nicholls,Kansas State,1.19,pbp,Southland,Big 12,fcs,fbs
#935531,#da8f8f,2026,2,,189,158,Bowling Green,Nebraska,1.19,pbp,Mid-American,Big Ten,fbs,fbs
#7fa4d4,#e6cab3,2015,8,,2305,197,Kansas,Oklahoma State(14),1.19,pbp,Big 12,Big 12,fbs,fbs
#576f8c,#b7949a,2021,5,,2649,113,Toledo,Massachusetts,1.19,pbp,Mid-American,FBS Independents,fbs,fbs
#b4b4b4,#937a7f,2018,1,,2617,344,Stephen F. Austin,Mississippi State(18),1.19,pbp,Southland,SEC,fcs,fbs
#e6c7b3,#885caf,2024,1,,2630,2306,UT Martin,Kansas State(18),1.19,pbp,Big South-OVC,Big 12,fcs,fbs
#935531,#cf6e75,2019,12,,189,193,Bowling Green,Miami (OH),1.19,pbp,Mid-American,Mid-American,fbs,fbs
#5d7088,#e6ccb3,2023,10,,41,2633,UConn,Tennessee(19),1.18,pbp,FBS Independents,SEC,fbs,fbs
#3d75b8,#57c78b,2019,4,,2636,249,UTSA,North Texas,1.18,pbp,Conference USA,Conference USA,fbs,fbs
#a8848d,#3aaf80,2019,3,,2065,2390,Bethune-Cookman,Miami,1.18,pbp,MEAC,ACC,fcs,fbs
#e2c9a6,#e0a3ae,2019,3,,304,254,Idaho State,Utah(11),1.18,pbp,Big Sky,Pac-12,fcs,fbs
#917e9c,#d98c8c,2018,14,,151,152,East Carolina,NC State,1.18,pbp,American Athletic,ACC,fbs,fbs
#f2f2f2,#47c27c,2019,7,,38,2483,Colorado,Oregon(13),1.18,pbp,Pac-12,Pac-12,fbs,fbs
#f2f2f2,#7f46c2,2022,12,,38,264,Colorado,Washington(15),1.18,pbp,Pac-12,Pac-12,fbs,fbs
#cc7a91,#dd9da6,2021,6,,218,2132,Temple,Cincinnati(5),1.18,pbp,American Athletic,American Athletic,fbs,fbs
#e3c2ab,#d98c8c,2019,11,,228,152,Clemson(4),NC State,1.18,pbp,ACC,ACC,fbs,fbs
#e6ccb3,#bca0a5,2017,1,,2638,201,UTEP,Oklahoma(7),1.18,pbp,Conference USA,Big 12,fbs,fbs
#885caf,#a6999b,2020,12,,2306,66,Kansas State,Iowa State(17),1.18,pbp,Big 12,Big 12,fbs,fbs
#b4b4b4,#b7b7b8,2017,1,,2617,2567,Stephen F. Austin,SMU,1.18,pbp,Southland,American Athletic,fcs,fbs
#8d8db9,#7cb0d3,2022,3,,2634,2393,Tennessee State,Middle Tennessee,1.18,pbp,OVC,Conference USA,fcs,fbs
#ce6d78,#339969,2024,4,,2598,2199,St. Francis (PA),Eastern Michigan,1.18,pbp,NEC,Mid-American,fcs,fbs
#b3787d,#e6c7b3,2023,1,,2142,183,Colgate,Syracuse,1.17,pbp,Patriot,ACC,fcs,fbs
#579ec7,#6f82cf,2024,2,,2535,57,Samford,Florida,1.17,pbp,Southern,SEC,fcs,fbs
#f6f6f6,#e9e1ce,2025,1,,2110,142,Central Arkansas,Missouri,1.17,pbp,UAC,SEC,fcs,fbs
#838383,#cfa0a8,2015,11,,2751,21,Wyoming,San Diego State,1.17,pbp,Mountain West,Mountain West,fbs,fbs
#c85976,#adb8c1,2023,3,,2428,26,North Carolina Central,UCLA(24),1.17,pbp,MEAC,Pac-12,fcs,fbs
#937a7f,#b5b5b5,2021,8,,344,238,Mississippi State,Vanderbilt,1.17,pbp,SEC,SEC,fbs,fbs
#6989c7,#44699b,2023,2,,48,213,Delaware,Penn State(7),1.17,pbp,CAA,Big Ten,fcs,fbs
#cbb4b7,#917e9c,2019,2,,2241,151,Gardner-Webb,East Carolina,1.17,pbp,Big South,American Athletic,fcs,fbs
#acacad,#bd9fa4,2023,1,,2717,8,Western Carolina,Arkansas,1.17,pbp,Southern,SEC,fcs,fbs
#4c85c3,#6f7cc9,2024,14,,2309,2084,Kent State,Buffalo,1.17,pbp,Mid-American,Mid-American,fbs,fbs
#4c85c3,#dc97a7,2023,4,,2309,278,Kent State,Fresno State,1.17,pbp,Mid-American,Mountain West,fbs,fbs
#a4a4a4,#e6ccb3,2026,1,,231,2633,Furman,Tennessee(20),1.17,pbp,Southern,SEC,fcs,fbs
#c44e4e,#dd9da6,2015,1,,2010,2132,Alabama A&M,Cincinnati,1.17,pbp,SWAC,American Athletic,fcs,fbs
#FFFFFF,#af3a3a,2019,3,,2320,245,Lamar,Texas A&M(16),1.17,pbp,Southland,SEC,fcs,fbs
#cc7a91,#40be99,2024,11,,218,2655,Temple,Tulane,1.17,pbp,American Athletic,American Athletic,fbs,fbs
#359f7d,#f4ebe0,2021,7,,5,2572,UAB,Southern Miss,1.17,pbp,Conference USA,Conference USA,fbs,fbs
#b7b7b8,#cc7a91,2023,8,,2567,218,SMU,Temple,1.16,pbp,American Athletic,American Athletic,fbs,fbs
#d5a6af,#d3a5b1,2022,5,,164,194,Rutgers,Ohio State(3),1.16,pbp,Big Ten,Big Ten,fbs,fbs
#9cbacd,#576f8c,2016,2,,311,2649,Maine,Toledo,1.16,pbp,CAA,Mid-American,fcs,fbs
#44699b,#4c4c4c,2024,12,,213,2509,Penn State(4),Purdue,1.16,pbp,Big Ten,Big Ten,fbs,fbs
#dacfae,#345b9d,2018,5,,2029,2229,Arkansas-Pine Bluff,Florida International,1.16,pbp,SWAC,Conference USA,fcs,fbs
#5c81c6,#d9c78e,2015,6,,150,349,Duke,Army,1.16,pbp,ACC,FBS Independents,fbs,fbs
#ceb2b3,#e0a3ae,2022,2,,253,254,Southern Utah,Utah(13),1.16,legacy,Western Athletic,Pac-12,fcs,fbs
#3e3ebb,#d9c78e,2021,11,,2083,349,Bucknell,Army,1.16,pbp,Patriot,FBS Independents,fcs,fbs
#3c7eb4,#5d7088,2021,12,,59,87,Georgia Tech,Notre Dame(6),1.16,pbp,ACC,FBS Independents,fbs,fbs
#3e72b9,#bca0a5,2015,1,,2006,201,Akron,Oklahoma(19),1.16,pbp,Mid-American,Big 12,fbs,fbs
#345b9d,#76d198,2021,9,,2229,276,Florida International,Marshall,1.16,pbp,Conference USA,Conference USA,fbs,fbs
#e6c6c7,#bd9099,2024,1,,98,333,Western Kentucky,Alabama(5),1.16,pbp,Conference USA,SEC,fbs,fbs
#f4ebe0,#3d68b7,2023,8,,2572,6,Southern Miss,South Alabama,1.16,pbp,Sun Belt,Sun Belt,fbs,fbs
#888888,#978da5,2025,4,,2545,99,SE Louisiana,LSU(3),1.16,pbp,Southland,SEC,fcs,fbs
#dacfae,#e9e1ce,2026,1,,2029,142,Arkansas-Pine Bluff,Missouri(25),1.16,pbp,SWAC,SEC,fcs,fbs
#67aacc,#e6ccb3,2017,2,,282,2633,Indiana State,Tennessee(25),1.16,pbp,MVFC,SEC,fcs,fbs
#3f78bc,#b6999d,2017,4,,2440,265,Nevada,Washington State(18),1.15,pbp,Mountain West,Pac-12,fbs,fbs
#e6ccb3,#e6ccb3,2024,13,,2638,2633,UTEP,Tennessee(10),1.15,pbp,Conference USA,SEC,fbs,fbs
#4c85c3,#bc778f,2022,1,,2464,9,Northern Arizona,Arizona State,1.15,legacy,Big Sky,Pac-12,fcs,fbs
#345b9d,#44699b,2025,2,,2229,213,Florida International,Penn State(2),1.15,pbp,Conference USA,Big Ten,fbs,fbs
#d88a96,#ad9a9d,2016,10,,97,103,Louisville(5),Boston College,1.15,pbp,ACC,ACC,fbs,fbs
#74baa8,#4abfc2,2019,3,,2450,324,Norfolk State,Coastal Carolina,1.15,pbp,MEAC,Sun Belt,fcs,fbs
#5a93c6,#d5a6af,2017,3,,2415,164,Morgan State,Rutgers,1.15,pbp,MEAC,Big Ten,fcs,fbs
#FFFFFF,#cf6e75,2021,3,,2341,193,Long Island University,Miami (OH),1.15,legacy,NEC,Mid-American,fcs,fbs
#ce919e,#c24a54,2022,3,,61,2579,Georgia(1),South Carolina,1.15,pbp,SEC,SEC,fbs,fbs
#e6c7b3,#e3c2ab,2016,10,,183,228,Syracuse,Clemson(3),1.15,pbp,ACC,ACC,fbs,fbs
#a75a7c,#d3a5b1,2023,12,,135,194,Minnesota,Ohio State(3),1.15,pbp,Big Ten,Big Ten,fbs,fbs
#d3a5b1,#d6889a,2025,8,,194,275,Ohio State(1),Wisconsin,1.15,pbp,Big Ten,Big Ten,fbs,fbs
#5d7088,#4c4c4c,2026,4,,87,2509,Notre Dame(3),Purdue,1.15,pbp,FBS Independents,Big Ten,fbs,fbs
#7fa4d4,#a6999b,2021,5,,2305,66,Kansas,Iowa State,1.15,pbp,Big 12,Big 12,fbs,fbs
#a33cb5,#bd9fa4,2016,5,,2016,8,Alcorn State,Arkansas(20),1.15,pbp,SWAC,SEC,fcs,fbs
#c44e4e,#bd9fa4,2025,1,,2010,8,Alabama A&M,Arkansas,1.14,pbp,SWAC,SEC,fcs,fbs
#3d68b7,#da8f8f,2015,2,,6,158,South Alabama,Nebraska,1.14,pbp,Sun Belt,Big Ten,fbs,fbs
#d2adae,#e9e1ce,2025,3,,309,142,Louisiana,Missouri(25),1.14,pbp,Sun Belt,SEC,fbs,fbs
#689ecd,#da8f8f,2025,3,,2277,158,Houston Christian,Nebraska,1.14,pbp,Southland,Big Ten,fcs,fbs
#dc97a7,#828282,2016,10,,278,36,Fresno State,Colorado State,1.14,pbp,Mountain West,Mountain West,fbs,fbs
#357a9e,#e0a3ae,2026,3,,328,254,Utah State,Utah(17),1.14,pbp,Pac-12,Big 12,fbs,fbs
#e9e1ce,#ce919e,2021,10,,142,61,Missouri,Georgia(1),1.14,pbp,SEC,SEC,fbs,fbs
#8e8e8e,#3e72b9,2019,14,,195,2006,Ohio,Akron,1.14,pbp,Mid-American,Mid-American,fbs,fbs
#4385c0,#c24a54,2018,12,,236,2579,Chattanooga,South Carolina,1.14,pbp,Southern,SEC,fcs,fbs
#4b83c3,#3c73b2,2015,1,,290,277,Georgia Southern,West Virginia,1.14,pbp,Sun Belt,Big 12,fbs,fbs
#af5868,#d98c8c,2015,2,,2198,152,Eastern Kentucky,NC State,1.14,pbp,OVC,ACC,fcs,fbs
#d5a6af,#cc6666,2017,12,,164,84,Rutgers,Indiana,1.14,pbp,Big Ten,Big Ten,fbs,fbs
#4c85c3,#e6ccb3,2024,3,,2309,2633,Kent State,Tennessee(7),1.13,pbp,Mid-American,SEC,fbs,fbs
#99a5bd,#3aaf80,2021,4,,2115,2390,Central Connecticut,Miami,1.13,legacy,NEC,ACC,fcs,fbs
#b7b7b8,#6095ca,2015,13,,2567,235,SMU,Memphis,1.13,pbp,American Athletic,American Athletic,fbs,fbs
#6e6e6e,#4abfc2,2021,5,,2433,324,UL Monroe,Coastal Carolina(16),1.13,pbp,Sun Belt,Sun Belt,fbs,fbs
#FFFFFF,#6f92cf,2026,1,,3101,252,Utah Tech,BYU(14),1.13,pbp,Big Sky,Big 12,fcs,fbs
#e1cacb,#5096c4,2017,1,,2678,2005,VMI,Air Force,1.13,pbp,Southern,Mountain West,fcs,fbs
#b7949a,#e9e1ce,2025,5,,113,142,Massachusetts,Missouri(20),1.13,pbp,Mid-American,SEC,fbs,fbs
#74baa8,#9156c7,2022,2,,2450,256,Norfolk State,James Madison,1.13,pbp,MEAC,Sun Belt,fcs,fbs
#6498cc,#d07980,2021,1,,2582,2653,Southern,Troy,1.13,pbp,SWAC,Sun Belt,fcs,fbs
#b7949a,#576f8c,2022,2,,113,2649,Massachusetts,Toledo,1.13,pbp,FBS Independents,Mid-American,fbs,fbs
#b57f81,#af3a3a,2016,9,,166,245,New Mexico State,Texas A&M(9),1.13,pbp,Sun Belt,SEC,fbs,fbs
#d3a5b1,#a4a4a4,2019,8,,194,77,Ohio State(4),Northwestern,1.13,pbp,Big Ten,Big Ten,fbs,fbs
#e1c8a7,#f4ebe0,2021,2,,2755,2572,Grambling,Southern Miss,1.13,pbp,SWAC,Conference USA,fcs,fbs
#689ecd,#b7b7b8,2024,1,,2277,2567,Houston Christian,SMU,1.13,pbp,Southland,ACC,fcs,fbs
#FFFFFF,#345b9d,2021,1,,2341,2229,Long Island University,Florida International,1.13,legacy,NEC,Conference USA,fcs,fbs
#7c7ccc,#f4f4f4,2015,2,,2448,153,North Carolina A&T,North Carolina,1.13,pbp,MEAC,ACC,fcs,fbs
#9858aa,#b7b7b8,2023,3,,2504,2567,Prairie View A&M,SMU,1.12,pbp,SWAC,American Athletic,fcs,fbs
#e7c8b6,#d3a5b1,2017,12,,356,194,Illinois,Ohio State(8),1.12,pbp,Big Ten,Big Ten,fbs,fbs
#689ecd,#3d75b8,2024,4,,2277,2636,Houston Christian,UTSA,1.12,pbp,Southland,American Athletic,fcs,fbs
#7fa4d4,#bca0a5,2016,9,,2305,201,Kansas,Oklahoma(16),1.12,pbp,Big 12,Big 12,fbs,fbs
#5f95ca,#c8c6c2,2024,1,,160,2116,New Hampshire,UCF,1.12,pbp,CAA,Big 12,fcs,fbs
#cfa0a8,#61a0ca,2017,10,,21,23,San Diego State,San José State,1.12,pbp,Mountain West,Mountain West,fbs,fbs
#5d7088,#40be99,2019,7,,41,2655,UConn,Tulane,1.12,pbp,American Athletic,American Athletic,fbs,fbs
#b57f81,#bd9099,2021,11,,166,333,New Mexico State,Alabama(3),1.12,pbp,FBS Independents,SEC,fbs,fbs
#adb8c1,#cc6666,2025,9,,26,84,UCLA,Indiana(2),1.12,pbp,Big Ten,Big Ten,fbs,fbs
#8693bc,#f4ebe0,2018,1,,2296,2572,Jackson State,Southern Miss,1.12,pbp,SWAC,Conference USA,fcs,fbs
#acacad,#dd9da6,2025,3,,2466,2132,Northwestern State,Cincinnati,1.12,pbp,Southland,Big 12,fcs,fbs
#af5868,#76d198,2020,1,,2198,276,Eastern Kentucky,Marshall,1.11,pbp,OVC,Conference USA,fcs,fbs
#828282,#61a0ca,2023,2,,13,23,Cal Poly,San José State,1.11,pbp,Big Sky,Mountain West,fcs,fbs
#ae7b7c,#c24a54,2022,5,,2569,2579,South Carolina State,South Carolina,1.11,pbp,MEAC,SEC,fcs,fbs
#b7949a,#76d198,2020,10,,113,276,Massachusetts,Marshall(16),1.11,pbp,FBS Independents,Conference USA,fbs,fbs
#b3787d,#5096c4,2019,1,,2142,2005,Colgate,Air Force,1.11,pbp,Patriot,Mountain West,fcs,fbs
#39aa8c,#c8c6c2,2015,13,,58,2116,South Florida,UCF,1.11,pbp,American Athletic,American Athletic,fbs,fbs
#d9c78e,#978da5,2023,8,,349,99,Army,LSU(19),1.11,pbp,FBS Independents,SEC,fbs,fbs
#74acd1,#db93a2,2026,1,,2261,120,Hampton,Maryland,1.1,pbp,Coastal Athletic,Big Ten,fcs,fbs
#ecdecd,#3aaf80,2024,2,,50,2390,Florida A&M,Miami(12),1.1,pbp,SWAC,ACC,fcs,fbs
#5a93c6,#d9c78e,2016,12,,2415,349,Morgan State,Army,1.1,pbp,MEAC,FBS Independents,fcs,fbs
#d3a5b1,#885caf,2022,1,,233,2306,South Dakota,Kansas State,1.1,pbp,MVFC,Big 12,fcs,fbs
#b9b9b9,#7fa4d4,2022,1,,2635,2305,Tennessee Tech,Kansas,1.1,pbp,OVC,Big 12,fcs,fbs
#3f89bd,#cc7a91,2025,2,,47,218,Howard,Temple,1.1,pbp,MEAC,American Athletic,fcs,fbs
#339a72,#cfa0a8,2016,10,,62,21,Hawai'i,San Diego State,1.1,pbp,Mountain West,Mountain West,fbs,fbs
#3f647f,#e0a3ae,2019,9,,25,254,California,Utah(12),1.1,pbp,Pac-12,Pac-12,fbs,fbs
#4c85c3,#c24a54,2026,1,,2309,2579,Kent State,South Carolina,1.1,pbp,Mid-American,SEC,fbs,fbs
#6989c7,#848484,2026,4,,48,258,Delaware,Virginia,1.1,pbp,Conference USA,ACC,fbs,fbs
#937a7f,#bd9099,2016,11,,344,333,Mississippi State,Alabama(1),1.1,pbp,SEC,SEC,fbs,fbs
#e2c9a6,#6b8bce,2015,3,,304,68,Idaho State,Boise State,1.09,pbp,Big Sky,Mountain West,fcs,fbs
#dc9797,#d3a5b1,2026,1,,2050,194,Ball State,Ohio State(1),1.09,pbp,Mid-American,Big Ten,fbs,fbs
#bd7575,#f4ebe0,2015,2,,2046,2572,Austin Peay,Southern Miss,1.09,pbp,OVC,Conference USA,fcs,fbs
#6498cc,#dc97a7,2025,3,,2582,278,Southern,Fresno State,1.09,pbp,SWAC,Mountain West,fcs,fbs
#e0cfa2,#adb8c1,2022,2,,2011,26,Alabama State,UCLA,1.09,pbp,SWAC,Pac-12,fcs,fbs
#888888,#40be99,2024,1,,2545,2655,SE Louisiana,Tulane,1.09,pbp,Southland,American Athletic,fcs,fbs
#d5a6af,#d3a5b1,2016,5,,164,194,Rutgers,Ohio State(2),1.09,pbp,Big Ten,Big Ten,fbs,fbs
#cc6666,#76d198,2024,1,,2619,276,Stony Brook,Marshall,1.09,pbp,CAA,Sun Belt,fcs,fbs
#329870,#6f92cf,2025,1,,2502,252,Portland State,BYU,1.09,pbp,Big Sky,Big 12,fcs,fbs
#828282,#3974ac,2022,1,,36,130,Colorado State,Michigan(8),1.09,pbp,Mountain West,Big Ten,fbs,fbs
#FFFFFF,#4e6192,2021,1,,2097,2335,Campbell,Liberty,1.09,pbp,Big South,FBS Independents,fcs,fbs
#7fa4d4,#e6cab3,2021,9,,2305,197,Kansas,Oklahoma State(15),1.09,pbp,Big 12,Big 12,fbs,fbs
#5d3db6,#357a9e,2016,1,,2692,328,Weber State,Utah State,1.09,pbp,Big Sky,Mountain West,fcs,fbs
#8693bc,#9785a6,2017,1,,2296,2628,Jackson State,TCU,1.09,pbp,SWAC,Big 12,fcs,fbs
#3e3ebb,#9156c7,2023,1,,2083,256,Bucknell,James Madison,1.08,pbp,Patriot,Sun Belt,fcs,fbs
#e1cacb,#3c7eb4,2024,3,,2678,59,VMI,Georgia Tech,1.08,pbp,Southern,ACC,fcs,fbs
#c85976,#5c81c6,2015,2,,2428,150,North Carolina Central,Duke,1.08,pbp,MEAC,ACC,fcs,fbs
#cc6666,#47c27c,2021,3,,2619,2483,Stony Brook,Oregon(4),1.08,pbp,CAA,Pac-12,fcs,fbs
#3bb174,#ce919e,2015,1,,2400,167,Mississippi Valley State,New Mexico,1.08,pbp,SWAC,Mountain West,fcs,fbs
#5a93c6,#576f8c,2025,3,,2415,2649,Morgan State,Toledo,1.08,pbp,MEAC,Mid-American,fcs,fbs
#38a993,#6f7cc9,2021,1,,2681,2084,Wagner,Buffalo,1.08,legacy,NEC,Mid-American,fcs,fbs
#e6ccb3,#bd9099,2017,8,,2633,333,Tennessee,Alabama(1),1.08,pbp,SEC,SEC,fbs,fbs
#e6ccb3,#cbbdb5,2020,2,,2638,251,UTEP,Texas,1.08,pbp,Conference USA,Big 12,fbs,fbs
#cbb4b7,#917e9c,2023,4,,2241,151,Gardner-Webb,East Carolina,1.08,pbp,Big South-OVC,American Athletic,fcs,fbs
#7cb0d3,#bd9099,2023,1,,2393,333,Middle Tennessee,Alabama(4),1.08,pbp,Conference USA,SEC,fbs,fbs
#a8848d,#5090c5,2017,3,,2065,2226,Bethune-Cookman,Florida Atlantic,1.08,pbp,MEAC,Conference USA,fcs,fbs
#339a72,#3974ac,2022,2,,62,130,Hawai'i,Michigan(4),1.08,pbp,Mountain West,Big Ten,fbs,fbs
#FFFFFF,#a75a7c,2026,1,,2197,135,Eastern Illinois,Minnesota,1.08,pbp,OVC,Big Ten,fcs,fbs
#3e72b9,#6f7cc9,2020,15,,2006,2084,Akron,Buffalo(24),1.08,pbp,Mid-American,Mid-American,fbs,fbs
#99a6b8,#44699b,2017,3,,2247,213,Georgia State,Penn State(5),1.08,pbp,Sun Belt,Big Ten,fbs,fbs
#d98c8c,#3c73b2,2025,14,,2641,277,Texas Tech(7),West Virginia,1.08,pbp,Big 12,Big 12,fbs,fbs
#6f7cc9,#44699b,2026,3,,2084,213,Buffalo,Penn State(14),1.07,pbp,Mid-American,Big Ten,fbs,fbs
#6b8bce,#3f78bc,2022,11,,68,2440,Boise State,Nevada,1.07,pbp,Mountain West,Mountain West,fbs,fbs
#bd9099,#bd9fa4,2020,15,,333,8,Alabama(1),Arkansas,1.07,pbp,SEC,SEC,fbs,fbs
#396bac,#5096c4,2023,1,,2523,2005,Robert Morris,Air Force,1.07,pbp,Big South-OVC,Mountain West,fcs,fbs
#74baa8,#848484,2026,2,,2450,258,Norfolk State,Virginia(25),1.07,pbp,MEAC,ACC,fcs,fbs
#868686,#3e72b9,2016,7,,2711,2006,Western Michigan(24),Akron,1.07,pbp,Mid-American,Mid-American,fbs,fbs
#707987,#3c7eb4,2022,3,,145,59,Ole Miss(20),Georgia Tech,1.06,pbp,SEC,ACC,fbs,fbs
#39aa8c,#d98c8c,2021,1,,58,152,South Florida,NC State,1.06,pbp,American Athletic,ACC,fbs,fbs
#a4a4a4,#d98c8c,2021,3,,231,152,Furman,NC State,1.06,pbp,Southern,ACC,fcs,fbs
#b57f81,#af3a3a,2024,12,,166,245,New Mexico State,Texas A&M(15),1.06,pbp,Conference USA,SEC,fbs,fbs
#74acd1,#519bc5,2021,2,,2261,295,Hampton,Old Dominion,1.06,pbp,Big South,Conference USA,fcs,fbs
#e6c6c7,#76d198,2016,13,,98,276,Western Kentucky,Marshall,1.06,pbp,Conference USA,Conference USA,fbs,fbs
#3c73b2,#7fa4d4,2015,12,,277,2305,West Virginia,Kansas,1.06,pbp,Big 12,Big 12,fbs,fbs
#8d8db9,#ce919e,2026,1,,2634,61,Tennessee State,Georgia(3),1.06,pbp,OVC,SEC,fcs,fbs
#dc97a7,#b9a0a5,2026,1,,278,30,Fresno State,USC(14),1.06,pbp,Pac-12,Big Ten,fbs,fbs
#bd7575,#bd9099,2022,12,,2046,333,Austin Peay,Alabama(8),1.06,pbp,Atlantic Sun,SEC,fcs,fbs
#c85976,#5c81c6,2017,1,,2428,150,North Carolina Central,Duke,1.06,pbp,MEAC,ACC,fcs,fbs
#6e6e6e,#cbbdb5,2022,1,,2433,251,UL Monroe,Texas,1.05,pbp,Sun Belt,Big 12,fbs,fbs
#FFFFFF,#917e9c,2025,2,,2097,151,Campbell,East Carolina,1.05,pbp,CAA,American Athletic,fcs,fbs
#cf6e75,#d6889a,2015,2,,193,275,Miami (OH),Wisconsin,1.05,pbp,Mid-American,Big Ten,fbs,fbs
#b7949a,#44699b,2023,7,,113,213,Massachusetts,Penn State(6),1.05,pbp,FBS Independents,Big Ten,fbs,fbs
#acacad,#e6ccb3,2015,3,,2717,2633,Western Carolina,Tennessee,1.05,pbp,Southern,SEC,fcs,fbs
#bd7575,#b5b5b5,2015,3,,2046,238,Austin Peay,Vanderbilt,1.05,pbp,OVC,SEC,fcs,fbs
#ddb4b6,#ce919e,2019,3,,2032,61,Arkansas State,Georgia(3),1.05,pbp,Sun Belt,SEC,fbs,fbs
#8d8db9,#937a7f,2021,12,,2634,344,Tennessee State,Mississippi State,1.05,pbp,OVC,SEC,fcs,fbs
#935531,#6f7cc9,2019,14,,189,2084,Bowling Green,Buffalo,1.05,pbp,Mid-American,Mid-American,fbs,fbs
#f2f2f2,#a75a7c,2022,3,,38,135,Colorado,Minnesota,1.04,pbp,Pac-12,Big Ten,fbs,fbs
#47c27c,#4c4c4c,2024,8,,2483,2509,Oregon(2),Purdue,1.04,pbp,Big Ten,Big Ten,fbs,fbs
#909fb7,#c0437e,2016,1,,2506,2117,Presbyterian,Central Michigan,1.04,pbp,Big South,Mid-American,fcs,fbs
#b57f81,#707987,2015,6,,166,145,New Mexico State,Ole Miss(14),1.04,pbp,Sun Belt,SEC,fbs,fbs
#ffffff,#39aa8c,2025,14,,242,58,Rice,South Florida,1.04,pbp,American Athletic,American Athletic,fbs,fbs
#7fa4d4,#75807c,2016,7,,2305,239,Kansas,Baylor(11),1.04,pbp,Big 12,Big 12,fbs,fbs
#ce919e,#af3a3a,2023,1,,167,245,New Mexico,Texas A&M(23),1.04,pbp,Mountain West,SEC,fbs,fbs
#4c4c4c,#5d7088,2021,2,,2509,41,Purdue,UConn,1.04,pbp,Big Ten,FBS Independents,fbs,fbs
#3f78bb,#937a7f,2022,12,,2193,344,East Tennessee State,Mississippi State,1.04,pbp,Southern,SEC,fcs,fbs
#57c78b,#e6c6c7,2016,11,,249,98,North Texas,Western Kentucky,1.04,pbp,Conference USA,Conference USA,fbs,fbs
#3f78bb,#e6ccb3,2018,2,,2193,2633,East Tennessee State,Tennessee,1.04,pbp,Southern,SEC,fcs,fbs
#689dcd,#af3a3a,2024,2,,2377,245,McNeese,Texas A&M,1.04,pbp,Southland,SEC,fcs,fbs
#bd7575,#d88a96,2024,1,,2046,97,Austin Peay,Louisville,1.04,pbp,UAC,ACC,fcs,fbs
#e0cfa2,#3d77b8,2021,2,,2011,2,Alabama State,Auburn(25),1.03,pbp,SWAC,SEC,fcs,fbs
#e1cacb,#3d6bb7,2025,1,,2678,2426,VMI,Navy,1.03,pbp,Southern,American Athletic,fcs,fbs
#3f89bd,#ad9a9d,2015,2,,47,103,Howard,Boston College,1.03,pbp,MEAC,ACC,fcs,fbs
#3d6bb7,#dd9da6,2018,10,,2426,2132,Navy,Cincinnati,1.03,pbp,American Athletic,American Athletic,fbs,fbs
#4abfc2,#c24a54,2025,13,,324,2579,Coastal Carolina,South Carolina,1.03,pbp,Sun Belt,SEC,fbs,fbs
#af5868,#d88a96,2019,2,,2198,97,Eastern Kentucky,Louisville,1.03,pbp,OVC,ACC,fcs,fbs
#7cb0d3,#ce919e,2018,3,,2393,61,Middle Tennessee,Georgia(3),1.03,pbp,Conference USA,SEC,fbs,fbs
#4fb885,#885caf,2017,2,,2429,2306,Charlotte,Kansas State(19),1.03,pbp,Conference USA,Big 12,fbs,fbs
#329870,#7f46c2,2022,2,,2502,264,Portland State,Washington,1.03,pbp,Big Sky,Pac-12,fcs,fbs
#3d75b8,#359f7d,2018,10,,2636,5,UTSA,UAB,1.03,pbp,Conference USA,Conference USA,fbs,fbs
#8d8db9,#5d7088,2023,1,,2634,87,Tennessee State,Notre Dame(13),1.03,pbp,Big South-OVC,FBS Independents,fcs,fbs
#3e72b9,#d3a5b1,2024,1,,2006,194,Akron,Ohio State(2),1.02,pbp,Mid-American,Big Ten,fbs,fbs
#c44e4e,#359f7d,2022,1,,2010,5,Alabama A&M,UAB,1.02,pbp,SWAC,Conference USA,fcs,fbs
#6498cc,#9785a6,2018,1,,2582,2628,Southern,TCU(16),1.02,pbp,SWAC,Big 12,fcs,fbs
#44699b,#7b7b7b,2023,13,,213,127,Penn State(11),Michigan State,1.02,pbp,Big Ten,Big Ten,fbs,fbs
#a33cb5,#937a7f,2025,3,,2016,344,Alcorn State,Mississippi State,1.02,pbp,SWAC,SEC,fcs,fbs
#b57f81,#dc97a7,2024,3,,166,278,New Mexico State,Fresno State,1.02,pbp,Conference USA,Mountain West,fbs,fbs
#3cb48f,#7f46c2,2015,2,,16,264,Sacramento State,Washington,1.02,pbp,Big Sky,Pac-12,fcs,fbs
#cfa0a8,#9785a6,2023,2,,2447,2628,Nicholls,TCU,1.02,pbp,Southland,Big 12,fcs,fbs
#dc97a7,#d17b7b,2018,10,,278,2439,Fresno State(20),UNLV,1.02,pbp,Mountain West,Mountain West,fbs,fbs
#c0437e,#3aaf80,2026,4,,2117,2390,Central Michigan,Miami(6),1.02,pbp,Mid-American,ACC,fbs,fbs
#3f78bc,#ad9a9d,2024,2,,2184,103,Duquesne,Boston College,1.02,pbp,NEC,ACC,fcs,fbs
#3f89bd,#d5a6af,2026,4,,47,164,Howard,Rutgers,1.02,pbp,MEAC,Big Ten,fcs,fbs
#ababae,#ce919e,2021,12,,2127,61,Charleston Southern,Georgia(1),1.02,pbp,Big South,SEC,fcs,fbs
#339a72,#47c27c,2023,3,,62,2483,Hawai'i,Oregon(13),1.02,pbp,Mountain West,Pac-12,fbs,fbs
#3f89bd,#db93a2,2016,1,,47,120,Howard,Maryland,1.02,pbp,MEAC,Big Ten,fcs,fbs
#adb8c1,#d3a5b1,2025,12,,26,194,UCLA,Ohio State(1),1.02,pbp,Big Ten,Big Ten,fbs,fbs
#b5b5b5,#bd9099,2022,4,,238,333,Vanderbilt,Alabama(2),1.02,pbp,SEC,SEC,fbs,fbs
#7cb0d3,#707987,2024,2,,2393,145,Middle Tennessee,Ole Miss(6),1.01,pbp,Conference USA,SEC,fbs,fbs
#f0ded1,#f4f4f4,2019,13,,2382,153,Mercer,North Carolina,1.01,pbp,Southern,ACC,fcs,fbs
#888888,#e6cab3,2016,1,,2545,197,SE Louisiana,Oklahoma State(21),1.01,pbp,Southland,Big 12,fcs,fbs
#8269ca,#359f7d,2018,1,,2542,5,Savannah St,UAB,1.01,pbp,MEAC,Conference USA,fcs,fbs
#e7c8b6,#d6889a,2016,11,,356,275,Illinois,Wisconsin(7),1.01,pbp,Big Ten,Big Ten,fbs,fbs
#7b7b7b,#d3a5b1,2023,11,,127,194,Michigan State,Ohio State(3),1.01,pbp,Big Ten,Big Ten,fbs,fbs
#6dcead,#7f46c2,2018,2,,155,264,North Dakota,Washington(9),1.01,pbp,FCS Independents,Pac-12,fcs,fbs
#386ca9,#d88a96,2017,5,,93,97,Murray State,Louisville(17),1.01,pbp,OVC,ACC,fcs,fbs
#bd9fa4,#bd9099,2019,9,,8,333,Arkansas,Alabama(1),1.01,pbp,SEC,SEC,fbs,fbs
#FFFFFF,#3c73b2,2021,2,,2341,277,Long Island University,West Virginia,1.01,pbp,NEC,Big 12,fcs,fbs
#3e3ebb,#c0437e,2022,3,,2083,2117,Bucknell,Central Michigan,1.01,pbp,Patriot,Mid-American,fcs,fbs
#FFFFFF,#e6c6c7,2026,4,,2385,98,Mercyhurst,Western Kentucky,1.01,pbp,NEC,Conference USA,fcs,fbs
#4c85c3,#44699b,2024,4,,2309,213,Kent State,Penn State(10),1.01,pbp,Mid-American,Big Ten,fbs,fbs
#c8c6c2,#d98c8c,2025,12,,2116,2641,UCF,Texas Tech(8),1.01,pbp,Big 12,Big 12,fbs,fbs
#40be99,#d3a5b1,2018,4,,2655,194,Tulane,Ohio State(4),1.01,pbp,American Athletic,Big Ten,fbs,fbs
#386ca9,#d88a96,2023,2,,93,97,Murray State,Louisville,1.01,pbp,MVFC,ACC,fcs,fbs
#3e72b9,#44699b,2017,1,,2006,213,Akron,Penn State(6),1.01,pbp,Mid-American,Big Ten,fbs,fbs
#4f4f4f,#b8b8b8,2015,1,,2210,154,Elon,Wake Forest,1.0,pbp,CAA,ACC,fcs,fbs
#a75a7c,#d3a5b1,2025,6,,135,194,Minnesota,Ohio State(1),1.0,pbp,Big Ten,Big Ten,fbs,fbs
#f2d7d6,#868686,2018,3,,2169,2711,Delaware State,Western Michigan,1.0,pbp,MEAC,Mid-American,fcs,fbs
#b57f81,#707987,2019,11,,166,145,New Mexico State,Ole Miss,1.0,pbp,FBS Independents,SEC,fbs,fbs
#6c8bce,#f0e8d6,2026,1,,2698,338,West Georgia,Kennesaw State,1.0,pbp,UAC,Conference USA,fcs,fbs
#339a72,#6b8bce,2015,5,,62,68,Hawai'i,Boise State,1.0,pbp,Mountain West,Mountain West,fbs,fbs
#c6d0d6,#cfa0a8,2015,1,,301,21,San Diego,San Diego State,1.0,pbp,Pioneer,Mountain West,fcs,fbs
#f6f6f6,#707987,2022,2,,2110,145,Central Arkansas,Ole Miss(22),1.0,pbp,Atlantic Sun,SEC,fcs,fbs
#ababae,#a0a0a0,2016,2,,2127,52,Charleston Southern,Florida State(3),1.0,pbp,Big South,ACC,fcs,fbs
#dacfae,#ddb4b6,2017,3,,2029,2032,Arkansas-Pine Bluff,Arkansas State,1.0,pbp,SWAC,Sun Belt,fcs,fbs
#828282,#cbbdb5,2024,1,,36,251,Colorado State,Texas(4),1.0,pbp,Mountain West,SEC,fbs,fbs
#38a993,#c0437e,2025,4,,2681,2117,Wagner,Central Michigan,0.99,pbp,NEC,Mid-American,fcs,fbs
#FFFFFF,#d9c78e,2026,1,,2803,349,Bryant,Army,0.99,pbp,Coastal Athletic,American Athletic,fcs,fbs
#386ca9,#6b8bce,2024,12,,93,96,Murray State,Kentucky,0.99,pbp,MVFC,SEC,fcs,fbs
#ecdecd,#c8c6c2,2019,1,,50,2116,Florida A&M,UCF(17),0.99,pbp,MEAC,American Athletic,fcs,fbs
#74baa8,#576f8c,2021,1,,2450,2649,Norfolk State,Toledo,0.99,pbp,MEAC,Mid-American,fcs,fbs
#888888,#e3c2ab,2015,1,,2747,228,Wofford,Clemson(12),0.99,pbp,Southern,ACC,fcs,fbs
#3e3ebb,#3f7fbd,2026,4,,2083,221,Bucknell,Pittsburgh,0.99,pbp,Patriot,ACC,fcs,fbs
#74acd1,#8e8e8e,2017,1,,2261,195,Hampton,Ohio,0.99,pbp,MEAC,Mid-American,fcs,fbs
#e2c9a6,#f2f2f2,2016,2,,304,38,Idaho State,Colorado,0.99,pbp,Big Sky,Pac-12,fcs,fbs
#c75886,#ffffff,2023,3,,2640,242,Texas Southern,Rice,0.98,pbp,SWAC,American Athletic,fcs,fbs
#a6a6a6,#4c4c4c,2026,3,,2460,2294,Northern Iowa,Iowa(18),0.98,pbp,MVFC,Big Ten,fcs,fbs
#3e72b9,#e7c8b6,2019,1,,2006,356,Akron,Illinois,0.98,pbp,Mid-American,Big Ten,fbs,fbs
#4c85c3,#e3c2ab,2017,1,,2309,228,Kent State,Clemson(5),0.98,pbp,Mid-American,ACC,fbs,fbs
#4fb885,#e3c2ab,2019,4,,2429,228,Charlotte,Clemson(1),0.98,pbp,Conference USA,ACC,fbs,fbs
#FFFFFF,#cf6e75,2025,5,,2815,193,Lindenwood,Miami (OH),0.98,pbp,Big South-OVC,Mid-American,fcs,fbs
#c44e4e,#7cb0d3,2016,1,,2010,2393,Alabama A&M,Middle Tennessee,0.98,pbp,SWAC,Conference USA,fcs,fbs
#3d68b7,#44699b,2025,3,,222,213,Villanova,Penn State(2),0.98,pbp,CAA,Big Ten,fcs,fbs
#61a0ca,#cfa0a8,2016,8,,23,21,San José State,San Diego State,0.97,pbp,Mountain West,Mountain West,fbs,fbs
#e6c7b3,#ce919e,2023,1,,2630,61,UT Martin,Georgia(1),0.97,pbp,Big South-OVC,SEC,fcs,fbs
#a4a4a4,#3974ac,2015,6,,77,130,Northwestern(13),Michigan(18),0.97,pbp,Big Ten,Big Ten,fbs,fbs
#cc6666,#cfa0a8,2025,1,,2619,21,Stony Brook,San Diego State,0.97,pbp,CAA,Mountain West,fcs,fbs
#7cb0d3,#4c4c4c,2019,5,,2393,2294,Middle Tennessee,Iowa(14),0.97,pbp,Conference USA,Big Ten,fbs,fbs
#b7949a,#3f7fbd,2021,1,,113,221,Massachusetts,Pittsburgh,0.97,legacy,FBS Independents,ACC,fbs,fbs
#6f7cc9,#868686,2016,12,,2084,2711,Buffalo,Western Michigan(14),0.97,pbp,Mid-American,Mid-American,fbs,fbs
#e6ccb3,#d98c8c,2019,2,,2638,2641,UTEP,Texas Tech,0.96,pbp,Conference USA,Big 12,fbs,fbs
#868686,#3974ac,2018,2,,2711,130,Western Michigan,Michigan(21),0.96,pbp,Mid-American,Big Ten,fbs,fbs
#FFFFFF,#6095ca,2022,12,,2453,235,North Alabama,Memphis,0.96,pbp,Atlantic Sun,American Athletic,fcs,fbs
#8269ca,#e6dbb3,2017,2,,2542,2026,Savannah St,App State,0.96,pbp,MEAC,Sun Belt,fcs,fbs
#3f89bd,#db93a2,2021,2,,47,120,Howard,Maryland,0.96,pbp,MEAC,Big Ten,fcs,fbs
#ce919e,#b5b5b5,2021,4,,61,238,Georgia(2),Vanderbilt,0.96,pbp,SEC,SEC,fbs,fbs
#FFFFFF,#7fa4d4,2026,1,,2341,2305,Long Island University,Kansas,0.96,pbp,NEC,Big 12,fcs,fbs
#f2d7d6,#6f7cc9,2018,1,,2169,2084,Delaware State,Buffalo,0.96,pbp,MEAC,Mid-American,fcs,fbs
#d5a6af,#7b7b7b,2016,11,,164,127,Rutgers,Michigan State,0.96,pbp,Big Ten,Big Ten,fbs,fbs
#386ca9,#576f8c,2019,3,,93,2649,Murray State,Toledo,0.96,pbp,OVC,Mid-American,fcs,fbs
#519bc5,#bd3f7d,2017,4,,295,259,Old Dominion,Virginia Tech(13),0.96,pbp,Conference USA,ACC,fbs,fbs
#FFFFFF,#6f82cf,2026,2,,2097,57,Campbell,Florida,0.96,pbp,Coastal Athletic,SEC,fcs,fbs
#357a9e,#b9a0a5,2024,2,,328,30,Utah State,USC(13),0.96,pbp,Mountain West,Big Ten,fbs,fbs
#546b8d,#a75a7c,2024,2,,227,135,Rhode Island,Minnesota,0.96,pbp,CAA,Big Ten,fcs,fbs
#a4a4a4,#e3c2ab,2018,1,,231,228,Furman,Clemson(2),0.95,pbp,Southern,ACC,fcs,fbs
#c65681,#da8f8f,2021,1,,2230,158,Fordham,Nebraska,0.95,legacy,Patriot,Big Ten,fcs,fbs
#ababae,#d98c8c,2022,2,,2127,152,Charleston Southern,NC State(18),0.95,pbp,Big South,ACC,fcs,fbs
#3f78bc,#5096c4,2026,1,,2184,2005,Duquesne,Air Force,0.95,pbp,NEC,Mountain West,fcs,fbs
#f4ebe0,#bd9099,2019,4,,2572,333,Southern Miss,Alabama(2),0.95,pbp,Conference USA,SEC,fbs,fbs
#3d77b8,#e3c2ab,2017,12,,2643,228,The Citadel,Clemson(4),0.95,legacy,Southern,ACC,fcs,fbs
#b4b4b4,#b7b7b8,2020,4,,2617,2567,Stephen F. Austin,SMU,0.95,pbp,Southland,American Athletic,fcs,fbs
#ababae,#6f82cf,2018,1,,2127,57,Charleston Southern,Florida,0.95,pbp,Big South,SEC,fcs,fbs
#8269ca,#f4ebe0,2016,2,,2542,2572,Savannah St,Southern Miss,0.95,pbp,MEAC,Conference USA,fcs,fbs
#ce919e,#af3a3a,2021,3,,167,245,New Mexico,Texas A&M(7),0.95,pbp,Mountain West,SEC,fbs,fbs
#c44e4e,#3d77b8,2016,12,,2010,2,Alabama A&M,Auburn(18),0.94,pbp,SWAC,SEC,fcs,fbs
#b9b9b9,#e6ccb3,2021,3,,2635,2633,Tennessee Tech,Tennessee,0.94,pbp,OVC,SEC,fcs,fbs
#e6c7b3,#6b8bce,2019,13,,2630,96,UT Martin,Kentucky,0.94,pbp,OVC,SEC,fcs,fbs
#c0437e,#d6889a,2019,2,,2117,275,Central Michigan,Wisconsin(17),0.94,pbp,Mid-American,Big Ten,fbs,fbs
#e6c7b3,#3c73b2,2026,2,,2630,277,UT Martin,West Virginia,0.94,pbp,OVC,Big 12,fcs,fbs
#3e72b9,#7b7b7b,2022,2,,2006,127,Akron,Michigan State(14),0.94,pbp,Mid-American,Big Ten,fbs,fbs
#396bac,#3c73b2,2025,1,,2523,277,Robert Morris,West Virginia,0.94,pbp,NEC,Big 12,fcs,fbs
#386ca9,#e7c8b6,2016,1,,93,356,Murray State,Illinois,0.93,pbp,OVC,Big Ten,fcs,fbs
#386ca9,#e6cab3,2026,3,,93,197,Murray State,Oklahoma State,0.93,pbp,MVFC,Big 12,fcs,fbs
#689ecd,#e6c6c7,2016,5,,2277,98,Houston Christian,Western Kentucky,0.93,pbp,Southland,Conference USA,fcs,fbs
#359f7d,#ffffff,2018,7,,5,242,UAB,Rice,0.93,pbp,Conference USA,Conference USA,fbs,fbs
#888888,#3f7fbd,2023,1,,2747,221,Wofford,Pittsburgh,0.93,pbp,Southern,ACC,fcs,fbs
#bca0a5,#7fa4d4,2017,12,,201,2305,Oklahoma(3),Kansas,0.93,pbp,Big 12,Big 12,fbs,fbs
#44699b,#d5a6af,2016,12,,213,164,Penn State(9),Rutgers,0.93,pbp,Big Ten,Big Ten,fbs,fbs
#acacad,#f4f4f4,2020,14,,2717,153,Western Carolina,North Carolina,0.92,pbp,Southern,ACC,fcs,fbs
#868686,#d3a5b1,2024,2,,2711,194,Western Michigan,Ohio State(2),0.92,legacy,Mid-American,Big Ten,fbs,fbs
#3f78bb,#b5b5b5,2019,13,,2193,238,East Tennessee State,Vanderbilt,0.92,pbp,Southern,SEC,fcs,fbs
#ecdecd,#bd9fa4,2017,1,,50,8,Florida A&M,Arkansas,0.92,pbp,MEAC,SEC,fcs,fbs
#b8b8b8,#e3c2ab,2019,12,,154,228,Wake Forest,Clemson(3),0.92,pbp,ACC,ACC,fbs,fbs
#bd7575,#3f7fbd,2020,2,,2046,221,Austin Peay,Pittsburgh,0.92,pbp,OVC,ACC,fcs,fbs
#4c85c3,#d3a5b1,2026,3,,2309,194,Kent State,Ohio State(6),0.92,pbp,Mid-American,Big Ten,fbs,fbs
#4e6192,#3d77b8,2018,12,,2335,2,Liberty,Auburn,0.92,pbp,FBS Independents,SEC,fbs,fbs
#ae7b7c,#c8c6c2,2022,1,,2569,2116,South Carolina State,UCF,0.92,legacy,MEAC,American Athletic,fcs,fbs
#ae7b7c,#c8c6c2,2016,1,,2569,2116,South Carolina State,UCF,0.92,pbp,MEAC,American Athletic,fcs,fbs
#f2d7d6,#d9c78e,2023,2,,2169,349,Delaware State,Army,0.92,pbp,MEAC,FBS Independents,fcs,fbs
#5a93c6,#935531,2019,1,,2415,189,Morgan State,Bowling Green,0.92,pbp,MEAC,Mid-American,fcs,fbs
#a33cb5,#359f7d,2024,1,,2016,5,Alcorn State,UAB,0.91,pbp,SWAC,American Athletic,fcs,fbs
#f0ded1,#bd9099,2024,12,,2382,333,Mercer,Alabama(9),0.91,pbp,Southern,SEC,fcs,fbs
#b5b5b5,#ce919e,2022,7,,238,61,Vanderbilt,Georgia(1),0.91,pbp,SEC,SEC,fbs,fbs
#f0ded1,#bd9099,2017,12,,2382,333,Mercer,Alabama(1),0.91,pbp,Southern,SEC,fcs,fbs
#99a5bd,#e6c7b3,2017,1,,2115,183,Central Connecticut,Syracuse,0.91,pbp,NEC,ACC,fcs,fbs
#909fb7,#b8b8b8,2017,1,,2506,154,Presbyterian,Wake Forest,0.91,pbp,Big South,ACC,fcs,fbs
#3f78bc,#a0a0a0,2022,1,,2184,52,Duquesne,Florida State,0.9,pbp,NEC,ACC,fcs,fbs
#a8848d,#3aaf80,2023,3,,2065,2390,Bethune-Cookman,Miami(22),0.9,pbp,SWAC,ACC,fcs,fbs
#935531,#885caf,2019,2,,189,2306,Bowling Green,Kansas State,0.9,pbp,Mid-American,Big 12,fbs,fbs
#5d3db6,#5d7193,2025,2,,2692,12,Weber State,Arizona,0.9,pbp,Big Sky,Big 12,fcs,fbs
#acacad,#a75a7c,2025,2,,2466,135,Northwestern State,Minnesota,0.9,pbp,Southland,Big Ten,fcs,fbs
#ae7b7c,#e3c2ab,2016,3,,2569,228,South Carolina State,Clemson(5),0.9,pbp,MEAC,ACC,fcs,fbs
#ababae,#bd9099,2015,12,,2127,333,Charleston Southern,Alabama(3),0.9,pbp,Big South,SEC,fcs,fbs
#3d77b8,#4b83c3,2023,1,,2643,290,The Citadel,Georgia Southern,0.9,pbp,Southern,Sun Belt,fcs,fbs
#868686,#e7c8b6,2025,3,,2711,356,Western Michigan,Illinois(9),0.89,pbp,Mid-American,Big Ten,fbs,fbs
#6c6f6d,#848484,2021,1,,2729,258,William & Mary,Virginia,0.89,pbp,CAA,ACC,fcs,fbs
#5a93c6,#76d198,2016,2,,2415,276,Morgan State,Marshall,0.89,legacy,MEAC,Conference USA,fcs,fbs
#e5c2b2,#cbbdb5,2025,4,,2534,251,Sam Houston,Texas(8),0.89,pbp,Conference USA,SEC,fbs,fbs
#cfbdbf,#885caf,2023,9,,248,2306,Houston,Kansas State,0.89,pbp,Big 12,Big 12,fbs,fbs
#6e6e6e,#cbbdb5,2024,4,,2433,251,UL Monroe,Texas(1),0.88,pbp,Sun Belt,SEC,fbs,fbs
#39aa8c,#5d7088,2020,3,,58,87,South Florida,Notre Dame(7),0.88,pbp,American Athletic,FBS Independents,fbs,fbs
#38a993,#e6c7b3,2022,5,,2681,183,Wagner,Syracuse,0.88,pbp,NEC,ACC,fcs,fbs
#6e6e6e,#bd9099,2015,4,,2433,333,UL Monroe,Alabama(12),0.88,pbp,Sun Belt,SEC,fbs,fbs
#38a993,#3f647f,2026,3,,2681,25,Wagner,California,0.88,pbp,NEC,ACC,fcs,fbs
#FFFFFF,#d98c8c,2023,3,,2627,2641,Tarleton State,Texas Tech,0.88,pbp,UAC,Big 12,fcs,fbs
#3e72b9,#e1bbbf,2019,9,,2006,2459,Akron,Northern Illinois,0.88,pbp,Mid-American,Mid-American,fbs,fbs
#d1a0a8,#885caf,2023,1,,2546,2306,Southeast Missouri State,Kansas State(16),0.88,pbp,Big South-OVC,Big 12,fcs,fbs
#e1cacb,#d98c8c,2023,3,,2678,152,VMI,NC State,0.88,pbp,Southern,ACC,fcs,fbs
#a6999b,#d17b7b,2021,3,,66,2439,Iowa State(14),UNLV,0.88,legacy,Big 12,Mountain West,fbs,fbs
#d5a6af,#3974ac,2019,5,,164,130,Rutgers,Michigan(20),0.88,pbp,Big Ten,Big Ten,fbs,fbs
#b9b9b9,#e6ccb3,2016,10,,2635,2633,Tennessee Tech,Tennessee,0.88,pbp,OVC,SEC,fcs,fbs
#d5a6af,#d3a5b1,2018,2,,164,194,Rutgers,Ohio State(4),0.88,pbp,Big Ten,Big Ten,fbs,fbs
#689dcd,#6f82cf,2023,2,,2377,57,McNeese,Florida,0.88,pbp,Southland,SEC,fcs,fbs
#d3a5b1,#885caf,2015,1,,233,2306,South Dakota,Kansas State,0.87,pbp,MVFC,Big 12,fcs,fbs
#FFFFFF,#cc6666,2019,2,,2197,84,Eastern Illinois,Indiana,0.87,pbp,OVC,Big Ten,fcs,fbs
#b3787d,#ad9a9d,2021,1,,2142,103,Colgate,Boston College,0.87,pbp,Patriot,ACC,fcs,fbs
#6e6e6e,#af3a3a,2023,3,,2433,245,UL Monroe,Texas A&M,0.87,pbp,Sun Belt,SEC,fbs,fbs
#3d6bb7,#5d7088,2023,1,,2426,87,Navy,Notre Dame(13),0.87,pbp,American Athletic,FBS Independents,fbs,fbs
#76d198,#ce919e,2025,1,,276,61,Marshall,Georgia(5),0.87,pbp,Sun Belt,SEC,fbs,fbs
#a4a4a4,#bd3f7d,2015,2,,231,259,Furman,Virginia Tech,0.87,pbp,Southern,ACC,fcs,fbs
#3f89bd,#e6dbb3,2015,1,,47,2026,Howard,App State,0.87,pbp,MEAC,Sun Belt,fcs,fbs
#3974ac,#7b7b7b,2023,8,,130,127,Michigan(2),Michigan State,0.87,pbp,Big Ten,Big Ten,fbs,fbs
#8269ca,#4b83c3,2016,1,,2542,290,Savannah St,Georgia Southern,0.87,pbp,MEAC,Sun Belt,fcs,fbs
#565656,#cf6e75,2026,2,,107,193,Holy Cross,Miami (OH),0.86,pbp,Patriot,Mid-American,fcs,fbs
#74baa8,#917e9c,2024,1,,2450,151,Norfolk State,East Carolina,0.86,pbp,MEAC,American Athletic,fcs,fbs
#67aacc,#4c4c4c,2022,2,,282,2509,Indiana State,Purdue,0.86,pbp,MVFC,Big Ten,fcs,fbs
#d3a5aa,#4c4c4c,2024,1,,2287,2294,Illinois State,Iowa(25),0.86,pbp,MVFC,Big Ten,fcs,fbs
#acacad,#75807c,2016,1,,2466,239,Northwestern State,Baylor(23),0.86,pbp,Southland,Big 12,fcs,fbs
#c85976,#5c81c6,2016,1,,2428,150,North Carolina Central,Duke,0.86,pbp,MEAC,ACC,fcs,fbs
#5d7088,#3974ac,2022,3,,41,130,UConn,Michigan(4),0.86,pbp,FBS Independents,Big Ten,fbs,fbs
#6498cc,#ce919e,2015,4,,2582,61,Southern,Georgia(7),0.85,pbp,SWAC,SEC,fcs,fbs
#FFFFFF,#57c78b,2025,1,,2320,249,Lamar,North Texas,0.85,pbp,Southland,American Athletic,fcs,fbs
#9858aa,#75807c,2026,2,,2504,239,Prairie View A&M,Baylor,0.85,pbp,SWAC,Big 12,fcs,fbs
#b7949a,#4abfc2,2021,4,,113,324,Massachusetts,Coastal Carolina(17),0.85,pbp,FBS Independents,Sun Belt,fbs,fbs
#935531,#5d7088,2019,6,,189,87,Bowling Green,Notre Dame(9),0.85,pbp,Mid-American,FBS Independents,fbs,fbs
#4b83c3,#978da5,2019,1,,290,99,Georgia Southern,LSU(6),0.84,pbp,Sun Belt,SEC,fbs,fbs
#d3a5aa,#d6889a,2022,1,,2287,275,Illinois State,Wisconsin(18),0.84,pbp,MVFC,Big Ten,fcs,fbs
#bca0a5,#cc7a91,2025,3,,201,218,Oklahoma(13),Temple,0.84,pbp,SEC,American Athletic,fbs,fbs
#4078be,#937a7f,2018,10,,2348,344,Louisiana Tech,Mississippi State(21),0.84,pbp,Conference USA,SEC,fbs,fbs
#FFFFFF,#e7c8b6,2024,1,,2197,356,Eastern Illinois,Illinois,0.84,pbp,Big South-OVC,Big Ten,fcs,fbs
#b7949a,#4e6192,2020,13,,113,2335,Massachusetts,Liberty,0.84,pbp,FBS Independents,FBS Independents,fbs,fbs
#d5a6af,#cc6666,2019,7,,164,84,Rutgers,Indiana,0.84,pbp,Big Ten,Big Ten,fbs,fbs
#cfa0a8,#6e6e6e,2015,2,,2447,2433,Nicholls,UL Monroe,0.83,pbp,Southland,Sun Belt,fcs,fbs
#a33cb5,#40be99,2022,2,,2016,2655,Alcorn State,Tulane,0.83,pbp,SWAC,American Athletic,fcs,fbs
#74baa8,#76d198,2022,1,,2450,276,Norfolk State,Marshall,0.83,legacy,MEAC,Sun Belt,fcs,fbs
#67aacc,#4c4c4c,2024,1,,282,2509,Indiana State,Purdue,0.83,pbp,MVFC,Big Ten,fcs,fbs
#5d7088,#dc97a7,2021,1,,41,278,UConn,Fresno State,0.83,pbp,FBS Independents,Mountain West,fbs,fbs
#579ec7,#ce919e,2022,2,,2535,61,Samford,Georgia(2),0.83,pbp,Southern,SEC,fcs,fbs
#3e72b9,#576f8c,2025,5,,2006,2649,Akron,Toledo,0.83,pbp,Mid-American,Mid-American,fbs,fbs
#ababae,#937a7f,2017,1,,2127,344,Charleston Southern,Mississippi State,0.83,pbp,Big South,SEC,fcs,fbs
#b7949a,#4c4c4c,2025,3,,113,2294,Massachusetts,Iowa,0.82,pbp,Mid-American,Big Ten,fbs,fbs
#396bac,#c0437e,2021,2,,2523,2117,Robert Morris,Central Michigan,0.82,pbp,Big South,Mid-American,fcs,fbs
#579ec7,#3d77b8,2019,13,,2535,2,Samford,Auburn(16),0.82,pbp,Southern,SEC,fcs,fbs
#ceb2b3,#e0a3ae,2024,1,,253,254,Southern Utah,Utah(12),0.82,pbp,UAC,Big 12,fcs,fbs
#357a9e,#bd9099,2022,1,,328,333,Utah State,Alabama(1),0.82,pbp,Mountain West,SEC,fbs,fbs
#e6c7b3,#6f82cf,2019,2,,2630,57,UT Martin,Florida(11),0.82,pbp,OVC,SEC,fcs,fbs
#FFFFFF,#bd9099,2025,13,,2197,333,Eastern Illinois,Alabama(10),0.82,pbp,Big South-OVC,SEC,fcs,fbs
#e9e1ce,#b7949a,2024,7,,142,113,Missouri(21),Massachusetts,0.82,pbp,SEC,FBS Independents,fbs,fbs
#3bb174,#3cb48f,2026,1,,2400,16,Mississippi Valley State,Sacramento State,0.81,pbp,SWAC,Mid-American,fcs,fbs
#bd9fa4,#ce919e,2021,5,,8,61,Arkansas(8),Georgia(2),0.81,pbp,SEC,SEC,fbs,fbs
#dacfae,#bd9fa4,2021,8,,2029,8,Arkansas-Pine Bluff,Arkansas,0.81,pbp,SWAC,SEC,fcs,fbs
#38a993,#7fa4d4,2025,1,,2681,2305,Wagner,Kansas,0.81,pbp,NEC,Big 12,fcs,fbs
#dacfae,#3e72b9,2017,2,,2029,2006,Arkansas-Pine Bluff,Akron,0.81,pbp,SWAC,Mid-American,fcs,fbs
#ae7b7c,#e3c2ab,2021,2,,2569,228,South Carolina State,Clemson(6),0.81,pbp,MEAC,ACC,fcs,fbs
#3d77b8,#e6dbb3,2022,5,,2643,2026,The Citadel,App State,0.8,pbp,Southern,Sun Belt,fcs,fbs
#4c85c3,#d6889a,2019,6,,2309,275,Kent State,Wisconsin(8),0.8,pbp,Mid-American,Big Ten,fbs,fbs
#dc9797,#ce919e,2023,2,,2050,61,Ball State,Georgia(1),0.8,pbp,Mid-American,SEC,fbs,fbs
#e6c6c7,#cc6666,2026,3,,98,84,Western Kentucky,Indiana(4),0.8,pbp,Conference USA,Big Ten,fbs,fbs
#FFFFFF,#7fa4d4,2024,1,,2815,2305,Lindenwood,Kansas(22),0.8,pbp,Big South-OVC,Big 12,fcs,fbs
#ffffff,#3d75b8,2021,7,,242,2636,Rice,UTSA,0.8,pbp,Conference USA,Conference USA,fbs,fbs
#3f89bd,#cc6666,2026,2,,47,84,Howard,Indiana(5),0.8,pbp,MEAC,Big Ten,fcs,fbs
#f0e7d1,#6f82cf,2019,5,,119,57,Towson,Florida(9),0.79,pbp,CAA,SEC,fcs,fbs
#579ec7,#d88a96,2015,4,,2535,97,Samford,Louisville,0.79,pbp,Southern,ACC,fcs,fbs
#8e8e8e,#4c85c3,2024,11,,195,2309,Ohio,Kent State,0.79,pbp,Mid-American,Mid-American,fbs,fbs
#5d7088,#dd9da6,2019,11,,41,2132,UConn,Cincinnati(17),0.79,pbp,American Athletic,American Athletic,fbs,fbs
#FFFFFF,#a4a4a4,2015,2,,2197,77,Eastern Illinois,Northwestern,0.79,pbp,OVC,Big Ten,fcs,fbs
#ad9a9d,#5d7088,2022,12,,103,87,Boston College,Notre Dame(18),0.79,pbp,ACC,FBS Independents,fbs,fbs
#ce919e,#978da5,2022,4,,167,99,New Mexico,LSU,0.79,pbp,Mountain West,SEC,fbs,fbs
#cc6666,#5096c4,2018,1,,2619,2005,Stony Brook,Air Force,0.79,pbp,CAA,Mountain West,fcs,fbs
#ae7b7c,#c8c6c2,2018,2,,2569,2116,South Carolina State,UCF(19),0.78,pbp,MEAC,American Athletic,fcs,fbs
#e1c8a7,#cfbdbf,2021,3,,2755,248,Grambling,Houston,0.78,pbp,SWAC,American Athletic,fcs,fbs
#38a993,#d5a6af,2023,5,,2681,164,Wagner,Rutgers,0.77,pbp,NEC,Big Ten,fcs,fbs
#7fa4d4,#a6999b,2017,7,,2305,66,Kansas,Iowa State,0.77,pbp,Big 12,Big 12,fbs,fbs
#9f93ae,#e7c8b6,2015,2,,2710,356,Western Illinois,Illinois,0.77,pbp,MVFC,Big Ten,fcs,fbs
#76d198,#44699b,2026,1,,276,213,Marshall,Penn State(18),0.76,pbp,Sun Belt,Big Ten,fbs,fbs
#6f7cc9,#e9e1ce,2024,2,,2084,142,Buffalo,Missouri(9),0.76,pbp,Mid-American,SEC,fbs,fbs
#ba3e3e,#af3a3a,2026,1,,2623,245,Missouri State,Texas A&M(8),0.76,pbp,Conference USA,SEC,fbs,fbs
#cc7a91,#bca0a5,2024,1,,218,201,Temple,Oklahoma(16),0.76,pbp,American Athletic,SEC,fbs,fbs
#9f93ae,#e7c8b6,2025,1,,2710,356,Western Illinois,Illinois(12),0.76,pbp,Big South-OVC,Big Ten,fcs,fbs
#937a7f,#bd9099,2020,9,,344,333,Mississippi State,Alabama(2),0.75,pbp,SEC,SEC,fbs,fbs
#cfa0a8,#f2f2f2,2015,4,,2447,38,Nicholls,Colorado,0.75,pbp,Southland,Pac-12,fcs,fbs
#ce6d78,#6f7cc9,2025,2,,2598,2084,St. Francis (PA),Buffalo,0.75,pbp,NEC,Mid-American,fcs,fbs
#3d77b8,#707987,2025,11,,2643,145,The Citadel,Ole Miss(7),0.75,pbp,Southern,SEC,fcs,fbs
#FFFFFF,#576f8c,2022,1,,2341,2649,Long Island University,Toledo,0.75,pbp,NEC,Mid-American,fcs,fbs
#FFFFFF,#75807c,2024,1,,2627,239,Tarleton State,Baylor,0.74,pbp,UAC,Big 12,fcs,fbs
#b5b5b5,#6f82cf,2021,6,,238,57,Vanderbilt,Florida(20),0.74,pbp,SEC,SEC,fbs,fbs
#4c4c4c,#d3a5b1,2024,11,,2509,194,Purdue,Ohio State(3),0.73,pbp,Big Ten,Big Ten,fbs,fbs
#a33cb5,#b5b5b5,2024,2,,2016,238,Alcorn State,Vanderbilt,0.73,pbp,SWAC,SEC,fcs,fbs
#9858aa,#af3a3a,2021,12,,2504,245,Prairie View A&M,Texas A&M(16),0.73,pbp,SWAC,SEC,fcs,fbs
#dc9797,#3d77b8,2025,2,,2050,2,Ball State,Auburn,0.72,pbp,Mid-American,SEC,fbs,fbs
#b7949a,#345b9d,2019,6,,113,2229,Massachusetts,Florida International,0.72,pbp,FBS Independents,Conference USA,fbs,fbs
#4c85c3,#d88a96,2017,4,,2309,97,Kent State,Louisville(19),0.72,pbp,Mid-American,ACC,fbs,fbs
#acacad,#d98c8c,2019,2,,2717,152,Western Carolina,NC State,0.72,pbp,Southern,ACC,fcs,fbs
#d1a0a8,#e9e1ce,2019,3,,2546,142,Southeast Missouri State,Missouri,0.72,pbp,OVC,SEC,fcs,fbs
#396bac,#e6dbb3,2022,9,,2523,2026,Robert Morris,App State,0.71,pbp,Big South,Sun Belt,fcs,fbs
#bd9fa4,#e9e1ce,2018,13,,8,142,Arkansas,Missouri,0.7,pbp,SEC,SEC,fbs,fbs
#4c85c3,#bd9099,2016,4,,2309,333,Kent State,Alabama(1),0.7,pbp,Mid-American,SEC,fbs,fbs
#a8848d,#3aaf80,2025,2,,2065,2390,Bethune-Cookman,Miami(5),0.7,pbp,SWAC,ACC,fcs,fbs
#ababae,#b5b5b5,2025,1,,2127,238,Charleston Southern,Vanderbilt,0.7,pbp,Big South-OVC,SEC,fcs,fbs
#e6ccb3,#bca0a5,2026,1,,2638,201,UTEP,Oklahoma(10),0.7,pbp,Mountain West,SEC,fbs,fbs
#ce919e,#6b8bce,2021,12,,167,68,New Mexico,Boise State,0.7,pbp,Mountain West,Mountain West,fbs,fbs
#ba3e3e,#bca0a5,2020,2,,2623,201,Missouri State,Oklahoma,0.7,pbp,MVFC,Big 12,fcs,fbs
#FFFFFF,#6e6e6e,2021,3,,70,204,Idaho,Oregon State,0.7,pbp,Big Sky,Pac-12,fcs,fbs
#85797a,#bd9fa4,2016,3,,326,8,Texas State,Arkansas(24),0.69,pbp,Sun Belt,SEC,fbs,fbs
#565656,#e6c7b3,2019,5,,107,183,Holy Cross,Syracuse,0.69,pbp,Patriot,ACC,fcs,fbs
#FFFFFF,#6388cb,2026,3,,2837,202,East Texas A&M,Tulsa,0.69,pbp,Southland,American Athletic,fcs,fbs
#6498cc,#f4ebe0,2017,2,,2582,2572,Southern,Southern Miss,0.68,pbp,SWAC,Conference USA,fcs,fbs
#329870,#7f46c2,2016,3,,2502,264,Portland State,Washington(8),0.67,pbp,Big Sky,Pac-12,fcs,fbs
#339a72,#d3a5b1,2015,2,,62,194,Hawai'i,Ohio State(1),0.67,pbp,Mountain West,Big Ten,fbs,fbs
#ce919e,#3c7eb4,2021,13,,61,59,Georgia(1),Georgia Tech,0.67,pbp,SEC,ACC,fbs,fbs
#c65681,#3aa07c,2026,1,,2230,2449,Fordham,North Dakota State,0.66,pbp,Patriot,Mountain West,fcs,fbs
#cc6666,#cc7a91,2016,2,,2619,218,Stony Brook,Temple,0.66,pbp,CAA,American Athletic,fcs,fbs
#386ca9,#e9e1ce,2024,1,,93,142,Murray State,Missouri(11),0.65,pbp,MVFC,SEC,fcs,fbs
#b9b9b9,#ce919e,2024,2,,2635,61,Tennessee Tech,Georgia(1),0.65,pbp,Big South-OVC,SEC,fcs,fbs
#FFFFFF,#6f82cf,2025,1,,2341,57,Long Island University,Florida(15),0.65,pbp,NEC,SEC,fcs,fbs
#FFFFFF,#3d75b8,2021,2,,2320,2636,Lamar,UTSA,0.65,pbp,AWC,Conference USA,fcs,fbs
#4385c0,#e6ccb3,2019,3,,236,2633,Chattanooga,Tennessee,0.64,pbp,Southern,SEC,fcs,fbs
#3d77b8,#e3c2ab,2020,3,,2643,228,The Citadel,Clemson(1),0.62,pbp,Southern,ACC,fcs,fbs
#bd7575,#ce919e,2018,1,,2046,61,Austin Peay,Georgia(3),0.61,pbp,OVC,SEC,fcs,fbs
#ffffff,#5d7088,2026,2,,242,87,Rice,Notre Dame(3),0.61,pbp,American Athletic,FBS Independents,fbs,fbs
#FFFFFF,#c24a54,2021,1,,2197,2579,Eastern Illinois,South Carolina,0.6,pbp,OVC,SEC,fcs,fbs
#546b8d,#e6c7b3,2015,1,,227,183,Rhode Island,Syracuse,0.6,pbp,CAA,ACC,fcs,fbs
#e1bbbf,#4c4c4c,2026,1,,2459,2294,Northern Illinois,Iowa(22),0.6,pbp,Mountain West,Big Ten,fbs,fbs
#a8848d,#3aaf80,2015,1,,2065,2390,Bethune-Cookman,Miami,0.59,pbp,MEAC,ACC,fcs,fbs
#c44e4e,#3d68b7,2017,3,,2010,6,Alabama A&M,South Alabama,0.59,pbp,SWAC,Sun Belt,fcs,fbs
#b7949a,#4b83c3,2020,7,,113,290,Massachusetts,Georgia Southern,0.58,pbp,FBS Independents,Sun Belt,fbs,fbs
#579ec7,#af3a3a,2025,13,,2535,245,Samford,Texas A&M(3),0.58,pbp,Southern,SEC,fcs,fbs
#7fa4d4,#9785a6,2017,8,,2305,2628,Kansas,TCU(4),0.55,pbp,Big 12,Big 12,fbs,fbs
#FFFFFF,#6095ca,2024,1,,2453,235,North Alabama,Memphis,0.54,pbp,UAC,American Athletic,fcs,fbs
#FFFFFF,#cfbdbf,2016,2,,2320,248,Lamar,Houston(6),0.54,pbp,Southland,American Athletic,fcs,fbs
#9858aa,#7b7b7b,2024,3,,2504,127,Prairie View A&M,Michigan State,0.53,pbp,SWAC,Big Ten,fcs,fbs
#a33cb5,#3c7eb4,2018,1,,2016,59,Alcorn State,Georgia Tech,0.53,pbp,SWAC,ACC,fcs,fbs
#c44e4e,#b5b5b5,2017,2,,2010,238,Alabama A&M,Vanderbilt,0.51,pbp,SWAC,SEC,fcs,fbs
#3f78bc,#9785a6,2021,1,,2184,2628,Duquesne,TCU,0.5,legacy,NEC,Big 12,fcs,fbs
#FFFFFF,#9785a6,2024,2,,2341,2628,Long Island University,TCU,0.5,pbp,NEC,Big 12,fcs,fbs
#b57f81,#a75a7c,2022,1,,166,135,New Mexico State,Minnesota,0.48,pbp,FBS Independents,Big Ten,fbs,fbs
#4c85c3,#bca0a5,2025,6,,2309,201,Kent State,Oklahoma(5),0.46,pbp,Mid-American,SEC,fbs,fbs
#e6cab3,#d98c8c,2025,9,,197,2641,Oklahoma State,Texas Tech(14),0.44,pbp,Big 12,Big 12,fbs,fbs
#ba3e3e,#885caf,2016,4,,2623,2306,Missouri State,Kansas State,0.28,legacy,MVFC,Big 12,fcs,fbs
