game_id,season,week,season_type,away_team,home_team,old_game_rating,new_game_rating,rating_delta,old_win_chances_max_diff,old_win_prob_shifts,pbp_status,pbp_raw_rows,pbp_plays,pbp_discarded_rows,pbp_periods,pbp_home_score,pbp_away_score,pregame_home_wp,game_spread,new_win_chances_max_diff,new_win_prob_shifts
401856670,2026,2,regular,Arkansas,Utah,3.17,2.36,-0.81,0.388,15.52,complete,173,167,6,4.0,43.0,10.0,0.8296996355056763,13.5,0.267774760723114,4.818172454833984
401856671,2026,2,regular,Southern Miss,Auburn,1.38,,,0.022,0.880000000000001,missing_pbp,0,0,0,,,,,,,
401856672,2026,2,regular,Campbell,Florida,0.57,,,0.0,0.0,source_not_completed,131,130,1,4.0,52.0,3.0,,,,
401856673,2026,2,regular,Western Kentucky,Georgia,1.39,,,0.00600000000000001,0.24,source_not_completed,166,161,5,4.0,70.0,13.0,,,,
401856674,2026,2,regular,Alabama,Kentucky,4.41,,,0.582,23.28,source_not_completed,18,18,0,1.0,7.0,0.0,,,,
401856676,2026,2,regular,Charlotte,Ole Miss,1.3,,,0.002,0.0800000000000001,source_not_completed,24,24,0,1.0,7.0,0.0,,,,
401856677,2026,2,regular,Mississippi State,Minnesota,5.31,,,0.946,37.84,source_not_completed,25,25,0,1.0,0.0,7.0,,,,
401856678,2026,2,regular,Missouri,Kansas,5.98,5.52,-0.46,0.782,31.28,complete,187,178,9,4.0,21.0,38.0,0.36856016516685486,4.0,0.6711955932551064,22.08953355293488
401856679,2026,2,regular,Oklahoma,Michigan,6.12,5.62,-0.5,0.756,30.24,complete,162,153,9,4.0,17.0,10.0,0.35299748182296753,5.5,0.7017715573310852,19.12371814250946
401856680,2026,2,regular,Towson,South Carolina,1.0,,,0.002,0.0800000000000001,source_not_completed,81,74,7,2.0,17.0,0.0,,,,
401856681,2026,2,regular,Tennessee,Georgia Tech,4.87,,,0.388,15.52,source_not_completed,59,58,1,2.0,10.0,17.0,,,,
401856682,2026,2,regular,Ohio State,Texas,7.75,,,0.89,35.6,source_not_completed,26,23,3,1.0,0.0,10.0,,,,
401856683,2026,2,regular,Arizona State,Texas A&M,3.62,3.41,-0.21,0.3,12.0,complete,164,158,6,4.0,48.0,20.0,0.8773329257965088,15.5,0.22889530658721924,9.650100827217102
401856684,2026,2,regular,Delaware,Vanderbilt,5.22,5.41,0.19,0.148,5.92,complete,180,170,10,4.0,35.0,26.0,0.9081499576568604,20.5,0.25721436738967896,7.024465799331665
401856781,2026,2,regular,Washington State,Kansas State,2.89,2.51,-0.38,0.214,8.56,complete,152,149,3,4.0,34.0,7.0,0.9154253005981445,17.5,0.17779755592346191,4.277075529098511
401856782,2026,2,regular,Oregon,Oklahoma State,5.17,,,0.098,3.92,source_not_completed,122,115,7,3.0,27.0,24.0,,,,
401856783,2026,2,regular,Texas Tech,Oregon State,4.67,,,0.078,3.12,source_not_completed,39,38,1,1.0,0.0,0.0,,,,
401856784,2026,2,regular,Prairie View A&M,Baylor,0.65,,,0.01,0.4,source_not_completed,5,5,0,1.0,0.0,0.0,,,,
401856785,2026,2,regular,Weber State,Colorado,2.15,,,0.00800000000000001,0.32,source_not_completed,32,32,0,1.0,14.0,0.0,,,,
401856786,2026,2,regular,Western Carolina,Cincinnati,1.29,,,0.012,0.48,source_not_completed,76,75,1,2.0,21.0,10.0,,,,
401856787,2026,2,regular,Southern,Houston,1.07,,,0.0,0.0,source_not_completed,67,66,1,2.0,35.0,0.0,,,,
401856788,2026,2,regular,Iowa State,Iowa,5.44,,,0.334,13.36,source_not_completed,36,36,0,2.0,0.0,3.0,,,,
401856789,2026,2,regular,Grambling,TCU,1.11,,,0.002,0.0800000000000001,source_not_completed,15,15,0,1.0,7.0,0.0,,,,
401856790,2026,2,regular,UCF,Pittsburgh,5.73,,,0.63,25.2,missing_pbp,0,0,0,,,,,,,
401856791,2026,2,regular,UT Martin,West Virginia,0.86,,,0.004,0.16,source_not_completed,159,152,7,4.0,52.0,6.0,,,,
401856810,2026,2,regular,Arizona,BYU,6.03,,,0.63,25.2,source_not_completed,21,19,2,1.0,0.0,7.0,,,,
401858213,2026,2,regular,Florida A&M,Miami,1.19,1.36,0.17,0.0,0.0,complete,167,150,17,4.0,77.0,7.0,0.9781081676483154,59.5,0.021861255168914795,0.13972938060760498
401858214,2026,2,regular,Rutgers,Boston College,7.05,5.84,-1.21,0.836,33.44,complete,162,149,13,4.0,28.0,21.0,0.5781798958778381,3.0,0.4285125732421875,14.157652974128723
401858215,2026,2,regular,Villanova,Louisville,1.19,1.33,0.14,0.00800000000000001,0.32,complete,169,164,5,4.0,59.0,13.0,0.9607229232788086,39.5,0.0392376184463501,0.7116011381149292
401858216,2026,2,regular,California,Syracuse,7.13,,,0.782,31.28,source_not_completed,28,28,0,1.0,3.0,0.0,,,,
401858217,2026,2,regular,Duke,Illinois,7.09,,,0.654,26.16,source_not_completed,24,22,2,1.0,7.0,7.0,,,,
401858218,2026,2,regular,East Tennessee State,North Carolina,1.25,,,0.014,0.56,source_not_completed,141,128,13,4.0,35.0,0.0,,,,
401858219,2026,2,regular,Georgia Southern,Clemson,3.64,,,0.178,7.12,missing_pbp,0,0,0,,,,,,,
401858220,2026,2,regular,Norfolk State,Virginia,0.87,1.05,0.18,0.002,0.0800000000000001,complete,168,153,15,4.0,59.0,3.0,0.9781081676483154,47.5,0.03461575508117676,0.43476051092147827
401858221,2026,2,regular,Old Dominion,Virginia Tech,3.82,3.1,-0.72,0.214,8.56,complete,178,170,8,4.0,44.0,21.0,0.9118125438690186,17.5,0.10747021436691284,1.864460825920105
401858222,2026,2,regular,Richmond,NC State,1.41,1.27,-0.14,0.022,0.880000000000001,complete,154,145,9,4.0,73.0,0.0,0.9781081676483154,33.5,0.021851062774658203,0.3213406801223755
401858223,2026,2,regular,UC Davis,SMU,1.28,,,0.026,1.04,source_not_completed,1,1,0,1.0,0.0,0.0,,,,
401858224,2026,2,regular,Wake Forest,Purdue,8.51,8.35,-0.16,0.864,34.56,complete,192,178,14,6.0,36.0,38.0,0.4151776432991028,2.5,0.9322948567569256,28.179508216679096
401858439,2026,2,regular,Howard,Indiana,0.56,0.78,0.22,0.0,0.0,complete,149,134,15,4.0,55.0,0.0,0.9607229232788086,57.5,0.03924006223678589,0.23045051097869873
401858440,2026,2,regular,Eastern Michigan,Michigan State,2.89,,,0.228,9.12,source_not_completed,23,22,1,1.0,7.0,0.0,,,,
401858441,2026,2,regular,Bowling Green,Nebraska,1.26,,,0.036,1.44,source_not_completed,54,53,1,2.0,28.0,0.0,,,,
401858442,2026,2,regular,Penn State,Temple,3.18,3.35,0.17,0.098,3.92,complete,143,140,3,4.0,9.0,27.0,0.05586618185043335,24.5,0.17347564280498773,4.9247210682951845
401858443,2026,2,regular,San Diego State,UCLA,4.18,,,0.352,14.08,source_not_completed,59,56,3,2.0,0.0,0.0,,,,
401858444,2026,2,regular,Maryland,UConn,4.17,,,0.428,17.12,source_not_completed,28,28,0,1.0,7.0,0.0,,,,
401858445,2026,2,regular,Louisiana,USC,3.66,3.79,0.13,0.032,1.28,complete,159,150,9,4.0,49.0,30.0,0.9597121477127075,30.5,0.06534039974212646,1.88224196434021
401858446,2026,2,regular,Utah State,Washington,4.47,,,0.05,2.0,source_not_completed,24,23,1,1.0,0.0,0.0,,,,
401858447,2026,2,regular,Western Illinois,Wisconsin,1.69,,,0.004,0.16,source_not_completed,57,55,2,2.0,20.0,3.0,,,,
401859184,2026,2,regular,Rice,Notre Dame,0.52,,,0.002,0.0800000000000001,source_not_completed,27,25,2,1.0,20.0,0.0,,,,
401860881,2026,2,regular,Memphis,Boise State,5.42,,,0.534,21.36,source_not_completed,100,90,10,3.0,17.0,20.0,,,,
401860882,2026,2,regular,Southern Utah,Colorado State,2.96,,,0.168,6.72,source_not_completed,68,62,6,2.0,24.0,14.0,,,,
401860883,2026,2,regular,Sacramento State,Fresno State,1.85,1.25,-0.6,0.202,8.08,complete,165,153,12,4.0,49.0,3.0,0.9118125438690186,17.5,0.14375638961791992,2.1404753923416138
401860884,2026,2,regular,UTSA,Texas State,7.77,,,0.918,36.72,source_not_completed,30,30,0,1.0,0.0,6.0,,,,
401862702,2026,2,regular,South Florida,Army,7.6,7.4,-0.2,0.836,33.44,complete,147,139,8,4.0,24.0,28.0,0.5781798958778381,3.0,0.8723710775375366,26.809456378221512
401862703,2026,2,regular,Navy,Florida Atlantic,7.11,,,0.756,30.24,source_not_completed,35,34,1,1.0,14.0,7.0,,,,
401862705,2026,2,regular,UNLV,North Texas,3.76,,,0.864,34.56,source_not_completed,15,15,0,1.0,3.0,0.0,,,,
401862707,2026,2,regular,Tulsa,Sam Houston,5.93,,,0.428,17.12,source_not_completed,74,74,0,2.0,14.0,7.0,,,,
401864500,2026,2,regular,Montana State,Nevada,5.45,4.06,-1.39,0.704,28.16,complete,173,168,5,4.0,7.0,20.0,0.37758272886276245,4.5,0.37251120805740356,6.9564116057008505
401864502,2026,2,regular,North Dakota State,Air Force,7.65,5.97,-1.68,0.89,35.6,complete,175,153,22,4.0,32.0,38.0,0.4732968211174011,1.5,0.469268798828125,7.794480129145086
401864503,2026,2,regular,Illinois State,Northern Illinois,7.35,,,0.864,34.56,source_not_completed,80,74,6,2.0,10.0,21.0,,,,
401864504,2026,2,regular,Cal Poly,San José State,4.66,5.22,0.56,0.138,5.52,complete,183,173,10,4.0,30.0,20.0,0.9516499638557434,21.5,0.32068777084350586,10.900601208209991
401864505,2026,2,regular,Texas Southern,UTEP,1.38,1.52,0.14,0.0620000000000001,2.48,complete,162,151,11,4.0,51.0,10.0,0.9781081676483154,27.5,0.13028573989868164,3.065056622028351
401864506,2026,2,regular,Northern Colorado,Wyoming,4.36,5.57,1.21,0.106,4.24,complete,160,153,7,4.0,21.0,13.0,0.946466863155365,23.5,0.6079080104827881,14.830550134181976
401864571,2026,2,regular,App State,East Carolina,7.1,7.06,-0.04,0.654,26.16,complete,203,188,15,4.0,24.0,27.0,0.6388142108917236,6.5,0.8416365385055542,20.66810891404748
401864575,2026,2,regular,South Alabama,Tulane,6.68,,,0.512,20.48,source_not_completed,72,69,3,2.0,7.0,10.0,,,,
401864578,2026,2,regular,New Mexico State,Hawai'i,6.04,5.36,-0.68,0.604,24.16,complete,188,167,21,4.0,29.0,19.0,0.7198894023895264,7.5,0.35924577713012695,14.404747545719147
401865252,2026,2,regular,Mercyhurst,New Mexico,1.19,1.49,0.3,0.004,0.16,complete,166,162,4,4.0,70.0,7.0,0.9503301382064819,42.5,0.049630582332611084,1.061302661895752
401866412,2026,2,regular,Robert Morris,Akron,1.71,,,0.0680000000000001,2.72,source_not_completed,27,27,0,1.0,7.0,0.0,,,,
401866413,2026,2,regular,Stony Brook,Ball State,4.14,,,0.352,14.08,source_not_completed,104,98,6,3.0,21.0,3.0,,,,
401866414,2026,2,regular,Buffalo,Florida International,5.67,,,0.534,21.36,source_not_completed,116,110,6,3.0,27.0,14.0,,,,
401866415,2026,2,regular,Colgate,Central Michigan,4.93,,,0.202,8.08,source_not_completed,167,148,19,4.0,13.0,10.0,,,,
401866416,2026,2,regular,Wofford,Kent State,4.7,4.71,0.01,0.448,17.92,complete,165,163,2,4.0,36.0,15.0,0.7371281981468201,10.0,0.5383386313915253,16.278660356998444
401866417,2026,2,regular,Holy Cross,Miami (OH),1.06,0.82,-0.24,0.036,1.44,complete,127,123,4,4.0,45.0,7.0,0.9781081676483154,30.5,0.023584723472595215,0.40704452991485596
401866418,2026,2,regular,Jacksonville State,Ohio,8.13,,,0.89,35.6,source_not_completed,103,95,8,3.0,14.0,24.0,,,,
401866419,2026,2,regular,Central Connecticut,Toledo,1.2,,,0.012,0.48,source_not_completed,32,32,0,1.0,7.0,3.0,,,,
401866420,2026,2,regular,Sacred Heart,Massachusetts,2.51,,,0.106,4.24,source_not_completed,33,31,2,1.0,14.0,0.0,,,,
401866421,2026,2,regular,Monmouth,Western Michigan,1.84,,,0.05,2.0,source_not_completed,97,95,2,2.0,21.0,0.0,,,,
401867796,2026,2,regular,Louisiana Tech,LSU,1.91,,,0.016,0.640000000000001,source_not_completed,45,45,0,2.0,10.0,0.0,,,,
401867929,2026,2,regular,Wagner,James Madison,1.31,1.43,0.12,0.002,0.0800000000000001,complete,178,172,6,4.0,87.0,3.0,0.9781081676483154,46.5,0.02185988426208496,0.26847898960113525
401868008,2026,2,regular,Fordham,Coastal Carolina,0.92,,,0.01,0.4,source_not_completed,37,36,1,2.0,7.0,7.0,,,,
401868187,2026,2,regular,Gardner-Webb,Liberty,5.18,6.9,1.72,0.05,2.0,complete,198,174,24,4.0,24.0,23.0,0.9813097715377808,28.5,0.6174613833427429,18.79518949985504
401868241,2026,2,regular,West Georgia,Arkansas State,1.07,,,0.03,1.2,source_not_completed,75,67,8,2.0,21.0,0.0,,,,
401868326,2026,2,regular,Alabama State,Troy,3.62,3.4,-0.22,0.0980000000000001,3.92,complete,179,151,28,4.0,34.0,17.0,0.9513352513313293,23.5,0.1018403172492981,1.9797623753547668
401869955,2026,2,regular,Georgia State,Kennesaw State,5.62,,,0.604,24.16,source_not_completed,73,72,1,2.0,3.0,14.0,,,,
401871045,2026,2,regular,Middle Tennessee,Marshall,6.47,,,0.37,14.8,source_not_completed,74,67,7,2.0,14.0,13.0,,,,
401871046,2026,2,regular,Lindenwood,Missouri State,2.8,,,0.242,9.68,source_not_completed,70,70,0,2.0,27.0,0.0,,,,
401856634,2026,1,regular,East Carolina,Alabama,1.34,1.21,-0.13,0.054,2.16,complete,161,161,0,4.0,48.0,10.0,0.9599751234054565,28.5,0.04781621694564819,1.3823018670082092
401856635,2026,1,regular,North Alabama,Arkansas,2.82,3.13,0.31,0.00600000000000001,0.24,complete,178,160,18,4.0,31.0,14.0,0.9503301382064819,40.5,0.04929274320602417,1.3615394234657288
401856636,2026,1,regular,Baylor,Auburn,6.87,,,0.654,26.16,source_not_completed,22,22,0,1.0,0.0,0.0,,,,
401856637,2026,1,regular,Florida Atlantic,Florida,2.02,,,0.0680000000000001,2.72,source_not_completed,25,25,0,1.0,7.0,0.0,,,,
401856658,2026,1,regular,Tennessee State,Georgia,0.83,,,0.0,0.0,source_not_completed,52,51,1,2.0,35.0,0.0,,,,
401856659,2026,1,regular,Youngstown State,Kentucky,2.45,,,0.13,5.2,source_not_completed,146,143,3,4.0,45.0,13.0,,,,
401856660,2026,1,regular,Clemson,LSU,3.01,1.82,-1.19,0.49,19.6,complete,183,173,10,4.0,51.0,10.0,0.7603206634521484,10.0,0.3093438148498535,3.5605470538139343
401856661,2026,1,regular,Louisville,Ole Miss,7.88,7.65,-0.23,0.654,26.16,complete,199,183,16,4.0,41.0,38.0,0.6388142108917236,6.5,0.548963725566864,23.246091187000275
401856662,2026,1,regular,UL Monroe,Mississippi State,1.66,,,0.05,2.0,source_not_completed,47,46,1,1.0,21.0,0.0,,,,
401856663,2026,1,regular,Arkansas-Pine Bluff,Missouri,0.85,1.16,0.31,0.0,0.0,complete,170,161,9,4.0,54.0,14.0,0.9503301382064819,55.5,0.04964399337768555,0.4471248984336853
401856664,2026,1,regular,UTEP,Oklahoma,0.57,0.67,0.1,0.004,0.16,complete,154,142,12,4.0,51.0,0.0,0.9597121477127075,40.5,0.04025226831436157,0.3109859824180603
401856665,2026,1,regular,Kent State,South Carolina,0.97,1.06,0.09,0.012,0.48,complete,163,148,15,4.0,57.0,0.0,0.9781081676483154,35.5,0.038349449634552,0.7320848703384399
401856666,2026,1,regular,Furman,Tennessee,0.89,,,0.0,0.0,source_not_completed,36,32,4,1.0,7.0,0.0,,,,
401856667,2026,1,regular,Texas State,Texas,1.42,,,0.042,1.68,source_not_completed,29,29,0,1.0,14.0,0.0,,,,
401856668,2026,1,regular,Missouri State,Texas A&M,0.56,,,0.00600000000000001,0.24,source_not_completed,64,63,1,2.0,9.0,0.0,,,,
401856669,2026,1,regular,Austin Peay,Vanderbilt,2.86,,,0.046,1.84,source_not_completed,70,67,3,2.0,15.0,9.0,,,,
401856766,2026,1,regular,North Carolina,TCU,5.9,5.94,0.04,0.604,24.16,complete,162,150,12,4.0,10.0,15.0,0.7170184254646301,7.5,0.8218099474906921,20.09156173467636
401856767,2026,1,regular,Bethune-Cookman,UCF,1.19,1.26,0.07,0.002,0.0800000000000001,complete,170,162,8,4.0,73.0,6.0,0.9781081676483154,43.5,0.021897733211517334,0.176857590675354
401856768,2026,1,regular,Idaho,Utah,1.36,1.4,0.04,0.01,0.4,complete,170,163,7,4.0,66.0,14.0,0.9781081676483154,38.5,0.021850407123565674,0.4924129247665405
401856769,2026,1,regular,Long Island University,Kansas,0.78,0.94,0.16,0.004,0.16,complete,168,158,10,4.0,51.0,6.0,0.9781081676483154,44.5,0.021853923797607422,0.563581109046936
401856770,2026,1,regular,Abilene Christian,Texas Tech,2.06,,,0.002,0.0800000000000001,source_not_completed,65,62,3,2.0,14.0,0.0,,,,
401856771,2026,1,regular,Nicholls,Kansas State,1.08,,,0.004,0.16,source_not_completed,73,72,1,2.0,29.0,3.0,,,,
401856772,2026,1,regular,Oklahoma State,Tulsa,4.64,,,0.37,14.8,source_not_completed,12,11,1,1.0,0.0,0.0,,,,
401856773,2026,1,regular,Northern Arizona,Arizona,1.98,1.9,-0.08,0.03,1.2,complete,155,151,4,4.0,35.0,7.0,0.9503301382064819,33.5,0.049594879150390625,0.7091448307037354
401856774,2026,1,regular,Morgan State,Arizona State,1.19,1.27,0.08,0.002,0.0800000000000001,complete,152,146,6,4.0,70.0,7.0,0.9781081676483154,43.5,0.021853625774383545,0.2054898738861084
401856775,2026,1,regular,Utah Tech,BYU,0.92,,,0.0,0.0,source_not_completed,16,15,1,1.0,7.0,0.0,,,,
401856776,2026,1,regular,Colorado,Georgia Tech,6.61,6.46,-0.15,0.654,26.16,complete,170,160,10,4.0,13.0,14.0,0.6868661642074585,6.5,0.6205525398254395,23.435481667518616
401856777,2026,1,regular,Boston College,Cincinnati,4.96,,,0.63,25.2,source_not_completed,15,14,1,1.0,3.0,0.0,,,,
401856778,2026,1,regular,Oregon State,Houston,4.55,,,0.158,6.32,source_not_completed,179,170,9,4.0,33.0,20.0,,,,
401856779,2026,1,regular,Southeast Missouri State,Iowa State,2.05,,,0.042,1.68,source_not_completed,121,109,12,3.0,28.0,7.0,,,,
401856780,2026,1,regular,Coastal Carolina,West Virginia,5.13,4.64,-0.49,0.148,5.92,complete,188,176,12,4.0,31.0,24.0,0.9118125438690186,21.0,0.08717256784439087,1.8709102869033813
401858201,2026,1,regular,Hawai'i,Stanford,6.69,,,0.73,29.2,source_not_completed,120,111,9,3.0,23.0,7.0,,,,
401858202,2026,1,regular,NC State,Virginia,4.57,2.9,-1.67,0.782,31.28,complete,165,148,17,4.0,34.0,8.0,0.6348350644111633,4.0,0.4164443612098694,5.23868727684021
401858204,2026,1,regular,Akron,Wake Forest,3.03,2.79,-0.24,0.0580000000000001,2.32,complete,187,170,17,4.0,38.0,16.0,0.9597121477127075,27.5,0.04666399955749512,0.9028720855712891
401858206,2026,1,regular,Miami,Stanford,1.37,1.43,0.06,0.092,3.68,complete,182,159,23,4.0,6.0,45.0,0.059751298278570175,24.5,0.21490283824095968,3.1002885845664423
401858207,2026,1,regular,Miami (OH),Pittsburgh,2.62,,,0.27,10.8,source_not_completed,162,154,8,4.0,59.0,14.0,,,,
401858208,2026,1,regular,New Hampshire,Syracuse,1.16,1.18,0.02,0.018,0.720000000000001,complete,182,171,11,4.0,66.0,3.0,0.9597121477127075,35.5,0.04024380445480347,0.6925564408302307
401858209,2026,1,regular,Tulane,Duke,4.76,,,0.582,23.28,missing_pbp,0,0,0,,,,,,,
401858210,2026,1,regular,UCLA,California,6.25,5.68,-0.57,0.864,34.56,complete,196,175,21,4.0,24.0,45.0,0.4151776432991028,2.5,0.6346172373741865,25.099628522526473
401858211,2026,1,regular,VMI,Virginia Tech,1.0,,,0.0,0.0,source_not_completed,40,40,0,2.0,28.0,0.0,,,,
401858212,2026,1,regular,SMU,Florida State,7.7,7.14,-0.56,0.836,33.44,complete,168,168,0,4.0,24.0,27.0,0.44337689876556396,3.0,0.50849449634552,27.10849406570196
401858422,2026,1,regular,Eastern Illinois,Minnesota,0.88,1.05,0.17,0.004,0.16,complete,156,146,10,4.0,59.0,7.0,0.9503301382064819,42.5,0.049619853496551514,0.48997217416763306
401858423,2026,1,regular,Massachusetts,Rutgers,3.7,5.46,1.76,0.046,1.84,complete,165,159,6,4.0,21.0,37.0,0.9503301382064819,29.5,0.9850336214294657,11.794485904509202
401858424,2026,1,regular,UAB,Illinois,3.59,3.73,0.14,0.0680000000000001,2.72,complete,161,148,13,4.0,42.0,23.0,0.9418721795082092,25.5,0.13519209623336792,3.316260516643524
401858425,2026,1,regular,North Texas,Indiana,1.32,1.5,0.18,0.00600000000000001,0.24,complete,161,143,18,4.0,52.0,16.0,0.9677537083625793,39.5,0.03220820426940918,0.7467414736747742
401858426,2026,1,regular,Northern Illinois,Iowa,0.68,0.58,-0.1,0.028,1.12,complete,176,171,5,4.0,40.0,0.0,0.9503301382064819,31.5,0.04962962865829468,0.5533980131149292
401858427,2026,1,regular,Hampton,Maryland,0.89,,,0.002,0.0800000000000001,source_not_completed,17,15,2,1.0,7.0,0.0,,,,
401858428,2026,1,regular,Western Michigan,Michigan,4.35,,,0.0580000000000001,2.32,source_not_completed,36,36,0,1.0,7.0,3.0,,,,
401858429,2026,1,regular,Toledo,Michigan State,5.72,5.36,-0.36,0.49,19.6,complete,177,150,27,4.0,30.0,20.0,0.778033971786499,10.0,0.435047447681427,13.332152783870697
401858430,2026,1,regular,Ohio,Nebraska,3.08,3.55,0.47,0.0980000000000001,3.92,complete,169,166,3,4.0,49.0,21.0,0.9418721795082092,23.5,0.22594350576400757,8.203886985778809
401858431,2026,1,regular,South Dakota State,Northwestern,4.93,,,0.388,15.52,source_not_completed,19,17,2,1.0,7.0,0.0,,,,
401858432,2026,1,regular,Ball State,Ohio State,0.75,1.08,0.33,0.0,0.0,complete,172,163,9,4.0,56.0,3.0,0.9599751234054565,50.5,0.054997384548187256,0.4872254729270935
401858433,2026,1,regular,Boise State,Oregon,5.08,,,0.0840000000000001,3.36,source_not_completed,24,23,1,1.0,0.0,7.0,,,,
401858434,2026,1,regular,Marshall,Penn State,1.28,,,0.112,4.48,source_not_completed,23,23,0,1.0,10.0,0.0,,,,
401858435,2026,1,regular,Indiana State,Purdue,2.55,2.8,0.25,0.014,0.56,complete,162,151,11,4.0,44.0,19.0,0.9597121477127075,35.5,0.04943883419036865,1.6521678566932678
401858436,2026,1,regular,Fresno State,USC,1.2,1.01,-0.19,0.12,4.8,complete,137,132,5,4.0,39.0,0.0,0.946466863155365,21.5,0.1087605357170105,2.9796606302261353
401858437,2026,1,regular,Washington State,Washington,3.65,3.8,0.15,0.112,4.48,complete,163,151,12,4.0,24.0,10.0,0.9418721795082092,23.5,0.15297889709472656,5.728126227855682
401858438,2026,1,regular,Wisconsin,Notre Dame,2.8,2.57,-0.23,0.158,6.32,complete,173,153,20,4.0,41.0,13.0,0.9081499576568604,21.0,0.1307833194732666,4.074107885360718
401860878,2026,1,regular,Wyoming,Colorado State,5.33,,,0.836,33.44,source_not_completed,102,94,8,3.0,14.0,13.0,,,,
401860879,2026,1,regular,Portland State,San Diego State,1.8,2.21,0.41,0.00600000000000001,0.24,complete,185,180,5,4.0,53.0,20.0,0.9597121477127075,38.5,0.0937037467956543,1.7232394814491272
401860880,2026,1,regular,Idaho State,Utah State,5.02,,,0.318,12.72,source_not_completed,70,69,1,2.0,7.0,16.0,,,,
401861962,2026,1,regular,Lafayette,UConn,2.08,1.29,-0.79,0.178,7.12,complete,185,180,5,4.0,56.0,7.0,0.946466863155365,21.5,0.07847696542739868,0.8308872580528259
401862693,2026,1,regular,Memphis,UNLV,6.96,6.92,-0.04,0.73,29.2,complete,184,173,11,4.0,21.0,27.0,0.6268573999404907,4.5,0.8821843918412924,24.17439728602767
401862694,2026,1,regular,The Citadel,Charlotte,6.68,,,0.158,6.32,missing_pbp,0,0,0,,,,,,,
401862695,2026,1,regular,Arkansas State,Memphis,5.49,,,0.468,18.72,source_not_completed,68,66,2,2.0,14.0,17.0,,,,
401862696,2026,1,regular,Towson,Navy,2.43,,,0.036,1.44,source_not_completed,28,28,0,1.0,7.0,0.0,,,,
401862697,2026,1,regular,Houston Christian,Rice,2.21,,,0.112,4.48,source_not_completed,60,57,3,2.0,14.0,3.0,,,,
401862698,2026,1,regular,Rhode Island,Temple,3.84,,,0.318,12.72,source_not_completed,91,87,4,3.0,24.0,14.0,,,,
401862699,2026,1,regular,Florida International,South Florida,4.61,,,0.318,12.72,source_not_completed,80,72,8,2.0,6.0,0.0,,,,
401862700,2026,1,regular,UT Rio Grande Valley,UTSA,2.44,,,0.05,2.0,source_not_completed,29,29,0,1.0,7.0,0.0,,,,
401862701,2026,1,regular,Bryant,Army,1.01,0.95,-0.06,0.01,0.4,complete,159,151,8,4.0,59.0,3.0,0.9781081676483154,37.5,0.0218505859375,0.21631067991256714
401864424,2026,1,regular,Merrimack,Delaware,1.69,1.74,0.05,0.03,1.2,complete,169,166,3,4.0,42.0,7.0,0.9810996055603027,31.5,0.046295762062072754,1.3693691492080688
401864425,2026,1,regular,West Georgia,Kennesaw State,1.42,0.97,-0.45,0.12,4.8,complete,175,168,7,4.0,47.0,0.0,0.952545702457428,22.5,0.0711858868598938,1.439014494419098
401864432,2026,1,regular,Western Kentucky,Nevada,4.63,3.07,-1.56,0.946,37.84,complete,172,166,6,4.0,49.0,14.0,0.49929526448249817,1.5,0.536830484867096,10.408906310796738
401864494,2026,1,regular,San José State,USC,3.59,3.67,0.08,0.01,0.4,complete,160,152,8,4.0,42.0,26.0,0.9503301382064819,37.5,0.04958909749984741,0.5568677186965942
401864495,2026,1,regular,San José State,Eastern Michigan,7.39,7.04,-0.35,0.918,36.72,complete,208,186,22,4.0,21.0,27.0,0.5089547634124756,1.5,0.8108835220336914,29.76211240887642
401864496,2026,1,regular,Duquesne,Air Force,1.13,0.92,-0.21,0.05,2.0,complete,155,150,5,4.0,34.0,0.0,0.9503301382064819,31.5,0.04960668087005615,0.7798637747764587
401864497,2026,1,regular,UNLV,Hawai'i,5.55,4.45,-1.1,0.836,33.44,complete,178,165,13,4.0,6.0,21.0,0.45905500650405884,2.5,0.48220378160476685,15.237167365849018
401864498,2026,1,regular,Central Michigan,New Mexico,3.2,1.98,-1.22,0.448,17.92,complete,154,148,6,4.0,38.0,7.0,0.773624837398529,11.5,0.2458282709121704,2.7484596967697144
401864499,2026,1,regular,Fordham,North Dakota State,0.4,,,0.004,0.16,source_not_completed,33,31,2,1.0,3.0,0.0,,,,
401864570,2026,1,regular,New Mexico State,Florida State,3.31,,,0.032,1.28,source_not_completed,113,112,1,3.0,24.0,10.0,,,,
401864577,2026,1,regular,Jacksonville State,North Dakota State,4.1,3.06,-1.04,0.63,25.2,complete,177,158,19,4.0,33.0,7.0,0.6388142108917236,6.5,0.3805747628211975,9.12519383430481
401866408,2026,1,regular,Sacramento State,Eastern Michigan,5.6,,,0.534,21.36,source_not_completed,155,139,16,4.0,28.0,10.0,,,,
401866409,2026,1,regular,UAlbany,Buffalo,5.47,6.49,1.02,0.202,8.08,complete,202,191,11,4.0,21.0,17.0,0.9118125438690186,18.5,0.5499902963638306,20.664017260074615
401866410,2026,1,regular,Tarleton State,Bowling Green,6.69,5.56,-1.13,0.89,35.6,complete,154,149,5,4.0,13.0,20.0,0.5317126512527466,1.5,0.5834060907363892,15.11986419185996
401866411,2026,1,regular,Mississippi Valley State,Sacramento State,0.73,0.78,0.05,0.01,0.4,complete,169,159,10,4.0,52.0,0.0,0.9503301382064819,38.5,0.04963493347167969,0.4388924241065979
401866623,2026,1,regular,North Carolina A&T,Georgia State,1.53,1.37,-0.16,0.054,2.16,complete,163,156,7,4.0,59.0,10.0,0.980941891670227,28.5,0.06210458278656006,1.1237744092941284
401866627,2026,1,regular,Maine,App State,1.84,,,0.148,5.92,source_not_completed,28,26,2,1.0,7.0,0.0,,,,
401867866,2026,1,regular,Murray State,Middle Tennessee,3.01,,,0.12,4.8,source_not_completed,28,27,1,1.0,7.0,0.0,,,,
401867973,2026,1,regular,Norfolk State,Old Dominion,2.25,,,0.004,0.16,source_not_completed,109,99,10,3.0,24.0,10.0,,,,
401868140,2026,1,regular,Eastern Kentucky,Jacksonville State,1.72,,,0.13,5.2,source_not_completed,52,52,0,2.0,28.0,0.0,,,,
401868170,2026,1,regular,Charleston Southern,Georgia Southern,1.31,,,0.054,2.16,source_not_completed,69,65,4,2.0,21.0,0.0,,,,
401868316,2026,1,regular,SE Louisiana,South Alabama,3.72,,,0.334,13.36,source_not_completed,74,72,2,2.0,19.0,7.0,,,,
401868356,2026,1,regular,Alcorn State,Southern Miss,1.81,1.38,-0.43,0.178,7.12,complete,187,171,16,4.0,49.0,3.0,0.9087263345718384,20.5,0.12555551528930664,2.9381879568099976
401869129,2026,1,regular,Northwestern State,Louisiana Tech,1.17,,,0.002,0.0800000000000001,source_not_completed,45,45,0,2.0,27.0,3.0,,,,
401869142,2026,1,regular,Lamar,Louisiana,2.47,,,0.168,6.72,source_not_completed,18,18,0,1.0,7.0,0.0,,,,
401869960,2026,1,regular,Liberty,James Madison,6.06,4.89,-1.17,0.68,27.2,complete,155,149,6,4.0,20.0,13.0,0.6886268854141235,6.0,0.3805263638496399,9.064134061336517
401870763,2026,1,regular,Sam Houston,Troy,5.72,,,0.256,10.24,source_not_completed,79,73,6,2.0,14.0,14.0,,,,
401870790,2026,1,regular,Mercyhurst,New Mexico State,1.6,1.79,0.19,0.05,2.0,complete,165,157,8,4.0,51.0,14.0,0.9781081676483154,29.5,0.10107415914535522,3.08126437664032
401762521,2025,16,regular,Army,Navy,7.11,6.71,-0.4,0.68,27.2,complete,136,131,5,4.0,17.0,16.0,0.6354364156723022,6.0,0.68991419672966,17.518844723701477
401777324,2025,15,regular,North Texas,Tulane,6.76,5.64,-1.12,0.946,37.84,complete,179,166,13,4.0,34.0,21.0,0.4732968211174011,1.5,0.7790060639381409,13.957226902246475
401777325,2025,15,regular,Kennesaw State,Jacksonville State,6.88,6.48,-0.4,0.836,33.44,complete,165,155,10,4.0,15.0,19.0,0.42533189058303833,3.0,0.7582447528839111,24.531580038368702
401777326,2025,15,regular,UNLV,Boise State,5.79,4.61,-1.18,0.68,27.2,complete,189,171,18,4.0,38.0,21.0,0.6834249496459961,6.0,0.38091009855270386,8.973468780517578
401777327,2025,15,regular,BYU,Texas Tech,3.48,3.15,-0.33,0.388,15.52,complete,173,165,8,4.0,34.0,7.0,0.8094778656959534,12.5,0.38849717378616333,9.629221796989441
401777328,2025,15,regular,Duke,Virginia,7.26,6.63,-0.63,0.81,32.4,complete,181,170,11,5.0,20.0,27.0,0.61585533618927,3.5,0.6236824989318848,21.071343446150422
401777329,2025,15,regular,Miami (OH),Western Michigan,6.42,4.88,-1.54,0.89,35.6,complete,193,168,25,4.0,23.0,13.0,0.5466889142990112,2.5,0.44945454597473145,10.119500875473022
401777351,2025,15,regular,Georgia,Alabama,5.23,3.44,-1.79,0.918,36.72,complete,155,149,6,4.0,7.0,28.0,0.4732968211174011,1.5,0.5031699538230896,6.632395885884762
401777352,2025,15,regular,Troy,James Madison,3.5,4.13,0.63,0.0920000000000001,3.68,complete,174,169,5,4.0,31.0,14.0,0.9418721795082092,24.5,0.22352910041809082,10.04150801897049
401777353,2025,15,regular,Indiana,Ohio State,6.75,6.28,-0.47,0.81,32.4,complete,154,135,19,4.0,10.0,13.0,0.61585533618927,3.5,0.7951862085610628,20.636211026459932
401752783,2025,14,regular,Missouri,Arkansas,6.0,5.47,-0.53,0.756,30.24,complete,175,155,20,4.0,17.0,31.0,0.37337779998779297,4.5,0.6146944761276245,20.483755566179752
401752784,2025,14,regular,Alabama,Auburn,6.36,5.78,-0.58,0.63,25.2,complete,196,183,13,4.0,20.0,27.0,0.3438689708709717,7.0,0.42653364408761263,16.705570460297167
401752785,2025,14,regular,Florida State,Florida,6.29,4.85,-1.44,0.946,37.84,complete,171,158,13,4.0,40.0,21.0,0.4732968211174011,1.5,0.5522556304931641,12.195062935352325
401752786,2025,14,regular,Georgia,Georgia Tech,4.67,4.54,-0.13,0.256,10.24,complete,161,149,12,4.0,9.0,16.0,0.07699429988861084,16.5,0.2387855197302997,8.408314293716103
401752787,2025,14,regular,Kentucky,Louisville,3.61,1.96,-1.65,0.946,37.84,complete,160,153,7,4.0,41.0,0.0,0.4732968211174011,1.5,0.6023926138877869,8.066112875938416
401752788,2025,14,regular,Ole Miss,Mississippi State,5.45,4.48,-0.97,0.63,25.2,complete,188,180,8,4.0,19.0,38.0,0.3235088586807251,7.5,0.3227324391482398,11.220632807933725
401752789,2025,14,regular,LSU,Oklahoma,5.87,6.26,0.39,0.428,17.12,complete,170,157,13,4.0,17.0,13.0,0.7924636602401733,11.5,0.6250869035720825,21.440758883953094
401752790,2025,14,regular,Clemson,South Carolina,6.22,5.56,-0.66,0.864,34.56,complete,197,172,25,4.0,14.0,28.0,0.5930638909339905,2.5,0.6293931007385254,23.18355911085382
401752791,2025,14,regular,Vanderbilt,Tennessee,6.14,5.49,-0.65,0.89,35.6,complete,191,168,23,4.0,24.0,45.0,0.5466889142990112,2.5,0.7987188100814819,20.52057829964906
401752792,2025,14,regular,Texas A&M,Texas,6.69,6.14,-0.55,0.864,34.56,complete,178,168,10,4.0,27.0,17.0,0.4151776432991028,2.5,0.7989612817764282,21.81786599755287
401752916,2025,14,regular,Iowa,Nebraska,4.83,4.01,-0.82,0.68,27.2,complete,155,151,4,4.0,16.0,40.0,0.3240450322628021,5.5,0.516149640083313,12.761389649705961
401752917,2025,14,regular,Oregon,Washington,5.69,4.86,-0.83,0.63,25.2,complete,173,164,9,4.0,14.0,26.0,0.2934347689151764,6.5,0.38713693618774414,12.566095462068915
401752918,2025,14,regular,Wisconsin,Minnesota,5.93,4.84,-1.09,0.864,34.56,complete,155,132,23,4.0,17.0,7.0,0.4115045666694641,2.5,0.6074607968330383,14.218590140342712
401752919,2025,14,regular,UCLA,USC,3.64,3.99,0.35,0.148,5.92,complete,149,141,8,4.0,29.0,10.0,0.946466863155365,21.5,0.3701557517051697,7.533918559551239
401752920,2025,14,regular,Penn State,Rutgers,6.55,7.28,0.73,0.334,13.36,complete,160,149,11,4.0,36.0,40.0,0.17160388827323914,14.0,0.681648850440979,21.427688717842102
401752921,2025,14,regular,Ohio State,Michigan,4.64,4.0,-0.64,0.512,20.48,complete,151,139,12,4.0,9.0,27.0,0.2204422801733017,9.5,0.40751054883003235,10.109501738566905
401752922,2025,14,regular,Northwestern,Illinois,6.05,5.56,-0.49,0.63,25.2,complete,150,144,6,4.0,20.0,13.0,0.6581570506095886,7.0,0.4579961895942688,17.944437265396118
401752923,2025,14,regular,Maryland,Michigan State,6.99,6.41,-0.58,0.782,31.28,complete,202,180,22,4.0,38.0,28.0,0.5985375642776489,4.0,0.5098187923431396,23.3377622961998
401752924,2025,14,regular,Indiana,Purdue,1.32,1.27,-0.05,0.05,2.0,complete,166,157,9,4.0,3.0,56.0,0.026189781725406647,28.5,0.058601446380635025,1.588691004741122
401752946,2025,14,regular,Oregon State,Washington State,3.61,2.76,-0.85,0.334,13.36,complete,172,163,9,4.0,32.0,8.0,0.8374118804931641,14.0,0.16942167282104492,3.65790992975235
401754608,2025,14,regular,Boston College,Syracuse,5.43,4.16,-1.27,0.836,33.44,complete,158,148,10,4.0,12.0,34.0,0.44337689876556396,3.0,0.5866033434867859,10.223055086564273
401754609,2025,14,regular,SMU,California,6.76,8.04,1.28,0.352,14.08,complete,198,176,22,4.0,38.0,35.0,0.16810058057308197,13.5,0.9036039113998413,31.197550907731056
401754610,2025,14,regular,Wake Forest,Duke,6.64,5.41,-1.23,0.864,34.56,complete,190,179,11,4.0,49.0,32.0,0.5466889142990112,2.5,0.45214664936065674,14.526998221874237
401754611,2025,14,regular,Miami,Pittsburgh,3.89,2.87,-1.02,0.654,26.16,complete,161,154,7,4.0,7.0,38.0,0.2934347689151764,6.5,0.43638633271621075,9.458152459512348
401754612,2025,14,regular,North Carolina,NC State,4.98,3.64,-1.34,0.63,25.2,complete,168,161,7,4.0,42.0,19.0,0.6553196310997009,7.0,0.3445513844490051,5.461966395378113
401754613,2025,14,regular,Virginia Tech,Virginia,4.52,3.26,-1.26,0.582,23.28,complete,175,159,16,4.0,27.0,7.0,0.7498115301132202,8.5,0.3274354934692383,5.270551145076752
401754614,2025,14,regular,Notre Dame,Stanford,2.39,2.31,-0.08,0.026,1.04,complete,186,169,17,4.0,20.0,49.0,0.04927593469619751,32.5,0.04917841189308092,0.5649591319524916
401756961,2025,14,regular,Arizona,Arizona State,5.68,4.95,-0.73,0.89,35.6,complete,179,167,12,4.0,7.0,23.0,0.44115525484085083,2.0,0.8160346150398254,18.551982132252306
401756962,2025,14,regular,Houston,Baylor,7.17,6.71,-0.46,0.864,34.56,complete,190,179,11,4.0,24.0,31.0,0.5466889142990112,2.5,0.6641075611114502,27.396924287080765
401756963,2025,14,regular,UCF,BYU,4.26,4.36,0.1,0.228,9.12,complete,168,151,17,4.0,41.0,21.0,0.905793309211731,17.5,0.3595151901245117,8.624675869941711
401756964,2025,14,regular,Utah,Kansas,6.11,6.46,0.35,0.49,19.6,complete,167,161,6,4.0,21.0,31.0,0.21749328076839447,10.0,0.6965733766555786,22.818764060735703
401756965,2025,14,regular,Colorado,Kansas State,4.94,4.98,0.04,0.256,10.24,complete,157,150,7,4.0,24.0,14.0,0.9179843664169312,16.5,0.30824071168899536,9.998229682445526
401756966,2025,14,regular,Iowa State,Oklahoma State,5.12,4.74,-0.38,0.334,13.36,complete,164,154,10,4.0,13.0,20.0,0.1679069995880127,14.0,0.24643680453300476,8.430022574495524
401756967,2025,14,regular,Cincinnati,TCU,5.86,4.35,-1.51,0.836,33.44,complete,162,154,8,4.0,45.0,23.0,0.5781798958778381,3.0,0.4213995933532715,9.081547796726227
401756968,2025,14,regular,Texas Tech,West Virginia,1.44,1.04,-0.4,0.098,3.92,complete,181,175,6,4.0,0.0,49.0,0.06342534720897675,24.5,0.07081487465256942,1.0676814127873513
401757310,2025,14,regular,UTEP,Delaware,5.25,4.21,-1.04,0.756,30.24,complete,200,188,12,4.0,61.0,31.0,0.6353842616081238,4.5,0.4348505735397339,13.575832545757294
401757311,2025,14,regular,Florida International,Sam Houston,3.24,2.29,-0.95,0.468,18.72,complete,173,169,4,4.0,16.0,56.0,0.2384076714515686,10.5,0.310930568841286,5.400224371536751
401757312,2025,14,regular,Western Kentucky,Jacksonville State,8.24,7.88,-0.36,0.918,36.72,complete,169,162,7,4.0,37.0,34.0,0.49929526448249817,1.5,0.8615476712584496,28.005735114216805
401757313,2025,14,regular,Kennesaw State,Liberty,8.08,8.22,0.14,0.864,34.56,complete,191,178,13,6.0,42.0,48.0,0.4115045666694641,2.5,0.8995194509625435,37.67921294271946
401757314,2025,14,regular,Louisiana Tech,Missouri State,7.05,6.21,-0.84,0.864,34.56,complete,158,146,12,4.0,30.0,42.0,0.5466889142990112,2.5,0.6754195094108582,17.803014915436506
401757315,2025,14,regular,Middle Tennessee,New Mexico State,7.54,7.57,0.03,0.81,32.4,complete,201,188,13,5.0,24.0,31.0,0.6195582151412964,3.5,0.7852779440581799,34.233409982174635
401760421,2025,14,regular,Air Force,Colorado State,5.86,4.25,-1.61,0.864,34.56,complete,142,133,9,4.0,21.0,42.0,0.45905500650405884,2.5,0.4626709131989628,8.0537434683647
401760422,2025,14,regular,Boise State,Utah State,7.88,7.53,-0.35,0.89,35.6,complete,209,200,9,4.0,24.0,25.0,0.49929526448249817,1.5,0.8535687550902367,26.792789600789547
401760423,2025,14,regular,Fresno State,San José State,4.88,3.59,-1.29,0.81,32.4,complete,182,162,20,4.0,14.0,41.0,0.3819252550601959,3.5,0.4293032501009293,11.489532375097042
401760424,2025,14,regular,Wyoming,Hawai'i,4.52,3.77,-0.75,0.558,22.32,complete,167,156,11,4.0,27.0,7.0,0.7388871908187866,8.5,0.4926869869232178,8.97024154663086
401760425,2025,14,regular,UNLV,Nevada,4.77,3.41,-1.36,0.604,24.16,complete,162,156,6,4.0,17.0,42.0,0.3235088586807251,7.5,0.32324284315109253,4.791373336454853
401760426,2025,14,regular,San Diego State,New Mexico,7.69,7.46,-0.23,0.946,37.84,complete,171,161,10,6.0,23.0,17.0,0.49929526448249817,1.5,0.8964192271232605,32.609460562467575
401761661,2025,14,regular,Arkansas State,App State,8.09,7.81,-0.28,0.946,37.84,complete,216,196,20,4.0,29.0,30.0,0.49929526448249817,1.5,0.803941547870636,33.82570120692253
401761662,2025,14,regular,James Madison,Coastal Carolina,1.72,1.45,-0.27,0.098,3.92,complete,174,164,10,4.0,10.0,59.0,0.06342534720897675,24.0,0.07710399147617863,1.8701304466521833
401761663,2025,14,regular,Georgia Southern,Marshall,6.19,6.39,0.2,0.49,19.6,complete,180,160,20,4.0,19.0,24.0,0.7692345976829529,10.5,0.8232248425483704,16.732763059437275
401761664,2025,14,regular,Georgia State,Old Dominion,3.05,3.73,0.68,0.046,1.84,complete,185,182,3,4.0,27.0,10.0,0.9503301382064819,28.5,0.2556762099266052,6.5527002811431885
401761665,2025,14,regular,UL Monroe,Louisiana,7.04,8.26,1.22,0.448,17.92,complete,188,177,11,5.0,30.0,27.0,0.7692345976829529,11.0,0.9095693714916706,37.784680750221014
401761666,2025,14,regular,Troy,Southern Miss,6.1,6.07,-0.03,0.63,25.2,complete,196,174,22,4.0,18.0,28.0,0.6553196310997009,7.0,0.7761716125532985,21.063244267366827
401761667,2025,14,regular,South Alabama,Texas State,4.98,4.17,-0.81,0.49,19.6,complete,186,168,18,4.0,49.0,26.0,0.7408610582351685,9.5,0.26769787073135376,8.668252527713776
401762441,2025,14,regular,Army,UTSA,6.78,7.25,0.47,0.558,22.32,complete,157,148,9,4.0,24.0,27.0,0.7455357909202576,8.5,0.8989558219909668,25.600705832242966
401762442,2025,14,regular,Temple,North Texas,3.53,3.04,-0.49,0.168,6.72,complete,170,162,8,4.0,52.0,25.0,0.9081499576568604,20.5,0.11657047271728516,2.1580610871315002
401762516,2025,14,regular,Navy,Memphis,6.42,5.77,-0.65,0.81,32.4,complete,171,164,7,4.0,17.0,28.0,0.5909920930862427,3.5,0.7632003426551819,17.34629401937127
401762517,2025,14,regular,UAB,Tulsa,6.64,7.06,0.42,0.534,21.36,complete,171,162,9,4.0,24.0,31.0,0.734682023525238,9.5,0.8907253742218018,22.887703850865364
401762518,2025,14,regular,Charlotte,Tulane,1.63,1.56,-0.07,0.032,1.28,complete,160,151,9,4.0,27.0,0.0,0.9503301382064819,31.0,0.049578189849853516,0.8678150177001953
401762519,2025,14,regular,East Carolina,Florida Atlantic,3.1,1.55,-1.55,0.63,25.2,complete,196,178,18,4.0,3.0,42.0,0.3511054515838623,7.0,0.3510103661028552,3.2785529933171347
401762520,2025,14,regular,Rice,South Florida,1.23,1.01,-0.22,0.054,2.16,complete,168,162,6,4.0,52.0,3.0,0.9781081676483154,28.5,0.04289126396179199,0.9071882367134094
401762868,2025,14,regular,Bowling Green,Massachusetts,3.27,2.25,-1.02,0.334,13.36,complete,145,140,5,4.0,14.0,45.0,0.16572123765945435,14.0,0.16553049978392664,2.2444560395815643
401762869,2025,14,regular,Western Michigan,Eastern Michigan,6.0,5.46,-0.54,0.49,19.6,complete,178,155,23,4.0,21.0,31.0,0.21749328076839447,10.0,0.5144526362419128,8.958693048218265
401762870,2025,14,regular,Ohio,Buffalo,6.93,5.99,-0.94,0.63,25.2,complete,173,165,8,4.0,26.0,31.0,0.3466968536376953,7.0,0.3651044964790344,10.995515696704388
401762871,2025,14,regular,Kent State,Northern Illinois,7.45,7.28,-0.17,0.73,29.2,complete,170,151,19,4.0,31.0,35.0,0.6734030246734619,5.0,0.8183646202087402,22.621618270874023
401762872,2025,14,regular,Toledo,Central Michigan,4.24,4.32,0.08,0.428,17.12,complete,165,153,12,4.0,3.0,21.0,0.23147296905517578,11.5,0.5569615811109543,16.139437098056078
401762875,2025,14,regular,Ball State,Miami (OH),4.23,3.7,-0.53,0.242,9.68,complete,168,161,7,4.0,45.0,24.0,0.9154253005981445,16.5,0.1632346510887146,3.8530752658843994
401752773,2025,13,regular,Eastern Illinois,Alabama,0.57,0.78,0.21,0.0,0.0,complete,164,145,19,4.0,56.0,0.0,0.9781081676483154,50.5,0.02185720205307007,0.23202461004257202
401752774,2025,13,regular,Mercer,Auburn,1.88,2.14,0.26,0.0720000000000001,2.88,complete,167,163,4,4.0,62.0,17.0,0.946466863155365,26.5,0.1842450499534607,4.232287645339966
401752775,2025,13,regular,Tennessee,Florida,5.39,3.37,-2.02,0.836,33.44,complete,152,144,8,4.0,11.0,31.0,0.4143676161766052,3.5,0.41395890712738037,3.017099385848269
401752776,2025,13,regular,Charlotte,Georgia,1.09,1.23,0.14,0.004,0.16,complete,149,142,7,4.0,35.0,3.0,0.9503301382064819,42.5,0.04961085319519043,0.41903525590896606
401752777,2025,13,regular,Western Kentucky,LSU,4.39,4.89,0.5,0.0920000000000001,3.68,complete,192,181,11,4.0,13.0,10.0,0.9418721795082092,24.5,0.21615320444107056,8.118714094161987
401752778,2025,13,regular,Missouri,Oklahoma,5.71,4.8,-0.91,0.756,30.24,complete,179,168,11,4.0,17.0,6.0,0.6353842616081238,4.5,0.5849543213844299,13.244869470596313
401752779,2025,13,regular,Coastal Carolina,South Carolina,1.55,1.0,-0.55,0.0980000000000001,3.92,complete,188,165,23,4.0,51.0,7.0,0.946466863155365,24.0,0.0534820556640625,0.49155837297439575
401752780,2025,13,regular,Arkansas,Texas,6.23,5.43,-0.8,0.558,22.32,complete,184,176,8,4.0,52.0,37.0,0.7455357909202576,8.5,0.330507755279541,10.682731091976166
401752781,2025,13,regular,Samford,Texas A&M,0.32,0.56,0.24,0.0,0.0,complete,166,161,5,4.0,48.0,0.0,0.9597121477127075,54.5,0.04026055335998535,0.24295717477798462
401752782,2025,13,regular,Kentucky,Vanderbilt,4.66,3.36,-1.3,0.63,25.2,complete,174,159,15,4.0,45.0,17.0,0.7080364227294922,7.0,0.3433343172073364,6.027075171470642
401752908,2025,13,regular,Nebraska,Penn State,4.29,2.94,-1.35,0.63,25.2,complete,160,141,19,4.0,37.0,10.0,0.7126994132995605,7.0,0.4023486375808716,4.761285781860352
401752909,2025,13,regular,Minnesota,Northwestern,8.04,7.87,-0.17,0.782,31.28,complete,165,155,10,4.0,38.0,35.0,0.5962601900100708,4.0,0.8001580089330673,26.072622448205948
401752910,2025,13,regular,Washington,UCLA,3.26,2.49,-0.77,0.448,17.92,complete,161,157,4,4.0,14.0,48.0,0.24468624591827393,10.5,0.319744575288496,6.81413102633087
401752911,2025,13,regular,USC,Oregon,5.6,5.09,-0.51,0.448,17.92,complete,181,170,11,4.0,42.0,27.0,0.7924636602401733,11.0,0.3733370900154114,9.838519394397736
401752912,2025,13,regular,Rutgers,Ohio State,1.64,1.66,0.02,0.046,1.84,complete,147,142,5,4.0,42.0,9.0,0.9781081676483154,28.5,0.06394976377487183,1.842784821987152
401752913,2025,13,regular,Michigan State,Iowa,5.55,6.81,1.26,0.228,9.12,complete,172,159,13,4.0,20.0,17.0,0.9118125438690186,17.5,0.8959318995475769,20.352326422929764
401752914,2025,13,regular,Michigan,Maryland,4.08,3.52,-0.56,0.334,13.36,complete,173,165,8,4.0,20.0,45.0,0.17160388827323914,14.0,0.3271373510360718,5.11433617019793
401752915,2025,13,regular,Illinois,Wisconsin,4.75,4.75,0.0,0.512,20.48,complete,160,151,9,4.0,27.0,10.0,0.29684287309646606,8.5,0.7927108407020569,14.479244470596313
401752954,2025,13,regular,Washington State,James Madison,5.82,6.41,0.59,0.3,12.0,complete,159,148,11,4.0,24.0,20.0,0.8773329257965088,15.5,0.5727121233940125,18.16518497467041
401754598,2025,13,regular,Florida State,NC State,5.77,5.48,-0.29,0.654,26.16,complete,174,163,11,4.0,21.0,11.0,0.2934347689151764,6.5,0.71183180809021,17.83999276161194
401754599,2025,13,regular,California,Stanford,5.06,4.5,-0.56,0.756,30.24,complete,190,169,21,4.0,31.0,10.0,0.37536001205444336,4.5,0.7748972177505493,16.29469621181488
401754600,2025,13,regular,Duke,North Carolina,6.56,6.42,-0.14,0.63,25.2,complete,175,158,17,4.0,25.0,32.0,0.2910180985927582,7.0,0.5948088765144348,22.589001536369324
401754601,2025,13,regular,Pittsburgh,Georgia Tech,6.81,5.47,-1.34,0.864,34.56,complete,181,171,10,4.0,28.0,42.0,0.5456236600875854,2.5,0.6134046912193298,9.749250657856464
401754602,2025,13,regular,Louisville,SMU,4.05,2.49,-1.56,0.782,31.28,complete,161,154,7,4.0,38.0,6.0,0.5903517007827759,3.5,0.4154096841812134,6.555779993534088
401754603,2025,13,regular,Miami,Virginia Tech,4.17,3.69,-0.48,0.202,8.08,complete,173,155,18,4.0,17.0,34.0,0.09077686071395874,17.5,0.13235163688659668,3.2171723847277462
401754604,2025,13,regular,Syracuse,Notre Dame,1.26,1.18,-0.08,0.01,0.4,complete,164,148,16,4.0,70.0,7.0,0.980941891670227,36.5,0.02513742446899414,0.1647101640701294
401754605,2025,13,regular,Furman,Clemson,1.17,1.31,0.14,0.004,0.16,complete,171,165,6,4.0,45.0,10.0,0.9503301382064819,41.5,0.04959893226623535,0.4172332286834717
401754606,2025,13,regular,Delaware,Wake Forest,2.39,1.63,-0.76,0.228,9.12,complete,178,160,18,4.0,52.0,14.0,0.905793309211731,17.5,0.11096936464309692,1.9082754254341125
401756954,2025,13,regular,Baylor,Arizona,5.04,4.56,-0.48,0.654,26.16,complete,179,165,14,4.0,41.0,17.0,0.7056151032447815,6.5,0.5699244141578674,16.935475945472717
401756955,2025,13,regular,BYU,Cincinnati,6.29,5.27,-1.02,0.864,34.56,complete,172,159,13,4.0,14.0,26.0,0.45905500650405884,2.5,0.5192584549076855,17.293370514176786
401756956,2025,13,regular,Arizona State,Colorado,4.93,4.63,-0.3,0.63,25.2,complete,188,177,11,4.0,17.0,42.0,0.3511054515838623,7.0,0.5031009996891953,21.165019419859163
401756957,2025,13,regular,TCU,Houston,7.4,6.65,-0.75,0.918,36.72,complete,176,166,10,4.0,14.0,17.0,0.4732968211174011,1.5,0.554713249206543,25.72414270043373
401756958,2025,13,regular,Kansas,Iowa State,5.18,3.55,-1.63,0.81,32.4,complete,163,145,18,4.0,38.0,14.0,0.5903517007827759,3.5,0.4093748927116394,6.5703244805336
401756959,2025,13,regular,Oklahoma State,UCF,5.74,6.56,0.82,0.352,14.08,complete,157,149,8,4.0,17.0,14.0,0.8296996355056763,13.5,0.6983631551265717,24.643004179000854
401756960,2025,13,regular,Kansas State,Utah,6.65,8.49,1.84,0.228,9.12,complete,199,186,13,4.0,51.0,47.0,0.905793309211731,17.5,0.9414498805999756,34.71406723558903
401757175,2025,13,regular,UConn,Florida Atlantic,7.88,8.32,0.44,0.68,27.2,complete,211,203,8,4.0,45.0,48.0,0.37100332975387573,6.0,0.8872526180930436,33.58853908907622
401757305,2025,13,regular,Jacksonville State,Florida International,7.28,7.0,-0.28,0.864,34.56,complete,186,180,6,4.0,27.0,21.0,0.5930638909339905,2.5,0.8088172078132629,28.22800475358963
401757306,2025,13,regular,Missouri State,Kennesaw State,7.39,7.73,0.34,0.654,26.16,complete,185,176,9,4.0,41.0,34.0,0.7056151032447815,6.5,0.8529191017150879,29.867853701114655
401757307,2025,13,regular,Liberty,Louisiana Tech,8.23,7.89,-0.34,0.946,37.84,complete,177,169,8,5.0,34.0,28.0,0.49929526448249817,1.5,0.9092221148312092,28.966303907334805
401757308,2025,13,regular,Sam Houston,Middle Tennessee,5.92,5.46,-0.46,0.63,25.2,complete,167,158,9,4.0,31.0,17.0,0.7056151032447815,6.5,0.6506781578063965,14.363955557346344
401757309,2025,13,regular,New Mexico State,UTEP,7.85,7.95,0.1,0.782,31.28,complete,193,177,16,4.0,31.0,34.0,0.6348350644111633,4.0,0.9417626485228539,29.72307976335287
401760415,2025,13,regular,New Mexico,Air Force,4.99,3.25,-1.74,0.81,32.4,complete,145,128,17,4.0,3.0,20.0,0.4143676161766052,3.5,0.4132589101791382,5.297541489824653
401760416,2025,13,regular,Colorado State,Boise State,3.6,3.14,-0.46,0.242,9.68,complete,196,184,12,4.0,49.0,21.0,0.9154253005981445,17.5,0.18798816204071045,4.300025522708893
401760417,2025,13,regular,Utah State,Fresno State,6.72,6.33,-0.39,0.89,35.6,complete,195,176,19,4.0,17.0,28.0,0.5089547634124756,1.5,0.8696391582489014,25.54724496603012
401760418,2025,13,regular,Hawai'i,UNLV,4.77,3.31,-1.46,0.864,34.56,complete,152,150,2,4.0,38.0,10.0,0.5466889142990112,2.5,0.5804871916770935,8.44487589597702
401760419,2025,13,regular,Nevada,Wyoming,5.66,5.33,-0.33,0.654,26.16,complete,162,152,10,4.0,7.0,13.0,0.7056151032447815,6.5,0.6692705154418945,18.015047669410706
401760420,2025,13,regular,San José State,San Diego State,3.87,2.78,-1.09,0.49,19.6,complete,164,158,6,4.0,25.0,3.0,0.778033971786499,10.0,0.23593437671661377,5.359871506690979
401761655,2025,13,regular,Louisiana,Arkansas State,7.69,7.35,-0.34,0.864,34.56,complete,203,185,18,4.0,30.0,34.0,0.5945616960525513,2.5,0.7561835050582886,28.08337666094303
401761656,2025,13,regular,Marshall,App State,7.46,7.36,-0.1,0.782,31.28,complete,192,171,21,4.0,26.0,24.0,0.40804117918014526,4.0,0.8393794894218445,27.106600359082222
401761657,2025,13,regular,Old Dominion,Georgia Southern,3.28,1.83,-1.45,0.49,19.6,complete,192,170,22,4.0,10.0,45.0,0.21641340851783752,10.0,0.2191394345718436,2.0474660854961257
401761658,2025,13,regular,Southern Miss,South Alabama,7.64,6.35,-1.29,0.864,34.56,complete,197,185,12,4.0,42.0,35.0,0.4151776432991028,2.5,0.5843746662139893,10.940177500247955
401761659,2025,13,regular,UL Monroe,Texas State,3.84,3.79,-0.05,0.158,6.32,complete,185,163,22,4.0,31.0,14.0,0.9118125438690186,20.5,0.13571906089782715,5.90724104642868
401761660,2025,13,regular,Georgia State,Troy,5.72,5.36,-0.36,0.512,20.48,complete,215,191,24,4.0,31.0,19.0,0.734682023525238,9.5,0.3616580367088318,15.826133489608765
401762511,2025,13,regular,South Florida,UAB,3.07,3.09,0.02,0.148,5.92,complete,183,180,3,4.0,18.0,48.0,0.05900324881076813,21.5,0.24350839053659,5.0243634875514545
401762512,2025,13,regular,Tulsa,Army,6.85,7.26,0.41,0.49,19.6,complete,172,161,11,4.0,25.0,26.0,0.778033971786499,10.0,0.8901168927550316,19.890180476009846
401762513,2025,13,regular,East Carolina,UTSA,4.91,3.19,-1.72,0.89,35.6,complete,194,184,10,4.0,58.0,24.0,0.46434104442596436,2.0,0.5879823565483093,5.666426599025726
401762514,2025,13,regular,North Texas,Rice,3.31,3.22,-0.09,0.202,8.08,complete,163,154,9,4.0,24.0,56.0,0.0933828353881836,18.5,0.34295103284239303,5.124001198710175
401762515,2025,13,regular,Tulane,Temple,4.5,3.29,-1.21,0.604,24.16,complete,169,165,4,4.0,13.0,37.0,0.28205350041389465,7.5,0.30021679401397705,6.876017138391035
401762862,2025,13,regular,Akron,Bowling Green,7.08,6.58,-0.5,0.89,35.6,complete,176,173,3,4.0,16.0,19.0,0.5466889142990112,2.5,0.7037066221237183,26.749017775058746
401762863,2025,13,regular,Massachusetts,Ohio,2.13,2.46,0.33,0.02,0.800000000000001,complete,172,153,19,4.0,42.0,14.0,0.9781081676483154,33.5,0.09508025646209717,2.4042328000068665
401762864,2025,13,regular,Western Michigan,Northern Illinois,5.65,5.03,-0.62,0.63,25.2,complete,170,147,23,4.0,19.0,35.0,0.2910180985927582,7.0,0.697590708732605,10.733965521212667
401762865,2025,13,regular,Miami (OH),Buffalo,6.23,5.37,-0.86,0.864,34.56,complete,201,188,13,4.0,20.0,37.0,0.45905500650405884,2.5,0.633549613005016,18.399400527239777
401762866,2025,13,regular,Central Michigan,Kent State,5.67,4.64,-1.03,0.604,24.16,complete,162,155,7,4.0,16.0,28.0,0.2771155834197998,7.5,0.31418783840490505,9.258093715296127
401762867,2025,13,regular,Ball State,Toledo,2.11,2.08,-0.03,0.042,1.68,complete,180,170,10,4.0,38.0,9.0,0.9597121477127075,29.5,0.05674952268600464,1.3617005348205566
401752765,2025,12,regular,Oklahoma,Alabama,7.06,6.95,-0.11,0.654,26.16,complete,176,156,20,4.0,21.0,23.0,0.6442757248878479,6.5,0.670092761516571,22.98506224155426
401752766,2025,12,regular,Texas,Georgia,4.82,3.63,-1.19,0.782,31.28,complete,158,151,7,4.0,35.0,10.0,0.61585533618927,3.5,0.49868929386138916,10.872612297534943
401752767,2025,12,regular,Tennessee Tech,Kentucky,2.18,1.85,-0.33,0.106,4.24,complete,155,147,8,4.0,42.0,10.0,0.9418721795082092,22.5,0.09149229526519775,1.5827502012252808
401752768,2025,12,regular,Arkansas,LSU,7.7,7.47,-0.23,0.782,31.28,complete,168,157,11,4.0,23.0,22.0,0.6348350644111633,4.0,0.7416556477546692,26.267408311367035
401752769,2025,12,regular,Florida,Ole Miss,6.17,6.34,0.17,0.468,18.72,complete,177,168,9,4.0,34.0,24.0,0.778033971786499,10.5,0.5879960060119629,19.927213966846466
401752770,2025,12,regular,Mississippi State,Missouri,5.49,4.6,-0.89,0.63,25.2,complete,184,178,6,4.0,49.0,27.0,0.7170184254646301,7.5,0.37551623582839966,11.632852792739868
401752771,2025,12,regular,New Mexico State,Tennessee,1.36,1.5,0.14,0.004,0.16,complete,198,174,24,4.0,42.0,9.0,0.9781081676483154,41.5,0.02359330654144287,0.48689138889312744
401752772,2025,12,regular,South Carolina,Texas A&M,6.4,8.07,1.67,0.256,10.24,complete,180,172,8,4.0,31.0,30.0,0.905793309211731,16.5,0.9744338393211365,31.46971006691456
401752900,2025,12,regular,UCLA,Ohio State,1.07,0.99,-0.08,0.022,0.880000000000001,complete,153,144,9,4.0,48.0,10.0,0.9781081676483154,33.0,0.02183520793914795,0.5722026228904724
401752901,2025,12,regular,Wisconsin,Indiana,2.36,2.46,0.1,0.054,2.16,complete,144,128,16,4.0,31.0,7.0,0.9781081676483154,28.0,0.09912419319152832,2.6256614327430725
401752902,2025,12,regular,Purdue,Washington,2.7,2.07,-0.63,0.286,11.44,complete,161,154,7,4.0,49.0,13.0,0.8434186577796936,14.5,0.23619914054870605,3.6828694343566895
401752903,2025,12,regular,Penn State,Michigan State,4.98,4.24,-0.74,0.63,25.2,complete,154,135,19,4.0,10.0,28.0,0.3511054515838623,7.0,0.4806854935013689,12.47590100375237
401752904,2025,12,regular,Minnesota,Oregon,2.3,2.06,-0.24,0.0620000000000001,2.48,complete,163,149,14,4.0,42.0,13.0,0.946466863155365,26.5,0.053484439849853516,0.9981062412261963
401752905,2025,12,regular,Michigan,Northwestern,6.52,,,0.49,19.6,score_mismatch,176,161,15,4.0,22.0,21.0,,,,
401752906,2025,12,regular,Maryland,Illinois,3.7,3.51,-0.19,0.256,10.24,complete,179,160,19,4.0,24.0,6.0,0.905793309211731,16.5,0.26240378618240356,7.338557124137878
401752907,2025,12,regular,Iowa,USC,6.74,6.54,-0.2,0.654,26.16,complete,147,141,6,4.0,26.0,21.0,0.7056151032447815,6.5,0.7814546972513199,18.50584065914154
401752945,2025,12,regular,Oregon State,Tulsa,6.08,4.14,-1.94,0.946,37.84,complete,173,166,7,4.0,31.0,14.0,0.5652766227722168,1.5,0.48597466945648193,5.8357656598091125
401752953,2025,12,regular,Louisiana Tech,Washington State,3.58,2.53,-1.05,0.49,19.6,complete,150,141,9,4.0,28.0,3.0,0.778033971786499,10.0,0.2968827486038208,5.085383892059326
401754591,2025,12,regular,Clemson,Louisville,7.67,7.11,-0.56,0.918,36.72,complete,166,157,9,4.0,19.0,20.0,0.5089547634124756,1.5,0.730553213506937,26.084202982485294
401754592,2025,12,regular,Georgia Tech,Boston College,6.69,7.95,1.26,0.256,10.24,complete,185,173,12,4.0,34.0,36.0,0.08259908109903336,16.5,0.7681561559438705,25.873311586678028
401754593,2025,12,regular,Virginia,Duke,5.72,5.0,-0.72,0.73,29.2,complete,171,161,10,4.0,17.0,34.0,0.673456072807312,5.5,0.7107705473899841,13.089640729594976
401754594,2025,12,regular,Virginia Tech,Florida State,4.23,3.88,-0.35,0.334,13.36,complete,156,151,5,4.0,34.0,14.0,0.8296996355056763,14.0,0.2951744794845581,8.304939031600952
401754595,2025,12,regular,NC State,Miami,2.59,1.72,-0.87,0.286,11.44,complete,165,150,15,4.0,41.0,7.0,0.905793309211731,16.5,0.15110015869140625,2.3665608763694763
401754596,2025,12,regular,North Carolina,Wake Forest,5.67,4.46,-1.21,0.81,32.4,complete,176,152,24,4.0,28.0,12.0,0.5903517007827759,3.5,0.40959662199020386,13.34265387058258
401754597,2025,12,regular,Notre Dame,Pittsburgh,4.19,,,0.37,14.8,score_mismatch,170,162,8,4.0,21.0,37.0,,,,
401756948,2025,12,regular,West Virginia,Arizona State,6.69,6.49,-0.2,0.49,19.6,complete,171,164,7,4.0,25.0,23.0,0.7371281981468201,10.0,0.4402077794075012,16.34349888563156
401756949,2025,12,regular,Utah,Baylor,4.8,4.05,-0.75,0.512,20.48,complete,190,184,6,4.0,28.0,55.0,0.21625809371471405,9.5,0.3576391293609049,9.125479076174088
401756950,2025,12,regular,TCU,BYU,4.58,2.9,-1.68,0.836,33.44,complete,177,153,24,4.0,44.0,13.0,0.5640909671783447,2.5,0.43579936027526855,6.454341530799866
401756951,2025,12,regular,Arizona,Cincinnati,6.92,6.86,-0.06,0.68,27.2,complete,168,159,9,4.0,24.0,30.0,0.6354364156723022,6.0,0.8453355431556702,21.523129656910896
401756952,2025,12,regular,Kansas State,Oklahoma State,4.31,4.75,0.44,0.178,7.12,complete,160,151,9,4.0,6.0,14.0,0.09728355705738068,19.5,0.3296396778896451,11.568585149943829
401756953,2025,12,regular,UCF,Texas Tech,1.51,0.98,-0.53,0.0980000000000001,3.92,complete,173,165,8,4.0,48.0,9.0,0.946466863155365,24.5,0.05347329378128052,0.5814242362976074
401757174,2025,12,regular,Air Force,UConn,5.95,5.18,-0.77,0.604,24.16,complete,158,144,14,4.0,26.0,16.0,0.7170184254646301,7.5,0.49489378929138184,10.500743448734283
401757300,2025,12,regular,Delaware,Sam Houston,6.57,7.36,0.79,0.428,17.12,complete,193,184,9,4.0,26.0,23.0,0.22468554973602295,11.5,0.9214300513267517,23.90365394949913
401757301,2025,12,regular,Liberty,Florida International,7.82,,,0.864,34.56,score_mismatch,185,174,11,5.0,54.0,44.0,,,,
401757302,2025,12,regular,Kennesaw State,Jacksonville State,7.0,6.52,-0.48,0.782,31.28,complete,191,183,8,4.0,35.0,26.0,0.4143676161766052,3.5,0.7851575314998627,19.240993201732635
401757303,2025,12,regular,Middle Tennessee,Western Kentucky,5.24,,,0.352,14.08,score_mismatch,190,179,11,4.0,42.0,29.0,,,,
401757304,2025,12,regular,UTEP,Missouri State,6.24,5.35,-0.89,0.654,26.16,complete,178,170,8,4.0,38.0,24.0,0.7103009223937988,6.5,0.4501228332519531,11.476450264453888
401760410,2025,12,regular,Boise State,San Diego State,6.0,4.69,-1.31,0.89,35.6,complete,149,140,9,4.0,17.0,7.0,0.5669649839401245,2.0,0.5143708288669586,13.013549089431763
401760411,2025,12,regular,Colorado State,New Mexico,5.85,6.16,0.31,0.3,12.0,complete,178,167,11,4.0,20.0,17.0,0.8271991014480591,15.5,0.44426238536834717,15.050393164157867
401760412,2025,12,regular,Wyoming,Fresno State,4.78,3.59,-1.19,0.836,33.44,complete,188,164,24,4.0,24.0,3.0,0.5663292407989502,3.0,0.4329953193664551,14.340517282485962
401760413,2025,12,regular,San José State,Nevada,3.08,2.63,-0.45,0.512,20.48,complete,153,149,4,4.0,55.0,10.0,0.2698509693145752,9.5,0.801095724105835,7.115649044513702
401760414,2025,12,regular,Utah State,UNLV,7.88,8.38,0.5,0.73,29.2,complete,191,182,9,6.0,29.0,26.0,0.6353842616081238,4.5,0.9047783613204956,38.91221281886101
401761649,2025,12,regular,Troy,Old Dominion,2.96,1.86,-1.1,0.49,19.6,complete,159,152,7,4.0,33.0,0.0,0.7371281981468201,9.5,0.2971959710121155,4.54696261882782
401761650,2025,12,regular,Coastal Carolina,Georgia Southern,7.97,7.27,-0.7,0.836,33.44,complete,222,191,31,4.0,45.0,40.0,0.5805091261863708,3.0,0.48311156034469604,24.13270276784897
401761651,2025,12,regular,Marshall,Georgia State,5.68,5.37,-0.31,0.512,20.48,complete,177,164,13,4.0,18.0,30.0,0.2698509693145752,9.5,0.5259536504745483,13.63650252763182
401761652,2025,12,regular,App State,James Madison,1.94,1.58,-0.36,0.138,5.52,complete,186,177,9,4.0,58.0,10.0,0.9118125438690186,21.0,0.11263900995254517,2.21550589799881
401761653,2025,12,regular,South Alabama,UL Monroe,6.13,5.29,-0.84,0.81,32.4,complete,166,148,18,4.0,14.0,26.0,0.4437594413757324,4.0,0.7857890129089355,13.338179975748062
401761654,2025,12,regular,Texas State,Southern Miss,5.02,3.68,-1.34,0.836,33.44,complete,187,170,17,4.0,14.0,41.0,0.5781798958778381,3.0,0.6152542802446987,8.660727706679609
401762506,2025,12,regular,North Texas,UAB,3.62,2.81,-0.81,0.228,9.12,complete,170,164,6,4.0,24.0,53.0,0.09077686071395874,17.5,0.10955355428450275,1.5864912543038372
401762507,2025,12,regular,UTSA,Charlotte,3.53,3.16,-0.37,0.242,9.68,complete,154,152,2,4.0,7.0,28.0,0.09945160895586014,17.0,0.18736809492111206,5.36875852686353
401762508,2025,12,regular,Memphis,East Carolina,7.83,7.86,0.03,0.836,33.44,complete,195,179,16,4.0,31.0,27.0,0.5614253878593445,3.0,0.8162432909011841,34.911150336265564
401762509,2025,12,regular,Florida Atlantic,Tulane,5.25,4.88,-0.37,0.256,10.24,complete,187,177,10,4.0,35.0,24.0,0.905793309211731,16.5,0.1659354567527771,6.217534840106964
401762510,2025,12,regular,South Florida,Navy,7.37,7.59,0.22,0.558,22.32,complete,184,177,7,4.0,41.0,38.0,0.29422247409820557,8.5,0.7588247060775757,22.715532898902893
401762856,2025,12,regular,Kent State,Akron,7.69,8.33,0.64,0.604,24.16,complete,184,175,9,5.0,35.0,42.0,0.7198894023895264,7.5,0.9173565059900284,32.81473150849342
401762857,2025,12,regular,Ohio,Western Michigan,7.04,6.17,-0.87,0.918,36.72,complete,148,136,12,4.0,17.0,13.0,0.5089547634124756,1.5,0.6948133111000061,19.49997568130493
401762858,2025,12,regular,Buffalo,Central Michigan,6.02,5.1,-0.92,0.89,35.6,complete,185,166,19,4.0,38.0,19.0,0.5490344166755676,2.5,0.5809634923934937,19.366461634635925
401762859,2025,12,regular,Northern Illinois,Massachusetts,2.69,1.43,-1.26,0.512,20.48,complete,158,152,6,4.0,3.0,45.0,0.2204422801733017,9.5,0.28074485063552856,3.7029139095393475
401762860,2025,12,regular,Toledo,Miami (OH),4.57,3.51,-1.06,0.704,28.16,complete,164,158,6,4.0,3.0,24.0,0.32513269782066345,5.5,0.435857355594635,10.85630853427574
401762861,2025,12,regular,Eastern Michigan,Ball State,5.66,4.26,-1.4,0.836,33.44,complete,164,157,7,4.0,9.0,24.0,0.4151776432991028,2.5,0.4254758059978485,10.698214401490986
401752759,2025,11,regular,LSU,Alabama,5.02,4.42,-0.6,0.49,19.6,complete,172,152,20,4.0,20.0,9.0,0.7371281981468201,10.0,0.3642747402191162,10.377289533615112
401752760,2025,11,regular,Florida,Kentucky,4.24,3.3,-0.94,0.756,30.24,complete,153,149,4,4.0,38.0,7.0,0.37758272886276245,4.5,0.7300167679786682,10.148852348327637
401752761,2025,11,regular,The Citadel,Ole Miss,0.49,0.72,0.23,0.0,0.0,complete,163,158,5,4.0,49.0,0.0,0.9599751234054565,51.5,0.039991676807403564,0.24202346801757812
401752762,2025,11,regular,Georgia,Mississippi State,5.19,4.45,-0.74,0.512,20.48,complete,176,174,2,4.0,21.0,41.0,0.2204422801733017,9.5,0.4490097165107727,7.942622769274749
401752763,2025,11,regular,Texas A&M,Missouri,5.09,4.05,-1.04,0.63,25.2,complete,163,155,8,4.0,17.0,38.0,0.3511054515838623,7.0,0.38692402839660645,9.017276741564274
401752764,2025,11,regular,Auburn,Vanderbilt,7.73,8.23,0.5,0.68,27.2,complete,198,186,12,5.0,45.0,38.0,0.668272078037262,6.0,0.8797186613082886,35.44743376970291
401752893,2025,11,regular,Indiana,Penn State,6.05,6.77,0.72,0.334,13.36,complete,183,157,26,4.0,24.0,27.0,0.16174644231796265,14.0,0.8076694011688232,18.238187227398157
401752894,2025,11,regular,Maryland,Rutgers,6.61,5.75,-0.86,0.918,36.72,complete,159,148,11,4.0,35.0,20.0,0.5089547634124756,1.5,0.7298271656036377,18.933969616889954
401752895,2025,11,regular,Nebraska,UCLA,7.07,5.75,-1.32,0.89,35.6,complete,144,135,9,4.0,21.0,28.0,0.5418886542320251,2.0,0.5609667301177979,11.89741600677371
401752896,2025,11,regular,Northwestern,USC,4.22,3.79,-0.43,0.318,12.72,complete,152,142,10,4.0,38.0,17.0,0.8271991014480591,14.5,0.22663241624832153,7.308673202991486
401752897,2025,11,regular,Ohio State,Purdue,2.56,2.59,0.03,0.046,1.84,complete,151,145,6,4.0,10.0,34.0,0.029273880645632744,29.5,0.09225925198552432,1.7281298902380513
401752898,2025,11,regular,Oregon,Iowa,6.82,6.0,-0.82,0.756,30.24,complete,155,141,14,4.0,16.0,18.0,0.3619821071624756,4.5,0.4429802894592285,17.68934515118599
401752899,2025,11,regular,Washington,Wisconsin,5.69,6.16,0.47,0.468,18.72,complete,170,162,8,4.0,13.0,10.0,0.24468624591827393,10.5,0.8779019117355347,19.943814516067505
401752944,2025,11,regular,Sam Houston,Oregon State,5.08,6.57,1.49,0.148,5.92,complete,171,161,10,4.0,17.0,21.0,0.9159519076347351,21.0,0.8977999091148376,18.51259610056877
401754584,2025,11,regular,SMU,Boston College,3.73,2.87,-0.86,0.468,18.72,complete,198,185,13,4.0,13.0,45.0,0.24468624591827393,10.5,0.3106718914496014,6.441784088150598
401754585,2025,11,regular,California,Louisville,6.18,7.69,1.51,0.214,8.56,complete,193,182,11,5.0,26.0,29.0,0.9081499576568604,18.5,0.6929696798324585,30.807117819786072
401754586,2025,11,regular,Florida State,Clemson,6.03,4.39,-1.64,0.918,36.72,complete,173,160,13,4.0,24.0,10.0,0.5323069095611572,1.5,0.46594083309173584,9.268146634101868
401754587,2025,11,regular,Syracuse,Miami,2.23,2.45,0.22,0.05,2.0,complete,182,158,24,4.0,38.0,10.0,0.9503301382064819,28.5,0.12254965305328369,3.156516969203949
401754588,2025,11,regular,Stanford,North Carolina,6.3,5.72,-0.58,0.558,22.32,complete,181,161,20,4.0,20.0,15.0,0.7372496724128723,8.5,0.41864436864852905,12.99560660123825
401754589,2025,11,regular,Wake Forest,Virginia,5.74,5.66,-0.08,0.63,25.2,complete,178,158,20,4.0,9.0,16.0,0.7080364227294922,7.0,0.8019923567771912,19.17347166314721
401754590,2025,11,regular,Duke,UConn,7.46,7.77,0.31,0.582,23.28,complete,170,164,6,4.0,37.0,34.0,0.28205350041389465,7.5,0.8180248439311981,25.029117554426193
401756943,2025,11,regular,Kansas,Arizona,6.9,7.04,0.14,0.704,28.16,complete,168,163,5,4.0,24.0,20.0,0.6510321497917175,5.5,0.8933506608009338,26.799033164978027
401756944,2025,11,regular,Iowa State,TCU,6.74,7.01,0.27,0.604,24.16,complete,176,167,9,4.0,17.0,20.0,0.7170184254646301,7.5,0.8907908052206039,23.693239592015743
401756945,2025,11,regular,BYU,Texas Tech,3.69,2.93,-0.76,0.352,14.08,complete,190,178,12,4.0,29.0,7.0,0.8296996355056763,13.5,0.2220073938369751,4.578769862651825
401756946,2025,11,regular,Houston,UCF,7.91,7.5,-0.41,0.946,37.84,complete,183,175,8,4.0,27.0,30.0,0.5089547634124756,1.5,0.7478470802307129,31.78828477859497
401756947,2025,11,regular,Colorado,West Virginia,6.56,5.81,-0.75,0.654,26.16,complete,208,188,20,4.0,29.0,22.0,0.7103009223937988,6.5,0.3709827661514282,15.493490159511566
401757166,2025,11,regular,Navy,Notre Dame,1.17,1.25,0.08,0.036,1.44,complete,155,137,18,4.0,49.0,10.0,0.9781081676483154,30.5,0.07419246435165405,1.733879804611206
401757295,2025,11,regular,Louisiana Tech,Delaware,7.34,,,0.704,28.16,score_mismatch,184,177,7,4.0,25.0,27.0,,,,
401757296,2025,11,regular,Florida International,Middle Tennessee,5.92,5.19,-0.73,0.89,35.6,complete,191,182,9,4.0,30.0,56.0,0.5317126512527466,1.5,0.8072463476564735,18.657731986924773
401757297,2025,11,regular,Jacksonville State,UTEP,7.96,7.59,-0.37,0.918,36.72,complete,183,168,15,4.0,27.0,30.0,0.49929526448249817,1.5,0.7891231775283813,29.700865291059017
401757298,2025,11,regular,Kennesaw State,New Mexico State,6.42,5.7,-0.72,0.468,18.72,complete,208,195,13,4.0,21.0,24.0,0.23147296905517578,11.5,0.32106579933315516,8.25901821628213
401757299,2025,11,regular,Missouri State,Liberty,6.5,6.62,0.12,0.582,23.28,complete,189,167,22,4.0,17.0,21.0,0.6890318989753723,7.5,0.8610518574714661,19.388953506946564
401760406,2025,11,regular,Air Force,San José State,6.15,5.79,-0.36,0.68,27.2,complete,185,161,24,4.0,16.0,26.0,0.6834249496459961,6.0,0.8201531786471605,15.535309706348926
401760407,2025,11,regular,UNLV,Colorado State,4.25,3.36,-0.89,0.704,28.16,complete,171,160,11,4.0,10.0,42.0,0.3297666013240814,5.5,0.5888269120478071,11.287654058425687
401760408,2025,11,regular,San Diego State,Hawai'i,3.75,3.12,-0.63,0.654,26.16,complete,176,166,10,4.0,38.0,6.0,0.3660316467285156,6.5,0.7847117632627487,10.227417081594467
401760409,2025,11,regular,Nevada,Utah State,3.27,1.84,-1.43,0.49,19.6,complete,176,170,6,4.0,51.0,14.0,0.7603206634521484,10.0,0.26296091079711914,1.958968460559845
401761644,2025,11,regular,Georgia Southern,App State,7.27,6.67,-0.6,0.73,29.2,complete,205,180,25,4.0,23.0,25.0,0.6353842616081238,4.5,0.6114116404205561,17.492854427546263
401761645,2025,11,regular,Georgia State,Coastal Carolina,6.23,5.46,-0.77,0.63,25.2,complete,187,176,11,4.0,40.0,27.0,0.7080364227294922,7.0,0.3865029811859131,13.65579217672348
401761646,2025,11,regular,James Madison,Marshall,5.35,5.1,-0.25,0.352,14.08,complete,196,174,22,4.0,23.0,35.0,0.1672135293483734,13.5,0.22934941947460175,11.722056414932013
401761647,2025,11,regular,Southern Miss,Arkansas State,6.79,5.99,-0.8,0.654,26.16,complete,223,199,24,4.0,21.0,27.0,0.2934347689151764,6.5,0.4131849706172943,13.625324435532093
401761648,2025,11,regular,Texas State,Louisiana,8.13,7.43,-0.7,0.81,32.4,complete,182,172,10,4.0,42.0,39.0,0.41002291440963745,3.5,0.6958580911159515,17.764520466327667
401762500,2025,11,regular,UTSA,South Florida,3.58,2.64,-0.94,0.334,13.36,complete,184,171,13,4.0,55.0,23.0,0.8296996355056763,14.0,0.1702163815498352,2.859798789024353
401762501,2025,11,regular,Tulane,Memphis,7.59,6.84,-0.75,0.836,33.44,complete,171,162,9,4.0,32.0,38.0,0.5614253878593445,3.0,0.6011962890625,20.162996601313353
401762502,2025,11,regular,UAB,Rice,7.02,6.12,-0.9,0.946,37.84,complete,171,160,11,4.0,24.0,17.0,0.5071194171905518,1.0,0.6805321276187897,20.672712326049805
401762503,2025,11,regular,Temple,Army,6.46,5.87,-0.59,0.63,25.2,complete,142,131,11,4.0,14.0,13.0,0.7126994132995605,7.0,0.4795706868171692,15.312543272972107
401762504,2025,11,regular,Charlotte,East Carolina,2.92,2.69,-0.23,0.054,2.16,complete,185,180,5,4.0,48.0,22.0,0.9597121477127075,28.0,0.0401768684387207,0.843701958656311
401762505,2025,11,regular,Tulsa,Florida Atlantic,5.79,4.47,-1.32,0.756,30.24,complete,191,187,4,4.0,40.0,21.0,0.6353842616081238,4.5,0.38816964626312256,9.693013548851013
401762851,2025,11,regular,Massachusetts,Akron,3.05,1.9,-1.15,0.428,17.12,complete,157,154,3,4.0,44.0,10.0,0.8207323551177979,12.5,0.18418359756469727,3.4447824954986572
401762852,2025,11,regular,Miami (OH),Ohio,7.1,6.68,-0.42,0.836,33.44,complete,168,147,21,4.0,24.0,20.0,0.5466889142990112,2.5,0.7155983746051788,25.238713204860687
401762853,2025,11,regular,Kent State,Ball State,6.89,6.56,-0.33,0.836,33.44,complete,158,155,3,4.0,17.0,13.0,0.5862659215927124,3.0,0.8388571739196777,24.445891559123993
401762854,2025,11,regular,Northern Illinois,Toledo,1.95,1.19,-0.76,0.286,11.44,complete,175,166,9,4.0,42.0,3.0,0.8469837307929993,15.5,0.1529507040977478,3.2167674899101257
401762855,2025,11,regular,Bowling Green,Eastern Michigan,7.17,6.45,-0.72,0.836,33.44,complete,185,163,22,4.0,27.0,21.0,0.5781798958778381,3.0,0.6477175951004028,19.62356024980545
401752753,2025,10,regular,Mississippi State,Arkansas,7.84,7.99,0.15,0.73,29.2,complete,203,183,20,4.0,35.0,38.0,0.6531802415847778,5.5,0.9443301558494568,27.518523693084717
401752754,2025,10,regular,Kentucky,Auburn,4.75,5.06,0.31,0.408,16.32,complete,165,157,8,4.0,3.0,10.0,0.7758215069770813,11.5,0.7974343411624432,14.846698261797428
401752755,2025,10,regular,Georgia,Florida,6.77,6.71,-0.06,0.63,25.2,complete,166,154,12,4.0,20.0,24.0,0.3511054515838623,7.0,0.7615031003952026,20.433531284332275
401752756,2025,10,regular,South Carolina,Ole Miss,4.65,4.42,-0.23,0.37,14.8,complete,167,157,10,4.0,30.0,14.0,0.8323421478271484,13.0,0.33761537075042725,11.269271194934845
401752757,2025,10,regular,Oklahoma,Tennessee,7.4,7.16,-0.24,0.836,33.44,complete,209,180,29,4.0,27.0,33.0,0.5614253878593445,3.0,0.8325052857398987,26.938845153898
401752758,2025,10,regular,Vanderbilt,Texas,7.69,5.97,-1.72,0.81,32.4,complete,165,157,8,4.0,34.0,31.0,0.5903517007827759,3.5,0.40825289487838745,5.502428233623505
401752887,2025,10,regular,Indiana,Maryland,1.94,1.81,-0.13,0.148,5.92,complete,151,150,1,4.0,10.0,55.0,0.08706808090209961,21.0,0.17984330263425363,4.104903959771036
401752888,2025,10,regular,Michigan State,Minnesota,7.66,7.91,0.25,0.81,32.4,complete,186,165,21,5.0,23.0,20.0,0.6268573999404907,4.5,0.8711312413215637,38.20284428447485
401752889,2025,10,regular,Penn State,Ohio State,3.47,3.0,-0.47,0.214,8.56,complete,141,134,7,4.0,38.0,14.0,0.905793309211731,17.5,0.12338155508041382,3.946119546890259
401752890,2025,10,regular,Purdue,Michigan,4.87,5.08,0.21,0.148,5.92,complete,154,148,6,4.0,21.0,16.0,0.9087263345718384,21.0,0.1982385516166687,8.064379096031189
401752891,2025,10,regular,Rutgers,Illinois,4.13,3.5,-0.63,0.37,14.8,complete,174,163,11,4.0,35.0,13.0,0.8296996355056763,13.0,0.24628639221191406,6.675555884838104
401752892,2025,10,regular,USC,Nebraska,6.95,6.57,-0.38,0.756,30.24,complete,160,153,7,4.0,17.0,21.0,0.37758272886276245,4.5,0.8101606965065002,19.37179458141327
401752943,2025,10,regular,Washington State,Oregon State,6.53,6.08,-0.45,0.836,33.44,complete,163,150,13,4.0,10.0,7.0,0.4143676161766052,3.5,0.7026292383670807,24.93549484014511
401754575,2025,10,regular,North Carolina,Syracuse,5.76,4.97,-0.79,0.918,36.72,complete,156,140,16,4.0,10.0,27.0,0.5089547634124756,1.5,0.8175869584083557,18.590561132878065
401754576,2025,10,regular,Virginia,California,6.29,5.43,-0.86,0.654,26.16,complete,187,165,22,4.0,21.0,31.0,0.3660316467285156,6.5,0.36217478825710714,13.469478588085622
401754577,2025,10,regular,Duke,Clemson,8.6,8.76,0.16,0.782,31.28,complete,188,175,13,4.0,45.0,46.0,0.6380693316459656,4.0,0.9415592662990093,31.212357502430677
401754578,2025,10,regular,Wake Forest,Florida State,2.79,2.16,-0.63,0.37,14.8,complete,161,153,8,4.0,42.0,7.0,0.8207323551177979,12.5,0.2647716999053955,6.259951591491699
401754579,2025,10,regular,Georgia Tech,NC State,7.07,6.41,-0.66,0.782,31.28,complete,178,170,8,4.0,48.0,36.0,0.3680088222026825,4.5,0.7086910307407379,16.891223192214966
401754580,2025,10,regular,Louisville,Virginia Tech,5.4,5.42,0.02,0.468,18.72,complete,161,156,5,4.0,16.0,28.0,0.22059977054595947,10.5,0.6059985756874084,16.331661574542522
401754581,2025,10,regular,Miami,SMU,6.77,7.53,0.76,0.558,22.32,complete,200,187,13,5.0,26.0,20.0,0.36155790090560913,6.5,0.9206286072731018,32.97898715734482
401754582,2025,10,regular,Pittsburgh,Stanford,5.17,4.77,-0.4,0.352,14.08,complete,195,171,24,4.0,20.0,35.0,0.1672135293483734,13.5,0.281694620847702,8.500594985904172
401754583,2025,10,regular,Notre Dame,Boston College,3.21,3.9,0.69,0.032,1.28,complete,168,158,10,4.0,10.0,25.0,0.0577472448348999,31.0,0.2040632665157318,6.005831937305629
401756936,2025,10,regular,UCF,Baylor,4.4,2.7,-1.7,0.836,33.44,complete,175,164,11,4.0,30.0,3.0,0.5614253878593445,3.0,0.4383889436721802,6.254793643951416
401756937,2025,10,regular,Arizona,Colorado,4.38,2.67,-1.71,0.81,32.4,complete,191,181,10,4.0,17.0,52.0,0.4143676161766052,3.5,0.4142344780411804,5.6186408036301145
401756938,2025,10,regular,West Virginia,Houston,6.25,7.03,0.78,0.37,14.8,complete,182,174,8,4.0,35.0,45.0,0.8296996355056763,13.0,0.8282201886177063,21.602574417367578
401756939,2025,10,regular,Arizona State,Iowa State,6.48,6.76,0.28,0.604,24.16,complete,198,177,21,4.0,19.0,24.0,0.7201685905456543,7.5,0.8033722639083862,26.346438139677048
401756940,2025,10,regular,Oklahoma State,Kansas,3.85,4.19,0.34,0.0840000000000001,3.36,complete,146,137,9,4.0,38.0,21.0,0.9418721795082092,24.5,0.20828908681869507,5.667790234088898
401756941,2025,10,regular,Texas Tech,Kansas State,5.17,4.66,-0.51,0.63,25.2,complete,180,168,12,4.0,20.0,43.0,0.3235088586807251,7.5,0.5705438215227332,15.076590681070229
401756942,2025,10,regular,Cincinnati,Utah,3.72,2.91,-0.81,0.448,17.92,complete,187,180,7,4.0,45.0,14.0,0.7924636602401733,11.0,0.24613994359970093,7.322319388389587
401757173,2025,10,regular,UAB,UConn,5.01,,,0.468,18.72,score_mismatch,156,148,8,4.0,39.0,19.0,,,,
401757289,2025,10,regular,UTEP,Kennesaw State,5.23,5.03,-0.2,0.428,17.12,complete,188,176,12,4.0,33.0,20.0,0.8114114999771118,12.5,0.4467881917953491,12.804177224636078
401757290,2025,10,regular,Sam Houston,Louisiana Tech,2.54,1.61,-0.93,0.256,10.24,complete,167,158,9,4.0,55.0,14.0,0.9179843664169312,16.5,0.12690967321395874,1.3533048629760742
401757291,2025,10,regular,Florida International,Missouri State,6.97,6.1,-0.87,0.836,33.44,complete,174,160,14,4.0,28.0,21.0,0.5663292407989502,3.0,0.5491164326667786,18.647101044654846
401757292,2025,10,regular,Jacksonville State,Middle Tennessee,7.36,7.3,-0.06,0.756,30.24,complete,174,164,10,4.0,21.0,24.0,0.3680088222026825,4.5,0.8481845259666443,26.01110564172268
401757293,2025,10,regular,Delaware,Liberty,5.39,4.18,-1.21,0.81,32.4,complete,186,165,21,4.0,59.0,30.0,0.61585533618927,3.5,0.48503178358078003,11.788095891475677
401757294,2025,10,regular,New Mexico State,Western Kentucky,5.17,4.62,-0.55,0.604,24.16,complete,191,183,8,4.0,35.0,16.0,0.7215943336486816,7.5,0.5459282994270325,13.50742793083191
401760401,2025,10,regular,Army,Air Force,7.48,,,0.946,37.84,score_mismatch,168,144,24,4.0,17.0,17.0,,,,
401760402,2025,10,regular,Fresno State,Boise State,3.07,4.01,0.94,0.228,9.12,complete,184,173,11,4.0,7.0,30.0,0.9118125438690186,17.5,0.9296120405197144,13.066072897752747
401760403,2025,10,regular,Hawai'i,San José State,7.74,6.86,-0.88,0.864,34.56,complete,194,172,22,4.0,45.0,38.0,0.5466889142990112,2.5,0.6747069358825684,17.127698242664337
401760404,2025,10,regular,New Mexico,UNLV,7.77,7.3,-0.47,0.81,32.4,complete,173,161,12,4.0,35.0,40.0,0.6198845505714417,3.5,0.67787866294384,23.339742500334978
401760405,2025,10,regular,Wyoming,San Diego State,4.62,4.13,-0.49,0.512,20.48,complete,164,158,6,4.0,24.0,7.0,0.778033971786499,10.0,0.46221452951431274,11.70620197057724
401761639,2025,10,regular,James Madison,Texas State,4.31,3.18,-1.13,0.604,24.16,complete,184,164,20,4.0,20.0,52.0,0.28205350041389465,7.5,0.33581848244648427,7.4697922074992675
401761640,2025,10,regular,Marshall,Coastal Carolina,5.96,5.93,-0.03,0.63,25.2,complete,189,185,4,4.0,44.0,27.0,0.2910180985927582,7.0,0.9056370258331299,17.949244901537895
401761641,2025,10,regular,Old Dominion,UL Monroe,3.16,2.45,-0.71,0.242,9.68,complete,185,165,20,4.0,6.0,31.0,0.09077686071395874,16.5,0.15869053594360594,2.331193340738537
401761642,2025,10,regular,Louisiana,South Alabama,6.78,5.78,-1.0,0.81,32.4,complete,180,159,21,4.0,22.0,31.0,0.5903517007827759,3.5,0.6738357543945312,12.445230728015304
401761643,2025,10,regular,Arkansas State,Troy,5.17,4.95,-0.22,0.582,23.28,complete,188,164,24,4.0,10.0,23.0,0.6826581358909607,7.5,0.7400974631309509,15.004297835752368
401762443,2025,10,regular,Tulane,UTSA,5.62,4.93,-0.69,0.68,27.2,complete,174,166,8,4.0,48.0,26.0,0.37100332975387573,6.0,0.7881475687026978,10.23455286026001
401762497,2025,10,regular,Memphis,Rice,3.8,2.78,-1.02,0.334,13.36,complete,154,146,8,4.0,14.0,38.0,0.17160388827323914,14.0,0.17834933480480686,2.1978794760943856
401762498,2025,10,regular,East Carolina,Temple,4.45,3.02,-1.43,0.73,29.2,complete,159,155,4,4.0,14.0,45.0,0.35299748182296753,5.5,0.3560674786567688,7.453190048283432
401762499,2025,10,regular,Navy,North Texas,5.8,4.59,-1.21,0.654,26.16,complete,164,154,10,4.0,31.0,17.0,0.6403710842132568,6.5,0.3583166003227234,7.847535252571106
401762849,2025,10,regular,Buffalo,Bowling Green,4.59,3.12,-1.47,0.864,34.56,complete,152,150,2,4.0,3.0,28.0,0.5942277908325195,2.5,0.5938599109649658,8.088571278145537
401762850,2025,10,regular,Central Michigan,Western Michigan,7.08,7.14,0.06,0.704,28.16,complete,148,141,7,4.0,24.0,21.0,0.6510321497917175,5.5,0.8522489070892334,25.714429885149002
401752746,2025,9,regular,Auburn,Arkansas,7.15,6.63,-0.52,0.864,34.56,complete,164,145,19,4.0,24.0,33.0,0.5466889142990112,2.5,0.8541025519371033,20.975203931331635
401752747,2025,9,regular,Tennessee,Kentucky,5.63,4.55,-1.08,0.604,24.16,complete,170,164,6,4.0,34.0,56.0,0.3235088586807251,7.5,0.3231889821472578,8.303977593954187
401752748,2025,9,regular,Texas A&M,LSU,6.1,5.05,-1.05,0.918,36.72,complete,163,163,0,4.0,25.0,49.0,0.49929526448249817,1.5,0.6665220043942099,16.37924515636405
401752749,2025,9,regular,Texas,Mississippi State,7.52,8.35,0.83,0.582,23.28,complete,221,211,10,5.0,38.0,45.0,0.2528843581676483,8.5,0.9635691279545426,35.38159947935492
401752750,2025,9,regular,Ole Miss,Oklahoma,6.93,6.69,-0.24,0.704,28.16,complete,199,199,0,4.0,26.0,34.0,0.673456072807312,5.5,0.6765096187591553,22.85866577923298
401752751,2025,9,regular,Alabama,South Carolina,6.09,6.72,0.63,0.428,17.12,complete,177,177,0,4.0,22.0,29.0,0.20627665519714355,11.5,0.7871283232234418,23.311056420672685
401752752,2025,9,regular,Missouri,Vanderbilt,6.35,5.69,-0.66,0.836,33.44,complete,163,154,9,4.0,17.0,10.0,0.5781798958778381,3.0,0.6108323335647583,21.87771701812744
401752880,2025,9,regular,Illinois,Washington,6.29,5.09,-1.2,0.836,33.44,complete,162,152,10,4.0,42.0,25.0,0.5926396250724792,3.5,0.5126709640026093,12.677312970161438
401752881,2025,9,regular,Michigan,Michigan State,5.27,4.72,-0.55,0.352,14.08,complete,199,176,23,4.0,20.0,31.0,0.17160388827323914,13.5,0.21671805490041152,7.385438343277201
401752882,2025,9,regular,Minnesota,Iowa,2.87,1.2,-1.67,0.63,25.2,complete,141,136,5,4.0,41.0,3.0,0.6826581358909607,7.5,0.31727248430252075,2.547429382801056
401752883,2025,9,regular,Northwestern,Nebraska,6.39,5.97,-0.42,0.63,25.2,complete,146,141,5,4.0,28.0,21.0,0.7080364227294922,7.0,0.6115006804466248,15.99100661277771
401752884,2025,9,regular,Rutgers,Purdue,7.64,,,0.864,34.56,score_mismatch,161,150,11,4.0,24.0,24.0,,,,
401752885,2025,9,regular,UCLA,Indiana,1.4,1.1,-0.3,0.0580000000000001,2.32,complete,176,156,20,4.0,56.0,6.0,0.9809677600860596,27.5,0.04194605350494385,0.6211653351783752
401752886,2025,9,regular,Wisconsin,Oregon,2.97,3.25,0.28,0.032,1.28,complete,152,143,9,4.0,21.0,7.0,0.9813097715377808,31.5,0.11170148849487305,2.675990045070648
401752942,2025,9,regular,SMU,Wake Forest,6.75,,,0.704,28.16,score_mismatch,197,177,20,4.0,10.0,12.0,,,,
401752952,2025,9,regular,Toledo,Washington State,5.25,3.93,-1.32,0.89,35.6,complete,169,159,10,4.0,28.0,7.0,0.4732968211174011,1.5,0.6342894434928894,10.62773984670639
401754372,2025,9,regular,California,Virginia Tech,7.58,8.21,0.63,0.68,27.2,complete,195,180,15,6.0,42.0,34.0,0.6834249496459961,6.0,0.9643837157636881,36.97984119877219
401754570,2025,9,regular,Boston College,Louisville,4.23,4.74,0.51,0.0780000000000001,3.12,complete,187,177,10,4.0,38.0,24.0,0.9418721795082092,25.5,0.21716296672821045,7.277612805366516
401754571,2025,9,regular,Syracuse,Georgia Tech,3.59,3.13,-0.46,0.228,9.12,complete,167,160,7,4.0,41.0,16.0,0.9118125438690186,17.5,0.1709500551223755,4.075930893421173
401754572,2025,9,regular,Stanford,Miami,1.53,2.22,0.69,0.038,1.52,complete,163,148,15,4.0,42.0,7.0,0.9503301382064819,28.5,0.22234636545181274,6.283851861953735
401754573,2025,9,regular,Virginia,North Carolina,6.66,7.36,0.7,0.448,17.92,complete,197,177,20,5.0,16.0,17.0,0.20627665519714355,11.5,0.7512910012155771,27.467421540990472
401754574,2025,9,regular,NC State,Pittsburgh,6.21,5.01,-1.2,0.73,29.2,complete,185,182,3,4.0,53.0,34.0,0.6786922216415405,5.0,0.36247050762176514,10.887250542640686
401756929,2025,9,regular,Houston,Arizona State,6.1,5.7,-0.4,0.604,24.16,complete,179,172,7,4.0,16.0,24.0,0.7170184254646301,7.5,0.7159853577613831,13.09364770911634
401756930,2025,9,regular,Baylor,Cincinnati,5.6,4.0,-1.6,0.81,32.4,complete,163,154,9,4.0,41.0,20.0,0.5909920930862427,3.5,0.4286903738975525,6.857975602149963
401756931,2025,9,regular,BYU,Iowa State,6.98,6.45,-0.53,0.864,34.56,complete,187,166,21,4.0,27.0,41.0,0.5466889142990112,2.5,0.8969401717185974,19.84305682918057
401756932,2025,9,regular,Kansas State,Kansas,5.15,4.36,-0.79,0.81,32.4,complete,164,154,10,4.0,17.0,42.0,0.5496246814727783,3.5,0.8123278617858887,13.659265599679202
401756933,2025,9,regular,Oklahoma State,Texas Tech,0.41,0.41,0.0,0.00800000000000001,0.32,complete,164,161,3,4.0,42.0,0.0,0.9677537083625793,37.5,0.03220105171203613,0.2550765872001648
401756934,2025,9,regular,Colorado,Utah,2.49,1.48,-1.01,0.334,13.36,complete,185,178,7,4.0,53.0,7.0,0.8323421478271484,14.0,0.1676114797592163,2.3388381600379944
401756935,2025,9,regular,TCU,West Virginia,5.18,4.75,-0.43,0.256,10.24,complete,184,176,8,4.0,17.0,23.0,0.09547315537929535,16.5,0.12082958221435547,6.043284442275763
401757172,2025,9,regular,UConn,Rice,7.44,8.41,0.97,0.49,19.6,complete,199,185,14,6.0,37.0,34.0,0.22059977054595947,10.0,0.9244332909584045,33.46551002562046
401757285,2025,9,regular,Kennesaw State,Florida International,6.22,4.9,-1.32,0.836,33.44,complete,192,158,34,4.0,26.0,45.0,0.4367827773094177,3.0,0.4856004480679985,11.019429238862358
401757286,2025,9,regular,Western Kentucky,Louisiana Tech,7.9,8.37,0.47,0.73,29.2,complete,202,190,12,5.0,27.0,28.0,0.6734030246734619,5.0,0.9576174020767212,36.24799859523773
401757287,2025,9,regular,Middle Tennessee,Delaware,7.07,6.51,-0.56,0.582,23.28,complete,189,183,6,4.0,31.0,28.0,0.7455357909202576,8.5,0.46858465671539307,13.632452666759491
401757288,2025,9,regular,Missouri State,New Mexico State,7.56,6.74,-0.82,0.864,34.56,complete,178,169,9,5.0,17.0,24.0,0.45905500650405884,2.5,0.5727598927915096,20.58313797786832
401760397,2025,9,regular,Boise State,Nevada,2.86,2.91,0.05,0.148,5.92,complete,172,152,20,4.0,3.0,24.0,0.09728355705738068,21.0,0.20648878812789917,5.731234362756368
401760398,2025,9,regular,Colorado State,Wyoming,3.85,2.39,-1.46,0.68,27.2,complete,157,149,8,4.0,28.0,0.0,0.6510321497917175,5.5,0.3789665699005127,5.2469562292099
401760399,2025,9,regular,San Diego State,Fresno State,4.52,3.08,-1.44,0.836,33.44,complete,175,160,15,4.0,0.0,23.0,0.3488633632659912,3.0,0.5235028862953186,8.603273253538646
401760400,2025,9,regular,Utah State,New Mexico,5.63,4.06,-1.57,0.836,33.44,complete,149,146,3,4.0,33.0,14.0,0.5614253878593445,3.0,0.4376114010810852,7.866897165775299
401761634,2025,9,regular,South Alabama,Georgia State,7.05,6.63,-0.42,0.68,27.2,complete,178,168,10,4.0,31.0,38.0,0.3197460174560547,6.0,0.591254472732544,19.18063568510115
401761635,2025,9,regular,App State,Old Dominion,6.07,5.66,-0.41,0.352,14.08,complete,193,183,10,4.0,24.0,21.0,0.8323421478271484,13.5,0.2634596824645996,8.581801772117615
401761636,2025,9,regular,Georgia Southern,Arkansas State,7.23,6.49,-0.74,0.946,37.84,complete,205,187,18,4.0,34.0,24.0,0.4931088089942932,1.0,0.8641620576381683,19.9726804792881
401761637,2025,9,regular,UL Monroe,Southern Miss,3.88,3.43,-0.45,0.334,13.36,complete,180,157,23,4.0,49.0,21.0,0.8296996355056763,14.0,0.3042372465133667,6.741168200969696
401761638,2025,9,regular,Louisiana,Troy,6.16,5.65,-0.51,0.63,25.2,complete,175,153,22,4.0,35.0,23.0,0.6596898436546326,7.0,0.5659977793693542,15.086253225803375
401762492,2025,9,regular,North Texas,Charlotte,2.61,3.27,0.66,0.084,3.36,complete,181,176,5,4.0,20.0,54.0,0.06342534720897675,25.5,0.2964304956549313,8.747928164055338
401762493,2025,9,regular,Florida Atlantic,Navy,5.85,5.43,-0.42,0.318,12.72,complete,185,176,9,4.0,42.0,32.0,0.8773329257965088,14.5,0.28199678659439087,6.669652283191681
401762494,2025,9,regular,South Florida,Memphis,7.86,7.6,-0.26,0.81,32.4,complete,212,198,14,4.0,34.0,31.0,0.4143676161766052,3.5,0.8582400940358639,24.1146187633276
401762495,2025,9,regular,Temple,Tulsa,8.55,8.47,-0.08,0.73,29.2,complete,188,177,11,5.0,37.0,38.0,0.3619821071624756,4.5,0.5394544489681721,32.332491386681795
401762844,2025,9,regular,Akron,Buffalo,6.01,6.47,0.46,0.49,19.6,complete,186,178,8,4.0,16.0,24.0,0.7603206634521484,10.0,0.8700654720887542,21.4368336815387
401762845,2025,9,regular,Ball State,Northern Illinois,5.47,4.63,-0.84,0.654,26.16,complete,174,155,19,4.0,21.0,7.0,0.7103009223937988,6.5,0.45079731941223145,12.32976508140564
401762846,2025,9,regular,Bowling Green,Kent State,6.78,6.78,0.0,0.604,24.16,complete,161,157,4,4.0,24.0,21.0,0.28205350041389465,7.5,0.9431265611201525,16.519471425563097
401762847,2025,9,regular,Massachusetts,Central Michigan,3.52,2.81,-0.71,0.256,10.24,complete,189,173,16,4.0,38.0,13.0,0.905793309211731,16.5,0.14747083187103271,2.7786977887153625
401762848,2025,9,regular,Ohio,Eastern Michigan,6.12,6.19,0.07,0.408,16.32,complete,184,159,25,4.0,21.0,28.0,0.18019291758537292,12.0,0.539493691874668,15.088113146368414
401762874,2025,9,regular,Western Michigan,Miami (OH),6.81,6.14,-0.67,0.864,34.56,complete,163,155,8,4.0,26.0,17.0,0.5466889142990112,2.5,0.8026763796806335,18.858541935682297
401752738,2025,8,regular,Tennessee,Alabama,5.36,4.66,-0.7,0.534,21.36,complete,180,180,0,4.0,37.0,20.0,0.7455357909202576,8.5,0.3850831389427185,10.348088383674622
401752739,2025,8,regular,Texas A&M,Arkansas,7.67,7.34,-0.33,0.63,25.2,complete,186,186,0,4.0,42.0,45.0,0.28205350041389465,7.5,0.4288149573840201,22.021317166276276
401752740,2025,8,regular,Missouri,Auburn,7.74,7.38,-0.36,0.918,36.72,complete,176,176,0,5.0,17.0,23.0,0.49929526448249817,1.5,0.8349881172180176,28.672017440199852
401752741,2025,8,regular,Mississippi State,Florida,6.76,6.88,0.12,0.512,20.48,complete,190,190,0,4.0,23.0,21.0,0.7775234580039978,9.5,0.5782458782196045,21.51537811756134
401752742,2025,8,regular,Ole Miss,Georgia,6.97,6.82,-0.15,0.604,24.16,complete,172,172,0,4.0,43.0,35.0,0.6826581358909607,7.5,0.7567774802446365,17.22251322865486
401752743,2025,8,regular,Texas,Kentucky,6.13,6.9,0.77,0.408,16.32,complete,178,178,0,5.0,13.0,16.0,0.18019291758537292,12.5,0.8134669661521912,24.86065511405468
401752744,2025,8,regular,Oklahoma,South Carolina,5.11,3.96,-1.15,0.782,31.28,complete,185,185,0,4.0,7.0,26.0,0.37758272886276245,4.5,0.44147733348654583,12.439502601977438
401752745,2025,8,regular,LSU,Vanderbilt,7.22,6.06,-1.16,0.918,36.72,complete,150,150,0,4.0,31.0,24.0,0.5089547634124756,1.5,0.5534026324748993,16.416467905044556
401752871,2025,8,regular,USC,Notre Dame,5.99,6.1,0.11,0.448,17.92,complete,192,192,0,4.0,34.0,24.0,0.778033971786499,10.5,0.4584372639656067,20.19004249572754
401752872,2025,8,regular,Nebraska,Minnesota,4.85,4.44,-0.41,0.63,25.2,complete,146,146,0,4.0,24.0,6.0,0.2910180985927582,7.0,0.7622183114290237,13.368058025836945
401752873,2025,8,regular,Washington,Michigan,5.54,4.62,-0.92,0.782,31.28,complete,155,155,0,4.0,24.0,7.0,0.5962601900100708,4.0,0.538389652967453,15.186590731143951
401752874,2025,8,regular,Purdue,Northwestern,4.81,3.14,-1.67,0.81,32.4,complete,160,160,0,4.0,19.0,0.0,0.5903517007827759,3.5,0.4089990258216858,6.153932332992554
401752875,2025,8,regular,Penn State,Iowa,7.57,7.17,-0.4,0.836,33.44,complete,155,155,0,4.0,25.0,24.0,0.5614253878593445,3.0,0.7346268892288208,25.30930206179619
401752876,2025,8,regular,Oregon,Rutgers,2.37,1.7,-0.67,0.228,9.12,complete,162,162,0,4.0,10.0,56.0,0.09077686071395874,17.5,0.16033898315799888,2.2065348324977094
401752877,2025,8,regular,Ohio State,Wisconsin,1.43,1.12,-0.31,0.092,3.68,complete,146,146,0,4.0,0.0,34.0,0.06342534720897675,24.5,0.08761803722882178,1.2838803482154617
401752878,2025,8,regular,Michigan State,Indiana,2.72,2.93,0.21,0.0680000000000001,2.72,complete,159,159,0,4.0,38.0,13.0,0.9418721795082092,26.5,0.11914443969726562,4.1373507380485535
401752879,2025,8,regular,Maryland,UCLA,7.24,7.16,-0.08,0.81,32.4,complete,182,182,0,4.0,20.0,17.0,0.5962601900100708,4.0,0.7720354199409485,31.13111573457718
401752941,2025,8,regular,Lafayette,Oregon State,2.61,2.9,0.29,0.148,5.92,complete,179,179,0,4.0,45.0,13.0,0.9118125438690186,21.0,0.30060875415802,7.7726410031318665
401752951,2025,8,regular,Washington State,Virginia,5.72,6.98,1.26,0.256,10.24,complete,172,172,0,4.0,22.0,20.0,0.9118125438690186,16.5,0.7995331287384033,25.235785245895386
401754371,2025,8,regular,North Carolina,California,6.47,6.09,-0.38,0.604,24.16,complete,176,176,0,4.0,21.0,18.0,0.7170184254646301,7.5,0.525460422039032,17.133663654327393
401754564,2025,8,regular,Louisville,Miami,6.33,6.81,0.48,0.468,18.72,complete,178,178,0,4.0,21.0,24.0,0.778033971786499,10.5,0.7188907265663147,24.110517650842667
401754565,2025,8,regular,SMU,Clemson,6.7,6.2,-0.5,0.81,32.4,complete,191,191,0,4.0,24.0,35.0,0.5903517007827759,3.5,0.6573186521418393,23.141981475055218
401754566,2025,8,regular,Georgia Tech,Duke,6.76,6.2,-0.56,0.81,32.4,complete,171,171,0,4.0,18.0,27.0,0.61585533618927,3.5,0.7419234792469069,19.86574852047488
401754567,2025,8,regular,Florida State,Stanford,4.85,6.24,1.39,0.228,9.12,complete,202,202,0,4.0,20.0,13.0,0.09077686071395874,17.5,0.905547559261322,23.378963723778725
401754568,2025,8,regular,Pittsburgh,Syracuse,4.85,4.14,-0.71,0.512,20.48,complete,183,183,0,4.0,13.0,30.0,0.21625809371471405,9.5,0.3115151998354122,10.40541308419779
401754569,2025,8,regular,UConn,Boston College,6.68,,,0.864,34.56,score_mismatch,168,168,0,4.0,26.0,38.0,,,,
401756923,2025,8,regular,Texas Tech,Arizona State,6.57,7.39,0.82,0.582,23.28,complete,194,194,0,4.0,26.0,22.0,0.3085421919822693,8.0,0.925805389881134,36.39779296517372
401756924,2025,8,regular,Utah,BYU,7.23,7.17,-0.06,0.782,31.28,complete,191,191,0,4.0,24.0,21.0,0.3297666013240814,5.5,0.761059582233429,30.129170149564743
401756925,2025,8,regular,Arizona,Houston,7.84,6.98,-0.86,0.89,35.6,complete,150,150,0,4.0,31.0,28.0,0.46434104442596436,2.0,0.7487466931343079,17.346492439508438
401756926,2025,8,regular,Cincinnati,Oklahoma State,2.46,2.52,0.06,0.098,3.92,complete,153,152,1,4.0,17.0,49.0,0.06342534720897675,23.5,0.15300441206636606,3.959668438343215
401756927,2025,8,regular,Baylor,TCU,7.72,6.97,-0.75,0.81,32.4,complete,193,191,2,4.0,42.0,36.0,0.61585533618927,3.5,0.6403475403785706,17.867254436016083
401756928,2025,8,regular,West Virginia,UCF,4.12,2.94,-1.18,0.654,26.16,complete,191,191,0,4.0,45.0,13.0,0.7056151032447815,6.5,0.34849435091018677,8.331928193569183
401757281,2025,8,regular,Florida International,Western Kentucky,4.37,4.4,0.03,0.49,19.6,complete,176,176,0,4.0,6.0,25.0,0.778033971786499,10.0,0.7920274788048118,14.020811757538468
401757282,2025,8,regular,New Mexico State,Liberty,6.75,7.12,0.37,0.468,18.72,complete,189,170,19,4.0,30.0,27.0,0.778033971786499,10.5,0.7932992577552795,19.868123084306717
401757283,2025,8,regular,Delaware,Jacksonville State,6.65,5.44,-1.21,0.836,33.44,complete,184,184,0,4.0,38.0,25.0,0.44337689876556396,3.0,0.6092302799224854,10.799694001674652
401757284,2025,8,regular,UTEP,Sam Houston,5.85,5.25,-0.6,0.81,32.4,complete,174,160,14,4.0,17.0,35.0,0.4143676161766052,3.5,0.6387460827827454,21.212824245681986
401760392,2025,8,regular,Wyoming,Air Force,7.36,,,0.782,31.28,score_mismatch,152,152,0,4.0,27.0,21.0,,,,
401760393,2025,8,regular,UNLV,Boise State,4.66,4.07,-0.59,0.37,14.8,complete,168,168,0,4.0,56.0,31.0,0.8296996355056763,13.0,0.21765762567520142,7.553382039070129
401760394,2025,8,regular,Hawai'i,Colorado State,6.47,5.68,-0.79,0.836,33.44,complete,166,166,0,4.0,19.0,31.0,0.5466889142990112,2.5,0.6367918848991394,18.46720313699916
401760395,2025,8,regular,Nevada,New Mexico,5.95,6.16,0.21,0.334,13.36,complete,164,164,0,4.0,24.0,22.0,0.8323421478271484,14.0,0.40739113092422485,16.00508689880371
401760396,2025,8,regular,San José State,Utah State,7.36,,,0.836,33.44,score_mismatch,179,179,0,4.0,33.0,31.0,,,,
401761628,2025,8,regular,Arkansas State,South Alabama,6.44,,,0.558,22.32,score_mismatch,180,171,9,4.0,14.0,18.0,,,,
401761629,2025,8,regular,Coastal Carolina,App State,6.69,7.06,0.37,0.468,18.72,complete,188,188,0,4.0,37.0,45.0,0.7603206634521484,10.5,0.9397340044379234,16.432470897212625
401761630,2025,8,regular,Georgia State,Georgia Southern,5.89,5.8,-0.09,0.654,26.16,complete,191,191,0,4.0,41.0,24.0,0.6914617419242859,6.5,0.5844268798828125,25.512886106967926
401761631,2025,8,regular,Old Dominion,James Madison,4.84,4.09,-0.75,0.836,33.44,complete,163,163,0,4.0,63.0,27.0,0.6182994246482849,3.0,0.7099848389625549,17.5375879406929
401761632,2025,8,regular,Texas State,Marshall,8.47,8.79,0.32,0.836,33.44,complete,224,224,0,6.0,40.0,37.0,0.44337689876556396,3.0,0.9482459928840399,49.32478773780167
401761633,2025,8,regular,Troy,UL Monroe,5.08,4.34,-0.74,0.756,30.24,complete,169,169,0,4.0,14.0,37.0,0.3769604563713074,4.5,0.48877930641174316,18.37150825682329
401761668,2025,8,regular,Southern Miss,Louisiana,5.98,5.32,-0.66,0.782,31.28,complete,180,180,0,4.0,10.0,22.0,0.37758272886276245,4.5,0.6533117294311523,18.078492753207684
401762486,2025,8,regular,Tulsa,East Carolina,5.09,4.66,-0.43,0.256,10.24,complete,216,216,0,4.0,41.0,27.0,0.905793309211731,16.5,0.1254589557647705,5.930640280246735
401762487,2025,8,regular,Memphis,UAB,4.93,6.59,1.66,0.106,4.24,complete,161,161,0,4.0,31.0,24.0,0.06342534720897675,23.5,0.9281826838850975,17.53776825964451
401762488,2025,8,regular,Army,Tulane,5.94,6.45,0.51,0.512,20.48,complete,165,165,0,4.0,24.0,17.0,0.778033971786499,10.0,0.8802449703216553,23.91653311252594
401762489,2025,8,regular,Temple,Charlotte,3.47,2.7,-0.77,0.512,20.48,complete,169,169,0,4.0,14.0,49.0,0.2631515860557556,9.5,0.3322696275645285,9.106308471149532
401762490,2025,8,regular,Florida Atlantic,South Florida,2.33,1.98,-0.35,0.158,6.32,complete,217,217,0,4.0,48.0,13.0,0.9118125438690186,20.5,0.09651196002960205,3.1686113476753235
401762491,2025,8,regular,UTSA,North Texas,4.1,2.98,-1.12,0.782,31.28,complete,186,186,0,4.0,55.0,17.0,0.6348350644111633,4.0,0.5484598875045776,11.358739018440247
401762838,2025,8,regular,Akron,Ball State,7.06,,,0.89,35.6,score_mismatch,187,187,0,4.0,49.0,28.0,,,,
401762839,2025,8,regular,Central Michigan,Bowling Green,5.1,4.17,-0.93,0.836,33.44,complete,155,155,0,4.0,6.0,27.0,0.5614253878593445,3.0,0.7124398967134766,14.059970366652124
401762840,2025,8,regular,Buffalo,Massachusetts,5.57,7.04,1.47,0.256,10.24,complete,187,186,1,4.0,21.0,28.0,0.08706808090209961,16.5,0.7474456559866667,32.10618495941162
401762841,2025,8,regular,Eastern Michigan,Miami (OH),5.62,4.87,-0.75,0.388,15.52,complete,174,174,0,4.0,44.0,30.0,0.8207323551177979,12.5,0.2299361228942871,5.958534777164459
401762842,2025,8,regular,Kent State,Toledo,1.93,2.34,0.41,0.0840000000000001,3.36,complete,158,158,0,4.0,45.0,10.0,0.9418721795082092,25.5,0.2607027292251587,5.850840628147125
401762843,2025,8,regular,Northern Illinois,Ohio,4.36,3.45,-0.91,0.468,18.72,complete,177,177,0,4.0,48.0,21.0,0.778033971786499,10.5,0.28843605518341064,6.21486759185791
401752731,2025,7,regular,Georgia,Auburn,5.96,5.48,-0.48,0.756,30.24,complete,176,176,0,4.0,10.0,20.0,0.3680088222026825,4.5,0.8318073749542236,16.822973472066224
401752732,2025,7,regular,South Carolina,LSU,5.67,5.16,-0.51,0.582,23.28,complete,179,179,0,4.0,20.0,10.0,0.708073079586029,8.5,0.40731149911880493,15.793108701705933
401752733,2025,7,regular,Washington State,Ole Miss,4.71,5.84,1.13,0.022,0.880000000000001,complete,170,170,0,4.0,24.0,21.0,0.9503301382064819,33.0,0.2721298933029175,10.05269730091095
401752734,2025,7,regular,Alabama,Missouri,7.4,6.63,-0.77,0.836,33.44,complete,168,168,0,4.0,24.0,27.0,0.42533189058303833,3.0,0.6118779182434082,19.427552331238985
401752735,2025,7,regular,Arkansas,Tennessee,7.12,7.09,-0.03,0.49,19.6,complete,194,194,0,4.0,34.0,31.0,0.778033971786499,10.0,0.46399372816085815,19.349196195602417
401752736,2025,7,regular,Oklahoma,Texas,5.49,4.56,-0.93,0.864,34.56,complete,167,167,0,4.0,23.0,6.0,0.5930638909339905,2.5,0.6650059223175049,16.17918562889099
401752737,2025,7,regular,Florida,Texas A&M,5.42,4.66,-0.76,0.63,25.2,complete,161,161,0,4.0,34.0,17.0,0.7080364227294922,7.0,0.47253620624542236,12.136398434638977
401752862,2025,7,regular,Rutgers,Washington,5.25,5.18,-0.07,0.512,20.48,complete,173,173,0,4.0,38.0,19.0,0.7775234580039978,9.5,0.5732492208480835,17.475109100341797
401752863,2025,7,regular,UCLA,Michigan State,4.56,,,0.63,25.2,score_mismatch,151,151,0,4.0,19.0,38.0,,,,
401752864,2025,7,regular,Purdue,Minnesota,6.5,6.59,0.09,0.63,25.2,complete,192,192,0,4.0,27.0,20.0,0.7170184254646301,7.5,0.8081321120262146,23.0119049847126
401752865,2025,7,regular,Ohio State,Illinois,4.27,3.54,-0.73,0.3,12.0,complete,176,176,0,4.0,16.0,34.0,0.17708110809326172,15.0,0.17662155628204346,3.7913872259669006
401752866,2025,7,regular,Northwestern,Penn State,5.56,6.84,1.28,0.158,6.32,complete,142,142,0,4.0,21.0,22.0,0.9081499576568604,20.5,0.9035419225692749,14.875873982906342
401752867,2025,7,regular,Nebraska,Maryland,7.45,7.86,0.41,0.63,25.2,complete,178,178,0,4.0,31.0,34.0,0.3511054515838623,7.0,0.8466126918792725,30.427953705191612
401752868,2025,7,regular,Michigan,USC,5.76,4.3,-1.46,0.836,33.44,complete,151,151,0,4.0,31.0,13.0,0.5614253878593445,3.0,0.43773162364959717,9.578002214431763
401752869,2025,7,regular,Iowa,Wisconsin,3.12,1.49,-1.63,0.73,29.2,complete,146,146,0,4.0,0.0,37.0,0.37182188034057617,5.0,0.3987009392003529,4.441968595448998
401752870,2025,7,regular,Indiana,Oregon,6.16,6.1,-0.06,0.654,26.16,complete,181,181,0,4.0,20.0,30.0,0.6553196310997009,7.0,0.7524547576904297,22.103786206804216
401754558,2025,7,regular,Clemson,Boston College,3.16,2.32,-0.84,0.334,13.36,complete,157,157,0,4.0,10.0,41.0,0.17183709144592285,14.0,0.18926221132278442,3.646906539419433
401754559,2025,7,regular,Pittsburgh,Florida State,6.97,7.58,0.61,0.468,18.72,complete,176,176,0,4.0,31.0,34.0,0.778033971786499,10.5,0.8837927058339119,23.343221675604582
401754560,2025,7,regular,Virginia Tech,Georgia Tech,4.96,4.2,-0.76,0.334,13.36,complete,160,160,0,4.0,35.0,20.0,0.8383383750915527,14.0,0.1859835982322693,4.449700176715851
401754561,2025,7,regular,Stanford,SMU,3.18,2.83,-0.35,0.178,7.12,complete,170,170,0,4.0,34.0,10.0,0.9118125438690186,19.5,0.11799013614654541,3.708285927772522
401754562,2025,7,regular,NC State,Notre Dame,2.35,2.55,0.2,0.106,4.24,complete,186,186,0,4.0,36.0,7.0,0.9445537328720093,23.5,0.1518058180809021,5.9869495034217834
401754563,2025,7,regular,Wake Forest,Oregon State,5.36,3.51,-1.85,0.918,36.72,complete,181,181,0,4.0,14.0,39.0,0.47219187021255493,1.5,0.4719310998916626,6.250046568806283
401756916,2025,7,regular,BYU,Arizona,7.93,7.57,-0.36,0.864,34.56,complete,172,172,0,6.0,27.0,33.0,0.45905500650405884,2.5,0.8917407691478729,23.96424823999405
401756917,2025,7,regular,UCF,Cincinnati,5.31,4.35,-0.96,0.468,18.72,complete,181,181,0,4.0,20.0,11.0,0.7603206634521484,10.5,0.3112197518348694,5.242845892906189
401756918,2025,7,regular,Iowa State,Colorado,6.99,6.58,-0.41,0.836,33.44,complete,177,177,0,4.0,24.0,17.0,0.44337689876556396,3.0,0.7071283459663391,25.61393666267395
401756919,2025,7,regular,TCU,Kansas State,6.74,5.98,-0.76,0.836,33.44,complete,182,182,0,4.0,41.0,28.0,0.4167768657207489,3.0,0.7787533849477768,15.96672773361206
401756920,2025,7,regular,Houston,Oklahoma State,4.08,3.68,-0.4,0.318,12.72,complete,171,171,0,4.0,17.0,39.0,0.12432023137807846,14.5,0.28373736012144946,6.961187282868195
401756921,2025,7,regular,Kansas,Texas Tech,4.06,3.41,-0.65,0.352,14.08,complete,192,192,0,4.0,42.0,17.0,0.8296996355056763,13.5,0.2277737259864807,5.846255838871002
401756922,2025,7,regular,Arizona State,Utah,3.55,2.5,-1.05,0.512,20.48,complete,158,158,0,4.0,42.0,10.0,0.734682023525238,9.5,0.2753986120223999,6.107802510261536
401757277,2025,7,regular,Liberty,UTEP,6.01,4.46,-1.55,0.89,35.6,complete,178,178,0,4.0,8.0,19.0,0.49929526448249817,1.5,0.5129004120826721,9.007056124508381
401757278,2025,7,regular,Missouri State,Middle Tennessee,7.39,,,0.836,33.44,score_mismatch,163,162,1,4.0,27.0,25.0,,,,
401757279,2025,7,regular,Jacksonville State,Sam Houston,7.33,7.76,0.43,0.63,25.2,complete,176,176,0,4.0,27.0,29.0,0.2910180985927582,7.0,0.8519930243492126,30.82551945745945
401757280,2025,7,regular,Louisiana Tech,Kennesaw State,4.52,3.84,-0.68,0.756,30.24,complete,173,173,0,4.0,35.0,7.0,0.3680088222026825,4.5,0.8559251427650452,12.415375500917435
401760386,2025,7,regular,Air Force,UNLV,7.89,8.62,0.73,0.63,25.2,complete,186,186,0,4.0,51.0,48.0,0.6619706153869629,7.0,0.8931902050971985,38.301444947719574
401760387,2025,7,regular,New Mexico,Boise State,4.93,5.18,0.25,0.318,12.72,complete,181,181,0,4.0,41.0,25.0,0.8773329257965088,14.5,0.42522042989730835,15.561412990093231
401760388,2025,7,regular,Fresno State,Colorado State,4.87,4.16,-0.71,0.68,27.2,complete,175,175,0,4.0,49.0,21.0,0.35299748182296753,5.5,0.71403968334198,11.120316565036774
401760389,2025,7,regular,Utah State,Hawai'i,6.48,5.97,-0.51,0.89,35.6,complete,195,195,0,4.0,44.0,26.0,0.49929526448249817,1.5,0.7714995294809341,24.89359223842621
401760390,2025,7,regular,San Diego State,Nevada,3.73,2.02,-1.71,0.654,26.16,complete,152,152,0,4.0,10.0,44.0,0.2934347689151764,6.5,0.30951488863502163,2.768350788508542
401760391,2025,7,regular,San José State,Wyoming,7.63,7.01,-0.62,0.918,36.72,complete,200,200,0,4.0,35.0,28.0,0.4732968211174011,1.5,0.9652763605117798,19.188560605049133
401761622,2025,7,regular,Southern Miss,Georgia Southern,7.96,7.02,-0.94,0.836,33.44,complete,210,210,0,4.0,35.0,38.0,0.42533189058303833,3.0,0.6379850506782532,15.203797817230225
401761623,2025,7,regular,UL Monroe,Coastal Carolina,5.63,4.49,-1.14,0.836,33.44,complete,163,163,0,4.0,23.0,8.0,0.4167768657207489,3.0,0.5891469717025757,12.321364283561707
401761624,2025,7,regular,App State,Georgia State,5.78,4.34,-1.44,0.836,33.44,complete,195,195,0,4.0,20.0,41.0,0.44337689876556396,3.0,0.5428106188774109,8.236246219836175
401761625,2025,7,regular,Louisiana,James Madison,4.82,5.47,0.65,0.202,8.08,complete,184,184,0,4.0,24.0,14.0,0.9081499576568604,18.5,0.4725937843322754,14.478004574775696
401761626,2025,7,regular,Old Dominion,Marshall,4.3,5.09,0.79,0.318,12.72,complete,179,177,2,4.0,48.0,24.0,0.1209629699587822,14.5,0.9193364977836609,16.374538771808147
401761627,2025,7,regular,Troy,Texas State,7.58,7.95,0.37,0.604,24.16,complete,189,189,0,5.0,41.0,48.0,0.6890318989753723,7.5,0.9327186942100525,25.16844269633293
401762480,2025,7,regular,East Carolina,Tulane,6.52,6.29,-0.23,0.63,25.2,complete,186,186,0,4.0,26.0,19.0,0.7080364227294922,7.0,0.6097262501716614,20.154545485973358
401762481,2025,7,regular,South Florida,North Texas,6.14,5.62,-0.52,0.864,34.56,complete,198,198,0,4.0,36.0,63.0,0.5466889142990112,2.5,0.883889377117157,20.44021781021729
401762482,2025,7,regular,UAB,Florida Atlantic,6.13,4.53,-1.6,0.756,30.24,complete,183,183,0,4.0,53.0,33.0,0.6353842616081238,4.5,0.3900321125984192,5.652783930301666
401762483,2025,7,regular,Charlotte,Army,3.63,3.05,-0.58,0.228,9.12,complete,146,146,0,4.0,24.0,7.0,0.907099187374115,17.5,0.17229878902435303,2.870792031288147
401762484,2025,7,regular,Navy,Temple,7.14,8.01,0.87,0.49,19.6,complete,164,164,0,4.0,31.0,32.0,0.22059977054595947,10.0,0.9403057731688023,29.994836632162333
401762485,2025,7,regular,Rice,UTSA,3.2,1.81,-1.39,0.512,20.48,complete,169,169,0,4.0,61.0,13.0,0.734682023525238,9.5,0.2652456760406494,2.683692693710327
401762833,2025,7,regular,Miami (OH),Akron,4.61,4.23,-0.38,0.408,16.32,complete,161,161,0,4.0,7.0,20.0,0.20627665519714355,11.5,0.35081982612609863,10.311208939179778
401762834,2025,7,regular,Ball State,Western Michigan,2.53,1.39,-1.14,0.512,20.48,complete,155,155,0,4.0,42.0,0.0,0.7802066802978516,9.5,0.3525317907333374,4.181499183177948
401762835,2025,7,regular,Toledo,Bowling Green,6.28,6.56,0.28,0.448,17.92,complete,170,170,0,4.0,28.0,23.0,0.24468624591827393,10.5,0.9674504995346069,13.054350920021534
401762836,2025,7,regular,Northern Illinois,Eastern Michigan,6.77,6.27,-0.5,0.918,36.72,complete,183,183,0,4.0,16.0,10.0,0.49929526448249817,1.5,0.6841896772384644,29.0197134912014
401762837,2025,7,regular,Massachusetts,Kent State,4.09,2.18,-1.91,0.946,37.84,complete,182,180,2,4.0,42.0,6.0,0.5519636869430542,1.5,0.4479210376739502,6.617346167564392
401752726,2025,6,regular,Vanderbilt,Alabama,4.86,4.95,0.09,0.352,14.08,complete,156,156,0,4.0,30.0,14.0,0.8323421478271484,13.5,0.4577651619911194,13.710687816143036
401752727,2025,6,regular,Texas,Florida,6.75,5.92,-0.83,0.756,30.24,complete,167,167,0,4.0,29.0,21.0,0.36345142126083374,4.5,0.6354497075080872,13.747787863016129
401752728,2025,6,regular,Kentucky,Georgia,3.57,3.04,-0.53,0.168,6.72,complete,166,166,0,4.0,35.0,14.0,0.9118125438690186,19.5,0.0880272388458252,2.0753507018089294
401752729,2025,6,regular,Kent State,Oklahoma,0.31,0.43,0.12,0.002,0.0800000000000001,complete,156,156,0,4.0,44.0,0.0,0.9813097715377808,46.5,0.018642425537109375,0.29824650287628174
401752730,2025,6,regular,Mississippi State,Texas A&M,3.58,,,0.228,9.12,score_mismatch,160,160,0,4.0,34.0,9.0,,,,
401752855,2025,6,regular,Penn State,UCLA,5.5,7.81,2.31,0.092,3.68,complete,163,161,2,4.0,42.0,37.0,0.06342534720897675,24.5,0.901700809597969,32.74632181972265
401752856,2025,6,regular,Wisconsin,Michigan,4.18,4.13,-0.05,0.242,9.68,complete,150,150,0,4.0,24.0,10.0,0.905793309211731,17.5,0.2527017593383789,8.859129011631012
401752857,2025,6,regular,Washington,Maryland,6.9,6.71,-0.19,0.704,28.16,complete,180,180,0,4.0,20.0,24.0,0.3523927927017212,5.5,0.9399834275245667,17.957781821489334
401752858,2025,6,regular,UL Monroe,Northwestern,2.83,2.31,-0.52,0.388,15.52,complete,150,150,0,4.0,42.0,7.0,0.8207323551177979,12.5,0.3776403069496155,6.9671847224235535
401752859,2025,6,regular,Minnesota,Ohio State,1.22,0.98,-0.24,0.106,4.24,complete,142,142,0,4.0,42.0,3.0,0.9418721795082092,23.5,0.11679261922836304,2.0659684538841248
401752860,2025,6,regular,Michigan State,Nebraska,5.74,6.06,0.32,0.352,14.08,complete,160,160,0,4.0,38.0,27.0,0.8207323551177979,12.5,0.6663352251052856,14.123188972473145
401752861,2025,6,regular,Illinois,Purdue,6.08,5.41,-0.67,0.63,25.2,complete,183,183,0,4.0,27.0,43.0,0.2910180985927582,7.0,0.5006236573681235,13.20056246581953
401752940,2025,6,regular,Oregon State,App State,7.45,6.69,-0.76,0.89,35.6,complete,188,188,0,4.0,27.0,23.0,0.5767250061035156,2.0,0.4367939233779907,26.899030208587646
401754550,2025,6,regular,Boston College,Pittsburgh,3.26,1.81,-1.45,0.654,26.16,complete,179,179,0,4.0,48.0,7.0,0.7056151032447815,6.5,0.33277660608291626,5.0552045702934265
401754551,2025,6,regular,Duke,California,5.65,4.88,-0.77,0.81,32.4,complete,164,164,0,4.0,21.0,45.0,0.3880820572376251,3.5,0.7998164296150208,14.217494234559126
401754552,2025,6,regular,Clemson,North Carolina,3.32,2.34,-0.98,0.318,12.72,complete,171,171,0,4.0,10.0,38.0,0.17708110809326172,15.5,0.17690664529800415,2.096567837143084
401754553,2025,6,regular,Miami,Florida State,7.02,5.66,-1.36,0.81,32.4,complete,181,181,0,4.0,22.0,28.0,0.3880820572376251,3.5,0.5121396780014038,8.92981895012781
401754554,2025,6,regular,Virginia,Louisville,7.48,7.93,0.45,0.654,26.16,complete,178,178,0,5.0,27.0,30.0,0.7056151032447815,6.5,0.8133246153593063,34.22403460741043
401754555,2025,6,regular,Syracuse,SMU,4.67,4.21,-0.46,0.228,9.12,complete,179,179,0,4.0,31.0,18.0,0.9179843664169312,17.5,0.1979244351387024,3.7469542622566223
401754556,2025,6,regular,Wake Forest,Virginia Tech,6.65,6.56,-0.09,0.68,27.2,complete,184,184,0,4.0,23.0,30.0,0.6353842616081238,4.5,0.740225076675415,23.49546940624714
401754557,2025,6,regular,Campbell,NC State,1.01,1.15,0.14,0.004,0.16,complete,159,159,0,4.0,56.0,10.0,0.9503301382064819,42.5,0.04962468147277832,0.42300188541412354
401756909,2025,6,regular,West Virginia,BYU,4.6,4.2,-0.4,0.168,6.72,complete,180,180,0,4.0,38.0,24.0,0.9081499576568604,19.5,0.11716628074645996,2.943817377090454
401756910,2025,6,regular,Oklahoma State,Arizona,2.79,2.42,-0.37,0.138,5.52,complete,174,174,0,4.0,41.0,13.0,0.946466863155365,21.5,0.08439463376998901,2.3627575039863586
401756911,2025,6,regular,Kansas State,Baylor,8.1,8.48,0.38,0.73,29.2,complete,183,183,0,4.0,35.0,34.0,0.6353842616081238,4.5,0.869695246219635,36.098593428730965
401756912,2025,6,regular,Iowa State,Cincinnati,7.45,6.15,-1.3,0.89,35.6,complete,187,187,0,4.0,38.0,30.0,0.5354297161102295,1.5,0.49524277448654175,13.482430398464203
401756913,2025,6,regular,Texas Tech,Houston,3.87,3.06,-0.81,0.37,14.8,complete,192,192,0,4.0,11.0,35.0,0.1666662096977234,13.0,0.18657279014587402,5.059888728952501
401756914,2025,6,regular,Colorado,TCU,5.13,5.87,0.74,0.352,14.08,complete,176,176,0,4.0,35.0,21.0,0.8323421478271484,13.5,0.6121118366718292,24.709968328475952
401756915,2025,6,regular,Kansas,UCF,6.83,6.39,-0.44,0.782,31.28,complete,180,180,0,4.0,20.0,27.0,0.40804117918014526,4.0,0.7682513371109962,20.179471297189593
401757165,2025,6,regular,Boise State,Notre Dame,3.15,3.22,0.07,0.138,5.52,complete,178,178,0,4.0,28.0,7.0,0.946466863155365,21.5,0.1404079794883728,6.354968428611755
401757171,2025,6,regular,Florida International,UConn,3.42,1.98,-1.44,0.63,25.2,complete,181,181,0,4.0,51.0,10.0,0.7126994132995605,7.0,0.3160044550895691,4.738059461116791
401757275,2025,6,regular,Sam Houston,New Mexico State,4.86,3.74,-1.12,0.89,35.6,complete,150,150,0,4.0,37.0,10.0,0.46434104442596436,2.0,0.6320309042930603,14.22384649515152
401757276,2025,6,regular,Western Kentucky,Delaware,7.5,7.09,-0.41,0.836,33.44,complete,171,171,0,4.0,24.0,27.0,0.5466889142990112,2.5,0.725242555141449,25.151571437716484
401760381,2025,6,regular,Air Force,Navy,6.59,6.81,0.22,0.352,14.08,complete,156,156,0,4.0,34.0,31.0,0.8383383750915527,13.5,0.3565988540649414,18.582610547542572
401760382,2025,6,regular,Colorado State,San Diego State,5.76,4.35,-1.41,0.756,30.24,complete,165,165,0,4.0,45.0,24.0,0.6353842616081238,4.5,0.4464151859283447,7.3326756954193115
401760383,2025,6,regular,Nevada,Fresno State,6.08,5.7,-0.38,0.428,17.12,complete,155,155,0,4.0,20.0,17.0,0.8094778656959534,12.5,0.3158620595932007,11.929335474967957
401760384,2025,6,regular,New Mexico,San José State,7.48,6.05,-1.43,0.89,35.6,complete,183,183,0,4.0,35.0,28.0,0.5418886542320251,2.0,0.45093780755996704,11.964057505130768
401760385,2025,6,regular,UNLV,Wyoming,5.98,4.57,-1.41,0.782,31.28,complete,169,169,0,4.0,17.0,31.0,0.37758272886276245,4.5,0.4620746672153473,7.906230046413839
401761618,2025,6,regular,James Madison,Georgia State,4.39,5.08,0.69,0.168,6.72,complete,163,163,0,4.0,7.0,14.0,0.09097355604171753,19.5,0.4727024435997009,12.706784706562757
401761619,2025,6,regular,Coastal Carolina,Old Dominion,1.79,1.19,-0.6,0.168,6.72,complete,182,182,0,4.0,47.0,7.0,0.9154253005981445,18.5,0.09285414218902588,1.5592251420021057
401761620,2025,6,regular,Texas State,Arkansas State,6.58,,,0.334,13.36,score_mismatch,177,177,0,4.0,31.0,36.0,,,,
401761621,2025,6,regular,South Alabama,Troy,7.63,,,0.864,34.56,score_mismatch,173,173,0,5.0,32.0,24.0,,,,
401762475,2025,6,regular,Charlotte,South Florida,2.96,2.74,-0.22,0.054,2.16,complete,202,202,0,4.0,54.0,26.0,0.9503301382064819,28.0,0.04960620403289795,0.8486968874931335
401762476,2025,6,regular,Army,UAB,5.2,4.32,-0.88,0.654,26.16,complete,165,165,0,4.0,13.0,31.0,0.3033432066440582,6.5,0.42870753633906133,11.974062263732776
401762477,2025,6,regular,Florida Atlantic,Rice,6.76,6.3,-0.46,0.73,29.2,complete,167,167,0,4.0,21.0,27.0,0.6268573999404907,4.5,0.7878075242042542,16.751887619495392
401762478,2025,6,regular,Tulsa,Memphis,1.78,1.43,-0.35,0.148,5.92,complete,163,163,0,4.0,45.0,7.0,0.9081499576568604,21.0,0.094363272190094,2.8066046237945557
401762479,2025,6,regular,UTSA,Temple,6.65,6.67,0.02,0.654,26.16,complete,166,166,0,4.0,27.0,21.0,0.36760038137435913,6.5,0.8974370062351227,20.652830466628075
401762829,2025,6,regular,Central Michigan,Akron,6.65,,,0.604,24.16,score_mismatch,168,166,2,4.0,35.0,25.0,,,,
401762830,2025,6,regular,Ohio,Ball State,5.44,6.55,1.11,0.334,13.36,complete,182,182,0,4.0,20.0,14.0,0.1666662096977234,14.0,0.9550737142562866,24.00376145914197
401762831,2025,6,regular,Eastern Michigan,Buffalo,7.26,,,0.512,20.48,score_mismatch,190,189,1,5.0,31.0,24.0,,,,
401762832,2025,6,regular,Western Michigan,Massachusetts,4.12,3.66,-0.46,0.408,16.32,complete,168,168,0,4.0,3.0,21.0,0.18019291758537292,12.5,0.3601599335670471,9.034715082496405
401762873,2025,6,regular,Miami (OH),Northern Illinois,6.05,5.59,-0.46,0.73,29.2,complete,182,182,0,4.0,14.0,25.0,0.37758272886276245,4.5,0.7133243083953857,18.207111263647676
401752717,2025,5,regular,Notre Dame,Arkansas,3.86,2.41,-1.45,0.73,29.2,complete,163,163,0,4.0,13.0,56.0,0.3297666013240814,5.5,0.4467533826828003,5.992721048591193
401752718,2025,5,regular,Alabama,Georgia,7.41,6.67,-0.74,0.89,35.6,complete,164,164,0,4.0,21.0,24.0,0.5466889142990112,2.5,0.6029114723205566,23.250253200531006
401752719,2025,5,regular,LSU,Ole Miss,7.18,6.52,-0.66,0.864,34.56,complete,187,187,0,4.0,24.0,19.0,0.5466889142990112,2.5,0.6691188812255859,22.19586604833603
401752720,2025,5,regular,Tennessee,Mississippi State,7.61,8.14,0.53,0.604,24.16,complete,190,190,0,5.0,34.0,41.0,0.28205350041389465,7.5,0.8440311551094055,31.796119302511215
401752721,2025,5,regular,Massachusetts,Missouri,0.88,1.1,0.22,0.002,0.0800000000000001,complete,170,170,0,4.0,42.0,6.0,0.9781081676483154,44.5,0.024257957935333252,0.6123791933059692
401752722,2025,5,regular,Kentucky,South Carolina,5.13,4.25,-0.88,0.73,29.2,complete,164,164,0,4.0,35.0,13.0,0.673456072807312,5.5,0.5374157428741455,13.493673861026764
401752724,2025,5,regular,Auburn,Texas A&M,5.98,,,0.654,26.16,score_mismatch,171,171,0,4.0,19.0,10.0,,,,
401752725,2025,5,regular,Utah State,Vanderbilt,4.24,4.46,0.22,0.112,4.48,complete,163,163,0,4.0,55.0,35.0,0.9418721795082092,23.5,0.23772704601287842,5.525342345237732
401752849,2025,5,regular,Rutgers,Minnesota,7.63,7.44,-0.19,0.782,31.28,complete,161,161,0,4.0,31.0,28.0,0.61585533618927,3.5,0.7229527533054352,27.80863046646118
401752850,2025,5,regular,USC,Illinois,7.47,7.49,0.02,0.654,26.16,complete,175,175,0,4.0,34.0,32.0,0.36760038137435913,6.5,0.7060732245445251,25.409924626350403
401752851,2025,5,regular,UCLA,Northwestern,6.48,5.45,-1.03,0.68,27.2,complete,141,108,33,4.0,17.0,14.0,0.6834249496459961,6.0,0.36522412300109863,11.665135264396667
401752852,2025,5,regular,Ohio State,Washington,4.49,3.85,-0.64,0.534,21.36,complete,145,145,0,4.0,6.0,24.0,0.2204422801733017,9.5,0.49021928216097876,9.673683164059184
401752853,2025,5,regular,Indiana,Iowa,6.17,6.64,0.47,0.512,20.48,complete,166,166,0,4.0,15.0,20.0,0.2204422801733017,9.5,0.7987212538719177,25.04536185413599
401752854,2025,5,regular,Oregon,Penn State,7.46,7.83,0.37,0.782,31.28,complete,280,280,0,6.0,24.0,30.0,0.6348350644111633,4.0,0.9380336999893188,37.51738668233156
401752939,2025,5,regular,Houston,Oregon State,6.69,,,0.388,15.52,score_mismatch,178,177,1,5.0,25.0,27.0,,,,
401752950,2025,5,regular,Washington State,Colorado State,5.0,4.23,-0.77,0.756,30.24,complete,173,173,0,4.0,3.0,20.0,0.627476692199707,4.5,0.7259998321533203,13.051341317594051
401754543,2025,5,regular,Florida State,Virginia,7.57,8.35,0.78,0.63,25.2,complete,194,194,0,6.0,46.0,38.0,0.2910180985927582,7.0,0.9336520973592997,39.03305230848491
401754544,2025,5,regular,California,Boston College,7.08,7.21,0.13,0.68,27.2,complete,166,166,0,4.0,24.0,28.0,0.6354364156723022,6.0,0.7636042833328247,28.385256439447403
401754545,2025,5,regular,Duke,Syracuse,3.67,2.36,-1.31,0.756,30.24,complete,165,165,0,4.0,3.0,38.0,0.3733336329460144,4.0,0.46431705993018113,8.635588486446068
401754546,2025,5,regular,Georgia Tech,Wake Forest,7.08,8.27,1.19,0.37,14.8,complete,205,205,0,5.0,29.0,30.0,0.1666662096977234,13.0,0.8502257619984448,31.818827854003757
401754547,2025,5,regular,Louisville,Pittsburgh,7.33,7.11,-0.22,0.836,33.44,complete,190,190,0,4.0,27.0,34.0,0.4167768657207489,3.0,0.9153388142585754,25.22607896104455
401754548,2025,5,regular,Virginia Tech,NC State,6.58,6.98,0.4,0.49,19.6,complete,167,167,0,4.0,21.0,23.0,0.7819233536720276,10.0,0.8122826218605042,21.450673401355743
401754549,2025,5,regular,San José State,Stanford,7.99,8.0,0.01,0.836,33.44,complete,203,203,0,4.0,30.0,29.0,0.5680034756660461,3.0,0.8310863971710205,34.06656977534294
401756902,2025,5,regular,TCU,Arizona State,7.59,7.57,-0.02,0.836,33.44,complete,187,187,0,4.0,27.0,24.0,0.5614253878593445,3.0,0.892314612865448,31.266201302409172
401756903,2025,5,regular,BYU,Colorado,6.92,6.68,-0.24,0.654,26.16,complete,156,156,0,4.0,21.0,24.0,0.2934347689151764,6.5,0.6989519000053406,19.191882073879242
401756904,2025,5,regular,Arizona,Iowa State,5.13,3.5,-1.63,0.81,32.4,complete,182,182,0,4.0,39.0,14.0,0.6317555904388428,4.0,0.4618188738822937,6.074217200279236
401756905,2025,5,regular,Cincinnati,Kansas,7.55,7.84,0.29,0.704,28.16,complete,186,186,0,4.0,34.0,37.0,0.673456072807312,5.5,0.8431383073329926,32.257856860756874
401756906,2025,5,regular,UCF,Kansas State,6.0,,,0.68,27.2,score_mismatch,160,160,0,4.0,37.0,23.0,,,,
401756907,2025,5,regular,Baylor,Oklahoma State,4.33,4.39,0.06,0.148,5.92,complete,190,189,1,4.0,27.0,45.0,0.09728355705738068,21.0,0.1421385407447815,6.723532839678228
401756908,2025,5,regular,Utah,West Virginia,3.14,2.24,-0.9,0.352,14.08,complete,170,170,0,4.0,14.0,48.0,0.17160388827323914,13.5,0.19854108474828536,3.4321407236420782
401757170,2025,5,regular,UConn,Buffalo,7.0,,,0.836,33.44,score_mismatch,162,162,0,4.0,17.0,23.0,,,,
401757269,2025,5,regular,Jacksonville State,Southern Miss,6.14,4.72,-1.42,0.756,30.24,complete,203,203,0,4.0,42.0,25.0,0.6268573999404907,4.5,0.4044143557548523,7.842992901802063
401757270,2025,5,regular,Middle Tennessee,Kennesaw State,6.14,5.12,-1.02,0.63,25.2,complete,166,166,0,4.0,24.0,16.0,0.7126994132995605,7.0,0.29995661973953247,10.7501722574234
401757271,2025,5,regular,Liberty,Old Dominion,4.33,4.0,-0.33,0.318,12.72,complete,163,163,0,4.0,21.0,7.0,0.8795624375343323,14.5,0.22960823774337769,8.752525687217712
401757272,2025,5,regular,Louisiana Tech,UTEP,5.39,4.38,-1.01,0.81,32.4,complete,185,185,0,4.0,11.0,30.0,0.3880820572376251,3.5,0.4992593714268878,15.376089469762519
401757273,2025,5,regular,Western Kentucky,Missouri State,7.12,6.59,-0.53,0.81,32.4,complete,186,186,0,4.0,22.0,27.0,0.41372501850128174,3.5,0.6134082674980164,23.3954044431448
401757274,2025,5,regular,New Mexico State,New Mexico,4.51,4.86,0.35,0.256,10.24,complete,181,181,0,4.0,38.0,20.0,0.905793309211731,16.5,0.37320393323898315,14.370066821575165
401760378,2025,5,regular,Hawai'i,Air Force,6.93,6.81,-0.12,0.63,25.2,complete,163,163,0,4.0,35.0,44.0,0.7080364227294922,7.0,0.7135516572743654,20.46648167539388
401760379,2025,5,regular,App State,Boise State,2.89,2.22,-0.67,0.256,10.24,complete,178,178,0,4.0,47.0,14.0,0.9118125438690186,16.5,0.1440412998199463,3.1935566663742065
401760380,2025,5,regular,San Diego State,Northern Illinois,4.34,3.86,-0.48,0.89,35.6,complete,177,177,0,4.0,3.0,6.0,0.49929526448249817,1.5,0.6091421246528625,29.853311151266098
401761614,2025,5,regular,Georgia Southern,James Madison,3.52,2.77,-0.75,0.3,12.0,complete,162,162,0,4.0,35.0,10.0,0.8773329257965088,15.0,0.19217753410339355,3.4031324982643127
401761615,2025,5,regular,Marshall,Louisiana,8.63,8.59,-0.04,0.864,34.56,complete,182,180,2,6.0,54.0,51.0,0.4151776432991028,2.5,0.9428378725424409,31.21309263817966
401761616,2025,5,regular,Arkansas State,UL Monroe,6.61,,,0.918,36.72,score_mismatch,160,160,0,4.0,28.0,19.0,,,,
401761617,2025,5,regular,South Alabama,North Texas,5.24,5.16,-0.08,0.37,14.8,complete,183,183,0,4.0,36.0,22.0,0.8296996355056763,13.0,0.36063534021377563,13.630107045173645
401762471,2025,5,regular,Army,East Carolina,4.97,3.38,-1.59,0.81,32.4,complete,158,157,1,4.0,28.0,6.0,0.5903517007827759,3.5,0.4348205327987671,6.953922152519226
401762472,2025,5,regular,Memphis,Florida Atlantic,3.96,4.03,0.07,0.334,13.36,complete,185,185,0,4.0,26.0,55.0,0.17183709144592285,14.0,0.39767548376403283,13.48448822957289
401762473,2025,5,regular,Rice,Navy,5.11,4.28,-0.83,0.334,13.36,complete,160,160,0,4.0,21.0,13.0,0.8323421478271484,14.0,0.16474860906600952,3.9359872341156006
401762474,2025,5,regular,Tulane,Tulsa,4.49,4.19,-0.3,0.318,12.72,complete,195,195,0,4.0,14.0,31.0,0.17708110809326172,14.5,0.2844724655151367,8.33774347580038
401762824,2025,5,regular,Akron,Toledo,1.51,0.81,-0.7,0.148,5.92,complete,153,153,0,4.0,45.0,3.0,0.9179843664169312,21.5,0.08195751905441284,0.6949427723884583
401762825,2025,5,regular,Bowling Green,Ohio,5.71,5.08,-0.63,0.582,23.28,complete,172,172,0,4.0,35.0,20.0,0.7198894023895264,7.5,0.3639611005783081,14.389234364032745
401762826,2025,5,regular,Eastern Michigan,Central Michigan,6.23,4.85,-1.38,0.836,33.44,complete,167,167,0,4.0,24.0,13.0,0.5614253878593445,3.0,0.4360017776489258,10.81812447309494
401762827,2025,5,regular,Lindenwood,Miami (OH),1.31,0.93,-0.38,0.13,5.2,complete,167,167,0,4.0,38.0,0.0,0.9513352513313293,22.5,0.07679575681686401,2.1358938813209534
401762828,2025,5,regular,Rhode Island,Western Michigan,3.96,2.98,-0.98,0.604,24.16,complete,163,163,0,4.0,47.0,14.0,0.7170184254646301,7.5,0.5041325688362122,7.256763994693756
401752708,2025,4,regular,Arkansas,Memphis,7.73,7.97,0.24,0.63,25.2,complete,178,178,0,4.0,32.0,31.0,0.3511054515838623,7.0,0.8946990445256233,24.554490707814693
401752709,2025,4,regular,Florida,Miami,4.47,3.42,-1.05,0.558,22.32,complete,166,166,0,4.0,26.0,7.0,0.7455357909202576,8.5,0.2600690722465515,7.917384564876556
401752710,2025,4,regular,SE Louisiana,LSU,0.84,1.13,0.29,0.0,0.0,complete,159,159,0,4.0,56.0,10.0,0.9607229232788086,48.75,0.039232850074768066,0.41347503662109375
401752711,2025,4,regular,Tulane,Ole Miss,2.95,1.89,-1.06,0.388,15.52,complete,170,170,0,4.0,45.0,10.0,0.8094778656959534,12.5,0.19044607877731323,3.025196373462677
401752712,2025,4,regular,Northern Illinois,Mississippi State,2.47,2.54,0.07,0.0980000000000001,3.92,complete,156,156,0,4.0,38.0,10.0,0.9418721795082092,24.0,0.123016357421875,4.454772353172302
401752713,2025,4,regular,South Carolina,Missouri,5.95,6.02,0.07,0.49,19.6,complete,170,170,0,4.0,29.0,20.0,0.7807127237319946,10.0,0.5447874665260315,19.932146430015564
401752714,2025,4,regular,Auburn,Oklahoma,6.25,5.89,-0.36,0.654,26.16,complete,182,182,0,4.0,24.0,17.0,0.7056151032447815,6.5,0.4843447208404541,21.301690816879272
401752715,2025,4,regular,UAB,Tennessee,2.13,2.22,0.09,0.00800000000000001,0.32,complete,200,200,0,4.0,56.0,24.0,0.9503301382064819,39.0,0.049622416496276855,0.4636964797973633
401752716,2025,4,regular,Georgia State,Vanderbilt,1.92,1.83,-0.09,0.054,2.16,complete,191,191,0,4.0,70.0,21.0,0.9781081676483154,27.5,0.07454746961593628,1.4335651993751526
401752723,2025,4,regular,Sam Houston,Texas,0.81,0.87,0.06,0.00600000000000001,0.24,complete,160,160,0,4.0,55.0,0.0,0.9781081676483154,39.5,0.02185690402984619,0.3876017928123474
401752841,2025,4,regular,Oregon State,Oregon,1.3,1.52,0.22,0.02,0.800000000000001,complete,158,158,0,4.0,41.0,7.0,0.9503301382064819,34.0,0.08292746543884277,1.6710426807403564
401752842,2025,4,regular,Washington,Washington State,2.69,2.37,-0.32,0.148,5.92,complete,148,148,0,4.0,24.0,59.0,0.09077686071395874,21.0,0.11459173586627003,2.860263033900992
401752843,2025,4,regular,Illinois,Indiana,3.69,2.36,-1.33,0.654,26.16,complete,148,148,0,4.0,63.0,10.0,0.7080364227294922,7.0,0.3779141306877136,6.061778247356415
401752844,2025,4,regular,Iowa,Rutgers,7.15,6.58,-0.57,0.89,35.6,complete,162,162,0,4.0,28.0,38.0,0.4511210322380066,2.5,0.7218150496482849,24.421322479844093
401752845,2025,4,regular,Maryland,Wisconsin,4.63,4.74,0.11,0.468,18.72,complete,171,171,0,4.0,10.0,27.0,0.7603206634521484,10.5,0.8453643918037415,13.26929227821529
401752846,2025,4,regular,Michigan,Nebraska,8.01,6.92,-1.09,0.946,37.84,complete,168,168,0,4.0,27.0,30.0,0.49929526448249817,1.5,0.5808626655489206,18.730815164744854
401752847,2025,4,regular,Michigan State,USC,4.99,4.69,-0.3,0.202,8.08,complete,165,165,0,4.0,45.0,31.0,0.9118125438690186,18.5,0.16541773080825806,4.750512719154358
401752848,2025,4,regular,Purdue,Notre Dame,3.46,3.25,-0.21,0.0920000000000001,3.68,complete,175,174,1,4.0,56.0,30.0,0.9418721795082092,24.5,0.06630998849868774,2.1301032304763794
401754537,2025,4,regular,Syracuse,Clemson,4.85,6.12,1.27,0.228,9.12,complete,207,207,0,4.0,21.0,34.0,0.905793309211731,17.5,0.9085186123847961,20.462141659110785
401754538,2025,4,regular,NC State,Duke,7.14,6.64,-0.5,0.836,33.44,complete,177,177,0,4.0,45.0,33.0,0.5862659215927124,3.0,0.7923133969306946,21.458630830049515
401754539,2025,4,regular,Stanford,Virginia,3.73,2.98,-0.75,0.286,11.44,complete,187,187,0,4.0,48.0,20.0,0.9080551266670227,16.5,0.14727026224136353,3.382935643196106
401754540,2025,4,regular,California,San Diego State,2.34,2.78,0.44,0.334,13.36,complete,165,165,0,4.0,34.0,0.0,0.1672135293483734,14.0,0.8820899128913879,11.361284226179123
401754541,2025,4,regular,Kent State,Florida State,1.24,1.38,0.14,0.002,0.0800000000000001,complete,169,169,0,4.0,66.0,10.0,0.9503301382064819,45.0,0.04962813854217529,0.2753392457962036
401754542,2025,4,regular,Temple,Georgia Tech,3.64,3.42,-0.22,0.0920000000000001,3.68,complete,175,175,0,4.0,45.0,24.0,0.9418721795082092,24.5,0.07768011093139648,1.947723388671875
401754617,2025,4,regular,Wofford,Virginia Tech,1.32,1.4,0.08,0.014,0.56,complete,158,158,0,4.0,38.0,6.0,0.9781081676483154,35.0,0.03594338893890381,0.8109017014503479
401754636,2025,4,regular,SMU,TCU,6.42,6.19,-0.23,0.654,26.16,complete,185,185,0,4.0,35.0,24.0,0.7056151032447815,6.5,0.6376871466636658,20.83497041463852
401754640,2025,4,regular,North Carolina,UCF,4.32,2.96,-1.36,0.63,25.2,complete,160,160,0,4.0,34.0,9.0,0.6553196310997009,7.0,0.3442961573600769,5.243045508861542
401754642,2025,4,regular,Bowling Green,Louisville,3.02,2.99,-0.03,0.0680000000000001,2.72,complete,153,153,0,4.0,40.0,17.0,0.9418721795082092,26.5,0.10912656784057617,2.1591268181800842
401756896,2025,4,regular,Arizona State,Baylor,7.38,6.98,-0.4,0.836,33.44,complete,184,184,0,4.0,24.0,27.0,0.5614253878593445,3.0,0.670723557472229,26.76432630419731
401756897,2025,4,regular,Wyoming,Colorado,4.98,4.18,-0.8,0.408,16.32,complete,167,167,0,4.0,37.0,20.0,0.8207323551177979,12.5,0.25199204683303833,5.836375594139099
401756898,2025,4,regular,BYU,East Carolina,5.01,4.1,-0.91,0.654,26.16,complete,187,187,0,4.0,13.0,34.0,0.3033432066440582,6.5,0.3989816904067993,12.103055696818046
401756899,2025,4,regular,West Virginia,Kansas,3.27,2.25,-1.02,0.388,15.52,complete,176,176,0,4.0,41.0,10.0,0.8207323551177979,12.5,0.18593382835388184,3.555814266204834
401756900,2025,4,regular,Tulsa,Oklahoma State,5.61,,,0.49,19.6,score_mismatch,186,186,0,4.0,15.0,19.0,,,,
401756901,2025,4,regular,Texas Tech,Utah,5.01,4.03,-0.98,0.81,32.4,complete,180,132,48,4.0,10.0,34.0,0.5903517007827759,3.5,0.6433505358290859,13.140084703860339
401757169,2025,4,regular,Ball State,UConn,5.19,5.32,0.13,0.138,5.52,complete,161,161,0,4.0,31.0,25.0,0.9118125438690186,21.0,0.1605992317199707,6.867270231246948
401757259,2025,4,regular,Delaware,Florida International,5.47,4.69,-0.78,0.782,31.28,complete,167,167,0,4.0,16.0,38.0,0.6348350644111633,4.0,0.7359089236706495,13.841433878988028
401757260,2025,4,regular,Murray State,Jacksonville State,1.31,1.61,0.3,0.014,0.56,complete,184,184,0,4.0,45.0,10.0,0.9597121477127075,35.5,0.06162375211715698,1.9121512174606323
401757261,2025,4,regular,Arkansas State,Kennesaw State,6.81,6.13,-0.68,0.756,30.24,complete,183,180,3,4.0,28.0,21.0,0.37758272886276245,4.5,0.6103582978248596,17.247440934181213
401757262,2025,4,regular,James Madison,Liberty,5.06,4.88,-0.18,0.604,24.16,complete,175,175,0,4.0,13.0,31.0,0.3235088586807251,7.5,0.6279442310333252,19.226540909498
401757263,2025,4,regular,Southern Miss,Louisiana Tech,6.7,5.28,-1.42,0.836,33.44,complete,186,186,0,4.0,30.0,20.0,0.5781798958778381,3.0,0.4431573748588562,10.102995097637177
401757264,2025,4,regular,Marshall,Middle Tennessee,6.97,6.47,-0.5,0.864,34.56,complete,167,167,0,4.0,28.0,42.0,0.45905500650405884,2.5,0.7707400321960449,23.385762337595224
401757265,2025,4,regular,UT Martin,Missouri State,3.0,1.83,-1.17,0.334,13.36,complete,150,150,0,4.0,42.0,10.0,0.8773329257965088,14.5,0.1612393856048584,1.255761742591858
401757267,2025,4,regular,UL Monroe,UTEP,7.01,6.7,-0.31,0.73,29.2,complete,194,194,0,4.0,25.0,31.0,0.6510321497917175,5.5,0.7537829708307981,20.714300762861967
401757268,2025,4,regular,Nevada,Western Kentucky,5.58,5.53,-0.05,0.604,24.16,complete,180,180,0,4.0,31.0,16.0,0.7170184254646301,7.5,0.7708789110183716,19.009329557418823
401760372,2025,4,regular,Boise State,Air Force,6.22,6.1,-0.12,0.448,17.92,complete,178,178,0,4.0,37.0,49.0,0.2292414903640747,11.0,0.3649359345436096,17.22810050006956
401760373,2025,4,regular,UTSA,Colorado State,6.97,7.04,0.07,0.73,29.2,complete,189,189,0,4.0,16.0,17.0,0.32981985807418823,5.0,0.8626523613929749,27.631234161555767
401760374,2025,4,regular,Fresno State,Hawai'i,7.46,6.98,-0.48,0.864,34.56,complete,177,177,0,4.0,21.0,23.0,0.45839738845825195,2.5,0.7047617975622416,25.60898794978857
401760375,2025,4,regular,Idaho,San José State,6.4,7.41,1.01,0.318,12.72,complete,165,165,0,4.0,31.0,28.0,0.8323421478271484,14.0,0.6794179379940033,26.929573357105255
401760376,2025,4,regular,UNLV,Miami (OH),8.38,8.38,0.0,0.918,36.72,complete,222,222,0,4.0,38.0,41.0,0.4423936903476715,1.5,0.9455100521445274,35.95868955552578
401760377,2025,4,regular,McNeese,Utah State,1.62,1.35,-0.27,0.106,4.24,complete,169,169,0,4.0,48.0,7.0,0.946466863155365,23.5,0.08354216814041138,2.0932714343070984
401761609,2025,4,regular,Maine,Georgia Southern,2.95,3.14,0.19,0.13,5.2,complete,184,184,0,4.0,45.0,17.0,0.9189286231994629,22.0,0.18735194206237793,6.77284175157547
401761610,2025,4,regular,Louisiana,Eastern Michigan,8.03,7.67,-0.36,0.864,34.56,complete,194,194,0,4.0,34.0,31.0,0.45905500650405884,2.5,0.8009511977434158,26.31596851348877
401761611,2025,4,regular,Coastal Carolina,South Alabama,4.6,5.82,1.22,0.3,12.0,complete,189,189,0,4.0,20.0,38.0,0.8773329257965088,14.5,0.9359333759639412,24.337034732103348
401761612,2025,4,regular,Nicholls,Texas State,1.3,1.3,0.0,0.026,1.04,complete,166,166,0,4.0,35.0,3.0,0.9760838150978088,32.5,0.034610629081726074,0.9522317051887512
401761613,2025,4,regular,Troy,Buffalo,6.79,6.53,-0.26,0.704,28.16,complete,174,173,1,4.0,17.0,21.0,0.6665936708450317,5.5,0.844583734869957,18.539236292243004
401762468,2025,4,regular,Rice,Charlotte,6.53,5.41,-1.12,0.89,35.6,complete,176,176,0,4.0,17.0,28.0,0.49929526448249817,1.5,0.5739938765764236,15.390704970806837
401762469,2025,4,regular,North Texas,Army,8.17,7.65,-0.52,0.864,34.56,complete,181,181,0,5.0,38.0,45.0,0.45905500650405884,2.5,0.8988720951601863,20.20182559080422
401762470,2025,4,regular,South Carolina State,South Florida,1.39,1.53,0.14,0.014,0.56,complete,184,184,0,4.0,63.0,14.0,0.9781081676483154,36.0,0.0572085976600647,0.972694456577301
401762820,2025,4,regular,Toledo,Western Michigan,5.86,6.54,0.68,0.37,14.8,complete,188,188,0,4.0,14.0,13.0,0.17160388827323914,13.0,0.9279173072427511,17.12528256699443
401762821,2025,4,regular,Duquesne,Akron,2.85,1.76,-1.09,0.468,18.72,complete,163,162,1,4.0,51.0,7.0,0.7603206634521484,10.5,0.27220654487609863,4.271830201148987
401762822,2025,4,regular,Wagner,Central Michigan,1.18,0.95,-0.23,0.046,1.84,complete,160,160,0,4.0,49.0,10.0,0.9781081676483154,29.5,0.024316787719726562,0.7265039682388306
401762823,2025,4,regular,Gardner-Webb,Ohio,4.19,4.89,0.7,0.036,1.44,complete,182,182,0,4.0,52.0,35.0,0.9781081676483154,30.5,0.18514227867126465,6.7263296246528625
401752696,2025,3,regular,Wisconsin,Alabama,3.34,2.81,-0.53,0.178,7.12,complete,131,131,0,4.0,38.0,14.0,0.9081499576568604,18.5,0.13224536180496216,2.051619827747345
401752697,2025,3,regular,South Alabama,Auburn,3.51,3.41,-0.1,0.0720000000000001,2.88,complete,158,158,0,4.0,31.0,15.0,0.946466863155365,26.5,0.05581068992614746,2.24124413728714
401752698,2025,3,regular,Eastern Michigan,Kentucky,3.12,2.98,-0.14,0.0620000000000001,2.48,complete,183,183,0,4.0,48.0,23.0,0.9418721795082092,26.5,0.05805915594100952,1.538216769695282
401752699,2025,3,regular,Florida,LSU,6.05,5.3,-0.75,0.73,29.2,complete,171,171,0,4.0,20.0,10.0,0.6316121816635132,5.0,0.5011286735534668,16.60921037197113
401752700,2025,3,regular,Arkansas,Ole Miss,7.62,6.89,-0.73,0.81,32.4,complete,178,178,0,4.0,41.0,35.0,0.61585533618927,3.5,0.43055570125579834,23.174093902111053
401752701,2025,3,regular,Alcorn State,Mississippi State,0.9,0.99,0.09,0.004,0.16,complete,143,143,0,4.0,63.0,0.0,0.9503301382064819,42.75,0.049632728099823,0.2562209367752075
401752702,2025,3,regular,Louisiana,Missouri,1.4,1.12,-0.28,0.0580000000000001,2.32,complete,158,158,0,4.0,52.0,10.0,0.9781081676483154,27.5,0.04338771104812622,0.7230055332183838
401752703,2025,3,regular,Oklahoma,Temple,1.23,0.81,-0.42,0.106,4.24,complete,169,169,0,4.0,3.0,42.0,0.06342534720897675,23.5,0.07169010905636242,1.150827649384155
401752704,2025,3,regular,Vanderbilt,South Carolina,4.9,4.16,-0.74,0.836,33.44,complete,166,166,0,4.0,7.0,31.0,0.5862659215927124,3.0,0.6917643547058105,18.34683422202943
401752705,2025,3,regular,Georgia,Tennessee,8.52,8.35,-0.17,0.81,32.4,complete,201,201,0,5.0,41.0,44.0,0.3880820572376251,3.5,0.7353306412696838,29.586951673030853
401752706,2025,3,regular,UTEP,Texas,2.63,2.97,0.34,0.00600000000000001,0.24,complete,177,177,0,4.0,27.0,10.0,0.9599751234054565,39.5,0.05154001712799072,1.5757245421409607
401752707,2025,3,regular,Texas A&M,Notre Dame,8.14,8.45,0.31,0.654,26.16,complete,188,188,0,4.0,40.0,41.0,0.7056151032447815,6.5,0.8285712823271751,29.762442149221897
401752827,2025,3,regular,Ohio,Ohio State,2.2,2.25,0.05,0.054,2.16,complete,153,153,0,4.0,37.0,9.0,0.9503301382064819,28.5,0.07305693626403809,2.361314296722412
401752828,2025,3,regular,Houston Christian,Nebraska,0.77,1.13,0.36,0.0,0.0,complete,162,162,0,4.0,59.0,7.0,0.9597121477127075,48.5,0.040246009826660156,0.6474015116691589
401752829,2025,3,regular,Western Michigan,Illinois,0.88,0.86,-0.02,0.0580000000000001,2.32,complete,158,158,0,4.0,38.0,0.0,0.9503301382064819,27.5,0.05945146083831787,2.152115225791931
401752830,2025,3,regular,Massachusetts,Iowa,0.82,0.78,-0.04,0.016,0.640000000000001,complete,149,149,0,4.0,47.0,7.0,0.9599751234054565,35.5,0.039988934993743896,0.4113282561302185
401752831,2025,3,regular,Oregon,Northwestern,3.15,3.15,0.0,0.0680000000000001,2.72,complete,153,153,0,4.0,14.0,34.0,0.05586618185043335,25.5,0.09449192881584167,2.474165779101895
401752832,2025,3,regular,USC,Purdue,4.12,3.98,-0.14,0.158,6.32,complete,176,176,0,4.0,17.0,33.0,0.09728355705738068,20.5,0.12602266858448274,5.109278168325545
401752833,2025,3,regular,Norfolk State,Rutgers,1.04,1.27,0.23,0.002,0.0800000000000001,complete,171,171,0,4.0,60.0,10.0,0.9781081676483154,44.5,0.029624760150909424,0.6316996216773987
401752834,2025,3,regular,Youngstown State,Michigan State,4.04,4.11,0.07,0.106,4.24,complete,166,166,0,4.0,41.0,24.0,0.9418721795082092,23.5,0.10713821649551392,4.93196964263916
401752835,2025,3,regular,Villanova,Penn State,0.73,0.96,0.23,0.002,0.0800000000000001,complete,172,171,1,4.0,52.0,6.0,0.9503301382064819,47.5,0.04963231086730957,0.5529187321662903
401752836,2025,3,regular,Indiana State,Indiana,1.09,1.24,0.15,0.002,0.0800000000000001,complete,165,165,0,4.0,73.0,0.0,0.9607229232788086,47.5,0.039237260818481445,0.32204723358154297
401752837,2025,3,regular,New Mexico,UCLA,3.47,4.24,0.77,0.286,11.44,complete,153,153,0,4.0,10.0,35.0,0.8773329257965088,15.5,0.8866560666356236,14.522065480938181
401752838,2025,3,regular,Towson,Maryland,2.57,2.32,-0.25,0.05,2.0,complete,168,168,0,4.0,44.0,17.0,0.9781081676483154,28.5,0.04169034957885742,0.6653478741645813
401752839,2025,3,regular,Central Michigan,Michigan,1.49,1.19,-0.3,0.054,2.16,complete,158,158,0,4.0,63.0,3.0,0.9503301382064819,27.5,0.04962033033370972,0.5308108329772949
401752840,2025,3,regular,Minnesota,California,6.12,,,0.836,33.44,score_mismatch,165,165,0,4.0,30.0,14.0,,,,
401752938,2025,3,regular,Oregon State,Texas Tech,2.54,2.13,-0.41,0.0980000000000001,3.92,complete,186,185,1,4.0,45.0,14.0,0.9418721795082092,24.0,0.05806761980056763,1.1320342421531677
401752949,2025,3,regular,Washington State,North Texas,3.56,2.17,-1.39,0.654,26.16,complete,159,159,0,4.0,59.0,10.0,0.6388142108917236,6.5,0.3610957860946655,5.469759881496429
401754531,2025,3,regular,NC State,Wake Forest,6.5,6.3,-0.2,0.63,25.2,complete,182,182,0,4.0,24.0,34.0,0.2780407667160034,7.5,0.6798025965690613,19.19053783174604
401754532,2025,3,regular,Colgate,Syracuse,1.62,1.63,0.01,0.012,0.48,complete,195,195,0,4.0,66.0,24.0,0.9781081676483154,36.5,0.021849453449249268,0.4842917323112488
401754533,2025,3,regular,Boston College,Stanford,5.5,6.43,0.93,0.334,13.36,complete,174,174,0,4.0,30.0,20.0,0.17160388827323914,14.0,0.966468095779419,19.241404302418232
401754534,2025,3,regular,Duke,Tulane,7.42,5.94,-1.48,0.918,36.72,complete,181,181,0,4.0,34.0,27.0,0.5089547634124756,1.5,0.5090892910957336,11.250350415706635
401754535,2025,3,regular,South Florida,Miami,2.4,1.76,-0.64,0.214,8.56,complete,178,178,0,4.0,49.0,12.0,0.9118125438690186,17.5,0.1148717999458313,2.3889585733413696
401754536,2025,3,regular,Old Dominion,Virginia Tech,5.95,5.07,-0.88,0.704,28.16,complete,174,174,0,4.0,26.0,45.0,0.673456072807312,5.5,0.7080473902751692,9.5725712372805
401754615,2025,3,regular,SMU,Missouri State,3.23,4.07,0.84,0.05,2.0,complete,175,175,0,4.0,10.0,28.0,0.0577472448348999,28.5,0.24710717797279358,9.196865128003992
401754619,2025,3,regular,William & Mary,Virginia,1.48,1.35,-0.13,0.032,1.28,complete,176,176,0,4.0,55.0,16.0,0.9503301382064819,30.5,0.04961550235748291,0.5624272227287292
401754623,2025,3,regular,Clemson,Georgia Tech,7.45,6.81,-0.64,0.836,33.44,complete,159,159,0,4.0,24.0,21.0,0.42533189058303833,3.0,0.6254034340381622,22.17172136902809
401754638,2025,3,regular,Pittsburgh,West Virginia,7.09,7.54,0.45,0.63,25.2,complete,211,211,0,5.0,31.0,24.0,0.34824317693710327,7.0,0.8775057196617126,30.40271508693695
401754639,2025,3,regular,Richmond,North Carolina,1.52,1.21,-0.31,0.0920000000000001,3.68,complete,143,143,0,4.0,41.0,6.0,0.9418721795082092,24.5,0.07312482595443726,1.3549162149429321
401756888,2025,3,regular,Kansas State,Arizona,6.94,,,0.918,36.72,score_mismatch,168,168,0,4.0,24.0,17.0,,,,
401756889,2025,3,regular,Texas State,Arizona State,3.91,3.46,-0.45,0.202,8.08,complete,177,177,0,4.0,34.0,15.0,0.9081499576568604,18.5,0.14006781578063965,3.4367403984069824
401756890,2025,3,regular,Iowa State,Arkansas State,4.63,,,0.138,5.52,score_mismatch,163,163,0,4.0,19.0,25.0,,,,
401756891,2025,3,regular,Samford,Baylor,0.92,1.2,0.28,0.0,0.0,complete,173,173,0,4.0,42.0,7.0,0.9781081676483154,52.0,0.021841883659362793,0.4076216220855713
401756892,2025,3,regular,Northwestern State,Cincinnati,0.87,1.13,0.26,0.0,0.0,complete,131,131,0,4.0,70.0,0.0,0.9503301382064819,48.5,0.04962831735610962,0.2842133045196533
401756893,2025,3,regular,Colorado,Houston,6.02,4.8,-1.22,0.782,31.28,complete,176,176,0,4.0,36.0,20.0,0.6348350644111633,4.0,0.44377440214157104,11.323463380336761
401756894,2025,3,regular,Abilene Christian,TCU,2.94,3.04,0.1,0.004,0.16,complete,166,166,0,4.0,42.0,21.0,0.9607229232788086,42.0,0.0391964316368103,0.3237764835357666
401756895,2025,3,regular,Utah,Wyoming,2.54,2.62,0.08,0.092,3.68,complete,176,176,0,4.0,6.0,31.0,0.06342534720897675,24.5,0.12270184000954032,4.249040276568849
401757168,2025,3,regular,UConn,Delaware,7.93,8.19,0.26,0.582,23.28,complete,177,177,0,5.0,44.0,41.0,0.29684287309646606,8.5,0.680991530418396,27.54175093770027
401757233,2025,3,regular,Florida Atlantic,Florida International,7.32,6.74,-0.58,0.89,35.6,complete,191,191,0,4.0,38.0,28.0,0.5669649839401245,2.0,0.7523800134658813,23.45241791009903
401757234,2025,3,regular,Jacksonville State,Georgia Southern,7.67,7.0,-0.67,0.836,33.44,complete,175,175,0,4.0,41.0,34.0,0.5699937343597412,3.0,0.6279725432395935,21.29314261674881
401757235,2025,3,regular,Merrimack,Kennesaw State,4.34,4.1,-0.24,0.242,9.68,complete,168,168,0,4.0,27.0,13.0,0.9141168594360352,17.5,0.2020823359489441,6.797967314720154
401757256,2025,3,regular,Liberty,Bowling Green,5.98,5.46,-0.52,0.704,28.16,complete,170,170,0,4.0,23.0,13.0,0.3649372458457947,6.0,0.7262645363807678,15.602055072784424
401757257,2025,3,regular,New Mexico State,Louisiana Tech,3.47,2.61,-0.86,0.49,19.6,complete,180,180,0,4.0,49.0,14.0,0.778033971786499,10.0,0.3221270442008972,7.135921895503998
401757258,2025,3,regular,Middle Tennessee,Nevada,6.43,6.8,0.37,0.534,21.36,complete,177,177,0,4.0,13.0,14.0,0.7775234580039978,9.5,0.8344256728887558,22.994933158159256
401760368,2025,3,regular,Air Force,Utah State,6.19,,,0.756,30.24,score_mismatch,169,166,3,4.0,49.0,32.0,,,,
401760369,2025,3,regular,Southern,Fresno State,0.96,1.03,0.07,0.00800000000000001,0.32,complete,154,154,0,4.0,56.0,7.0,0.9503301382064819,37.5,0.04962533712387085,0.3983221650123596
401760370,2025,3,regular,Portland State,Hawai'i,2.05,2.36,0.31,0.01,0.4,complete,180,180,0,4.0,23.0,3.0,0.9781081676483154,36.5,0.05510687828063965,1.6781736612319946
401761604,2025,3,regular,East Carolina,Coastal Carolina,2.98,1.87,-1.11,0.63,25.2,complete,190,190,0,4.0,0.0,38.0,0.3511054515838623,7.0,0.3880175141239306,7.918114428597619
401761605,2025,3,regular,Murray State,Georgia State,3.54,3.68,0.14,0.028,1.12,complete,173,173,0,4.0,37.0,21.0,0.9597121477127075,31.5,0.053079187870025635,1.807355284690857
401761606,2025,3,regular,Eastern Kentucky,Marshall,2.79,1.95,-0.84,0.3,12.0,complete,178,178,0,4.0,38.0,7.0,0.8773329257965088,15.0,0.17359107732772827,2.8208969235420227
401761607,2025,3,regular,App State,Southern Miss,6.37,5.78,-0.59,0.836,33.44,complete,196,196,0,4.0,38.0,22.0,0.44337689876556396,3.0,0.7765767276287079,19.74711599946022
401761608,2025,3,regular,Memphis,Troy,4.87,3.79,-1.08,0.756,30.24,complete,176,176,0,4.0,7.0,28.0,0.37758272886276245,4.5,0.45893624471500516,12.447019164916128
401762463,2025,3,regular,Akron,UAB,6.64,6.64,0.0,0.408,16.32,complete,189,189,0,4.0,31.0,28.0,0.8182535767555237,12.5,0.3758367896080017,17.00017923116684
401762464,2025,3,regular,Monmouth,Charlotte,7.81,7.87,0.06,0.864,34.56,complete,191,191,0,4.0,42.0,35.0,0.5930638909339905,2.5,0.7556591778993607,40.140265971422195
401762465,2025,3,regular,Navy,Tulsa,4.91,4.89,-0.02,0.352,14.08,complete,178,178,0,4.0,23.0,42.0,0.1666662096977234,13.5,0.4878031015396118,11.282213384867646
401762466,2025,3,regular,Prairie View A&M,Rice,3.09,3.26,0.17,0.054,2.16,complete,180,180,0,4.0,38.0,17.0,0.9781081676483154,29.5,0.14757466316223145,2.7454190254211426
401762467,2025,3,regular,Incarnate Word,UTSA,3.18,2.72,-0.46,0.148,5.92,complete,182,182,0,4.0,48.0,20.0,0.9081499576568604,21.0,0.09893786907196045,1.9618085622787476
401762817,2025,3,regular,Buffalo,Kent State,5.53,7.09,1.56,0.098,3.92,complete,182,182,0,4.0,28.0,31.0,0.05586618185043335,24.0,0.6534304618835449,20.347900241613388
401762818,2025,3,regular,New Hampshire,Ball State,7.5,7.47,-0.03,0.836,33.44,complete,341,330,11,4.0,34.0,29.0,0.5663292407989502,3.0,0.5895378887653351,45.14114594459534
401762819,2025,3,regular,Morgan State,Toledo,1.0,1.08,0.08,0.02,0.800000000000001,complete,173,173,0,4.0,60.0,0.0,0.9503301382064819,33.5,0.04961800575256348,1.056110441684723
401752681,2025,2,regular,UL Monroe,Alabama,1.31,1.18,-0.13,0.02,0.800000000000001,complete,152,152,0,4.0,73.0,0.0,0.9597121477127075,34.25,0.04025512933731079,0.2630905508995056
401752682,2025,2,regular,Arkansas State,Arkansas,1.97,,,0.106,4.24,score_mismatch,181,181,0,4.0,56.0,21.0,,,,
401752683,2025,2,regular,Ball State,Auburn,0.5,0.7,0.2,0.004,0.16,complete,157,157,0,4.0,42.0,3.0,0.980941891670227,42.75,0.02732759714126587,0.7101029753684998
401752684,2025,2,regular,South Florida,Florida,5.36,6.66,1.3,0.202,8.08,complete,184,184,0,4.0,16.0,18.0,0.9081499576568604,18.5,0.7679377198219299,22.176520824432373
401752685,2025,2,regular,Austin Peay,Georgia,1.93,2.27,0.34,0.002,0.0800000000000001,complete,160,160,0,4.0,28.0,6.0,0.9503301382064819,46.75,0.049415409564971924,1.0569937825202942
401752686,2025,2,regular,Ole Miss,Kentucky,6.5,6.29,-0.21,0.582,23.28,complete,189,189,0,4.0,23.0,30.0,0.3085421919822693,7.75,0.5922995219007134,18.190670664422214
401752687,2025,2,regular,Louisiana Tech,LSU,2.58,2.86,0.28,0.012,0.48,complete,179,179,0,4.0,23.0,7.0,0.9503301382064819,36.5,0.04918467998504639,1.7435267567634583
401752688,2025,2,regular,Arizona State,Mississippi State,6.76,6.85,0.09,0.68,27.2,complete,181,181,0,4.0,24.0,20.0,0.3297666013240814,5.75,0.897742509841919,24.033686488866806
401752689,2025,2,regular,Kansas,Missouri,6.92,6.82,-0.1,0.704,28.16,complete,170,170,0,4.0,42.0,31.0,0.7056151032447815,6.5,0.7362416386604309,24.573413848876953
401752690,2025,2,regular,Michigan,Oklahoma,6.08,4.93,-1.15,0.782,31.28,complete,165,165,0,4.0,24.0,13.0,0.5903517007827759,3.5,0.4261184334754944,12.769998550415039
401752691,2025,2,regular,South Carolina State,South Carolina,1.71,2.24,0.53,0.004,0.16,complete,169,169,0,4.0,38.0,10.0,0.9781081676483154,42.75,0.0918891429901123,2.331999659538269
401752692,2025,2,regular,East Tennessee State,Tennessee,1.46,1.5,0.04,0.00600000000000001,0.24,complete,212,212,0,4.0,72.0,17.0,0.9599751234054565,40.0,0.03998887538909912,0.2539311647415161
401752693,2025,2,regular,San José State,Texas,1.5,1.71,0.21,0.01,0.4,complete,175,175,0,4.0,38.0,7.0,0.9503301382064819,36.75,0.04960733652114868,1.1179450154304504
401752694,2025,2,regular,Utah State,Texas A&M,3.04,3.18,0.14,0.018,0.720000000000001,complete,182,182,0,4.0,44.0,22.0,0.9503301382064819,34.5,0.049582719802856445,1.2440075874328613
401752695,2025,2,regular,Vanderbilt,Virginia Tech,5.76,4.92,-0.84,0.918,36.72,complete,160,160,0,4.0,20.0,44.0,0.5418886542320251,2.0,0.8666605949401855,16.473672902968246
401752810,2025,2,regular,Akron,Nebraska,1.28,1.27,-0.01,0.02,0.800000000000001,complete,166,166,0,4.0,68.0,0.0,0.9597121477127075,33.75,0.04299294948577881,0.6380021572113037
401752811,2025,2,regular,Florida International,Penn State,0.78,1.12,0.34,0.004,0.16,complete,170,170,0,4.0,34.0,0.0,0.9781081676483154,41.75,0.032482922077178955,1.382280945777893
401752812,2025,2,regular,Kennesaw State,Indiana,1.14,1.23,0.09,0.014,0.56,complete,169,169,0,4.0,56.0,9.0,0.9503301382064819,35.5,0.04962754249572754,0.7833570241928101
401752813,2025,2,regular,Northwestern State,Minnesota,0.86,0.87,0.01,0.004,0.16,complete,141,141,0,4.0,66.0,0.0,0.9781081676483154,43.0,0.02185690402984619,0.14398324489593506
401752814,2025,2,regular,Georgia Southern,USC,1.75,1.85,0.1,0.046,1.84,complete,180,180,0,4.0,59.0,20.0,0.9503301382064819,28.75,0.10772669315338135,2.1287078857421875
401752815,2025,2,regular,Grambling,Ohio State,0.93,1.18,0.25,0.0,0.0,complete,153,153,0,4.0,70.0,0.0,0.9597121477127075,53.5,0.04025048017501831,0.2687673568725586
401752816,2025,2,regular,Boston College,Michigan State,8.62,9.02,0.4,0.81,32.4,complete,188,188,0,6.0,42.0,40.0,0.61585533618927,3.5,0.9583595991134644,45.27116020582616
401752817,2025,2,regular,Western Illinois,Northwestern,1.32,1.14,-0.18,0.03,1.2,complete,153,153,0,4.0,42.0,7.0,0.9809520840644836,31.0,0.025576770305633545,0.41568976640701294
401752818,2025,2,regular,Miami (OH),Rutgers,3.56,3.06,-0.5,0.286,11.44,complete,157,157,0,4.0,45.0,17.0,0.8773329257965088,15.5,0.20889580249786377,5.347661554813385
401752819,2025,2,regular,Southern Illinois,Purdue,4.0,3.89,-0.11,0.178,7.12,complete,167,167,0,4.0,34.0,17.0,0.9081499576568604,21.0,0.2087932825088501,5.359002351760864
401752820,2025,2,regular,Middle Tennessee,Wisconsin,1.99,2.42,0.43,0.05,2.0,complete,143,143,0,4.0,42.0,10.0,0.9503301382064819,28.5,0.1655745506286621,4.858395040035248
401752821,2025,2,regular,UC Davis,Washington,1.75,1.54,-0.21,0.054,2.16,complete,165,165,0,4.0,70.0,10.0,0.9781081676483154,28.75,0.0419580340385437,0.9336551427841187
401752822,2025,2,regular,Iowa,Iowa State,6.85,6.44,-0.41,0.836,33.44,complete,171,171,0,4.0,16.0,13.0,0.6063147783279419,3.0,0.6405094265937805,27.331906497478485
401752823,2025,2,regular,UCLA,UNLV,7.11,5.96,-1.15,0.864,34.56,complete,176,176,0,4.0,30.0,23.0,0.4151776432991028,2.5,0.5984251797199249,13.278216391801834
401752824,2025,2,regular,Oklahoma State,Oregon,1.61,1.37,-0.24,0.05,2.0,complete,166,166,0,4.0,69.0,3.0,0.9503301382064819,28.5,0.0496256947517395,0.6372231841087341
401752825,2025,2,regular,Illinois,Duke,5.4,4.36,-1.04,0.864,34.56,complete,174,174,0,4.0,19.0,45.0,0.4151776432991028,2.5,0.5504611730575562,16.271751359454356
401752826,2025,2,regular,Northern Illinois,Maryland,4.31,4.24,-0.07,0.242,9.68,complete,170,170,0,4.0,20.0,9.0,0.9114667773246765,16.75,0.217559814453125,9.114696621894836
401752937,2025,2,regular,Fresno State,Oregon State,7.56,7.27,-0.29,0.946,37.84,complete,172,172,0,4.0,27.0,36.0,0.5573618412017822,1.25,0.8250266667455435,32.52010495495051
401752948,2025,2,regular,San Diego State,Washington State,5.31,4.11,-1.2,0.89,35.6,complete,190,190,0,4.0,36.0,13.0,0.588674783706665,2.25,0.6724584102630615,12.18391638994217
401754524,2025,2,regular,Virginia,NC State,7.8,7.46,-0.34,0.836,33.44,complete,161,161,0,4.0,35.0,31.0,0.5862242579460144,2.75,0.7335913479328156,27.10520499944687
401754525,2025,2,regular,Baylor,SMU,8.55,,,0.836,33.44,score_mismatch,187,186,1,6.0,45.0,45.0,,,,
401754526,2025,2,regular,Stanford,BYU,2.57,2.15,-0.42,0.158,6.32,complete,158,158,0,4.0,27.0,3.0,0.9081499576568604,20.5,0.1190871000289917,2.3851482272148132
401754527,2025,2,regular,North Carolina,Charlotte,3.68,2.98,-0.7,0.3,12.0,complete,172,172,0,4.0,3.0,20.0,0.17708110809326172,15.75,0.17616463539889082,4.11002966016531
401754528,2025,2,regular,James Madison,Louisville,4.69,5.21,0.52,0.3,12.0,complete,175,175,0,4.0,28.0,14.0,0.8271991014480591,15.25,0.49754440784454346,18.201606035232544
401754529,2025,2,regular,Central Michigan,Pittsburgh,2.95,2.78,-0.17,0.138,5.52,complete,163,163,0,4.0,45.0,17.0,0.9516499638557434,21.5,0.1398402452468872,3.7053507566452026
401754530,2025,2,regular,Texas Southern,California,1.01,1.46,0.45,0.002,0.0800000000000001,complete,182,182,0,4.0,35.0,3.0,0.9597121477127075,44.5,0.04667764902114868,1.6943841576576233
401754618,2025,2,regular,UConn,Syracuse,6.89,7.38,0.49,0.63,25.2,complete,193,193,0,5.0,27.0,20.0,0.6826581358909607,7.25,0.9110743999481201,30.71455056965351
401754620,2025,2,regular,Western Carolina,Wake Forest,2.75,2.19,-0.56,0.228,9.12,complete,177,177,0,4.0,42.0,10.0,0.9154253005981445,17.5,0.1727924346923828,3.01263290643692
401754621,2025,2,regular,East Texas A&M,Florida State,1.28,1.39,0.11,0.002,0.0800000000000001,complete,152,151,1,4.0,77.0,3.0,0.9781081676483154,44.5,0.021851301193237305,0.24421536922454834
401754622,2025,2,regular,Gardner-Webb,Georgia Tech,1.3,,,0.01,0.4,missing_pbp,0,0,0,,,,,,,
401754637,2025,2,regular,Troy,Clemson,3.84,5.51,1.67,0.032,1.28,complete,152,152,0,4.0,27.0,16.0,0.9781081676483154,30.25,0.5358347296714783,16.670277535915375
401754641,2025,2,regular,Bethune-Cookman,Miami,2.68,0.69,-1.99,,,complete,148,148,0,4.0,45.0,3.0,0.9781081676483154,54.5,0.02319157123565674,0.3421492576599121
401756879,2025,2,regular,Weber State,Arizona,0.99,0.91,-0.08,0.03,1.2,complete,152,152,0,4.0,48.0,3.0,0.9503301382064819,31.5,0.04963165521621704,0.7442777752876282
401756880,2025,2,regular,Bowling Green,Cincinnati,4.19,3.79,-0.4,0.12,4.8,complete,162,162,0,4.0,34.0,20.0,0.9418721795082092,22.0,0.09229898452758789,1.5852388143539429
401756881,2025,2,regular,Delaware,Colorado,2.78,2.64,-0.14,0.106,4.24,complete,166,166,0,4.0,31.0,7.0,0.9418721795082092,23.5,0.09857767820358276,3.0121155381202698
401756882,2025,2,regular,Army,Kansas State,5.6,6.59,0.99,0.242,9.68,complete,155,155,0,4.0,21.0,24.0,0.9118125438690186,16.75,0.9076728820800781,15.521218299865723
401756883,2025,2,regular,West Virginia,Ohio,6.49,6.21,-0.28,0.81,32.4,complete,193,193,0,4.0,17.0,10.0,0.3880820572376251,3.5,0.7854746282100677,25.61816629767418
401756884,2025,2,regular,Houston,Rice,3.53,3.29,-0.24,0.352,14.08,complete,157,157,0,4.0,9.0,35.0,0.1666662096977234,13.5,0.36996614933013916,9.62054359758622
401756885,2025,2,regular,Kent State,Texas Tech,1.05,1.3,0.25,0.0,0.0,complete,178,178,0,4.0,62.0,14.0,0.9503301382064819,48.0,0.04963165521621704,0.2507779598236084
401756886,2025,2,regular,North Carolina A&T,UCF,1.2,1.21,0.01,0.00800000000000001,0.32,complete,152,152,0,4.0,68.0,7.0,0.9597121477127075,37.5,0.040244340896606445,0.2452581524848938
401756887,2025,2,regular,Cal Poly,Utah,1.1,1.24,0.14,0.004,0.16,complete,175,175,0,4.0,63.0,9.0,0.9503301382064819,42.5,0.04962831735610962,0.40681588649749756
401757227,2025,2,regular,Liberty,Jacksonville State,6.53,6.09,-0.44,0.68,27.2,complete,160,160,0,4.0,34.0,24.0,0.30719444155693054,6.25,0.7110509872436523,16.217028498649597
401757228,2025,2,regular,Missouri State,Marshall,7.04,7.42,0.38,0.63,25.2,complete,177,177,0,4.0,20.0,21.0,0.7080364227294922,7.25,0.929398238658905,27.160473823547363
401757229,2025,2,regular,Tulsa,New Mexico State,6.59,6.16,-0.43,0.836,33.44,complete,192,192,0,4.0,21.0,14.0,0.4295961260795593,3.25,0.6812233328819275,25.938958406448364
401757230,2025,2,regular,Sam Houston,Hawai'i,5.52,4.56,-0.96,0.63,25.2,complete,181,181,0,4.0,37.0,20.0,0.7080364227294922,7.25,0.3158102035522461,11.463174998760223
401757231,2025,2,regular,UT Martin,UTEP,4.77,3.71,-1.06,0.604,24.16,complete,172,172,0,4.0,42.0,17.0,0.7215943336486816,7.5,0.3551256060600281,8.081611633300781
401757232,2025,2,regular,Western Kentucky,Toledo,4.89,3.52,-1.37,0.558,22.32,complete,174,174,0,4.0,45.0,21.0,0.7344908714294434,8.0,0.2767968773841858,3.8840423226356506
401760363,2025,2,regular,Eastern Washington,Boise State,1.48,1.44,-0.04,0.022,0.880000000000001,complete,177,177,0,4.0,51.0,14.0,0.9503301382064819,33.25,0.04963195323944092,0.5706543326377869
401760364,2025,2,regular,Northern Colorado,Colorado State,4.25,6.7,2.45,0.016,0.640000000000001,complete,175,175,0,4.0,21.0,17.0,0.9503301382064819,34.75,0.8576985597610474,23.6350280046463
401760365,2025,2,regular,Sacramento State,Nevada,6.6,7.17,0.57,0.582,23.28,complete,171,171,0,4.0,20.0,17.0,0.7455357909202576,8.75,0.7918384671211243,33.08587181568146
401760366,2025,2,regular,Idaho State,New Mexico,5.02,5.52,0.5,0.228,9.12,complete,165,165,0,4.0,32.0,22.0,0.905793309211731,17.5,0.5055961608886719,12.831928133964539
401760367,2025,2,regular,Northern Iowa,Wyoming,3.5,3.15,-0.35,0.334,13.36,complete,164,164,0,4.0,31.0,7.0,0.8323421478271484,13.75,0.26691436767578125,8.638158798217773
401761596,2025,2,regular,Lindenwood,App State,3.98,4.24,0.26,0.03,1.2,complete,183,183,0,4.0,20.0,13.0,0.9607229232788086,30.5,0.05311548709869385,2.8945590257644653
401761597,2025,2,regular,Charleston Southern,Coastal Carolina,2.73,3.22,0.49,0.05,2.0,complete,175,175,0,4.0,13.0,0.0,0.9503301382064819,28.0,0.19645971059799194,5.2103211879730225
401761598,2025,2,regular,Memphis,Georgia State,4.22,4.03,-0.19,0.318,12.72,complete,168,168,0,4.0,16.0,38.0,0.1209629699587822,15.0,0.30844933906337246,9.668851338909008
401761599,2025,2,regular,North Carolina Central,Old Dominion,1.74,1.44,-0.3,0.13,5.2,complete,168,168,0,4.0,54.0,6.0,0.946466863155365,21.75,0.09944963455200195,2.55007004737854
401761600,2025,2,regular,McNeese,Louisiana,3.13,3.1,-0.03,0.19,7.6,complete,156,156,0,4.0,34.0,10.0,0.9179843664169312,19.25,0.23249578475952148,6.635386288166046
401761601,2025,2,regular,Tulane,South Alabama,6.51,6.55,0.04,0.352,14.08,complete,189,189,0,4.0,31.0,33.0,0.17160388827323914,13.5,0.4588247537612915,12.71898995526135
401761602,2025,2,regular,Jackson State,Southern Miss,4.69,4.12,-0.57,0.352,14.08,complete,198,198,0,4.0,38.0,20.0,0.8296996355056763,13.5,0.19630569219589233,7.3198853731155396
401761603,2025,2,regular,Texas State,UTSA,7.43,7.31,-0.12,0.756,30.24,complete,185,185,0,4.0,36.0,43.0,0.6353842616081238,4.5,0.7012885808944702,28.347580783069134
401762458,2025,2,regular,UAB,Navy,4.78,5.1,0.32,0.158,6.32,complete,152,152,0,4.0,38.0,24.0,0.946466863155365,21.5,0.29573506116867065,8.820427536964417
401762459,2025,2,regular,Campbell,East Carolina,1.16,1.02,-0.14,0.038,1.52,complete,178,178,0,4.0,56.0,3.0,0.9503301382064819,30.25,0.04962402582168579,0.7145906090736389
401762460,2025,2,regular,Florida A&M,Florida Atlantic,2.03,1.39,-0.64,0.148,5.92,complete,183,183,0,4.0,56.0,14.0,0.9418721795082092,21.25,0.09521853923797607,0.8977218270301819
401762461,2025,2,regular,North Texas,Western Michigan,6.94,8.35,1.41,0.408,16.32,complete,184,184,0,5.0,30.0,33.0,0.18019291758537292,12.25,0.9090700745582581,48.76915906369686
401762462,2025,2,regular,Howard,Temple,1.35,1.06,-0.29,0.054,2.16,complete,149,149,0,4.0,55.0,7.0,0.9597121477127075,27.75,0.04024338722229004,0.6073924899101257
401762794,2025,2,regular,St. Francis (PA),Buffalo,0.74,0.71,-0.03,0.01,0.4,complete,168,168,0,4.0,45.0,6.0,0.9781081676483154,37.25,0.021846473217010498,0.2768672704696655
401762795,2025,2,regular,Long Island University,Eastern Michigan,5.07,6.83,1.76,0.12,4.8,complete,162,162,0,4.0,23.0,28.0,0.9638663530349731,22.0,0.9426550213247538,20.84254226461053
401762816,2025,2,regular,Bryant,Massachusetts,6.4,7.23,0.83,0.318,12.72,complete,185,185,0,4.0,26.0,27.0,0.8804568648338318,15.5,0.7417206764221191,21.105330526828766
401752665,2025,1,regular,Alabama,Florida State,4.89,5.55,0.66,0.352,14.08,complete,172,172,0,4.0,31.0,17.0,0.17183709144592285,13.5,0.9135660529136658,15.943101584911346
401752666,2025,1,regular,Alabama A&M,Arkansas,0.7,1.11,0.41,0.0,0.0,complete,186,186,0,4.0,52.0,7.0,0.9599751234054565,47.0,0.039994239807128906,0.8486698269844055
401752667,2025,1,regular,Auburn,Baylor,6.82,5.63,-1.19,0.946,37.84,complete,183,183,0,4.0,24.0,38.0,0.4973927438259125,1.0,0.668677806854248,14.846235482022166
401752668,2025,1,regular,Long Island University,Florida,0.52,0.62,0.1,0.002,0.0800000000000001,complete,156,156,0,4.0,55.0,0.0,0.9781081676483154,46.75,0.02184474468231201,0.21911311149597168
401752669,2025,1,regular,Marshall,Georgia,0.81,0.84,0.03,0.00800000000000001,0.32,complete,169,169,0,4.0,45.0,7.0,0.9781081676483154,38.5,0.021851181983947754,0.3554823398590088
401752670,2025,1,regular,Toledo,Kentucky,5.72,4.9,-0.82,0.49,19.6,complete,170,170,0,4.0,24.0,16.0,0.7408610582351685,10.0,0.27109962701797485,8.501499354839325
401752671,2025,1,regular,LSU,Clemson,6.22,5.99,-0.23,0.704,28.16,complete,164,164,0,4.0,10.0,17.0,0.673456072807312,5.5,0.8762064576148987,18.41706319898367
401752672,2025,1,regular,Georgia State,Ole Miss,1.39,1.49,0.1,0.02,0.800000000000001,complete,181,181,0,4.0,63.0,7.0,0.9781081676483154,33.5,0.03158015012741089,1.2507632374763489
401752673,2025,1,regular,Mississippi State,Southern Miss,4.55,4.26,-0.29,0.318,12.72,complete,213,212,1,4.0,17.0,34.0,0.17708110809326172,14.5,0.26532783258880954,8.804201265535085
401752674,2025,1,regular,Central Arkansas,Missouri,1.1,1.15,0.05,0.00800000000000001,0.32,complete,171,171,0,4.0,61.0,6.0,0.9781081676483154,39.0,0.021845221519470215,0.4401471018791199
401752675,2025,1,regular,Illinois State,Oklahoma,1.1,1.34,0.24,0.00600000000000001,0.24,complete,144,144,0,4.0,35.0,3.0,0.9503301382064819,39.0,0.049612343311309814,0.9506930112838745
401752676,2025,1,regular,Syracuse,Tennessee,4.92,4.09,-0.83,0.352,14.08,complete,190,190,0,4.0,45.0,26.0,0.8323421478271484,13.5,0.16888535022735596,4.514695584774017
401752677,2025,1,regular,Texas,Ohio State,6.24,4.83,-1.41,0.89,35.6,complete,152,152,0,4.0,14.0,7.0,0.5669649839401245,2.0,0.4941209554672241,11.401299774646759
401752678,2025,1,regular,UTSA,Texas A&M,3.9,,,0.0980000000000001,3.92,score_mismatch,175,175,0,4.0,42.0,25.0,,,,
401752679,2025,1,regular,Charleston Southern,Vanderbilt,0.64,0.66,0.02,0.01,0.4,complete,150,150,0,4.0,45.0,3.0,0.9503301382064819,38.0,0.04961836338043213,0.333318293094635
401752680,2025,1,regular,Virginia Tech,South Carolina,5.45,4.76,-0.69,0.63,25.2,complete,171,171,0,4.0,24.0,11.0,0.6826581358909607,7.5,0.4127312898635864,14.547169923782349
401752793,2025,1,regular,Buffalo,Minnesota,4.04,4.05,0.01,0.202,8.08,complete,161,161,0,4.0,23.0,10.0,0.905793309211731,16.5,0.19716322422027588,8.226400792598724
401752794,2025,1,regular,Ohio,Rutgers,6.41,,,0.286,11.44,score_mismatch,163,163,0,4.0,37.0,31.0,,,,
401752795,2025,1,regular,Western Illinois,Illinois,0.53,0.74,0.21,0.0,0.0,complete,153,153,0,4.0,52.0,3.0,0.9781081676483154,48.5,0.021856367588043213,0.21137666702270508
401752796,2025,1,regular,Nebraska,Cincinnati,6.74,6.03,-0.71,0.68,27.2,complete,168,168,0,4.0,17.0,20.0,0.31411683559417725,6.0,0.420970618724823,16.752372235059738
401752797,2025,1,regular,Florida Atlantic,Maryland,3.12,2.54,-0.58,0.388,15.52,complete,213,213,0,4.0,39.0,7.0,0.8296996355056763,13.5,0.2913227081298828,7.378272712230682
401752798,2025,1,regular,Missouri State,USC,1.51,1.64,0.13,0.012,0.48,complete,152,152,0,4.0,73.0,13.0,0.9781081676483154,36.5,0.05504709482192993,0.8229672312736511
401752799,2025,1,regular,UAlbany,Iowa,3.65,2.04,-1.61,,,complete,146,146,0,4.0,34.0,7.0,0.9503301382064819,39.5,0.07849091291427612,1.9975794553756714
401752800,2025,1,regular,Utah,UCLA,3.86,,,0.654,26.16,score_mismatch,152,151,1,4.0,13.0,43.0,,,,
401752801,2025,1,regular,Ball State,Purdue,2.35,1.39,-0.96,0.256,10.24,complete,140,140,0,4.0,31.0,0.0,0.9154253005981445,16.5,0.11953306198120117,1.2801924347877502
401752802,2025,1,regular,Western Michigan,Michigan State,3.32,,,0.138,5.52,score_mismatch,153,153,0,4.0,25.0,6.0,,,,
401752803,2025,1,regular,Northwestern,Tulane,4.74,3.19,-1.55,0.73,29.2,complete,170,170,0,4.0,23.0,3.0,0.7056151032447815,6.5,0.3004266023635864,6.665054678916931
401752804,2025,1,regular,Montana State,Oregon,1.54,1.19,-0.35,0.054,2.16,complete,152,152,0,4.0,59.0,13.0,0.9503301382064819,28.25,0.04961884021759033,0.34175461530685425
401752805,2025,1,regular,Colorado State,Washington,4.02,4.28,0.26,0.12,4.8,complete,166,166,0,4.0,38.0,21.0,0.9445537328720093,22.5,0.20624059438705444,6.953060805797577
401752806,2025,1,regular,Old Dominion,Indiana,4.02,4.17,0.15,0.112,4.48,complete,178,178,0,4.0,27.0,14.0,0.9418721795082092,23.5,0.19983071088790894,5.128342092037201
401752807,2025,1,regular,Nevada,Penn State,1.08,1.25,0.17,0.002,0.0800000000000001,complete,158,158,0,4.0,46.0,11.0,0.9781081676483154,43.5,0.030526816844940186,0.40120929479599
401752808,2025,1,regular,New Mexico,Michigan,3.2,3.36,0.16,0.018,0.720000000000001,complete,179,179,0,4.0,34.0,17.0,0.9599751234054565,34.5,0.039410948753356934,1.483780324459076
401752936,2025,1,regular,California,Oregon State,5.63,4.0,-1.63,0.836,33.44,complete,160,160,0,4.0,15.0,34.0,0.45905500650405884,2.5,0.45831727981567383,6.852913215290755
401752947,2025,1,regular,Idaho,Washington State,4.81,5.36,0.55,0.242,9.68,complete,159,159,0,4.0,13.0,10.0,0.907099187374115,16.75,0.52360600233078,14.493585646152496
401754373,2025,1,regular,East Carolina,NC State,5.46,5.03,-0.43,0.334,13.36,complete,188,188,0,4.0,24.0,17.0,0.8323421478271484,13.5,0.16373640298843384,8.941887736320496
401754374,2025,1,regular,Kennesaw State,Wake Forest,4.97,5.56,0.59,0.202,8.08,complete,200,200,0,4.0,10.0,9.0,0.9118125438690186,18.5,0.3338435888290405,16.045995116233826
401754375,2025,1,regular,Georgia Tech,Colorado,6.92,6.38,-0.54,0.81,32.4,complete,167,167,0,4.0,20.0,27.0,0.4143676161766052,3.5,0.6350159840658307,22.689933369867504
401754516,2025,1,regular,Stanford,Hawai'i,7.33,7.08,-0.25,0.89,35.6,complete,169,169,0,4.0,23.0,20.0,0.5089547634124756,1.5,0.8676103353500366,28.97044175863266
401754517,2025,1,regular,Elon,Duke,2.42,3.06,0.64,0.012,0.48,complete,163,163,0,4.0,45.0,17.0,0.9781081676483154,36.5,0.14945244789123535,3.860876679420471
401754518,2025,1,regular,Fordham,Boston College,1.35,1.46,0.11,0.016,0.640000000000001,complete,177,177,0,4.0,66.0,10.0,0.9503301382064819,34.75,0.0496252179145813,0.9933854341506958
401754519,2025,1,regular,Eastern Kentucky,Louisville,1.63,1.69,0.06,0.00800000000000001,0.32,complete,157,157,0,4.0,51.0,17.0,0.9769088625907898,37.75,0.031216800212860107,0.45097261667251587
401754520,2025,1,regular,Duquesne,Pittsburgh,1.1,1.15,0.05,0.00800000000000001,0.32,complete,173,173,0,4.0,61.0,9.0,0.9781081676483154,39.25,0.023235857486724854,0.4312927722930908
401754521,2025,1,regular,East Texas A&M,SMU,1.69,2.04,0.35,0.0,0.0,complete,189,189,0,4.0,42.0,13.0,0.9503301382064819,50.5,0.04962366819381714,0.5721550583839417
401754522,2025,1,regular,Notre Dame,Miami,7.36,6.66,-0.7,0.836,33.44,complete,164,163,1,4.0,27.0,24.0,0.45905500650405884,2.5,0.6119560599327087,20.996569573879242
401754523,2025,1,regular,TCU,North Carolina,4.31,3.07,-1.24,0.81,32.4,complete,153,153,0,4.0,14.0,48.0,0.3880820572376251,3.5,0.6078554391860962,9.487477246817434
401754616,2025,1,regular,Coastal Carolina,Virginia,2.4,1.72,-0.68,0.352,14.08,complete,195,195,0,4.0,48.0,7.0,0.8323421478271484,13.5,0.25678956508636475,5.110673606395721
401756846,2025,1,regular,Iowa State,Kansas State,7.47,7.02,-0.45,0.836,33.44,complete,163,163,0,4.0,21.0,24.0,0.5781798958778381,3.0,0.6705335974693298,25.57987341284752
401756847,2025,1,regular,Fresno State,Kansas,3.52,2.73,-0.79,0.334,13.36,complete,143,143,0,4.0,31.0,7.0,0.8323421478271484,14.0,0.20004326105117798,3.9646685123443604
401756848,2025,1,regular,Jacksonville State,UCF,4.45,5.84,1.39,0.158,6.32,complete,181,181,0,4.0,17.0,10.0,0.9159519076347351,20.5,0.6806330680847168,22.159531593322754
401756849,2025,1,regular,Hawai'i,Arizona,2.53,1.76,-0.77,0.286,11.44,complete,170,170,0,4.0,40.0,6.0,0.8773329257965088,15.5,0.14586520195007324,3.1945324540138245
401756850,2025,1,regular,Northern Arizona,Arizona State,3.3,3.34,0.04,0.036,1.44,complete,181,181,0,4.0,38.0,19.0,0.9781081676483154,30.0,0.03215372562408447,1.7625852823257446
401756851,2025,1,regular,Portland State,BYU,0.89,1.09,0.2,0.002,0.0800000000000001,complete,160,160,0,4.0,69.0,0.0,0.9781081676483154,44.5,0.025601506233215332,0.5111371874809265
401756852,2025,1,regular,Stephen F. Austin,Houston,1.89,1.73,-0.16,0.0920000000000001,3.68,complete,167,167,0,4.0,27.0,0.0,0.9418721795082092,24.0,0.10544955730438232,2.242923855781555
401756853,2025,1,regular,South Dakota,Iowa State,2.24,1.76,-0.48,0.256,10.24,complete,163,163,0,4.0,55.0,7.0,0.8271991014480591,15.0,0.17274928092956543,4.810834586620331
401756854,2025,1,regular,Wagner,Kansas,0.69,0.78,0.09,0.002,0.0800000000000001,complete,164,164,0,4.0,46.0,7.0,0.9781081676483154,46.0,0.02185237407684326,0.22262334823608398
401756855,2025,1,regular,North Dakota,Kansas State,5.64,7.41,1.77,0.0580000000000001,2.32,complete,187,187,0,4.0,38.0,35.0,0.9597121477127075,27.5,0.8138286471366882,16.68158793449402
401756876,2025,1,regular,UT Martin,Oklahoma State,2.78,2.68,-0.1,0.0720000000000001,2.88,complete,159,159,0,4.0,27.0,7.0,0.946466863155365,26.0,0.058026015758514404,2.152768313884735
401756877,2025,1,regular,Arkansas-Pine Bluff,Texas Tech,1.0,1.18,0.18,0.0,0.0,complete,154,154,0,4.0,67.0,7.0,0.9781081676483154,54.5,0.02185004949569702,0.16310179233551025
401756878,2025,1,regular,Robert Morris,West Virginia,0.64,0.88,0.24,0.00600000000000001,0.24,complete,176,176,0,4.0,45.0,3.0,0.9769922494888306,41.75,0.03334939479827881,1.0270531177520752
401757167,2025,1,regular,Central Connecticut,UConn,1.62,1.97,0.35,0.054,2.16,complete,180,180,0,4.0,59.0,13.0,0.9607229232788086,28.75,0.19608497619628906,4.001630067825317
401757218,2025,1,regular,Sam Houston,Western Kentucky,5.44,5.13,-0.31,0.512,20.48,complete,189,189,0,4.0,41.0,24.0,0.7371281981468201,9.5,0.4454241394996643,15.15779960155487
401757219,2025,1,regular,Delaware State,Delaware,3.29,3.69,0.4,0.036,1.44,complete,172,172,0,4.0,35.0,17.0,0.9597121477127075,30.5,0.11207699775695801,4.0259875655174255
401757220,2025,1,regular,Maine,Liberty,2.81,4.0,1.19,0.0780000000000001,3.12,complete,173,173,0,4.0,28.0,7.0,0.9516499638557434,25.5,0.4021689295768738,15.606384575366974
401757221,2025,1,regular,SE Louisiana,Louisiana Tech,3.05,2.71,-0.34,0.318,12.72,complete,160,160,0,4.0,24.0,0.0,0.8773329257965088,14.5,0.2871471643447876,7.778725326061249
401757222,2025,1,regular,Austin Peay,Middle Tennessee,4.04,4.94,0.9,0.318,12.72,complete,176,176,0,4.0,14.0,34.0,0.8271991014480591,15.5,0.868866277509369,19.7003646355588
401757223,2025,1,regular,Bryant,New Mexico State,3.34,3.42,0.08,0.178,7.12,complete,176,176,0,4.0,19.0,3.0,0.9154253005981445,19.5,0.2033919095993042,7.9069406390190125
401757224,2025,1,regular,UNLV,Sam Houston,5.39,,,0.534,21.36,score_mismatch,157,157,0,4.0,21.0,42.0,,,,
401757225,2025,1,regular,UTEP,Utah State,5.97,5.0,-0.97,0.704,28.16,complete,174,173,1,4.0,28.0,16.0,0.6268573999404907,4.5,0.508863240480423,11.204795837402344
401757226,2025,1,regular,North Alabama,Western Kentucky,1.37,1.27,-0.1,0.0580000000000001,2.32,complete,192,192,0,4.0,55.0,6.0,0.9503301382064819,27.5,0.06578701734542847,1.577932357788086
401760357,2025,1,regular,Stony Brook,San Diego State,1.4,0.96,-0.44,0.178,7.12,complete,208,208,0,4.0,42.0,0.0,0.9118125438690186,19.5,0.08814549446105957,3.112307608127594
401760358,2025,1,regular,Central Michigan,San José State,5.81,7.1,1.29,0.318,12.72,complete,187,187,0,4.0,14.0,16.0,0.8773329257965088,14.5,0.7754409462213516,32.093449488282204
401760359,2025,1,regular,Bucknell,Air Force,1.51,1.55,0.04,0.032,1.28,complete,165,165,0,4.0,49.0,13.0,0.9503301382064819,30.75,0.049615442752838135,1.4169002175331116
401760361,2025,1,regular,Georgia Southern,Fresno State,5.23,4.16,-1.07,0.89,35.6,complete,151,151,0,4.0,42.0,14.0,0.5418886542320251,2.0,0.645868718624115,14.995854079723358
401760371,2025,1,regular,Idaho State,UNLV,5.12,6.77,1.65,0.036,1.44,complete,185,183,2,4.0,38.0,31.0,0.9781081676483154,30.5,0.47452276945114136,18.190381467342377
401761588,2025,1,regular,St. Francis (PA),UL Monroe,1.46,1.56,0.1,0.032,1.28,complete,158,158,0,4.0,29.0,0.0,0.9809677600860596,30.75,0.043646275997161865,1.8542368412017822
401761589,2025,1,regular,App State,Charlotte,5.27,,,0.836,33.44,score_mismatch,175,175,0,4.0,19.0,34.0,,,,
401761590,2025,1,regular,Weber State,James Madison,1.68,1.39,-0.29,0.0680000000000001,2.72,complete,159,158,1,4.0,45.0,10.0,0.9781081676483154,27.0,0.04610621929168701,0.9159623384475708
401761591,2025,1,regular,Southeast Missouri State,Arkansas State,5.32,4.2,-1.12,,,complete,166,166,0,4.0,42.0,24.0,0.8271991014480591,15.5,0.24141502380371094,5.018067359924316
401761592,2025,1,regular,Rice,Louisiana,6.05,6.34,0.29,0.512,20.48,complete,155,155,0,4.0,12.0,14.0,0.795970618724823,9.5,0.7713476419448853,21.342442214488983
401761593,2025,1,regular,Morgan State,South Alabama,3.6,4.17,0.57,0.05,2.0,complete,161,161,0,4.0,38.0,21.0,0.9809677600860596,28.5,0.15434086322784424,6.675417184829712
401761594,2025,1,regular,Eastern Michigan,Texas State,4.4,3.67,-0.73,0.334,13.36,complete,180,180,0,4.0,52.0,27.0,0.8323421478271484,14.0,0.16756761074066162,4.97529000043869
401761595,2025,1,regular,Nicholls,Troy,4.16,5.44,1.28,0.178,7.12,complete,173,173,0,4.0,38.0,20.0,0.9154253005981445,18.0,0.6253570318222046,22.888945400714874
401762430,2025,1,regular,Alabama State,UAB,5.7,6.5,0.8,0.148,5.92,complete,159,159,0,4.0,52.0,42.0,0.9159519076347351,21.25,0.5026944577693939,12.597646176815033
401762432,2025,1,regular,Tarleton State,Army,6.63,7.84,1.21,0.334,13.36,complete,188,188,0,6.0,27.0,30.0,0.8323421478271484,14.25,0.9006282687187195,28.096534311771393
401762433,2025,1,regular,Chattanooga,Memphis,1.5,1.43,-0.07,0.036,1.44,complete,151,151,0,4.0,45.0,10.0,0.9597121477127075,30.5,0.05384862422943115,0.9490818381309509
401762434,2025,1,regular,VMI,Navy,0.87,1.0,0.13,0.004,0.16,complete,151,151,0,4.0,52.0,7.0,0.9781081676483154,42.25,0.023273110389709473,0.4804280400276184
401762435,2025,1,regular,Lamar,North Texas,1.06,0.84,-0.22,0.0580000000000001,2.32,complete,170,170,0,4.0,51.0,0.0,0.9503301382064819,27.5,0.05191397666931152,0.9350577592849731
401762456,2025,1,regular,Temple,Massachusetts,4.7,3.73,-0.97,0.918,36.72,complete,165,165,0,4.0,10.0,42.0,0.4151776432991028,2.5,0.6380420460627647,18.722266105061863
401762457,2025,1,regular,Abilene Christian,Tulsa,4.35,3.18,-1.17,0.73,29.2,complete,178,178,0,4.0,35.0,7.0,0.6737629175186157,5.25,0.48499947786331177,9.441428005695343
401762522,2025,1,regular,Boise State,South Florida,4.58,4.05,-0.53,0.756,30.24,complete,178,178,0,4.0,34.0,7.0,0.35299748182296753,5.5,0.8470450937747955,15.484811276197433
401762789,2025,1,regular,Wyoming,Akron,5.23,4.61,-0.62,0.73,29.2,complete,173,173,0,4.0,0.0,10.0,0.37244075536727905,5.0,0.5124160647392273,19.11437426507473
401762790,2025,1,regular,Lafayette,Bowling Green,3.07,2.59,-0.48,0.148,5.92,complete,149,148,1,4.0,26.0,7.0,0.9111069440841675,21.25,0.08840543031692505,1.8456580638885498
401762791,2025,1,regular,Miami (OH),Wisconsin,3.18,2.98,-0.2,0.214,8.56,complete,150,150,0,4.0,17.0,0.0,0.9081499576568604,18.0,0.1939164400100708,6.0645933747291565
401762792,2025,1,regular,Merrimack,Kent State,6.63,6.38,-0.25,0.704,28.16,complete,164,163,1,4.0,21.0,17.0,0.6787447929382324,5.5,0.6860631704330444,22.328279733657837
401762793,2025,1,regular,Holy Cross,Northern Illinois,5.74,6.16,0.42,0.352,14.08,complete,177,177,0,4.0,19.0,17.0,0.8383383750915527,13.5,0.45612651109695435,20.808726251125336
401766898,2025,1,regular,Bethune-Cookman,Florida International,3.37,1.8,-1.57,,,complete,179,179,0,4.0,42.0,9.0,0.9455850124359131,26.5,0.08344531059265137,2.1666057109832764
401769070,2025,1,postseason,Miami,Ohio State,5.74,5.61,-0.13,0.582,23.28,complete,153,143,10,4.0,14.0,24.0,0.7170184254646301,7.5,0.7627003192901611,16.331353400833905
401769071,2025,1,postseason,Oregon,Texas Tech,4.77,3.55,-1.22,0.946,37.84,complete,178,168,10,4.0,0.0,23.0,0.5089547634124756,1.5,0.5419483184814453,16.556291009648703
401769072,2025,1,postseason,Alabama,Indiana,3.18,1.99,-1.19,0.604,24.16,complete,143,135,8,4.0,38.0,3.0,0.6826581358909607,7.5,0.38670849800109863,6.071574330329895
401769073,2025,1,postseason,Ole Miss,Georgia,7.41,7.71,0.3,0.68,27.2,complete,183,183,0,4.0,34.0,39.0,0.6834249496459961,6.0,0.8490958213806152,30.789786107838154
401769074,2025,1,postseason,Oregon,Indiana,4.69,3.11,-1.58,0.836,33.44,complete,162,153,9,4.0,56.0,22.0,0.5862659215927124,3.0,0.4331490397453308,7.893256723880768
401769075,2025,1,postseason,Miami,Ole Miss,7.49,7.6,0.11,0.836,33.44,complete,197,172,25,4.0,27.0,31.0,0.42533189058303833,3.0,0.8630888536572456,35.869502402842045
401769076,2025,1,postseason,Miami,Indiana,6.49,5.9,-0.59,0.63,25.2,complete,171,157,14,4.0,27.0,21.0,0.7215943336486816,7.5,0.354606568813324,17.834420144557953
401778302,2025,1,postseason,Boise State,Washington,3.96,3.26,-0.7,0.512,20.48,complete,181,158,23,4.0,38.0,10.0,0.7804755568504333,10.0,0.3845229744911194,9.531317293643951
401778303,2025,1,postseason,Troy,Jacksonville State,6.75,6.17,-0.58,0.836,33.44,complete,162,153,9,4.0,17.0,13.0,0.5842099189758301,3.0,0.6747553944587708,22.265531599521637
401778304,2025,1,postseason,Old Dominion,South Florida,6.13,5.65,-0.48,0.836,33.44,complete,197,187,10,4.0,10.0,24.0,0.6004860997200012,4.0,0.7496654391288757,22.83129555080086
401778305,2025,1,postseason,Louisiana,Delaware,6.71,5.55,-1.16,0.918,36.72,complete,166,160,6,4.0,20.0,13.0,0.4732968211174011,1.5,0.6550451517105103,14.472580254077911
401778306,2025,1,postseason,Kennesaw State,Western Michigan,4.04,2.0,-2.04,0.836,33.44,complete,185,164,21,4.0,41.0,6.0,0.594597339630127,3.5,0.40889036655426025,2.927675187587738
401778307,2025,1,postseason,Memphis,NC State,4.5,3.1,-1.4,0.68,27.2,complete,166,156,10,4.0,31.0,7.0,0.5903517007827759,3.5,0.40936988592147827,5.495958089828491
401778308,2025,1,postseason,Washington State,Utah State,6.83,5.46,-1.37,0.946,37.84,complete,187,171,16,4.0,21.0,34.0,0.5323069095611572,1.5,0.5563474640948698,13.550291163148358
401778309,2025,1,postseason,Toledo,Louisville,6.43,5.58,-0.85,0.558,22.32,complete,177,167,10,4.0,27.0,22.0,0.773624837398529,11.5,0.286354124546051,10.554307043552399
401778310,2025,1,postseason,Western Kentucky,Southern Miss,6.54,6.28,-0.26,0.836,33.44,complete,211,196,15,4.0,16.0,27.0,0.5781798958778381,3.0,0.872891902923584,25.342446522787213
401778311,2025,1,postseason,UNLV,Ohio,5.98,5.49,-0.49,0.68,27.2,complete,148,140,8,4.0,17.0,10.0,0.36760038137435913,6.5,0.7577394247055054,14.265917420387268
401778312,2025,1,postseason,California,Hawai'i,7.93,7.67,-0.26,0.918,36.72,complete,192,172,20,4.0,35.0,31.0,0.5323069095611572,1.5,0.8884721323847771,30.158383145928383
401778313,2025,1,postseason,Central Michigan,Northwestern,3.5,2.66,-0.84,0.408,16.32,complete,157,144,13,4.0,34.0,7.0,0.8323421478271484,13.5,0.26391899585723877,5.236010789871216
401778314,2025,1,postseason,New Mexico,Minnesota,7.6,,,0.89,35.6,missing_pbp,0,0,0,,,,,,,
401778315,2025,1,postseason,Florida International,UTSA,3.88,3.05,-0.83,0.63,25.2,complete,195,183,12,4.0,57.0,20.0,0.7112463712692261,7.0,0.6136301755905151,8.683618664741516
401778316,2025,1,postseason,Pittsburgh,East Carolina,6.48,6.43,-0.05,0.68,27.2,complete,180,170,10,4.0,23.0,17.0,0.18019291758537292,12.5,0.8372636437416077,22.010858863592148
401778317,2025,1,postseason,Penn State,Clemson,6.01,5.09,-0.92,0.864,34.56,complete,178,164,14,4.0,10.0,22.0,0.5466889142990112,2.5,0.6028293967247009,17.620983622968197
401778318,2025,1,postseason,UConn,Army,4.91,3.8,-1.11,0.704,28.16,complete,148,130,18,4.0,41.0,16.0,0.7201685905456543,7.5,0.4661029577255249,9.647402882575989
401778319,2025,1,postseason,Georgia Tech,BYU,7.27,6.96,-0.31,0.81,32.4,complete,165,155,10,4.0,25.0,21.0,0.5903517007827759,3.5,0.8405351042747498,23.27156376838684
401778320,2025,1,postseason,Miami (OH),Fresno State,5.12,4.18,-0.94,0.73,29.2,complete,161,151,10,4.0,18.0,3.0,0.6510321497917175,5.5,0.5100879669189453,12.85613477230072
401778321,2025,1,postseason,North Texas,San Diego State,8.43,7.31,-1.12,0.836,33.44,complete,232,214,18,4.0,47.0,49.0,0.22249887883663177,7.5,0.5039834380149841,14.265281560830772
401778322,2025,1,postseason,Virginia,Missouri,6.16,5.7,-0.46,0.782,31.28,complete,168,159,9,4.0,7.0,13.0,0.5968976020812988,4.0,0.8190379738807678,18.976284101605415
401778323,2025,1,postseason,LSU,Houston,8.24,7.56,-0.68,0.946,37.84,complete,174,162,12,4.0,38.0,35.0,0.5519636869430542,1.5,0.7903873026371002,23.217006474733353
401778324,2025,1,postseason,Georgia Southern,App State,4.62,3.77,-0.85,0.49,19.6,complete,158,152,6,4.0,10.0,29.0,0.22059977054595947,10.0,0.2346874251961708,8.537475469755009
401778325,2025,1,postseason,Coastal Carolina,Louisiana Tech,5.65,6.27,0.62,0.49,19.6,complete,197,196,1,4.0,23.0,14.0,0.7603206634521484,10.0,0.780297577381134,27.854898244142532
401778326,2025,1,postseason,Tennessee,Illinois,7.67,6.89,-0.78,0.864,34.56,complete,160,151,9,4.0,30.0,28.0,0.42533189058303833,3.0,0.6052539795637131,20.672073990106583
401778327,2025,1,postseason,USC,TCU,8.0,7.8,-0.2,0.756,30.24,complete,177,170,7,5.0,30.0,27.0,0.3769604563713074,4.5,0.6919374465942383,26.45892382413149
401778328,2025,1,postseason,Iowa,Vanderbilt,7.22,6.25,-0.97,0.836,33.44,complete,164,152,12,4.0,27.0,34.0,0.5862659215927124,3.0,0.6180334687232971,15.059060215950012
401778329,2025,1,postseason,Arizona State,Duke,8.23,8.04,-0.19,0.89,35.6,complete,218,188,30,4.0,42.0,39.0,0.5962601900100708,4.0,0.750984787940979,33.97981196641922
401778330,2025,1,postseason,Michigan,Texas,6.34,6.39,0.05,0.63,25.2,complete,197,188,9,4.0,41.0,27.0,0.6268573999404907,4.5,0.6445539891719818,26.09883427619934
401778331,2025,1,postseason,Nebraska,Utah,4.58,4.44,-0.14,0.334,13.36,complete,173,167,6,4.0,44.0,22.0,0.8338067531585693,13.5,0.42419034242630005,9.391993463039398
401778332,2025,1,postseason,Rice,Texas State,2.53,2.32,-0.21,0.178,7.12,complete,173,164,9,4.0,41.0,10.0,0.9088411927223206,19.5,0.1790919303894043,4.467650353908539
401778333,2025,1,postseason,Navy,Cincinnati,5.15,3.79,-1.36,0.782,31.28,complete,158,152,6,4.0,13.0,35.0,0.28205350041389465,7.5,0.4124735891819,9.511191635334399
401778334,2025,1,postseason,Wake Forest,Mississippi State,6.79,6.02,-0.77,0.864,34.56,complete,200,176,24,4.0,29.0,43.0,0.5614253878593445,3.0,0.7070546746253967,18.794281829614192
401779840,2025,1,postseason,Alabama,Oklahoma,7.19,6.52,-0.67,0.918,36.72,complete,175,164,11,4.0,24.0,34.0,0.5323069095611572,1.5,0.9250084757804871,18.837453473359346
401779841,2025,1,postseason,Miami,Texas A&M,5.94,5.68,-0.26,0.836,33.44,complete,159,151,8,4.0,3.0,10.0,0.5614253878593445,3.0,0.7010843753814697,29.934898726642132
401779842,2025,1,postseason,Tulane,Ole Miss,2.84,2.21,-0.63,0.228,9.12,complete,167,161,6,4.0,41.0,10.0,0.9118125438690186,16.5,0.11564415693283081,2.931577205657959
401779843,2025,1,postseason,James Madison,Oregon,4.55,4.15,-0.4,0.12,4.8,complete,189,182,7,4.0,51.0,34.0,0.9154253005981445,20.5,0.08976823091506958,1.5622235536575317
401831583,2025,1,postseason,Arizona,SMU,7.18,5.46,-1.72,0.864,34.56,complete,177,168,9,4.0,24.0,19.0,0.5490344166755676,2.5,0.4536430835723877,6.510947167873383
401838053,2025,1,postseason,Missouri State,Arkansas State,7.57,5.79,-1.78,0.918,36.72,complete,181,172,9,4.0,34.0,28.0,0.5619361400604248,1.5,0.4362921714782715,7.599612772464752
